solid OpenSCAD_Model
  facet normal -1 0 0
    outer loop
      vertex -11.935 -0.625 1.2
      vertex -11.935 0.625 4.9
      vertex -11.935 0.625 1.2
    endloop
  endfacet
  facet normal -1 -0 0
    outer loop
      vertex -11.935 0.625 4.9
      vertex -11.935 -0.625 1.2
      vertex -11.935 -0.625 4.9
    endloop
  endfacet
  facet normal 0 0 -1
    outer loop
      vertex -16.065 -0.625 4.9
      vertex -14.625 0.625 4.9
      vertex -14.625 -0.625 4.9
    endloop
  endfacet
  facet normal -0 0 -1
    outer loop
      vertex -14.625 0.625 4.9
      vertex -16.065 -0.625 4.9
      vertex -16.065 0.625 4.9
    endloop
  endfacet
  facet normal 0 0 -1
    outer loop
      vertex -14.625 -0.625 4.9
      vertex -13.375 -0.625 4.9
      vertex -13.375 -2.065 4.9
    endloop
  endfacet
  facet normal 0 0 -1
    outer loop
      vertex -13.375 -0.625 4.9
      vertex -14.625 -0.625 4.9
      vertex -13.375 0.625 4.9
    endloop
  endfacet
  facet normal 0 0 -1
    outer loop
      vertex -14.625 -0.625 4.9
      vertex -13.375 -2.065 4.9
      vertex -14.625 -2.065 4.9
    endloop
  endfacet
  facet normal 0 0 -1
    outer loop
      vertex -14.625 0.625 4.9
      vertex -13.375 0.625 4.9
      vertex -14.625 -0.625 4.9
    endloop
  endfacet
  facet normal 0 0 -1
    outer loop
      vertex -13.375 0.625 4.9
      vertex -14.625 0.625 4.9
      vertex -13.375 2.065 4.9
    endloop
  endfacet
  facet normal -0 0 -1
    outer loop
      vertex -13.375 2.065 4.9
      vertex -14.625 0.625 4.9
      vertex -14.625 2.065 4.9
    endloop
  endfacet
  facet normal 0 0 -1
    outer loop
      vertex -13.375 -0.625 4.9
      vertex -11.935 0.625 4.9
      vertex -11.935 -0.625 4.9
    endloop
  endfacet
  facet normal -0 0 -1
    outer loop
      vertex -11.935 0.625 4.9
      vertex -13.375 -0.625 4.9
      vertex -13.375 0.625 4.9
    endloop
  endfacet
  facet normal 1 -0 0
    outer loop
      vertex -16.065 -0.625 4.9
      vertex -16.065 0.625 1.2
      vertex -16.065 0.625 4.9
    endloop
  endfacet
  facet normal 1 0 0
    outer loop
      vertex -16.065 0.625 1.2
      vertex -16.065 -0.625 4.9
      vertex -16.065 -0.625 1.2
    endloop
  endfacet
  facet normal 0 -1 0
    outer loop
      vertex -16.065 0.625 1.2
      vertex -14.625 0.625 4.9
      vertex -16.065 0.625 4.9
    endloop
  endfacet
  facet normal 0 -1 -0
    outer loop
      vertex -14.625 0.625 4.9
      vertex -16.065 0.625 1.2
      vertex -14.625 0.625 1.2
    endloop
  endfacet
  facet normal 0 -1 0
    outer loop
      vertex -13.375 0.625 1.2
      vertex -11.935 0.625 4.9
      vertex -13.375 0.625 4.9
    endloop
  endfacet
  facet normal 0 -1 -0
    outer loop
      vertex -11.935 0.625 4.9
      vertex -13.375 0.625 1.2
      vertex -11.935 0.625 1.2
    endloop
  endfacet
  facet normal 0 1 -0
    outer loop
      vertex -14.625 -0.625 1.2
      vertex -16.065 -0.625 4.9
      vertex -14.625 -0.625 4.9
    endloop
  endfacet
  facet normal 0 1 0
    outer loop
      vertex -16.065 -0.625 4.9
      vertex -14.625 -0.625 1.2
      vertex -16.065 -0.625 1.2
    endloop
  endfacet
  facet normal 0 1 -0
    outer loop
      vertex -11.935 -0.625 1.2
      vertex -13.375 -0.625 4.9
      vertex -11.935 -0.625 4.9
    endloop
  endfacet
  facet normal 0 1 0
    outer loop
      vertex -13.375 -0.625 4.9
      vertex -11.935 -0.625 1.2
      vertex -13.375 -0.625 1.2
    endloop
  endfacet
  facet normal -1 0 0
    outer loop
      vertex -13.375 0.625 1.2
      vertex -13.375 2.065 4.9
      vertex -13.375 2.065 1.2
    endloop
  endfacet
  facet normal -1 -0 0
    outer loop
      vertex -13.375 2.065 4.9
      vertex -13.375 0.625 1.2
      vertex -13.375 0.625 4.9
    endloop
  endfacet
  facet normal -1 0 0
    outer loop
      vertex -13.375 -2.065 1.2
      vertex -13.375 -0.625 4.9
      vertex -13.375 -0.625 1.2
    endloop
  endfacet
  facet normal -1 -0 0
    outer loop
      vertex -13.375 -0.625 4.9
      vertex -13.375 -2.065 1.2
      vertex -13.375 -2.065 4.9
    endloop
  endfacet
  facet normal 1 -0 0
    outer loop
      vertex -14.625 0.625 4.9
      vertex -14.625 2.065 1.2
      vertex -14.625 2.065 4.9
    endloop
  endfacet
  facet normal 1 0 0
    outer loop
      vertex -14.625 2.065 1.2
      vertex -14.625 0.625 4.9
      vertex -14.625 0.625 1.2
    endloop
  endfacet
  facet normal 1 -0 0
    outer loop
      vertex -14.625 -2.065 4.9
      vertex -14.625 -0.625 1.2
      vertex -14.625 -0.625 4.9
    endloop
  endfacet
  facet normal 1 0 0
    outer loop
      vertex -14.625 -0.625 1.2
      vertex -14.625 -2.065 4.9
      vertex -14.625 -2.065 1.2
    endloop
  endfacet
  facet normal 0 -1 0
    outer loop
      vertex -14.625 2.065 1.2
      vertex -13.375 2.065 4.9
      vertex -14.625 2.065 4.9
    endloop
  endfacet
  facet normal 0 -1 -0
    outer loop
      vertex -13.375 2.065 4.9
      vertex -14.625 2.065 1.2
      vertex -13.375 2.065 1.2
    endloop
  endfacet
  facet normal 0 1 -0
    outer loop
      vertex -13.375 -2.065 1.2
      vertex -14.625 -2.065 4.9
      vertex -13.375 -2.065 4.9
    endloop
  endfacet
  facet normal 0 1 0
    outer loop
      vertex -14.625 -2.065 4.9
      vertex -13.375 -2.065 1.2
      vertex -14.625 -2.065 1.2
    endloop
  endfacet
  facet normal 0.980787 0.195079 0
    outer loop
      vertex -9.5385 0.587367 6
      vertex -9.65333 1.16469 1.2
      vertex -9.65333 1.16469 6
    endloop
  endfacet
  facet normal 0.980787 0.195079 0
    outer loop
      vertex -9.65333 1.16469 1.2
      vertex -9.5385 0.587367 6
      vertex -9.5385 0.587367 1.2
    endloop
  endfacet
  facet normal 0.997859 0.0654064 0
    outer loop
      vertex -9.5 0 6
      vertex -9.5385 0.587367 1.2
      vertex -9.5385 0.587367 6
    endloop
  endfacet
  facet normal 0.997859 0.0654064 0
    outer loop
      vertex -9.5385 0.587367 1.2
      vertex -9.5 0 6
      vertex -9.5 0 1.2
    endloop
  endfacet
  facet normal 0.980787 -0.195079 0
    outer loop
      vertex -9.65333 -1.16469 6
      vertex -9.5385 -0.587367 1.2
      vertex -9.5385 -0.587367 6
    endloop
  endfacet
  facet normal 0.980787 -0.195079 0
    outer loop
      vertex -9.5385 -0.587367 1.2
      vertex -9.65333 -1.16469 6
      vertex -9.65333 -1.16469 1.2
    endloop
  endfacet
  facet normal 0 0 1
    outer loop
      vertex -9.5385 0.587367 6
      vertex -9.5385 -0.587367 6
      vertex -9.5 0 6
    endloop
  endfacet
  facet normal 0 0 1
    outer loop
      vertex -9.65333 1.16469 6
      vertex -9.5385 -0.587367 6
      vertex -9.5385 0.587367 6
    endloop
  endfacet
  facet normal 0 0 1
    outer loop
      vertex -9.65333 1.16469 6
      vertex -9.65333 -1.16469 6
      vertex -9.5385 -0.587367 6
    endloop
  endfacet
  facet normal 0 0 1
    outer loop
      vertex -9.84254 1.72207 6
      vertex -9.65333 -1.16469 6
      vertex -9.65333 1.16469 6
    endloop
  endfacet
  facet normal 0 0 1
    outer loop
      vertex -9.84254 1.72207 6
      vertex -9.84254 -1.72207 6
      vertex -9.65333 -1.16469 6
    endloop
  endfacet
  facet normal 0 0 1
    outer loop
      vertex -10.1029 2.25 6
      vertex -9.84254 -1.72207 6
      vertex -9.84254 1.72207 6
    endloop
  endfacet
  facet normal 0 0 1
    outer loop
      vertex -10.1029 2.25 6
      vertex -10.1029 -2.25 6
      vertex -9.84254 -1.72207 6
    endloop
  endfacet
  facet normal 0 0 1
    outer loop
      vertex -10.4299 2.73943 6
      vertex -10.1029 -2.25 6
      vertex -10.1029 2.25 6
    endloop
  endfacet
  facet normal 0 0 1
    outer loop
      vertex -10.4299 2.73943 6
      vertex -10.4299 -2.73943 6
      vertex -10.1029 -2.25 6
    endloop
  endfacet
  facet normal 0 0 1
    outer loop
      vertex -10.818 3.18198 6
      vertex -10.4299 -2.73943 6
      vertex -10.4299 2.73943 6
    endloop
  endfacet
  facet normal 0 0 1
    outer loop
      vertex -10.818 3.18198 6
      vertex -10.818 -3.18198 6
      vertex -10.4299 -2.73943 6
    endloop
  endfacet
  facet normal 0 0 1
    outer loop
      vertex -11.2606 3.57009 6
      vertex -10.818 -3.18198 6
      vertex -10.818 3.18198 6
    endloop
  endfacet
  facet normal 0 0 1
    outer loop
      vertex -11.2606 3.57009 6
      vertex -11.2606 -3.57009 6
      vertex -10.818 -3.18198 6
    endloop
  endfacet
  facet normal 0 0 1
    outer loop
      vertex -11.75 3.89711 6
      vertex -11.2606 -3.57009 6
      vertex -11.2606 3.57009 6
    endloop
  endfacet
  facet normal 0 0 1
    outer loop
      vertex -11.75 3.89711 6
      vertex -11.75 -3.89711 6
      vertex -11.2606 -3.57009 6
    endloop
  endfacet
  facet normal 0 0 1
    outer loop
      vertex -12.2779 4.15746 6
      vertex -11.75 -3.89711 6
      vertex -11.75 3.89711 6
    endloop
  endfacet
  facet normal 0 0 1
    outer loop
      vertex -12.2779 4.15746 6
      vertex -12.2779 -4.15746 6
      vertex -11.75 -3.89711 6
    endloop
  endfacet
  facet normal 0 0 1
    outer loop
      vertex -12.8353 4.34667 6
      vertex -12.2779 -4.15746 6
      vertex -12.2779 4.15746 6
    endloop
  endfacet
  facet normal 0 0 1
    outer loop
      vertex -12.8353 4.34667 6
      vertex -12.8353 -4.34667 6
      vertex -12.2779 -4.15746 6
    endloop
  endfacet
  facet normal 0 0 1
    outer loop
      vertex -13.4126 4.4615 6
      vertex -12.8353 -4.34667 6
      vertex -12.8353 4.34667 6
    endloop
  endfacet
  facet normal 0 0 1
    outer loop
      vertex -13.4126 4.4615 6
      vertex -13.4126 -4.4615 6
      vertex -12.8353 -4.34667 6
    endloop
  endfacet
  facet normal 0 0 1
    outer loop
      vertex -14 4.5 6
      vertex -13.4126 -4.4615 6
      vertex -13.4126 4.4615 6
    endloop
  endfacet
  facet normal 0 0 1
    outer loop
      vertex -14 4.5 6
      vertex -14 -4.5 6
      vertex -13.4126 -4.4615 6
    endloop
  endfacet
  facet normal -0 0 1
    outer loop
      vertex -14.5874 4.4615 6
      vertex -14 -4.5 6
      vertex -14 4.5 6
    endloop
  endfacet
  facet normal 0 0 1
    outer loop
      vertex -14.5874 4.4615 6
      vertex -14.5874 -4.4615 6
      vertex -14 -4.5 6
    endloop
  endfacet
  facet normal -0 0 1
    outer loop
      vertex -15.1647 4.34667 6
      vertex -14.5874 -4.4615 6
      vertex -14.5874 4.4615 6
    endloop
  endfacet
  facet normal 0 0 1
    outer loop
      vertex -15.1647 4.34667 6
      vertex -15.1647 -4.34667 6
      vertex -14.5874 -4.4615 6
    endloop
  endfacet
  facet normal -0 0 1
    outer loop
      vertex -15.7221 4.15746 6
      vertex -15.1647 -4.34667 6
      vertex -15.1647 4.34667 6
    endloop
  endfacet
  facet normal 0 0 1
    outer loop
      vertex -15.7221 4.15746 6
      vertex -15.7221 -4.15746 6
      vertex -15.1647 -4.34667 6
    endloop
  endfacet
  facet normal -0 0 1
    outer loop
      vertex -16.25 3.89711 6
      vertex -15.7221 -4.15746 6
      vertex -15.7221 4.15746 6
    endloop
  endfacet
  facet normal 0 0 1
    outer loop
      vertex -16.25 3.89711 6
      vertex -16.25 -3.89711 6
      vertex -15.7221 -4.15746 6
    endloop
  endfacet
  facet normal -0 0 1
    outer loop
      vertex -16.7394 3.57009 6
      vertex -16.25 -3.89711 6
      vertex -16.25 3.89711 6
    endloop
  endfacet
  facet normal 0 0 1
    outer loop
      vertex -16.7394 3.57009 6
      vertex -16.7394 -3.57009 6
      vertex -16.25 -3.89711 6
    endloop
  endfacet
  facet normal -0 0 1
    outer loop
      vertex -17.182 3.18198 6
      vertex -16.7394 -3.57009 6
      vertex -16.7394 3.57009 6
    endloop
  endfacet
  facet normal 0 0 1
    outer loop
      vertex -17.182 3.18198 6
      vertex -17.182 -3.18198 6
      vertex -16.7394 -3.57009 6
    endloop
  endfacet
  facet normal -0 0 1
    outer loop
      vertex -17.5701 2.73943 6
      vertex -17.182 -3.18198 6
      vertex -17.182 3.18198 6
    endloop
  endfacet
  facet normal 0 0 1
    outer loop
      vertex -17.5701 2.73943 6
      vertex -17.5701 -2.73943 6
      vertex -17.182 -3.18198 6
    endloop
  endfacet
  facet normal -0 0 1
    outer loop
      vertex -17.8971 2.25 6
      vertex -17.5701 -2.73943 6
      vertex -17.5701 2.73943 6
    endloop
  endfacet
  facet normal 0 0 1
    outer loop
      vertex -17.8971 2.25 6
      vertex -17.8971 -2.25 6
      vertex -17.5701 -2.73943 6
    endloop
  endfacet
  facet normal -0 0 1
    outer loop
      vertex -18.1575 1.72207 6
      vertex -17.8971 -2.25 6
      vertex -17.8971 2.25 6
    endloop
  endfacet
  facet normal 0 0 1
    outer loop
      vertex -18.1575 1.72207 6
      vertex -18.1575 -1.72207 6
      vertex -17.8971 -2.25 6
    endloop
  endfacet
  facet normal -0 0 1
    outer loop
      vertex -18.3467 1.16469 6
      vertex -18.1575 -1.72207 6
      vertex -18.1575 1.72207 6
    endloop
  endfacet
  facet normal 0 0 1
    outer loop
      vertex -18.3467 1.16469 6
      vertex -18.3467 -1.16469 6
      vertex -18.1575 -1.72207 6
    endloop
  endfacet
  facet normal -0 0 1
    outer loop
      vertex -18.4615 0.587367 6
      vertex -18.3467 -1.16469 6
      vertex -18.3467 1.16469 6
    endloop
  endfacet
  facet normal 0 0 1
    outer loop
      vertex -18.4615 0.587367 6
      vertex -18.4615 -0.587367 6
      vertex -18.3467 -1.16469 6
    endloop
  endfacet
  facet normal 0 -0 1
    outer loop
      vertex -18.4615 -0.587367 6
      vertex -18.4615 0.587367 6
      vertex -18.5 0 6
    endloop
  endfacet
  facet normal 0.831491 0.555539 0
    outer loop
      vertex -10.1029 2.25 6
      vertex -10.4299 2.73943 1.2
      vertex -10.4299 2.73943 6
    endloop
  endfacet
  facet normal 0.831491 0.555539 0
    outer loop
      vertex -10.4299 2.73943 1.2
      vertex -10.1029 2.25 6
      vertex -10.1029 2.25 1.2
    endloop
  endfacet
  facet normal 0.555586 0.831459 -0
    outer loop
      vertex -11.2606 3.57009 1.2
      vertex -11.75 3.89711 6
      vertex -11.2606 3.57009 6
    endloop
  endfacet
  facet normal 0.555586 0.831459 0
    outer loop
      vertex -11.75 3.89711 6
      vertex -11.2606 3.57009 1.2
      vertex -11.75 3.89711 1.2
    endloop
  endfacet
  facet normal 0.896863 -0.442307 0
    outer loop
      vertex -10.1029 -2.25 6
      vertex -9.84254 -1.72207 1.2
      vertex -9.84254 -1.72207 6
    endloop
  endfacet
  facet normal 0.896863 -0.442307 0
    outer loop
      vertex -9.84254 -1.72207 1.2
      vertex -10.1029 -2.25 6
      vertex -10.1029 -2.25 1.2
    endloop
  endfacet
  facet normal 0.997859 -0.0654064 0
    outer loop
      vertex -9.5385 -0.587367 6
      vertex -9.5 0 1.2
      vertex -9.5 0 6
    endloop
  endfacet
  facet normal 0.997859 -0.0654064 0
    outer loop
      vertex -9.5 0 1.2
      vertex -9.5385 -0.587367 6
      vertex -9.5385 -0.587367 1.2
    endloop
  endfacet
  facet normal 0.321437 0.946931 -0
    outer loop
      vertex -12.2779 4.15746 1.2
      vertex -12.8353 4.34667 6
      vertex -12.2779 4.15746 6
    endloop
  endfacet
  facet normal 0.321437 0.946931 0
    outer loop
      vertex -12.8353 4.34667 6
      vertex -12.2779 4.15746 1.2
      vertex -12.8353 4.34667 1.2
    endloop
  endfacet
  facet normal -0.896837 0.442362 0
    outer loop
      vertex -18.1575 1.72207 1.2
      vertex -17.8971 2.25 6
      vertex -17.8971 2.25 1.2
    endloop
  endfacet
  facet normal -0.896837 0.442362 0
    outer loop
      vertex -17.8971 2.25 6
      vertex -18.1575 1.72207 1.2
      vertex -18.1575 1.72207 6
    endloop
  endfacet
  facet normal -0.659308 0.751873 0
    outer loop
      vertex -16.7394 3.57009 1.2
      vertex -17.182 3.18198 6
      vertex -16.7394 3.57009 6
    endloop
  endfacet
  facet normal -0.659308 0.751873 0
    outer loop
      vertex -17.182 3.18198 6
      vertex -16.7394 3.57009 1.2
      vertex -17.182 3.18198 1.2
    endloop
  endfacet
  facet normal 0.321437 -0.946931 0
    outer loop
      vertex -12.8353 -4.34667 1.2
      vertex -12.2779 -4.15746 6
      vertex -12.8353 -4.34667 6
    endloop
  endfacet
  facet normal 0.321437 -0.946931 0
    outer loop
      vertex -12.2779 -4.15746 6
      vertex -12.8353 -4.34667 1.2
      vertex -12.2779 -4.15746 1.2
    endloop
  endfacet
  facet normal -0.997859 -0.0654064 0
    outer loop
      vertex -18.4615 -0.587367 1.2
      vertex -18.5 0 6
      vertex -18.5 0 1.2
    endloop
  endfacet
  facet normal -0.997859 -0.0654064 0
    outer loop
      vertex -18.5 0 6
      vertex -18.4615 -0.587367 1.2
      vertex -18.4615 -0.587367 6
    endloop
  endfacet
  facet normal -0.659308 -0.751873 0
    outer loop
      vertex -17.182 -3.18198 1.2
      vertex -16.7394 -3.57009 6
      vertex -17.182 -3.18198 6
    endloop
  endfacet
  facet normal -0.659308 -0.751873 -0
    outer loop
      vertex -16.7394 -3.57009 6
      vertex -17.182 -3.18198 1.2
      vertex -16.7394 -3.57009 1.2
    endloop
  endfacet
  facet normal -0.321437 0.946931 0
    outer loop
      vertex -15.1647 4.34667 1.2
      vertex -15.7221 4.15746 6
      vertex -15.1647 4.34667 6
    endloop
  endfacet
  facet normal -0.321437 0.946931 0
    outer loop
      vertex -15.7221 4.15746 6
      vertex -15.1647 4.34667 1.2
      vertex -15.7221 4.15746 1.2
    endloop
  endfacet
  facet normal -0.831491 -0.555539 0
    outer loop
      vertex -17.5701 -2.73943 1.2
      vertex -17.8971 -2.25 6
      vertex -17.8971 -2.25 1.2
    endloop
  endfacet
  facet normal -0.831491 -0.555539 0
    outer loop
      vertex -17.8971 -2.25 6
      vertex -17.5701 -2.73943 1.2
      vertex -17.5701 -2.73943 6
    endloop
  endfacet
  facet normal -0.555586 0.831459 0
    outer loop
      vertex -16.25 3.89711 1.2
      vertex -16.7394 3.57009 6
      vertex -16.25 3.89711 6
    endloop
  endfacet
  facet normal -0.555586 0.831459 0
    outer loop
      vertex -16.7394 3.57009 6
      vertex -16.25 3.89711 1.2
      vertex -16.7394 3.57009 1.2
    endloop
  endfacet
  facet normal -0.997859 0.0654064 0
    outer loop
      vertex -18.5 0 1.2
      vertex -18.4615 0.587367 6
      vertex -18.4615 0.587367 1.2
    endloop
  endfacet
  facet normal -0.997859 0.0654064 0
    outer loop
      vertex -18.4615 0.587367 6
      vertex -18.5 0 1.2
      vertex -18.5 0 6
    endloop
  endfacet
  facet normal 0.195087 0.980786 -0
    outer loop
      vertex -12.8353 4.34667 1.2
      vertex -13.4126 4.4615 6
      vertex -12.8353 4.34667 6
    endloop
  endfacet
  facet normal 0.195087 0.980786 0
    outer loop
      vertex -13.4126 4.4615 6
      vertex -12.8353 4.34667 1.2
      vertex -13.4126 4.4615 1.2
    endloop
  endfacet
  facet normal -0.442314 0.89686 0
    outer loop
      vertex -15.7221 4.15746 1.2
      vertex -16.25 3.89711 6
      vertex -15.7221 4.15746 6
    endloop
  endfacet
  facet normal -0.442314 0.89686 0
    outer loop
      vertex -16.25 3.89711 6
      vertex -15.7221 4.15746 1.2
      vertex -16.25 3.89711 1.2
    endloop
  endfacet
  facet normal 0.0654027 -0.997859 0
    outer loop
      vertex -14 -4.5 1.2
      vertex -13.4126 -4.4615 6
      vertex -14 -4.5 6
    endloop
  endfacet
  facet normal 0.0654027 -0.997859 0
    outer loop
      vertex -13.4126 -4.4615 6
      vertex -14 -4.5 1.2
      vertex -13.4126 -4.4615 1.2
    endloop
  endfacet
  facet normal 0.659308 -0.751873 0
    outer loop
      vertex -11.2606 -3.57009 1.2
      vertex -10.818 -3.18198 6
      vertex -11.2606 -3.57009 6
    endloop
  endfacet
  facet normal 0.659308 -0.751873 0
    outer loop
      vertex -10.818 -3.18198 6
      vertex -11.2606 -3.57009 1.2
      vertex -10.818 -3.18198 1.2
    endloop
  endfacet
  facet normal -0.946933 -0.321432 0
    outer loop
      vertex -18.1575 -1.72207 1.2
      vertex -18.3467 -1.16469 6
      vertex -18.3467 -1.16469 1.2
    endloop
  endfacet
  facet normal -0.946933 -0.321432 0
    outer loop
      vertex -18.3467 -1.16469 6
      vertex -18.1575 -1.72207 1.2
      vertex -18.1575 -1.72207 6
    endloop
  endfacet
  facet normal 0.946928 -0.321447 0
    outer loop
      vertex -9.84254 -1.72207 6
      vertex -9.65333 -1.16469 1.2
      vertex -9.65333 -1.16469 6
    endloop
  endfacet
  facet normal 0.946928 -0.321447 0
    outer loop
      vertex -9.65333 -1.16469 1.2
      vertex -9.84254 -1.72207 6
      vertex -9.84254 -1.72207 1.2
    endloop
  endfacet
  facet normal 0.442314 0.89686 -0
    outer loop
      vertex -11.75 3.89711 1.2
      vertex -12.2779 4.15746 6
      vertex -11.75 3.89711 6
    endloop
  endfacet
  facet normal 0.442314 0.89686 0
    outer loop
      vertex -12.2779 4.15746 6
      vertex -11.75 3.89711 1.2
      vertex -12.2779 4.15746 1.2
    endloop
  endfacet
  facet normal -0.195087 0.980786 0
    outer loop
      vertex -14.5874 4.4615 1.2
      vertex -15.1647 4.34667 6
      vertex -14.5874 4.4615 6
    endloop
  endfacet
  facet normal -0.195087 0.980786 0
    outer loop
      vertex -15.1647 4.34667 6
      vertex -14.5874 4.4615 1.2
      vertex -15.1647 4.34667 1.2
    endloop
  endfacet
  facet normal 0.751845 0.65934 0
    outer loop
      vertex -10.4299 2.73943 6
      vertex -10.818 3.18198 1.2
      vertex -10.818 3.18198 6
    endloop
  endfacet
  facet normal 0.751845 0.65934 0
    outer loop
      vertex -10.818 3.18198 1.2
      vertex -10.4299 2.73943 6
      vertex -10.4299 2.73943 1.2
    endloop
  endfacet
  facet normal 0.751845 -0.65934 0
    outer loop
      vertex -10.818 -3.18198 6
      vertex -10.4299 -2.73943 1.2
      vertex -10.4299 -2.73943 6
    endloop
  endfacet
  facet normal 0.751845 -0.65934 0
    outer loop
      vertex -10.4299 -2.73943 1.2
      vertex -10.818 -3.18198 6
      vertex -10.818 -3.18198 1.2
    endloop
  endfacet
  facet normal -0.442314 -0.89686 0
    outer loop
      vertex -16.25 -3.89711 1.2
      vertex -15.7221 -4.15746 6
      vertex -16.25 -3.89711 6
    endloop
  endfacet
  facet normal -0.442314 -0.89686 -0
    outer loop
      vertex -15.7221 -4.15746 6
      vertex -16.25 -3.89711 1.2
      vertex -15.7221 -4.15746 1.2
    endloop
  endfacet
  facet normal -0.946933 0.321432 0
    outer loop
      vertex -18.3467 1.16469 1.2
      vertex -18.1575 1.72207 6
      vertex -18.1575 1.72207 1.2
    endloop
  endfacet
  facet normal -0.946933 0.321432 0
    outer loop
      vertex -18.1575 1.72207 6
      vertex -18.3467 1.16469 1.2
      vertex -18.3467 1.16469 6
    endloop
  endfacet
  facet normal 0.195087 -0.980786 0
    outer loop
      vertex -13.4126 -4.4615 1.2
      vertex -12.8353 -4.34667 6
      vertex -13.4126 -4.4615 6
    endloop
  endfacet
  facet normal 0.195087 -0.980786 0
    outer loop
      vertex -12.8353 -4.34667 6
      vertex -13.4126 -4.4615 1.2
      vertex -12.8353 -4.34667 1.2
    endloop
  endfacet
  facet normal 0.442314 -0.89686 0
    outer loop
      vertex -12.2779 -4.15746 1.2
      vertex -11.75 -3.89711 6
      vertex -12.2779 -4.15746 6
    endloop
  endfacet
  facet normal 0.442314 -0.89686 0
    outer loop
      vertex -11.75 -3.89711 6
      vertex -12.2779 -4.15746 1.2
      vertex -11.75 -3.89711 1.2
    endloop
  endfacet
  facet normal 0 0 -1
    outer loop
      vertex 19.4529 -0.717894 0
      vertex 19.4529 0.717894 0
      vertex 19.5 0 0
    endloop
  endfacet
  facet normal 0 0 -1
    outer loop
      vertex 19.3126 -1.4235 0
      vertex 19.4529 0.717894 0
      vertex 19.4529 -0.717894 0
    endloop
  endfacet
  facet normal 0 0 -1
    outer loop
      vertex 19.3126 -1.4235 0
      vertex 19.3126 1.4235 0
      vertex 19.4529 0.717894 0
    endloop
  endfacet
  facet normal 0 0 -1
    outer loop
      vertex 19.0813 -2.10476 0
      vertex 19.3126 1.4235 0
      vertex 19.3126 -1.4235 0
    endloop
  endfacet
  facet normal 0 0 -1
    outer loop
      vertex 19.0813 -2.10476 0
      vertex 19.0813 2.10476 0
      vertex 19.3126 1.4235 0
    endloop
  endfacet
  facet normal 0 0 -1
    outer loop
      vertex 18.7631 -2.75 0
      vertex 19.0813 2.10476 0
      vertex 19.0813 -2.10476 0
    endloop
  endfacet
  facet normal 0 0 -1
    outer loop
      vertex 18.7631 -2.75 0
      vertex 18.7631 2.75 0
      vertex 19.0813 2.10476 0
    endloop
  endfacet
  facet normal 0 0 -1
    outer loop
      vertex 18.3634 -3.34819 0
      vertex 18.7631 2.75 0
      vertex 18.7631 -2.75 0
    endloop
  endfacet
  facet normal 0 0 -1
    outer loop
      vertex 18.3634 -3.34819 0
      vertex 18.3634 3.34819 0
      vertex 18.7631 2.75 0
    endloop
  endfacet
  facet normal 0 0 -1
    outer loop
      vertex 17.8891 -3.88909 0
      vertex 18.3634 3.34819 0
      vertex 18.3634 -3.34819 0
    endloop
  endfacet
  facet normal 0 0 -1
    outer loop
      vertex 17.8891 -3.88909 0
      vertex 17.8891 3.88909 0
      vertex 18.3634 3.34819 0
    endloop
  endfacet
  facet normal 0 0 -1
    outer loop
      vertex 17.3482 -4.36344 0
      vertex 17.8891 3.88909 0
      vertex 17.8891 -3.88909 0
    endloop
  endfacet
  facet normal 0 0 -1
    outer loop
      vertex 17.3482 -4.36344 0
      vertex 17.3482 4.36344 0
      vertex 17.8891 3.88909 0
    endloop
  endfacet
  facet normal 0 0 -1
    outer loop
      vertex 16.75 -4.76314 0
      vertex 17.3482 4.36344 0
      vertex 17.3482 -4.36344 0
    endloop
  endfacet
  facet normal 0 0 -1
    outer loop
      vertex 16.75 -4.76314 0
      vertex 16.75 4.76314 0
      vertex 17.3482 4.36344 0
    endloop
  endfacet
  facet normal 0 0 -1
    outer loop
      vertex 16.1048 -5.08134 0
      vertex 16.75 4.76314 0
      vertex 16.75 -4.76314 0
    endloop
  endfacet
  facet normal 0 0 -1
    outer loop
      vertex 16.1048 -5.08134 0
      vertex 16.1048 5.08134 0
      vertex 16.75 4.76314 0
    endloop
  endfacet
  facet normal 0 0 -1
    outer loop
      vertex 15.4235 -5.31259 0
      vertex 16.1048 5.08134 0
      vertex 16.1048 -5.08134 0
    endloop
  endfacet
  facet normal 0 0 -1
    outer loop
      vertex 15.4235 -5.31259 0
      vertex 15.4235 5.31259 0
      vertex 16.1048 5.08134 0
    endloop
  endfacet
  facet normal 0 0 -1
    outer loop
      vertex 14.7179 -5.45295 0
      vertex 15.4235 5.31259 0
      vertex 15.4235 -5.31259 0
    endloop
  endfacet
  facet normal 0 0 -1
    outer loop
      vertex 14.7179 -5.45295 0
      vertex 14.7179 5.45295 0
      vertex 15.4235 5.31259 0
    endloop
  endfacet
  facet normal 0 0 -1
    outer loop
      vertex 14 -5.5 0
      vertex 14.7179 5.45295 0
      vertex 14.7179 -5.45295 0
    endloop
  endfacet
  facet normal 0 0 -1
    outer loop
      vertex 14 -5.5 0
      vertex 14 5.5 0
      vertex 14.7179 5.45295 0
    endloop
  endfacet
  facet normal 0 0 -1
    outer loop
      vertex -14 -5.5 0
      vertex 14 5.5 0
      vertex 14 -5.5 0
    endloop
  endfacet
  facet normal 0 0 -1
    outer loop
      vertex -14 -5.5 0
      vertex -14 5.5 0
      vertex 14 5.5 0
    endloop
  endfacet
  facet normal 0 0 -1
    outer loop
      vertex -14.7179 -5.45295 0
      vertex -14 5.5 0
      vertex -14 -5.5 0
    endloop
  endfacet
  facet normal 0 0 -1
    outer loop
      vertex -14.7179 -5.45295 0
      vertex -14.7179 5.45295 0
      vertex -14 5.5 0
    endloop
  endfacet
  facet normal 0 0 -1
    outer loop
      vertex -15.4235 -5.31259 0
      vertex -14.7179 5.45295 0
      vertex -14.7179 -5.45295 0
    endloop
  endfacet
  facet normal 0 0 -1
    outer loop
      vertex -15.4235 -5.31259 0
      vertex -15.4235 5.31259 0
      vertex -14.7179 5.45295 0
    endloop
  endfacet
  facet normal 0 0 -1
    outer loop
      vertex -16.1048 -5.08134 0
      vertex -15.4235 5.31259 0
      vertex -15.4235 -5.31259 0
    endloop
  endfacet
  facet normal 0 0 -1
    outer loop
      vertex -16.1048 -5.08134 0
      vertex -16.1048 5.08134 0
      vertex -15.4235 5.31259 0
    endloop
  endfacet
  facet normal 0 0 -1
    outer loop
      vertex -16.75 -4.76314 0
      vertex -16.1048 5.08134 0
      vertex -16.1048 -5.08134 0
    endloop
  endfacet
  facet normal 0 0 -1
    outer loop
      vertex -16.75 -4.76314 0
      vertex -16.75 4.76314 0
      vertex -16.1048 5.08134 0
    endloop
  endfacet
  facet normal 0 0 -1
    outer loop
      vertex -17.3482 -4.36344 0
      vertex -16.75 4.76314 0
      vertex -16.75 -4.76314 0
    endloop
  endfacet
  facet normal 0 0 -1
    outer loop
      vertex -17.3482 -4.36344 0
      vertex -17.3482 4.36344 0
      vertex -16.75 4.76314 0
    endloop
  endfacet
  facet normal 0 0 -1
    outer loop
      vertex -17.8891 -3.88909 0
      vertex -17.3482 4.36344 0
      vertex -17.3482 -4.36344 0
    endloop
  endfacet
  facet normal 0 0 -1
    outer loop
      vertex -17.8891 -3.88909 0
      vertex -17.8891 3.88909 0
      vertex -17.3482 4.36344 0
    endloop
  endfacet
  facet normal 0 0 -1
    outer loop
      vertex -18.3634 -3.34819 0
      vertex -17.8891 3.88909 0
      vertex -17.8891 -3.88909 0
    endloop
  endfacet
  facet normal 0 0 -1
    outer loop
      vertex -18.3634 -3.34819 0
      vertex -18.3634 3.34819 0
      vertex -17.8891 3.88909 0
    endloop
  endfacet
  facet normal 0 0 -1
    outer loop
      vertex -18.7631 -2.75 0
      vertex -18.3634 3.34819 0
      vertex -18.3634 -3.34819 0
    endloop
  endfacet
  facet normal 0 0 -1
    outer loop
      vertex -18.7631 -2.75 0
      vertex -18.7631 2.75 0
      vertex -18.3634 3.34819 0
    endloop
  endfacet
  facet normal 0 0 -1
    outer loop
      vertex -19.0813 -2.10476 0
      vertex -18.7631 2.75 0
      vertex -18.7631 -2.75 0
    endloop
  endfacet
  facet normal 0 0 -1
    outer loop
      vertex -19.0813 -2.10476 0
      vertex -19.0813 2.10476 0
      vertex -18.7631 2.75 0
    endloop
  endfacet
  facet normal 0 0 -1
    outer loop
      vertex -19.3126 -1.4235 0
      vertex -19.0813 2.10476 0
      vertex -19.0813 -2.10476 0
    endloop
  endfacet
  facet normal 0 0 -1
    outer loop
      vertex -19.3126 -1.4235 0
      vertex -19.3126 1.4235 0
      vertex -19.0813 2.10476 0
    endloop
  endfacet
  facet normal 0 0 -1
    outer loop
      vertex -19.4529 -0.717894 0
      vertex -19.3126 1.4235 0
      vertex -19.3126 -1.4235 0
    endloop
  endfacet
  facet normal 0 0 -1
    outer loop
      vertex -19.4529 -0.717894 0
      vertex -19.4529 0.717894 0
      vertex -19.3126 1.4235 0
    endloop
  endfacet
  facet normal 0 -0 -1
    outer loop
      vertex -19.4529 0.717894 0
      vertex -19.4529 -0.717894 0
      vertex -19.5 0 0
    endloop
  endfacet
  facet normal -0.751845 0.65934 0
    outer loop
      vertex -17.5701 2.73943 1.2
      vertex -17.182 3.18198 6
      vertex -17.182 3.18198 1.2
    endloop
  endfacet
  facet normal -0.751845 0.65934 0
    outer loop
      vertex -17.182 3.18198 6
      vertex -17.5701 2.73943 1.2
      vertex -17.5701 2.73943 6
    endloop
  endfacet
  facet normal 0.659308 0.751873 -0
    outer loop
      vertex -10.818 3.18198 1.2
      vertex -11.2606 3.57009 6
      vertex -10.818 3.18198 6
    endloop
  endfacet
  facet normal 0.659308 0.751873 0
    outer loop
      vertex -11.2606 3.57009 6
      vertex -10.818 3.18198 1.2
      vertex -11.2606 3.57009 1.2
    endloop
  endfacet
  facet normal -0.896837 -0.442362 0
    outer loop
      vertex -17.8971 -2.25 1.2
      vertex -18.1575 -1.72207 6
      vertex -18.1575 -1.72207 1.2
    endloop
  endfacet
  facet normal -0.896837 -0.442362 0
    outer loop
      vertex -18.1575 -1.72207 6
      vertex -17.8971 -2.25 1.2
      vertex -17.8971 -2.25 6
    endloop
  endfacet
  facet normal 0.831491 -0.555539 0
    outer loop
      vertex -10.4299 -2.73943 6
      vertex -10.1029 -2.25 1.2
      vertex -10.1029 -2.25 6
    endloop
  endfacet
  facet normal 0.831491 -0.555539 0
    outer loop
      vertex -10.1029 -2.25 1.2
      vertex -10.4299 -2.73943 6
      vertex -10.4299 -2.73943 1.2
    endloop
  endfacet
  facet normal 0.896863 0.442307 0
    outer loop
      vertex -9.84254 1.72207 6
      vertex -10.1029 2.25 1.2
      vertex -10.1029 2.25 6
    endloop
  endfacet
  facet normal 0.896863 0.442307 0
    outer loop
      vertex -10.1029 2.25 1.2
      vertex -9.84254 1.72207 6
      vertex -9.84254 1.72207 1.2
    endloop
  endfacet
  facet normal -0.0654027 -0.997859 0
    outer loop
      vertex -14.5874 -4.4615 1.2
      vertex -14 -4.5 6
      vertex -14.5874 -4.4615 6
    endloop
  endfacet
  facet normal -0.0654027 -0.997859 -0
    outer loop
      vertex -14 -4.5 6
      vertex -14.5874 -4.4615 1.2
      vertex -14 -4.5 1.2
    endloop
  endfacet
  facet normal 0.0654027 0.997859 -0
    outer loop
      vertex -13.4126 4.4615 1.2
      vertex -14 4.5 6
      vertex -13.4126 4.4615 6
    endloop
  endfacet
  facet normal 0.0654027 0.997859 0
    outer loop
      vertex -14 4.5 6
      vertex -13.4126 4.4615 1.2
      vertex -14 4.5 1.2
    endloop
  endfacet
  facet normal -0.555586 -0.831459 0
    outer loop
      vertex -16.7394 -3.57009 1.2
      vertex -16.25 -3.89711 6
      vertex -16.7394 -3.57009 6
    endloop
  endfacet
  facet normal -0.555586 -0.831459 -0
    outer loop
      vertex -16.25 -3.89711 6
      vertex -16.7394 -3.57009 1.2
      vertex -16.25 -3.89711 1.2
    endloop
  endfacet
  facet normal 0.555586 -0.831459 0
    outer loop
      vertex -11.75 -3.89711 1.2
      vertex -11.2606 -3.57009 6
      vertex -11.75 -3.89711 6
    endloop
  endfacet
  facet normal 0.555586 -0.831459 0
    outer loop
      vertex -11.2606 -3.57009 6
      vertex -11.75 -3.89711 1.2
      vertex -11.2606 -3.57009 1.2
    endloop
  endfacet
  facet normal 0.946928 0.321447 0
    outer loop
      vertex -9.65333 1.16469 6
      vertex -9.84254 1.72207 1.2
      vertex -9.84254 1.72207 6
    endloop
  endfacet
  facet normal 0.946928 0.321447 0
    outer loop
      vertex -9.84254 1.72207 1.2
      vertex -9.65333 1.16469 6
      vertex -9.65333 1.16469 1.2
    endloop
  endfacet
  facet normal -0.980797 0.19503 0
    outer loop
      vertex -18.4615 0.587367 1.2
      vertex -18.3467 1.16469 6
      vertex -18.3467 1.16469 1.2
    endloop
  endfacet
  facet normal -0.980797 0.19503 0
    outer loop
      vertex -18.3467 1.16469 6
      vertex -18.4615 0.587367 1.2
      vertex -18.4615 0.587367 6
    endloop
  endfacet
  facet normal -0.0654027 0.997859 0
    outer loop
      vertex -14 4.5 1.2
      vertex -14.5874 4.4615 6
      vertex -14 4.5 6
    endloop
  endfacet
  facet normal -0.0654027 0.997859 0
    outer loop
      vertex -14.5874 4.4615 6
      vertex -14 4.5 1.2
      vertex -14.5874 4.4615 1.2
    endloop
  endfacet
  facet normal -0.321437 -0.946931 0
    outer loop
      vertex -15.7221 -4.15746 1.2
      vertex -15.1647 -4.34667 6
      vertex -15.7221 -4.15746 6
    endloop
  endfacet
  facet normal -0.321437 -0.946931 -0
    outer loop
      vertex -15.1647 -4.34667 6
      vertex -15.7221 -4.15746 1.2
      vertex -15.1647 -4.34667 1.2
    endloop
  endfacet
  facet normal -0.980797 -0.19503 0
    outer loop
      vertex -18.3467 -1.16469 1.2
      vertex -18.4615 -0.587367 6
      vertex -18.4615 -0.587367 1.2
    endloop
  endfacet
  facet normal -0.980797 -0.19503 0
    outer loop
      vertex -18.4615 -0.587367 6
      vertex -18.3467 -1.16469 1.2
      vertex -18.3467 -1.16469 6
    endloop
  endfacet
  facet normal -0.751845 -0.65934 0
    outer loop
      vertex -17.182 -3.18198 1.2
      vertex -17.5701 -2.73943 6
      vertex -17.5701 -2.73943 1.2
    endloop
  endfacet
  facet normal -0.751845 -0.65934 0
    outer loop
      vertex -17.5701 -2.73943 6
      vertex -17.182 -3.18198 1.2
      vertex -17.182 -3.18198 6
    endloop
  endfacet
  facet normal -0.195087 -0.980786 0
    outer loop
      vertex -15.1647 -4.34667 1.2
      vertex -14.5874 -4.4615 6
      vertex -15.1647 -4.34667 6
    endloop
  endfacet
  facet normal -0.195087 -0.980786 -0
    outer loop
      vertex -14.5874 -4.4615 6
      vertex -15.1647 -4.34667 1.2
      vertex -14.5874 -4.4615 1.2
    endloop
  endfacet
  facet normal -0.831491 0.555539 0
    outer loop
      vertex -17.8971 2.25 1.2
      vertex -17.5701 2.73943 6
      vertex -17.5701 2.73943 1.2
    endloop
  endfacet
  facet normal -0.831491 0.555539 0
    outer loop
      vertex -17.5701 2.73943 6
      vertex -17.8971 2.25 1.2
      vertex -17.8971 2.25 6
    endloop
  endfacet
  facet normal -1 0 0
    outer loop
      vertex 2.115 -0.674999 1.2
      vertex 2.115 0.674999 4.9
      vertex 2.115 0.674999 1.2
    endloop
  endfacet
  facet normal -1 -0 0
    outer loop
      vertex 2.115 0.674999 4.9
      vertex 2.115 -0.674999 1.2
      vertex 2.115 -0.674999 4.9
    endloop
  endfacet
  facet normal 0 0 -1
    outer loop
      vertex -2.115 -0.674999 4.9
      vertex -0.674999 0.674999 4.9
      vertex -0.674999 -0.674999 4.9
    endloop
  endfacet
  facet normal -0 0 -1
    outer loop
      vertex -0.674999 0.674999 4.9
      vertex -2.115 -0.674999 4.9
      vertex -2.115 0.674999 4.9
    endloop
  endfacet
  facet normal 0 0 -1
    outer loop
      vertex -0.674999 -0.674999 4.9
      vertex 0.674999 -0.674999 4.9
      vertex 0.674999 -2.115 4.9
    endloop
  endfacet
  facet normal 0 0 -1
    outer loop
      vertex 0.674999 -0.674999 4.9
      vertex -0.674999 -0.674999 4.9
      vertex 0.674999 0.674999 4.9
    endloop
  endfacet
  facet normal 0 0 -1
    outer loop
      vertex -0.674999 -0.674999 4.9
      vertex 0.674999 -2.115 4.9
      vertex -0.674999 -2.115 4.9
    endloop
  endfacet
  facet normal 0 0 -1
    outer loop
      vertex -0.674999 0.674999 4.9
      vertex 0.674999 0.674999 4.9
      vertex -0.674999 -0.674999 4.9
    endloop
  endfacet
  facet normal 0 0 -1
    outer loop
      vertex 0.674999 0.674999 4.9
      vertex -0.674999 0.674999 4.9
      vertex 0.674999 2.115 4.9
    endloop
  endfacet
  facet normal -0 0 -1
    outer loop
      vertex 0.674999 2.115 4.9
      vertex -0.674999 0.674999 4.9
      vertex -0.674999 2.115 4.9
    endloop
  endfacet
  facet normal 0 0 -1
    outer loop
      vertex 0.674999 -0.674999 4.9
      vertex 2.115 0.674999 4.9
      vertex 2.115 -0.674999 4.9
    endloop
  endfacet
  facet normal -0 0 -1
    outer loop
      vertex 2.115 0.674999 4.9
      vertex 0.674999 -0.674999 4.9
      vertex 0.674999 0.674999 4.9
    endloop
  endfacet
  facet normal 1 -0 0
    outer loop
      vertex -2.115 -0.674999 4.9
      vertex -2.115 0.674999 1.2
      vertex -2.115 0.674999 4.9
    endloop
  endfacet
  facet normal 1 0 0
    outer loop
      vertex -2.115 0.674999 1.2
      vertex -2.115 -0.674999 4.9
      vertex -2.115 -0.674999 1.2
    endloop
  endfacet
  facet normal 0 -1 0
    outer loop
      vertex -2.115 0.674999 1.2
      vertex -0.674999 0.674999 4.9
      vertex -2.115 0.674999 4.9
    endloop
  endfacet
  facet normal 0 -1 -0
    outer loop
      vertex -0.674999 0.674999 4.9
      vertex -2.115 0.674999 1.2
      vertex -0.674999 0.674999 1.2
    endloop
  endfacet
  facet normal 0 -1 0
    outer loop
      vertex 0.674999 0.674999 1.2
      vertex 2.115 0.674999 4.9
      vertex 0.674999 0.674999 4.9
    endloop
  endfacet
  facet normal 0 -1 -0
    outer loop
      vertex 2.115 0.674999 4.9
      vertex 0.674999 0.674999 1.2
      vertex 2.115 0.674999 1.2
    endloop
  endfacet
  facet normal 0 1 -0
    outer loop
      vertex -0.674999 -0.674999 1.2
      vertex -2.115 -0.674999 4.9
      vertex -0.674999 -0.674999 4.9
    endloop
  endfacet
  facet normal 0 1 0
    outer loop
      vertex -2.115 -0.674999 4.9
      vertex -0.674999 -0.674999 1.2
      vertex -2.115 -0.674999 1.2
    endloop
  endfacet
  facet normal 0 1 -0
    outer loop
      vertex 2.115 -0.674999 1.2
      vertex 0.674999 -0.674999 4.9
      vertex 2.115 -0.674999 4.9
    endloop
  endfacet
  facet normal 0 1 0
    outer loop
      vertex 0.674999 -0.674999 4.9
      vertex 2.115 -0.674999 1.2
      vertex 0.674999 -0.674999 1.2
    endloop
  endfacet
  facet normal -1 0 0
    outer loop
      vertex 0.674999 0.674999 1.2
      vertex 0.674999 2.115 4.9
      vertex 0.674999 2.115 1.2
    endloop
  endfacet
  facet normal -1 -0 0
    outer loop
      vertex 0.674999 2.115 4.9
      vertex 0.674999 0.674999 1.2
      vertex 0.674999 0.674999 4.9
    endloop
  endfacet
  facet normal -1 0 0
    outer loop
      vertex 0.674999 -2.115 1.2
      vertex 0.674999 -0.674999 4.9
      vertex 0.674999 -0.674999 1.2
    endloop
  endfacet
  facet normal -1 -0 0
    outer loop
      vertex 0.674999 -0.674999 4.9
      vertex 0.674999 -2.115 1.2
      vertex 0.674999 -2.115 4.9
    endloop
  endfacet
  facet normal 1 -0 0
    outer loop
      vertex -0.674999 0.674999 4.9
      vertex -0.674999 2.115 1.2
      vertex -0.674999 2.115 4.9
    endloop
  endfacet
  facet normal 1 0 0
    outer loop
      vertex -0.674999 2.115 1.2
      vertex -0.674999 0.674999 4.9
      vertex -0.674999 0.674999 1.2
    endloop
  endfacet
  facet normal 1 -0 0
    outer loop
      vertex -0.674999 -2.115 4.9
      vertex -0.674999 -0.674999 1.2
      vertex -0.674999 -0.674999 4.9
    endloop
  endfacet
  facet normal 1 0 0
    outer loop
      vertex -0.674999 -0.674999 1.2
      vertex -0.674999 -2.115 4.9
      vertex -0.674999 -2.115 1.2
    endloop
  endfacet
  facet normal 0 -1 0
    outer loop
      vertex -0.674999 2.115 1.2
      vertex 0.674999 2.115 4.9
      vertex -0.674999 2.115 4.9
    endloop
  endfacet
  facet normal 0 -1 -0
    outer loop
      vertex 0.674999 2.115 4.9
      vertex -0.674999 2.115 1.2
      vertex 0.674999 2.115 1.2
    endloop
  endfacet
  facet normal 0 1 -0
    outer loop
      vertex 0.674999 -2.115 1.2
      vertex -0.674999 -2.115 4.9
      vertex 0.674999 -2.115 4.9
    endloop
  endfacet
  facet normal 0 1 0
    outer loop
      vertex -0.674999 -2.115 4.9
      vertex 0.674999 -2.115 1.2
      vertex -0.674999 -2.115 1.2
    endloop
  endfacet
  facet normal 0.980787 0.195079 0
    outer loop
      vertex 4.4615 0.587367 6
      vertex 4.34667 1.16469 1.2
      vertex 4.34667 1.16469 6
    endloop
  endfacet
  facet normal 0.980787 0.195079 0
    outer loop
      vertex 4.34667 1.16469 1.2
      vertex 4.4615 0.587367 6
      vertex 4.4615 0.587367 1.2
    endloop
  endfacet
  facet normal 0.997859 0.0654064 0
    outer loop
      vertex 4.5 0 6
      vertex 4.4615 0.587367 1.2
      vertex 4.4615 0.587367 6
    endloop
  endfacet
  facet normal 0.997859 0.0654064 0
    outer loop
      vertex 4.4615 0.587367 1.2
      vertex 4.5 0 6
      vertex 4.5 0 1.2
    endloop
  endfacet
  facet normal 0.980787 -0.195079 0
    outer loop
      vertex 4.34667 -1.16469 6
      vertex 4.4615 -0.587367 1.2
      vertex 4.4615 -0.587367 6
    endloop
  endfacet
  facet normal 0.980787 -0.195079 0
    outer loop
      vertex 4.4615 -0.587367 1.2
      vertex 4.34667 -1.16469 6
      vertex 4.34667 -1.16469 1.2
    endloop
  endfacet
  facet normal 0 0 1
    outer loop
      vertex 4.4615 0.587367 6
      vertex 4.4615 -0.587367 6
      vertex 4.5 0 6
    endloop
  endfacet
  facet normal 0 0 1
    outer loop
      vertex 4.34667 1.16469 6
      vertex 4.4615 -0.587367 6
      vertex 4.4615 0.587367 6
    endloop
  endfacet
  facet normal 0 0 1
    outer loop
      vertex 4.34667 1.16469 6
      vertex 4.34667 -1.16469 6
      vertex 4.4615 -0.587367 6
    endloop
  endfacet
  facet normal 0 0 1
    outer loop
      vertex 4.15746 1.72207 6
      vertex 4.34667 -1.16469 6
      vertex 4.34667 1.16469 6
    endloop
  endfacet
  facet normal 0 0 1
    outer loop
      vertex 4.15746 1.72207 6
      vertex 4.15746 -1.72207 6
      vertex 4.34667 -1.16469 6
    endloop
  endfacet
  facet normal 0 0 1
    outer loop
      vertex 3.89711 2.25 6
      vertex 4.15746 -1.72207 6
      vertex 4.15746 1.72207 6
    endloop
  endfacet
  facet normal 0 0 1
    outer loop
      vertex 3.89711 2.25 6
      vertex 3.89711 -2.25 6
      vertex 4.15746 -1.72207 6
    endloop
  endfacet
  facet normal 0 0 1
    outer loop
      vertex 3.57009 2.73943 6
      vertex 3.89711 -2.25 6
      vertex 3.89711 2.25 6
    endloop
  endfacet
  facet normal 0 0 1
    outer loop
      vertex 3.57009 2.73943 6
      vertex 3.57009 -2.73943 6
      vertex 3.89711 -2.25 6
    endloop
  endfacet
  facet normal 0 0 1
    outer loop
      vertex 3.18198 3.18198 6
      vertex 3.57009 -2.73943 6
      vertex 3.57009 2.73943 6
    endloop
  endfacet
  facet normal 0 0 1
    outer loop
      vertex 3.18198 3.18198 6
      vertex 3.18198 -3.18198 6
      vertex 3.57009 -2.73943 6
    endloop
  endfacet
  facet normal 0 0 1
    outer loop
      vertex 2.73943 3.57009 6
      vertex 3.18198 -3.18198 6
      vertex 3.18198 3.18198 6
    endloop
  endfacet
  facet normal 0 0 1
    outer loop
      vertex 2.73943 3.57009 6
      vertex 2.73943 -3.57009 6
      vertex 3.18198 -3.18198 6
    endloop
  endfacet
  facet normal 0 0 1
    outer loop
      vertex 2.25 3.89711 6
      vertex 2.73943 -3.57009 6
      vertex 2.73943 3.57009 6
    endloop
  endfacet
  facet normal 0 0 1
    outer loop
      vertex 2.25 3.89711 6
      vertex 2.25 -3.89711 6
      vertex 2.73943 -3.57009 6
    endloop
  endfacet
  facet normal 0 0 1
    outer loop
      vertex 1.72207 4.15746 6
      vertex 2.25 -3.89711 6
      vertex 2.25 3.89711 6
    endloop
  endfacet
  facet normal 0 0 1
    outer loop
      vertex 1.72207 4.15746 6
      vertex 1.72207 -4.15746 6
      vertex 2.25 -3.89711 6
    endloop
  endfacet
  facet normal 0 0 1
    outer loop
      vertex 1.16469 4.34667 6
      vertex 1.72207 -4.15746 6
      vertex 1.72207 4.15746 6
    endloop
  endfacet
  facet normal 0 0 1
    outer loop
      vertex 1.16469 4.34667 6
      vertex 1.16469 -4.34667 6
      vertex 1.72207 -4.15746 6
    endloop
  endfacet
  facet normal 0 0 1
    outer loop
      vertex 0.587367 4.4615 6
      vertex 1.16469 -4.34667 6
      vertex 1.16469 4.34667 6
    endloop
  endfacet
  facet normal 0 0 1
    outer loop
      vertex 0.587367 4.4615 6
      vertex 0.587367 -4.4615 6
      vertex 1.16469 -4.34667 6
    endloop
  endfacet
  facet normal 0 0 1
    outer loop
      vertex 0 4.5 6
      vertex 0.587367 -4.4615 6
      vertex 0.587367 4.4615 6
    endloop
  endfacet
  facet normal 0 0 1
    outer loop
      vertex 0 4.5 6
      vertex 0 -4.5 6
      vertex 0.587367 -4.4615 6
    endloop
  endfacet
  facet normal -0 0 1
    outer loop
      vertex -0.587367 4.4615 6
      vertex 0 -4.5 6
      vertex 0 4.5 6
    endloop
  endfacet
  facet normal 0 0 1
    outer loop
      vertex -0.587367 4.4615 6
      vertex -0.587367 -4.4615 6
      vertex 0 -4.5 6
    endloop
  endfacet
  facet normal -0 0 1
    outer loop
      vertex -1.16469 4.34667 6
      vertex -0.587367 -4.4615 6
      vertex -0.587367 4.4615 6
    endloop
  endfacet
  facet normal 0 0 1
    outer loop
      vertex -1.16469 4.34667 6
      vertex -1.16469 -4.34667 6
      vertex -0.587367 -4.4615 6
    endloop
  endfacet
  facet normal -0 0 1
    outer loop
      vertex -1.72207 4.15746 6
      vertex -1.16469 -4.34667 6
      vertex -1.16469 4.34667 6
    endloop
  endfacet
  facet normal 0 0 1
    outer loop
      vertex -1.72207 4.15746 6
      vertex -1.72207 -4.15746 6
      vertex -1.16469 -4.34667 6
    endloop
  endfacet
  facet normal -0 0 1
    outer loop
      vertex -2.25 3.89711 6
      vertex -1.72207 -4.15746 6
      vertex -1.72207 4.15746 6
    endloop
  endfacet
  facet normal 0 0 1
    outer loop
      vertex -2.25 3.89711 6
      vertex -2.25 -3.89711 6
      vertex -1.72207 -4.15746 6
    endloop
  endfacet
  facet normal -0 0 1
    outer loop
      vertex -2.73943 3.57009 6
      vertex -2.25 -3.89711 6
      vertex -2.25 3.89711 6
    endloop
  endfacet
  facet normal 0 0 1
    outer loop
      vertex -2.73943 3.57009 6
      vertex -2.73943 -3.57009 6
      vertex -2.25 -3.89711 6
    endloop
  endfacet
  facet normal -0 0 1
    outer loop
      vertex -3.18198 3.18198 6
      vertex -2.73943 -3.57009 6
      vertex -2.73943 3.57009 6
    endloop
  endfacet
  facet normal 0 0 1
    outer loop
      vertex -3.18198 3.18198 6
      vertex -3.18198 -3.18198 6
      vertex -2.73943 -3.57009 6
    endloop
  endfacet
  facet normal -0 0 1
    outer loop
      vertex -3.57009 2.73943 6
      vertex -3.18198 -3.18198 6
      vertex -3.18198 3.18198 6
    endloop
  endfacet
  facet normal 0 0 1
    outer loop
      vertex -3.57009 2.73943 6
      vertex -3.57009 -2.73943 6
      vertex -3.18198 -3.18198 6
    endloop
  endfacet
  facet normal -0 0 1
    outer loop
      vertex -3.89711 2.25 6
      vertex -3.57009 -2.73943 6
      vertex -3.57009 2.73943 6
    endloop
  endfacet
  facet normal 0 0 1
    outer loop
      vertex -3.89711 2.25 6
      vertex -3.89711 -2.25 6
      vertex -3.57009 -2.73943 6
    endloop
  endfacet
  facet normal -0 0 1
    outer loop
      vertex -4.15746 1.72207 6
      vertex -3.89711 -2.25 6
      vertex -3.89711 2.25 6
    endloop
  endfacet
  facet normal 0 0 1
    outer loop
      vertex -4.15746 1.72207 6
      vertex -4.15746 -1.72207 6
      vertex -3.89711 -2.25 6
    endloop
  endfacet
  facet normal -0 0 1
    outer loop
      vertex -4.34667 1.16469 6
      vertex -4.15746 -1.72207 6
      vertex -4.15746 1.72207 6
    endloop
  endfacet
  facet normal 0 0 1
    outer loop
      vertex -4.34667 1.16469 6
      vertex -4.34667 -1.16469 6
      vertex -4.15746 -1.72207 6
    endloop
  endfacet
  facet normal -0 0 1
    outer loop
      vertex -4.4615 0.587367 6
      vertex -4.34667 -1.16469 6
      vertex -4.34667 1.16469 6
    endloop
  endfacet
  facet normal 0 0 1
    outer loop
      vertex -4.4615 0.587367 6
      vertex -4.4615 -0.587367 6
      vertex -4.34667 -1.16469 6
    endloop
  endfacet
  facet normal 0 -0 1
    outer loop
      vertex -4.4615 -0.587367 6
      vertex -4.4615 0.587367 6
      vertex -4.5 0 6
    endloop
  endfacet
  facet normal 0.831475 0.555562 0
    outer loop
      vertex 3.89711 2.25 6
      vertex 3.57009 2.73943 1.2
      vertex 3.57009 2.73943 6
    endloop
  endfacet
  facet normal 0.831475 0.555562 0
    outer loop
      vertex 3.57009 2.73943 1.2
      vertex 3.89711 2.25 6
      vertex 3.89711 2.25 1.2
    endloop
  endfacet
  facet normal 0.555562 0.831475 -0
    outer loop
      vertex 2.73943 3.57009 1.2
      vertex 2.25 3.89711 6
      vertex 2.73943 3.57009 6
    endloop
  endfacet
  facet normal 0.555562 0.831475 0
    outer loop
      vertex 2.25 3.89711 6
      vertex 2.73943 3.57009 1.2
      vertex 2.25 3.89711 1.2
    endloop
  endfacet
  facet normal 0.89687 -0.442294 0
    outer loop
      vertex 3.89711 -2.25 6
      vertex 4.15746 -1.72207 1.2
      vertex 4.15746 -1.72207 6
    endloop
  endfacet
  facet normal 0.89687 -0.442294 0
    outer loop
      vertex 4.15746 -1.72207 1.2
      vertex 3.89711 -2.25 6
      vertex 3.89711 -2.25 1.2
    endloop
  endfacet
  facet normal 0.997859 -0.0654064 0
    outer loop
      vertex 4.4615 -0.587367 6
      vertex 4.5 0 1.2
      vertex 4.5 0 6
    endloop
  endfacet
  facet normal 0.997859 -0.0654064 0
    outer loop
      vertex 4.5 0 1.2
      vertex 4.4615 -0.587367 6
      vertex 4.4615 -0.587367 1.2
    endloop
  endfacet
  facet normal 0.321447 0.946928 -0
    outer loop
      vertex 1.72207 4.15746 1.2
      vertex 1.16469 4.34667 6
      vertex 1.72207 4.15746 6
    endloop
  endfacet
  facet normal 0.321447 0.946928 0
    outer loop
      vertex 1.16469 4.34667 6
      vertex 1.72207 4.15746 1.2
      vertex 1.16469 4.34667 1.2
    endloop
  endfacet
  facet normal -0.89687 0.442294 0
    outer loop
      vertex -4.15746 1.72207 1.2
      vertex -3.89711 2.25 6
      vertex -3.89711 2.25 1.2
    endloop
  endfacet
  facet normal -0.89687 0.442294 0
    outer loop
      vertex -3.89711 2.25 6
      vertex -4.15746 1.72207 1.2
      vertex -4.15746 1.72207 6
    endloop
  endfacet
  facet normal -0.65935 0.751836 0
    outer loop
      vertex -2.73943 3.57009 1.2
      vertex -3.18198 3.18198 6
      vertex -2.73943 3.57009 6
    endloop
  endfacet
  facet normal -0.65935 0.751836 0
    outer loop
      vertex -3.18198 3.18198 6
      vertex -2.73943 3.57009 1.2
      vertex -3.18198 3.18198 1.2
    endloop
  endfacet
  facet normal 0.321447 -0.946928 0
    outer loop
      vertex 1.16469 -4.34667 1.2
      vertex 1.72207 -4.15746 6
      vertex 1.16469 -4.34667 6
    endloop
  endfacet
  facet normal 0.321447 -0.946928 0
    outer loop
      vertex 1.72207 -4.15746 6
      vertex 1.16469 -4.34667 1.2
      vertex 1.72207 -4.15746 1.2
    endloop
  endfacet
  facet normal -0.997859 -0.0654064 0
    outer loop
      vertex -4.4615 -0.587367 1.2
      vertex -4.5 0 6
      vertex -4.5 0 1.2
    endloop
  endfacet
  facet normal -0.997859 -0.0654064 0
    outer loop
      vertex -4.5 0 6
      vertex -4.4615 -0.587367 1.2
      vertex -4.4615 -0.587367 6
    endloop
  endfacet
  facet normal -0.65935 -0.751836 0
    outer loop
      vertex -3.18198 -3.18198 1.2
      vertex -2.73943 -3.57009 6
      vertex -3.18198 -3.18198 6
    endloop
  endfacet
  facet normal -0.65935 -0.751836 -0
    outer loop
      vertex -2.73943 -3.57009 6
      vertex -3.18198 -3.18198 1.2
      vertex -2.73943 -3.57009 1.2
    endloop
  endfacet
  facet normal -0.321447 0.946928 0
    outer loop
      vertex -1.16469 4.34667 1.2
      vertex -1.72207 4.15746 6
      vertex -1.16469 4.34667 6
    endloop
  endfacet
  facet normal -0.321447 0.946928 0
    outer loop
      vertex -1.72207 4.15746 6
      vertex -1.16469 4.34667 1.2
      vertex -1.72207 4.15746 1.2
    endloop
  endfacet
  facet normal -0.831475 -0.555562 0
    outer loop
      vertex -3.57009 -2.73943 1.2
      vertex -3.89711 -2.25 6
      vertex -3.89711 -2.25 1.2
    endloop
  endfacet
  facet normal -0.831475 -0.555562 0
    outer loop
      vertex -3.89711 -2.25 6
      vertex -3.57009 -2.73943 1.2
      vertex -3.57009 -2.73943 6
    endloop
  endfacet
  facet normal -0.555562 0.831475 0
    outer loop
      vertex -2.25 3.89711 1.2
      vertex -2.73943 3.57009 6
      vertex -2.25 3.89711 6
    endloop
  endfacet
  facet normal -0.555562 0.831475 0
    outer loop
      vertex -2.73943 3.57009 6
      vertex -2.25 3.89711 1.2
      vertex -2.73943 3.57009 1.2
    endloop
  endfacet
  facet normal -0.997859 0.0654064 0
    outer loop
      vertex -4.5 0 1.2
      vertex -4.4615 0.587367 6
      vertex -4.4615 0.587367 1.2
    endloop
  endfacet
  facet normal -0.997859 0.0654064 0
    outer loop
      vertex -4.4615 0.587367 6
      vertex -4.5 0 1.2
      vertex -4.5 0 6
    endloop
  endfacet
  facet normal 0.195079 0.980787 -0
    outer loop
      vertex 1.16469 4.34667 1.2
      vertex 0.587367 4.4615 6
      vertex 1.16469 4.34667 6
    endloop
  endfacet
  facet normal 0.195079 0.980787 0
    outer loop
      vertex 0.587367 4.4615 6
      vertex 1.16469 4.34667 1.2
      vertex 0.587367 4.4615 1.2
    endloop
  endfacet
  facet normal -0.442294 0.89687 0
    outer loop
      vertex -1.72207 4.15746 1.2
      vertex -2.25 3.89711 6
      vertex -1.72207 4.15746 6
    endloop
  endfacet
  facet normal -0.442294 0.89687 0
    outer loop
      vertex -2.25 3.89711 6
      vertex -1.72207 4.15746 1.2
      vertex -2.25 3.89711 1.2
    endloop
  endfacet
  facet normal 0.0654064 -0.997859 0
    outer loop
      vertex 0 -4.5 1.2
      vertex 0.587367 -4.4615 6
      vertex 0 -4.5 6
    endloop
  endfacet
  facet normal 0.0654064 -0.997859 0
    outer loop
      vertex 0.587367 -4.4615 6
      vertex 0 -4.5 1.2
      vertex 0.587367 -4.4615 1.2
    endloop
  endfacet
  facet normal 0.65935 -0.751836 0
    outer loop
      vertex 2.73943 -3.57009 1.2
      vertex 3.18198 -3.18198 6
      vertex 2.73943 -3.57009 6
    endloop
  endfacet
  facet normal 0.65935 -0.751836 0
    outer loop
      vertex 3.18198 -3.18198 6
      vertex 2.73943 -3.57009 1.2
      vertex 3.18198 -3.18198 1.2
    endloop
  endfacet
  facet normal -0.946928 -0.321447 0
    outer loop
      vertex -4.15746 -1.72207 1.2
      vertex -4.34667 -1.16469 6
      vertex -4.34667 -1.16469 1.2
    endloop
  endfacet
  facet normal -0.946928 -0.321447 0
    outer loop
      vertex -4.34667 -1.16469 6
      vertex -4.15746 -1.72207 1.2
      vertex -4.15746 -1.72207 6
    endloop
  endfacet
  facet normal 0.946928 -0.321447 0
    outer loop
      vertex 4.15746 -1.72207 6
      vertex 4.34667 -1.16469 1.2
      vertex 4.34667 -1.16469 6
    endloop
  endfacet
  facet normal 0.946928 -0.321447 0
    outer loop
      vertex 4.34667 -1.16469 1.2
      vertex 4.15746 -1.72207 6
      vertex 4.15746 -1.72207 1.2
    endloop
  endfacet
  facet normal 0.442294 0.89687 -0
    outer loop
      vertex 2.25 3.89711 1.2
      vertex 1.72207 4.15746 6
      vertex 2.25 3.89711 6
    endloop
  endfacet
  facet normal 0.442294 0.89687 0
    outer loop
      vertex 1.72207 4.15746 6
      vertex 2.25 3.89711 1.2
      vertex 1.72207 4.15746 1.2
    endloop
  endfacet
  facet normal -0.195079 0.980787 0
    outer loop
      vertex -0.587367 4.4615 1.2
      vertex -1.16469 4.34667 6
      vertex -0.587367 4.4615 6
    endloop
  endfacet
  facet normal -0.195079 0.980787 0
    outer loop
      vertex -1.16469 4.34667 6
      vertex -0.587367 4.4615 1.2
      vertex -1.16469 4.34667 1.2
    endloop
  endfacet
  facet normal 0.751836 0.65935 0
    outer loop
      vertex 3.57009 2.73943 6
      vertex 3.18198 3.18198 1.2
      vertex 3.18198 3.18198 6
    endloop
  endfacet
  facet normal 0.751836 0.65935 0
    outer loop
      vertex 3.18198 3.18198 1.2
      vertex 3.57009 2.73943 6
      vertex 3.57009 2.73943 1.2
    endloop
  endfacet
  facet normal 0.751836 -0.65935 0
    outer loop
      vertex 3.18198 -3.18198 6
      vertex 3.57009 -2.73943 1.2
      vertex 3.57009 -2.73943 6
    endloop
  endfacet
  facet normal 0.751836 -0.65935 0
    outer loop
      vertex 3.57009 -2.73943 1.2
      vertex 3.18198 -3.18198 6
      vertex 3.18198 -3.18198 1.2
    endloop
  endfacet
  facet normal -0.442294 -0.89687 0
    outer loop
      vertex -2.25 -3.89711 1.2
      vertex -1.72207 -4.15746 6
      vertex -2.25 -3.89711 6
    endloop
  endfacet
  facet normal -0.442294 -0.89687 -0
    outer loop
      vertex -1.72207 -4.15746 6
      vertex -2.25 -3.89711 1.2
      vertex -1.72207 -4.15746 1.2
    endloop
  endfacet
  facet normal -0.946928 0.321447 0
    outer loop
      vertex -4.34667 1.16469 1.2
      vertex -4.15746 1.72207 6
      vertex -4.15746 1.72207 1.2
    endloop
  endfacet
  facet normal -0.946928 0.321447 0
    outer loop
      vertex -4.15746 1.72207 6
      vertex -4.34667 1.16469 1.2
      vertex -4.34667 1.16469 6
    endloop
  endfacet
  facet normal 0.195079 -0.980787 0
    outer loop
      vertex 0.587367 -4.4615 1.2
      vertex 1.16469 -4.34667 6
      vertex 0.587367 -4.4615 6
    endloop
  endfacet
  facet normal 0.195079 -0.980787 0
    outer loop
      vertex 1.16469 -4.34667 6
      vertex 0.587367 -4.4615 1.2
      vertex 1.16469 -4.34667 1.2
    endloop
  endfacet
  facet normal 0.442294 -0.89687 0
    outer loop
      vertex 1.72207 -4.15746 1.2
      vertex 2.25 -3.89711 6
      vertex 1.72207 -4.15746 6
    endloop
  endfacet
  facet normal 0.442294 -0.89687 0
    outer loop
      vertex 2.25 -3.89711 6
      vertex 1.72207 -4.15746 1.2
      vertex 2.25 -3.89711 1.2
    endloop
  endfacet
  facet normal -0.751836 0.65935 0
    outer loop
      vertex -3.57009 2.73943 1.2
      vertex -3.18198 3.18198 6
      vertex -3.18198 3.18198 1.2
    endloop
  endfacet
  facet normal -0.751836 0.65935 0
    outer loop
      vertex -3.18198 3.18198 6
      vertex -3.57009 2.73943 1.2
      vertex -3.57009 2.73943 6
    endloop
  endfacet
  facet normal 0.65935 0.751836 -0
    outer loop
      vertex 3.18198 3.18198 1.2
      vertex 2.73943 3.57009 6
      vertex 3.18198 3.18198 6
    endloop
  endfacet
  facet normal 0.65935 0.751836 0
    outer loop
      vertex 2.73943 3.57009 6
      vertex 3.18198 3.18198 1.2
      vertex 2.73943 3.57009 1.2
    endloop
  endfacet
  facet normal -0.89687 -0.442294 0
    outer loop
      vertex -3.89711 -2.25 1.2
      vertex -4.15746 -1.72207 6
      vertex -4.15746 -1.72207 1.2
    endloop
  endfacet
  facet normal -0.89687 -0.442294 0
    outer loop
      vertex -4.15746 -1.72207 6
      vertex -3.89711 -2.25 1.2
      vertex -3.89711 -2.25 6
    endloop
  endfacet
  facet normal 0.831475 -0.555562 0
    outer loop
      vertex 3.57009 -2.73943 6
      vertex 3.89711 -2.25 1.2
      vertex 3.89711 -2.25 6
    endloop
  endfacet
  facet normal 0.831475 -0.555562 0
    outer loop
      vertex 3.89711 -2.25 1.2
      vertex 3.57009 -2.73943 6
      vertex 3.57009 -2.73943 1.2
    endloop
  endfacet
  facet normal 0.89687 0.442294 0
    outer loop
      vertex 4.15746 1.72207 6
      vertex 3.89711 2.25 1.2
      vertex 3.89711 2.25 6
    endloop
  endfacet
  facet normal 0.89687 0.442294 0
    outer loop
      vertex 3.89711 2.25 1.2
      vertex 4.15746 1.72207 6
      vertex 4.15746 1.72207 1.2
    endloop
  endfacet
  facet normal -0.0654064 -0.997859 0
    outer loop
      vertex -0.587367 -4.4615 1.2
      vertex 0 -4.5 6
      vertex -0.587367 -4.4615 6
    endloop
  endfacet
  facet normal -0.0654064 -0.997859 -0
    outer loop
      vertex 0 -4.5 6
      vertex -0.587367 -4.4615 1.2
      vertex 0 -4.5 1.2
    endloop
  endfacet
  facet normal 0.0654064 0.997859 -0
    outer loop
      vertex 0.587367 4.4615 1.2
      vertex 0 4.5 6
      vertex 0.587367 4.4615 6
    endloop
  endfacet
  facet normal 0.0654064 0.997859 0
    outer loop
      vertex 0 4.5 6
      vertex 0.587367 4.4615 1.2
      vertex 0 4.5 1.2
    endloop
  endfacet
  facet normal -0.555562 -0.831475 0
    outer loop
      vertex -2.73943 -3.57009 1.2
      vertex -2.25 -3.89711 6
      vertex -2.73943 -3.57009 6
    endloop
  endfacet
  facet normal -0.555562 -0.831475 -0
    outer loop
      vertex -2.25 -3.89711 6
      vertex -2.73943 -3.57009 1.2
      vertex -2.25 -3.89711 1.2
    endloop
  endfacet
  facet normal 0.555562 -0.831475 0
    outer loop
      vertex 2.25 -3.89711 1.2
      vertex 2.73943 -3.57009 6
      vertex 2.25 -3.89711 6
    endloop
  endfacet
  facet normal 0.555562 -0.831475 0
    outer loop
      vertex 2.73943 -3.57009 6
      vertex 2.25 -3.89711 1.2
      vertex 2.73943 -3.57009 1.2
    endloop
  endfacet
  facet normal 0.946928 0.321447 0
    outer loop
      vertex 4.34667 1.16469 6
      vertex 4.15746 1.72207 1.2
      vertex 4.15746 1.72207 6
    endloop
  endfacet
  facet normal 0.946928 0.321447 0
    outer loop
      vertex 4.15746 1.72207 1.2
      vertex 4.34667 1.16469 6
      vertex 4.34667 1.16469 1.2
    endloop
  endfacet
  facet normal -0.980787 0.195079 0
    outer loop
      vertex -4.4615 0.587367 1.2
      vertex -4.34667 1.16469 6
      vertex -4.34667 1.16469 1.2
    endloop
  endfacet
  facet normal -0.980787 0.195079 0
    outer loop
      vertex -4.34667 1.16469 6
      vertex -4.4615 0.587367 1.2
      vertex -4.4615 0.587367 6
    endloop
  endfacet
  facet normal -0.0654064 0.997859 0
    outer loop
      vertex 0 4.5 1.2
      vertex -0.587367 4.4615 6
      vertex 0 4.5 6
    endloop
  endfacet
  facet normal -0.0654064 0.997859 0
    outer loop
      vertex -0.587367 4.4615 6
      vertex 0 4.5 1.2
      vertex -0.587367 4.4615 1.2
    endloop
  endfacet
  facet normal -0.321447 -0.946928 0
    outer loop
      vertex -1.72207 -4.15746 1.2
      vertex -1.16469 -4.34667 6
      vertex -1.72207 -4.15746 6
    endloop
  endfacet
  facet normal -0.321447 -0.946928 -0
    outer loop
      vertex -1.16469 -4.34667 6
      vertex -1.72207 -4.15746 1.2
      vertex -1.16469 -4.34667 1.2
    endloop
  endfacet
  facet normal -0.980787 -0.195079 0
    outer loop
      vertex -4.34667 -1.16469 1.2
      vertex -4.4615 -0.587367 6
      vertex -4.4615 -0.587367 1.2
    endloop
  endfacet
  facet normal -0.980787 -0.195079 0
    outer loop
      vertex -4.4615 -0.587367 6
      vertex -4.34667 -1.16469 1.2
      vertex -4.34667 -1.16469 6
    endloop
  endfacet
  facet normal -0.751836 -0.65935 0
    outer loop
      vertex -3.18198 -3.18198 1.2
      vertex -3.57009 -2.73943 6
      vertex -3.57009 -2.73943 1.2
    endloop
  endfacet
  facet normal -0.751836 -0.65935 0
    outer loop
      vertex -3.57009 -2.73943 6
      vertex -3.18198 -3.18198 1.2
      vertex -3.18198 -3.18198 6
    endloop
  endfacet
  facet normal -0.195079 -0.980787 0
    outer loop
      vertex -1.16469 -4.34667 1.2
      vertex -0.587367 -4.4615 6
      vertex -1.16469 -4.34667 6
    endloop
  endfacet
  facet normal -0.195079 -0.980787 -0
    outer loop
      vertex -0.587367 -4.4615 6
      vertex -1.16469 -4.34667 1.2
      vertex -0.587367 -4.4615 1.2
    endloop
  endfacet
  facet normal -0.831475 0.555562 0
    outer loop
      vertex -3.89711 2.25 1.2
      vertex -3.57009 2.73943 6
      vertex -3.57009 2.73943 1.2
    endloop
  endfacet
  facet normal -0.831475 0.555562 0
    outer loop
      vertex -3.57009 2.73943 6
      vertex -3.89711 2.25 1.2
      vertex -3.89711 2.25 6
    endloop
  endfacet
  facet normal -1 0 0
    outer loop
      vertex 16.165 -0.724999 1.2
      vertex 16.165 0.724999 4.9
      vertex 16.165 0.724999 1.2
    endloop
  endfacet
  facet normal -1 -0 0
    outer loop
      vertex 16.165 0.724999 4.9
      vertex 16.165 -0.724999 1.2
      vertex 16.165 -0.724999 4.9
    endloop
  endfacet
  facet normal 0 0 -1
    outer loop
      vertex 11.835 -0.724999 4.9
      vertex 13.275 0.724999 4.9
      vertex 13.275 -0.724999 4.9
    endloop
  endfacet
  facet normal -0 0 -1
    outer loop
      vertex 13.275 0.724999 4.9
      vertex 11.835 -0.724999 4.9
      vertex 11.835 0.724999 4.9
    endloop
  endfacet
  facet normal 0 0 -1
    outer loop
      vertex 13.275 -0.724999 4.9
      vertex 14.725 -0.724999 4.9
      vertex 14.725 -2.165 4.9
    endloop
  endfacet
  facet normal 0 0 -1
    outer loop
      vertex 14.725 -0.724999 4.9
      vertex 13.275 -0.724999 4.9
      vertex 14.725 0.724999 4.9
    endloop
  endfacet
  facet normal 0 0 -1
    outer loop
      vertex 13.275 -0.724999 4.9
      vertex 14.725 -2.165 4.9
      vertex 13.275 -2.165 4.9
    endloop
  endfacet
  facet normal 0 0 -1
    outer loop
      vertex 13.275 0.724999 4.9
      vertex 14.725 0.724999 4.9
      vertex 13.275 -0.724999 4.9
    endloop
  endfacet
  facet normal 0 0 -1
    outer loop
      vertex 14.725 0.724999 4.9
      vertex 13.275 0.724999 4.9
      vertex 14.725 2.165 4.9
    endloop
  endfacet
  facet normal -0 0 -1
    outer loop
      vertex 14.725 2.165 4.9
      vertex 13.275 0.724999 4.9
      vertex 13.275 2.165 4.9
    endloop
  endfacet
  facet normal 0 0 -1
    outer loop
      vertex 14.725 -0.724999 4.9
      vertex 16.165 0.724999 4.9
      vertex 16.165 -0.724999 4.9
    endloop
  endfacet
  facet normal -0 0 -1
    outer loop
      vertex 16.165 0.724999 4.9
      vertex 14.725 -0.724999 4.9
      vertex 14.725 0.724999 4.9
    endloop
  endfacet
  facet normal 1 -0 0
    outer loop
      vertex 11.835 -0.724999 4.9
      vertex 11.835 0.724999 1.2
      vertex 11.835 0.724999 4.9
    endloop
  endfacet
  facet normal 1 0 0
    outer loop
      vertex 11.835 0.724999 1.2
      vertex 11.835 -0.724999 4.9
      vertex 11.835 -0.724999 1.2
    endloop
  endfacet
  facet normal 0 -1 0
    outer loop
      vertex 11.835 0.724999 1.2
      vertex 13.275 0.724999 4.9
      vertex 11.835 0.724999 4.9
    endloop
  endfacet
  facet normal 0 -1 -0
    outer loop
      vertex 13.275 0.724999 4.9
      vertex 11.835 0.724999 1.2
      vertex 13.275 0.724999 1.2
    endloop
  endfacet
  facet normal 0 -1 0
    outer loop
      vertex 14.725 0.724999 1.2
      vertex 16.165 0.724999 4.9
      vertex 14.725 0.724999 4.9
    endloop
  endfacet
  facet normal 0 -1 -0
    outer loop
      vertex 16.165 0.724999 4.9
      vertex 14.725 0.724999 1.2
      vertex 16.165 0.724999 1.2
    endloop
  endfacet
  facet normal 0 1 -0
    outer loop
      vertex 13.275 -0.724999 1.2
      vertex 11.835 -0.724999 4.9
      vertex 13.275 -0.724999 4.9
    endloop
  endfacet
  facet normal 0 1 0
    outer loop
      vertex 11.835 -0.724999 4.9
      vertex 13.275 -0.724999 1.2
      vertex 11.835 -0.724999 1.2
    endloop
  endfacet
  facet normal 0 1 -0
    outer loop
      vertex 16.165 -0.724999 1.2
      vertex 14.725 -0.724999 4.9
      vertex 16.165 -0.724999 4.9
    endloop
  endfacet
  facet normal 0 1 0
    outer loop
      vertex 14.725 -0.724999 4.9
      vertex 16.165 -0.724999 1.2
      vertex 14.725 -0.724999 1.2
    endloop
  endfacet
  facet normal -1 0 0
    outer loop
      vertex 14.725 0.724999 1.2
      vertex 14.725 2.165 4.9
      vertex 14.725 2.165 1.2
    endloop
  endfacet
  facet normal -1 -0 0
    outer loop
      vertex 14.725 2.165 4.9
      vertex 14.725 0.724999 1.2
      vertex 14.725 0.724999 4.9
    endloop
  endfacet
  facet normal -1 0 0
    outer loop
      vertex 14.725 -2.165 1.2
      vertex 14.725 -0.724999 4.9
      vertex 14.725 -0.724999 1.2
    endloop
  endfacet
  facet normal -1 -0 0
    outer loop
      vertex 14.725 -0.724999 4.9
      vertex 14.725 -2.165 1.2
      vertex 14.725 -2.165 4.9
    endloop
  endfacet
  facet normal 1 -0 0
    outer loop
      vertex 13.275 0.724999 4.9
      vertex 13.275 2.165 1.2
      vertex 13.275 2.165 4.9
    endloop
  endfacet
  facet normal 1 0 0
    outer loop
      vertex 13.275 2.165 1.2
      vertex 13.275 0.724999 4.9
      vertex 13.275 0.724999 1.2
    endloop
  endfacet
  facet normal 1 -0 0
    outer loop
      vertex 13.275 -2.165 4.9
      vertex 13.275 -0.724999 1.2
      vertex 13.275 -0.724999 4.9
    endloop
  endfacet
  facet normal 1 0 0
    outer loop
      vertex 13.275 -0.724999 1.2
      vertex 13.275 -2.165 4.9
      vertex 13.275 -2.165 1.2
    endloop
  endfacet
  facet normal 0 -1 0
    outer loop
      vertex 13.275 2.165 1.2
      vertex 14.725 2.165 4.9
      vertex 13.275 2.165 4.9
    endloop
  endfacet
  facet normal 0 -1 -0
    outer loop
      vertex 14.725 2.165 4.9
      vertex 13.275 2.165 1.2
      vertex 14.725 2.165 1.2
    endloop
  endfacet
  facet normal 0 1 -0
    outer loop
      vertex 14.725 -2.165 1.2
      vertex 13.275 -2.165 4.9
      vertex 14.725 -2.165 4.9
    endloop
  endfacet
  facet normal 0 1 0
    outer loop
      vertex 13.275 -2.165 4.9
      vertex 14.725 -2.165 1.2
      vertex 13.275 -2.165 1.2
    endloop
  endfacet
  facet normal 0.980797 0.19503 0
    outer loop
      vertex 18.4615 0.587367 6
      vertex 18.3467 1.16469 1.2
      vertex 18.3467 1.16469 6
    endloop
  endfacet
  facet normal 0.980797 0.19503 0
    outer loop
      vertex 18.3467 1.16469 1.2
      vertex 18.4615 0.587367 6
      vertex 18.4615 0.587367 1.2
    endloop
  endfacet
  facet normal 0.997859 0.0654064 0
    outer loop
      vertex 18.5 0 6
      vertex 18.4615 0.587367 1.2
      vertex 18.4615 0.587367 6
    endloop
  endfacet
  facet normal 0.997859 0.0654064 0
    outer loop
      vertex 18.4615 0.587367 1.2
      vertex 18.5 0 6
      vertex 18.5 0 1.2
    endloop
  endfacet
  facet normal 0.980797 -0.19503 0
    outer loop
      vertex 18.3467 -1.16469 6
      vertex 18.4615 -0.587367 1.2
      vertex 18.4615 -0.587367 6
    endloop
  endfacet
  facet normal 0.980797 -0.19503 0
    outer loop
      vertex 18.4615 -0.587367 1.2
      vertex 18.3467 -1.16469 6
      vertex 18.3467 -1.16469 1.2
    endloop
  endfacet
  facet normal 0 0 1
    outer loop
      vertex 18.4615 0.587367 6
      vertex 18.4615 -0.587367 6
      vertex 18.5 0 6
    endloop
  endfacet
  facet normal 0 0 1
    outer loop
      vertex 18.3467 1.16469 6
      vertex 18.4615 -0.587367 6
      vertex 18.4615 0.587367 6
    endloop
  endfacet
  facet normal 0 0 1
    outer loop
      vertex 18.3467 1.16469 6
      vertex 18.3467 -1.16469 6
      vertex 18.4615 -0.587367 6
    endloop
  endfacet
  facet normal 0 0 1
    outer loop
      vertex 18.1575 1.72207 6
      vertex 18.3467 -1.16469 6
      vertex 18.3467 1.16469 6
    endloop
  endfacet
  facet normal 0 0 1
    outer loop
      vertex 18.1575 1.72207 6
      vertex 18.1575 -1.72207 6
      vertex 18.3467 -1.16469 6
    endloop
  endfacet
  facet normal 0 0 1
    outer loop
      vertex 17.8971 2.25 6
      vertex 18.1575 -1.72207 6
      vertex 18.1575 1.72207 6
    endloop
  endfacet
  facet normal 0 0 1
    outer loop
      vertex 17.8971 2.25 6
      vertex 17.8971 -2.25 6
      vertex 18.1575 -1.72207 6
    endloop
  endfacet
  facet normal 0 0 1
    outer loop
      vertex 17.5701 2.73943 6
      vertex 17.8971 -2.25 6
      vertex 17.8971 2.25 6
    endloop
  endfacet
  facet normal 0 0 1
    outer loop
      vertex 17.5701 2.73943 6
      vertex 17.5701 -2.73943 6
      vertex 17.8971 -2.25 6
    endloop
  endfacet
  facet normal 0 0 1
    outer loop
      vertex 17.182 3.18198 6
      vertex 17.5701 -2.73943 6
      vertex 17.5701 2.73943 6
    endloop
  endfacet
  facet normal 0 0 1
    outer loop
      vertex 17.182 3.18198 6
      vertex 17.182 -3.18198 6
      vertex 17.5701 -2.73943 6
    endloop
  endfacet
  facet normal 0 0 1
    outer loop
      vertex 16.7394 3.57009 6
      vertex 17.182 -3.18198 6
      vertex 17.182 3.18198 6
    endloop
  endfacet
  facet normal 0 0 1
    outer loop
      vertex 16.7394 3.57009 6
      vertex 16.7394 -3.57009 6
      vertex 17.182 -3.18198 6
    endloop
  endfacet
  facet normal 0 0 1
    outer loop
      vertex 16.25 3.89711 6
      vertex 16.7394 -3.57009 6
      vertex 16.7394 3.57009 6
    endloop
  endfacet
  facet normal 0 0 1
    outer loop
      vertex 16.25 3.89711 6
      vertex 16.25 -3.89711 6
      vertex 16.7394 -3.57009 6
    endloop
  endfacet
  facet normal 0 0 1
    outer loop
      vertex 15.7221 4.15746 6
      vertex 16.25 -3.89711 6
      vertex 16.25 3.89711 6
    endloop
  endfacet
  facet normal 0 0 1
    outer loop
      vertex 15.7221 4.15746 6
      vertex 15.7221 -4.15746 6
      vertex 16.25 -3.89711 6
    endloop
  endfacet
  facet normal 0 0 1
    outer loop
      vertex 15.1647 4.34667 6
      vertex 15.7221 -4.15746 6
      vertex 15.7221 4.15746 6
    endloop
  endfacet
  facet normal 0 0 1
    outer loop
      vertex 15.1647 4.34667 6
      vertex 15.1647 -4.34667 6
      vertex 15.7221 -4.15746 6
    endloop
  endfacet
  facet normal 0 0 1
    outer loop
      vertex 14.5874 4.4615 6
      vertex 15.1647 -4.34667 6
      vertex 15.1647 4.34667 6
    endloop
  endfacet
  facet normal 0 0 1
    outer loop
      vertex 14.5874 4.4615 6
      vertex 14.5874 -4.4615 6
      vertex 15.1647 -4.34667 6
    endloop
  endfacet
  facet normal 0 0 1
    outer loop
      vertex 14 4.5 6
      vertex 14.5874 -4.4615 6
      vertex 14.5874 4.4615 6
    endloop
  endfacet
  facet normal 0 0 1
    outer loop
      vertex 14 4.5 6
      vertex 14 -4.5 6
      vertex 14.5874 -4.4615 6
    endloop
  endfacet
  facet normal -0 0 1
    outer loop
      vertex 13.4126 4.4615 6
      vertex 14 -4.5 6
      vertex 14 4.5 6
    endloop
  endfacet
  facet normal 0 0 1
    outer loop
      vertex 13.4126 4.4615 6
      vertex 13.4126 -4.4615 6
      vertex 14 -4.5 6
    endloop
  endfacet
  facet normal -0 0 1
    outer loop
      vertex 12.8353 4.34667 6
      vertex 13.4126 -4.4615 6
      vertex 13.4126 4.4615 6
    endloop
  endfacet
  facet normal 0 0 1
    outer loop
      vertex 12.8353 4.34667 6
      vertex 12.8353 -4.34667 6
      vertex 13.4126 -4.4615 6
    endloop
  endfacet
  facet normal -0 0 1
    outer loop
      vertex 12.2779 4.15746 6
      vertex 12.8353 -4.34667 6
      vertex 12.8353 4.34667 6
    endloop
  endfacet
  facet normal 0 0 1
    outer loop
      vertex 12.2779 4.15746 6
      vertex 12.2779 -4.15746 6
      vertex 12.8353 -4.34667 6
    endloop
  endfacet
  facet normal -0 0 1
    outer loop
      vertex 11.75 3.89711 6
      vertex 12.2779 -4.15746 6
      vertex 12.2779 4.15746 6
    endloop
  endfacet
  facet normal 0 0 1
    outer loop
      vertex 11.75 3.89711 6
      vertex 11.75 -3.89711 6
      vertex 12.2779 -4.15746 6
    endloop
  endfacet
  facet normal -0 0 1
    outer loop
      vertex 11.2606 3.57009 6
      vertex 11.75 -3.89711 6
      vertex 11.75 3.89711 6
    endloop
  endfacet
  facet normal 0 0 1
    outer loop
      vertex 11.2606 3.57009 6
      vertex 11.2606 -3.57009 6
      vertex 11.75 -3.89711 6
    endloop
  endfacet
  facet normal -0 0 1
    outer loop
      vertex 10.818 3.18198 6
      vertex 11.2606 -3.57009 6
      vertex 11.2606 3.57009 6
    endloop
  endfacet
  facet normal 0 0 1
    outer loop
      vertex 10.818 3.18198 6
      vertex 10.818 -3.18198 6
      vertex 11.2606 -3.57009 6
    endloop
  endfacet
  facet normal -0 0 1
    outer loop
      vertex 10.4299 2.73943 6
      vertex 10.818 -3.18198 6
      vertex 10.818 3.18198 6
    endloop
  endfacet
  facet normal 0 0 1
    outer loop
      vertex 10.4299 2.73943 6
      vertex 10.4299 -2.73943 6
      vertex 10.818 -3.18198 6
    endloop
  endfacet
  facet normal -0 0 1
    outer loop
      vertex 10.1029 2.25 6
      vertex 10.4299 -2.73943 6
      vertex 10.4299 2.73943 6
    endloop
  endfacet
  facet normal 0 0 1
    outer loop
      vertex 10.1029 2.25 6
      vertex 10.1029 -2.25 6
      vertex 10.4299 -2.73943 6
    endloop
  endfacet
  facet normal -0 0 1
    outer loop
      vertex 9.84254 1.72207 6
      vertex 10.1029 -2.25 6
      vertex 10.1029 2.25 6
    endloop
  endfacet
  facet normal 0 0 1
    outer loop
      vertex 9.84254 1.72207 6
      vertex 9.84254 -1.72207 6
      vertex 10.1029 -2.25 6
    endloop
  endfacet
  facet normal -0 0 1
    outer loop
      vertex 9.65333 1.16469 6
      vertex 9.84254 -1.72207 6
      vertex 9.84254 1.72207 6
    endloop
  endfacet
  facet normal 0 0 1
    outer loop
      vertex 9.65333 1.16469 6
      vertex 9.65333 -1.16469 6
      vertex 9.84254 -1.72207 6
    endloop
  endfacet
  facet normal -0 0 1
    outer loop
      vertex 9.5385 0.587367 6
      vertex 9.65333 -1.16469 6
      vertex 9.65333 1.16469 6
    endloop
  endfacet
  facet normal 0 0 1
    outer loop
      vertex 9.5385 0.587367 6
      vertex 9.5385 -0.587367 6
      vertex 9.65333 -1.16469 6
    endloop
  endfacet
  facet normal 0 -0 1
    outer loop
      vertex 9.5385 -0.587367 6
      vertex 9.5385 0.587367 6
      vertex 9.5 0 6
    endloop
  endfacet
  facet normal 0.831491 0.555539 0
    outer loop
      vertex 17.8971 2.25 6
      vertex 17.5701 2.73943 1.2
      vertex 17.5701 2.73943 6
    endloop
  endfacet
  facet normal 0.831491 0.555539 0
    outer loop
      vertex 17.5701 2.73943 1.2
      vertex 17.8971 2.25 6
      vertex 17.8971 2.25 1.2
    endloop
  endfacet
  facet normal 0.555586 0.831459 -0
    outer loop
      vertex 16.7394 3.57009 1.2
      vertex 16.25 3.89711 6
      vertex 16.7394 3.57009 6
    endloop
  endfacet
  facet normal 0.555586 0.831459 0
    outer loop
      vertex 16.25 3.89711 6
      vertex 16.7394 3.57009 1.2
      vertex 16.25 3.89711 1.2
    endloop
  endfacet
  facet normal 0.896837 -0.442362 0
    outer loop
      vertex 17.8971 -2.25 6
      vertex 18.1575 -1.72207 1.2
      vertex 18.1575 -1.72207 6
    endloop
  endfacet
  facet normal 0.896837 -0.442362 0
    outer loop
      vertex 18.1575 -1.72207 1.2
      vertex 17.8971 -2.25 6
      vertex 17.8971 -2.25 1.2
    endloop
  endfacet
  facet normal 0.997859 -0.0654064 0
    outer loop
      vertex 18.4615 -0.587367 6
      vertex 18.5 0 1.2
      vertex 18.5 0 6
    endloop
  endfacet
  facet normal 0.997859 -0.0654064 0
    outer loop
      vertex 18.5 0 1.2
      vertex 18.4615 -0.587367 6
      vertex 18.4615 -0.587367 1.2
    endloop
  endfacet
  facet normal 0.321437 0.946931 -0
    outer loop
      vertex 15.7221 4.15746 1.2
      vertex 15.1647 4.34667 6
      vertex 15.7221 4.15746 6
    endloop
  endfacet
  facet normal 0.321437 0.946931 0
    outer loop
      vertex 15.1647 4.34667 6
      vertex 15.7221 4.15746 1.2
      vertex 15.1647 4.34667 1.2
    endloop
  endfacet
  facet normal -0.896863 0.442307 0
    outer loop
      vertex 9.84254 1.72207 1.2
      vertex 10.1029 2.25 6
      vertex 10.1029 2.25 1.2
    endloop
  endfacet
  facet normal -0.896863 0.442307 0
    outer loop
      vertex 10.1029 2.25 6
      vertex 9.84254 1.72207 1.2
      vertex 9.84254 1.72207 6
    endloop
  endfacet
  facet normal -0.659308 0.751873 0
    outer loop
      vertex 11.2606 3.57009 1.2
      vertex 10.818 3.18198 6
      vertex 11.2606 3.57009 6
    endloop
  endfacet
  facet normal -0.659308 0.751873 0
    outer loop
      vertex 10.818 3.18198 6
      vertex 11.2606 3.57009 1.2
      vertex 10.818 3.18198 1.2
    endloop
  endfacet
  facet normal 0.321437 -0.946931 0
    outer loop
      vertex 15.1647 -4.34667 1.2
      vertex 15.7221 -4.15746 6
      vertex 15.1647 -4.34667 6
    endloop
  endfacet
  facet normal 0.321437 -0.946931 0
    outer loop
      vertex 15.7221 -4.15746 6
      vertex 15.1647 -4.34667 1.2
      vertex 15.7221 -4.15746 1.2
    endloop
  endfacet
  facet normal -0.997859 -0.0654064 0
    outer loop
      vertex 9.5385 -0.587367 1.2
      vertex 9.5 0 6
      vertex 9.5 0 1.2
    endloop
  endfacet
  facet normal -0.997859 -0.0654064 0
    outer loop
      vertex 9.5 0 6
      vertex 9.5385 -0.587367 1.2
      vertex 9.5385 -0.587367 6
    endloop
  endfacet
  facet normal -0.659308 -0.751873 0
    outer loop
      vertex 10.818 -3.18198 1.2
      vertex 11.2606 -3.57009 6
      vertex 10.818 -3.18198 6
    endloop
  endfacet
  facet normal -0.659308 -0.751873 -0
    outer loop
      vertex 11.2606 -3.57009 6
      vertex 10.818 -3.18198 1.2
      vertex 11.2606 -3.57009 1.2
    endloop
  endfacet
  facet normal -0.321437 0.946931 0
    outer loop
      vertex 12.8353 4.34667 1.2
      vertex 12.2779 4.15746 6
      vertex 12.8353 4.34667 6
    endloop
  endfacet
  facet normal -0.321437 0.946931 0
    outer loop
      vertex 12.2779 4.15746 6
      vertex 12.8353 4.34667 1.2
      vertex 12.2779 4.15746 1.2
    endloop
  endfacet
  facet normal -0.831491 -0.555539 0
    outer loop
      vertex 10.4299 -2.73943 1.2
      vertex 10.1029 -2.25 6
      vertex 10.1029 -2.25 1.2
    endloop
  endfacet
  facet normal -0.831491 -0.555539 0
    outer loop
      vertex 10.1029 -2.25 6
      vertex 10.4299 -2.73943 1.2
      vertex 10.4299 -2.73943 6
    endloop
  endfacet
  facet normal -0.555586 0.831459 0
    outer loop
      vertex 11.75 3.89711 1.2
      vertex 11.2606 3.57009 6
      vertex 11.75 3.89711 6
    endloop
  endfacet
  facet normal -0.555586 0.831459 0
    outer loop
      vertex 11.2606 3.57009 6
      vertex 11.75 3.89711 1.2
      vertex 11.2606 3.57009 1.2
    endloop
  endfacet
  facet normal -0.997859 0.0654064 0
    outer loop
      vertex 9.5 0 1.2
      vertex 9.5385 0.587367 6
      vertex 9.5385 0.587367 1.2
    endloop
  endfacet
  facet normal -0.997859 0.0654064 0
    outer loop
      vertex 9.5385 0.587367 6
      vertex 9.5 0 1.2
      vertex 9.5 0 6
    endloop
  endfacet
  facet normal 0.195087 0.980786 -0
    outer loop
      vertex 15.1647 4.34667 1.2
      vertex 14.5874 4.4615 6
      vertex 15.1647 4.34667 6
    endloop
  endfacet
  facet normal 0.195087 0.980786 0
    outer loop
      vertex 14.5874 4.4615 6
      vertex 15.1647 4.34667 1.2
      vertex 14.5874 4.4615 1.2
    endloop
  endfacet
  facet normal -0.442314 0.89686 0
    outer loop
      vertex 12.2779 4.15746 1.2
      vertex 11.75 3.89711 6
      vertex 12.2779 4.15746 6
    endloop
  endfacet
  facet normal -0.442314 0.89686 0
    outer loop
      vertex 11.75 3.89711 6
      vertex 12.2779 4.15746 1.2
      vertex 11.75 3.89711 1.2
    endloop
  endfacet
  facet normal 0.0654027 -0.997859 0
    outer loop
      vertex 14 -4.5 1.2
      vertex 14.5874 -4.4615 6
      vertex 14 -4.5 6
    endloop
  endfacet
  facet normal 0.0654027 -0.997859 0
    outer loop
      vertex 14.5874 -4.4615 6
      vertex 14 -4.5 1.2
      vertex 14.5874 -4.4615 1.2
    endloop
  endfacet
  facet normal 0.659308 -0.751873 0
    outer loop
      vertex 16.7394 -3.57009 1.2
      vertex 17.182 -3.18198 6
      vertex 16.7394 -3.57009 6
    endloop
  endfacet
  facet normal 0.659308 -0.751873 0
    outer loop
      vertex 17.182 -3.18198 6
      vertex 16.7394 -3.57009 1.2
      vertex 17.182 -3.18198 1.2
    endloop
  endfacet
  facet normal -0.946928 -0.321447 0
    outer loop
      vertex 9.84254 -1.72207 1.2
      vertex 9.65333 -1.16469 6
      vertex 9.65333 -1.16469 1.2
    endloop
  endfacet
  facet normal -0.946928 -0.321447 0
    outer loop
      vertex 9.65333 -1.16469 6
      vertex 9.84254 -1.72207 1.2
      vertex 9.84254 -1.72207 6
    endloop
  endfacet
  facet normal 0.946933 -0.321432 0
    outer loop
      vertex 18.1575 -1.72207 6
      vertex 18.3467 -1.16469 1.2
      vertex 18.3467 -1.16469 6
    endloop
  endfacet
  facet normal 0.946933 -0.321432 0
    outer loop
      vertex 18.3467 -1.16469 1.2
      vertex 18.1575 -1.72207 6
      vertex 18.1575 -1.72207 1.2
    endloop
  endfacet
  facet normal 0.442314 0.89686 -0
    outer loop
      vertex 16.25 3.89711 1.2
      vertex 15.7221 4.15746 6
      vertex 16.25 3.89711 6
    endloop
  endfacet
  facet normal 0.442314 0.89686 0
    outer loop
      vertex 15.7221 4.15746 6
      vertex 16.25 3.89711 1.2
      vertex 15.7221 4.15746 1.2
    endloop
  endfacet
  facet normal -0.195087 0.980786 0
    outer loop
      vertex 13.4126 4.4615 1.2
      vertex 12.8353 4.34667 6
      vertex 13.4126 4.4615 6
    endloop
  endfacet
  facet normal -0.195087 0.980786 0
    outer loop
      vertex 12.8353 4.34667 6
      vertex 13.4126 4.4615 1.2
      vertex 12.8353 4.34667 1.2
    endloop
  endfacet
  facet normal 0.751845 0.65934 0
    outer loop
      vertex 17.5701 2.73943 6
      vertex 17.182 3.18198 1.2
      vertex 17.182 3.18198 6
    endloop
  endfacet
  facet normal 0.751845 0.65934 0
    outer loop
      vertex 17.182 3.18198 1.2
      vertex 17.5701 2.73943 6
      vertex 17.5701 2.73943 1.2
    endloop
  endfacet
  facet normal 0.751845 -0.65934 0
    outer loop
      vertex 17.182 -3.18198 6
      vertex 17.5701 -2.73943 1.2
      vertex 17.5701 -2.73943 6
    endloop
  endfacet
  facet normal 0.751845 -0.65934 0
    outer loop
      vertex 17.5701 -2.73943 1.2
      vertex 17.182 -3.18198 6
      vertex 17.182 -3.18198 1.2
    endloop
  endfacet
  facet normal -0.442314 -0.89686 0
    outer loop
      vertex 11.75 -3.89711 1.2
      vertex 12.2779 -4.15746 6
      vertex 11.75 -3.89711 6
    endloop
  endfacet
  facet normal -0.442314 -0.89686 -0
    outer loop
      vertex 12.2779 -4.15746 6
      vertex 11.75 -3.89711 1.2
      vertex 12.2779 -4.15746 1.2
    endloop
  endfacet
  facet normal -0.946928 0.321447 0
    outer loop
      vertex 9.65333 1.16469 1.2
      vertex 9.84254 1.72207 6
      vertex 9.84254 1.72207 1.2
    endloop
  endfacet
  facet normal -0.946928 0.321447 0
    outer loop
      vertex 9.84254 1.72207 6
      vertex 9.65333 1.16469 1.2
      vertex 9.65333 1.16469 6
    endloop
  endfacet
  facet normal 0.195087 -0.980786 0
    outer loop
      vertex 14.5874 -4.4615 1.2
      vertex 15.1647 -4.34667 6
      vertex 14.5874 -4.4615 6
    endloop
  endfacet
  facet normal 0.195087 -0.980786 0
    outer loop
      vertex 15.1647 -4.34667 6
      vertex 14.5874 -4.4615 1.2
      vertex 15.1647 -4.34667 1.2
    endloop
  endfacet
  facet normal 0.442314 -0.89686 0
    outer loop
      vertex 15.7221 -4.15746 1.2
      vertex 16.25 -3.89711 6
      vertex 15.7221 -4.15746 6
    endloop
  endfacet
  facet normal 0.442314 -0.89686 0
    outer loop
      vertex 16.25 -3.89711 6
      vertex 15.7221 -4.15746 1.2
      vertex 16.25 -3.89711 1.2
    endloop
  endfacet
  facet normal -0.751845 0.65934 0
    outer loop
      vertex 10.4299 2.73943 1.2
      vertex 10.818 3.18198 6
      vertex 10.818 3.18198 1.2
    endloop
  endfacet
  facet normal -0.751845 0.65934 0
    outer loop
      vertex 10.818 3.18198 6
      vertex 10.4299 2.73943 1.2
      vertex 10.4299 2.73943 6
    endloop
  endfacet
  facet normal 0.659308 0.751873 -0
    outer loop
      vertex 17.182 3.18198 1.2
      vertex 16.7394 3.57009 6
      vertex 17.182 3.18198 6
    endloop
  endfacet
  facet normal 0.659308 0.751873 0
    outer loop
      vertex 16.7394 3.57009 6
      vertex 17.182 3.18198 1.2
      vertex 16.7394 3.57009 1.2
    endloop
  endfacet
  facet normal -0.896863 -0.442307 0
    outer loop
      vertex 10.1029 -2.25 1.2
      vertex 9.84254 -1.72207 6
      vertex 9.84254 -1.72207 1.2
    endloop
  endfacet
  facet normal -0.896863 -0.442307 0
    outer loop
      vertex 9.84254 -1.72207 6
      vertex 10.1029 -2.25 1.2
      vertex 10.1029 -2.25 6
    endloop
  endfacet
  facet normal 0.831491 -0.555539 0
    outer loop
      vertex 17.5701 -2.73943 6
      vertex 17.8971 -2.25 1.2
      vertex 17.8971 -2.25 6
    endloop
  endfacet
  facet normal 0.831491 -0.555539 0
    outer loop
      vertex 17.8971 -2.25 1.2
      vertex 17.5701 -2.73943 6
      vertex 17.5701 -2.73943 1.2
    endloop
  endfacet
  facet normal 0.896837 0.442362 0
    outer loop
      vertex 18.1575 1.72207 6
      vertex 17.8971 2.25 1.2
      vertex 17.8971 2.25 6
    endloop
  endfacet
  facet normal 0.896837 0.442362 0
    outer loop
      vertex 17.8971 2.25 1.2
      vertex 18.1575 1.72207 6
      vertex 18.1575 1.72207 1.2
    endloop
  endfacet
  facet normal -0.0654027 -0.997859 0
    outer loop
      vertex 13.4126 -4.4615 1.2
      vertex 14 -4.5 6
      vertex 13.4126 -4.4615 6
    endloop
  endfacet
  facet normal -0.0654027 -0.997859 -0
    outer loop
      vertex 14 -4.5 6
      vertex 13.4126 -4.4615 1.2
      vertex 14 -4.5 1.2
    endloop
  endfacet
  facet normal 0.0654027 0.997859 -0
    outer loop
      vertex 14.5874 4.4615 1.2
      vertex 14 4.5 6
      vertex 14.5874 4.4615 6
    endloop
  endfacet
  facet normal 0.0654027 0.997859 0
    outer loop
      vertex 14 4.5 6
      vertex 14.5874 4.4615 1.2
      vertex 14 4.5 1.2
    endloop
  endfacet
  facet normal -0.555586 -0.831459 0
    outer loop
      vertex 11.2606 -3.57009 1.2
      vertex 11.75 -3.89711 6
      vertex 11.2606 -3.57009 6
    endloop
  endfacet
  facet normal -0.555586 -0.831459 -0
    outer loop
      vertex 11.75 -3.89711 6
      vertex 11.2606 -3.57009 1.2
      vertex 11.75 -3.89711 1.2
    endloop
  endfacet
  facet normal 0.555586 -0.831459 0
    outer loop
      vertex 16.25 -3.89711 1.2
      vertex 16.7394 -3.57009 6
      vertex 16.25 -3.89711 6
    endloop
  endfacet
  facet normal 0.555586 -0.831459 0
    outer loop
      vertex 16.7394 -3.57009 6
      vertex 16.25 -3.89711 1.2
      vertex 16.7394 -3.57009 1.2
    endloop
  endfacet
  facet normal 0.946933 0.321432 0
    outer loop
      vertex 18.3467 1.16469 6
      vertex 18.1575 1.72207 1.2
      vertex 18.1575 1.72207 6
    endloop
  endfacet
  facet normal 0.946933 0.321432 0
    outer loop
      vertex 18.1575 1.72207 1.2
      vertex 18.3467 1.16469 6
      vertex 18.3467 1.16469 1.2
    endloop
  endfacet
  facet normal -0.980787 0.195079 0
    outer loop
      vertex 9.5385 0.587367 1.2
      vertex 9.65333 1.16469 6
      vertex 9.65333 1.16469 1.2
    endloop
  endfacet
  facet normal -0.980787 0.195079 0
    outer loop
      vertex 9.65333 1.16469 6
      vertex 9.5385 0.587367 1.2
      vertex 9.5385 0.587367 6
    endloop
  endfacet
  facet normal -0.0654027 0.997859 0
    outer loop
      vertex 14 4.5 1.2
      vertex 13.4126 4.4615 6
      vertex 14 4.5 6
    endloop
  endfacet
  facet normal -0.0654027 0.997859 0
    outer loop
      vertex 13.4126 4.4615 6
      vertex 14 4.5 1.2
      vertex 13.4126 4.4615 1.2
    endloop
  endfacet
  facet normal -0.321437 -0.946931 0
    outer loop
      vertex 12.2779 -4.15746 1.2
      vertex 12.8353 -4.34667 6
      vertex 12.2779 -4.15746 6
    endloop
  endfacet
  facet normal -0.321437 -0.946931 -0
    outer loop
      vertex 12.8353 -4.34667 6
      vertex 12.2779 -4.15746 1.2
      vertex 12.8353 -4.34667 1.2
    endloop
  endfacet
  facet normal -0.980787 -0.195079 0
    outer loop
      vertex 9.65333 -1.16469 1.2
      vertex 9.5385 -0.587367 6
      vertex 9.5385 -0.587367 1.2
    endloop
  endfacet
  facet normal -0.980787 -0.195079 0
    outer loop
      vertex 9.5385 -0.587367 6
      vertex 9.65333 -1.16469 1.2
      vertex 9.65333 -1.16469 6
    endloop
  endfacet
  facet normal -0.751845 -0.65934 0
    outer loop
      vertex 10.818 -3.18198 1.2
      vertex 10.4299 -2.73943 6
      vertex 10.4299 -2.73943 1.2
    endloop
  endfacet
  facet normal -0.751845 -0.65934 0
    outer loop
      vertex 10.4299 -2.73943 6
      vertex 10.818 -3.18198 1.2
      vertex 10.818 -3.18198 6
    endloop
  endfacet
  facet normal -0.195087 -0.980786 0
    outer loop
      vertex 12.8353 -4.34667 1.2
      vertex 13.4126 -4.4615 6
      vertex 12.8353 -4.34667 6
    endloop
  endfacet
  facet normal -0.195087 -0.980786 -0
    outer loop
      vertex 13.4126 -4.4615 6
      vertex 12.8353 -4.34667 1.2
      vertex 13.4126 -4.4615 1.2
    endloop
  endfacet
  facet normal -0.831491 0.555539 0
    outer loop
      vertex 10.1029 2.25 1.2
      vertex 10.4299 2.73943 6
      vertex 10.4299 2.73943 1.2
    endloop
  endfacet
  facet normal -0.831491 0.555539 0
    outer loop
      vertex 10.4299 2.73943 6
      vertex 10.1029 2.25 1.2
      vertex 10.1029 2.25 6
    endloop
  endfacet
  facet normal -0.831468 0.555572 0
    outer loop
      vertex -18.7631 2.75 0
      vertex -18.3634 3.34819 1.2
      vertex -18.3634 3.34819 0
    endloop
  endfacet
  facet normal -0.831468 0.555572 0
    outer loop
      vertex -18.3634 3.34819 1.2
      vertex -18.7631 2.75 0
      vertex -18.7631 2.75 1.2
    endloop
  endfacet
  facet normal 0.946912 0.321494 0
    outer loop
      vertex 19.3126 1.4235 1.2
      vertex 19.0813 2.10476 0
      vertex 19.0813 2.10476 1.2
    endloop
  endfacet
  facet normal 0.946912 0.321494 0
    outer loop
      vertex 19.0813 2.10476 0
      vertex 19.3126 1.4235 1.2
      vertex 19.3126 1.4235 0
    endloop
  endfacet
  facet normal 0.997855 0.0654678 0
    outer loop
      vertex 19.5 0 1.2
      vertex 19.4529 0.717894 0
      vertex 19.4529 0.717894 1.2
    endloop
  endfacet
  facet normal 0.997855 0.0654678 0
    outer loop
      vertex 19.4529 0.717894 0
      vertex 19.5 0 1.2
      vertex 19.5 0 0
    endloop
  endfacet
  facet normal -0.0653981 0.997859 0
    outer loop
      vertex -14 5.5 0
      vertex -14.7179 5.45295 1.2
      vertex -14 5.5 1.2
    endloop
  endfacet
  facet normal -0.0653981 0.997859 0
    outer loop
      vertex -14.7179 5.45295 1.2
      vertex -14 5.5 0
      vertex -14.7179 5.45295 0
    endloop
  endfacet
  facet normal 0.997855 -0.0654678 0
    outer loop
      vertex 19.4529 -0.717894 1.2
      vertex 19.5 0 0
      vertex 19.5 0 1.2
    endloop
  endfacet
  facet normal 0.997855 -0.0654678 0
    outer loop
      vertex 19.5 0 0
      vertex 19.4529 -0.717894 1.2
      vertex 19.4529 -0.717894 0
    endloop
  endfacet
  facet normal -0.555566 -0.831472 0
    outer loop
      vertex -17.3482 -4.36344 0
      vertex -16.75 -4.76314 1.2
      vertex -17.3482 -4.36344 1.2
    endloop
  endfacet
  facet normal -0.555566 -0.831472 -0
    outer loop
      vertex -16.75 -4.76314 1.2
      vertex -17.3482 -4.36344 0
      vertex -16.75 -4.76314 0
    endloop
  endfacet
  facet normal 0.442314 -0.89686 0
    outer loop
      vertex 16.1048 -5.08134 0
      vertex 16.75 -4.76314 1.2
      vertex 16.1048 -5.08134 1.2
    endloop
  endfacet
  facet normal 0.442314 -0.89686 0
    outer loop
      vertex 16.75 -4.76314 1.2
      vertex 16.1048 -5.08134 0
      vertex 16.75 -4.76314 0
    endloop
  endfacet
  facet normal -0.946912 -0.321494 0
    outer loop
      vertex -19.0813 -2.10476 0
      vertex -19.3126 -1.4235 1.2
      vertex -19.3126 -1.4235 0
    endloop
  endfacet
  facet normal -0.946912 -0.321494 0
    outer loop
      vertex -19.3126 -1.4235 1.2
      vertex -19.0813 -2.10476 0
      vertex -19.0813 -2.10476 1.2
    endloop
  endfacet
  facet normal 0.1951 0.980783 -0
    outer loop
      vertex 15.4235 5.31259 0
      vertex 14.7179 5.45295 1.2
      vertex 15.4235 5.31259 1.2
    endloop
  endfacet
  facet normal 0.1951 0.980783 0
    outer loop
      vertex 14.7179 5.45295 1.2
      vertex 15.4235 5.31259 0
      vertex 14.7179 5.45295 0
    endloop
  endfacet
  facet normal -0.555566 0.831472 0
    outer loop
      vertex -16.75 4.76314 0
      vertex -17.3482 4.36344 1.2
      vertex -16.75 4.76314 1.2
    endloop
  endfacet
  facet normal -0.555566 0.831472 0
    outer loop
      vertex -17.3482 4.36344 1.2
      vertex -16.75 4.76314 0
      vertex -17.3482 4.36344 0
    endloop
  endfacet
  facet normal -0.1951 0.980783 0
    outer loop
      vertex -14.7179 5.45295 0
      vertex -15.4235 5.31259 1.2
      vertex -14.7179 5.45295 1.2
    endloop
  endfacet
  facet normal -0.1951 0.980783 0
    outer loop
      vertex -15.4235 5.31259 1.2
      vertex -14.7179 5.45295 0
      vertex -15.4235 5.31259 0
    endloop
  endfacet
  facet normal -0.9808 -0.195018 0
    outer loop
      vertex -19.3126 -1.4235 0
      vertex -19.4529 -0.717894 1.2
      vertex -19.4529 -0.717894 0
    endloop
  endfacet
  facet normal -0.9808 -0.195018 0
    outer loop
      vertex -19.4529 -0.717894 1.2
      vertex -19.3126 -1.4235 0
      vertex -19.3126 -1.4235 1.2
    endloop
  endfacet
  facet normal 0.659341 0.751844 -0
    outer loop
      vertex 17.8891 3.88909 0
      vertex 17.3482 4.36344 1.2
      vertex 17.8891 3.88909 1.2
    endloop
  endfacet
  facet normal 0.659341 0.751844 0
    outer loop
      vertex 17.3482 4.36344 1.2
      vertex 17.8891 3.88909 0
      vertex 17.3482 4.36344 0
    endloop
  endfacet
  facet normal 0.442314 0.89686 -0
    outer loop
      vertex 16.75 4.76314 0
      vertex 16.1048 5.08134 1.2
      vertex 16.75 4.76314 1.2
    endloop
  endfacet
  facet normal 0.442314 0.89686 0
    outer loop
      vertex 16.1048 5.08134 1.2
      vertex 16.75 4.76314 0
      vertex 16.1048 5.08134 0
    endloop
  endfacet
  facet normal -0.659341 -0.751844 0
    outer loop
      vertex -17.8891 -3.88909 0
      vertex -17.3482 -4.36344 1.2
      vertex -17.8891 -3.88909 1.2
    endloop
  endfacet
  facet normal -0.659341 -0.751844 -0
    outer loop
      vertex -17.3482 -4.36344 1.2
      vertex -17.8891 -3.88909 0
      vertex -17.3482 -4.36344 0
    endloop
  endfacet
  facet normal -0.0653981 -0.997859 0
    outer loop
      vertex -14.7179 -5.45295 0
      vertex -14 -5.5 1.2
      vertex -14.7179 -5.45295 1.2
    endloop
  endfacet
  facet normal -0.0653981 -0.997859 -0
    outer loop
      vertex -14 -5.5 1.2
      vertex -14.7179 -5.45295 0
      vertex -14 -5.5 0
    endloop
  endfacet
  facet normal 0.751879 0.659301 0
    outer loop
      vertex 18.3634 3.34819 1.2
      vertex 17.8891 3.88909 0
      vertex 17.8891 3.88909 1.2
    endloop
  endfacet
  facet normal 0.751879 0.659301 0
    outer loop
      vertex 17.8891 3.88909 0
      vertex 18.3634 3.34819 1.2
      vertex 18.3634 3.34819 0
    endloop
  endfacet
  facet normal 0.321414 0.946939 -0
    outer loop
      vertex 16.1048 5.08134 0
      vertex 15.4235 5.31259 1.2
      vertex 16.1048 5.08134 1.2
    endloop
  endfacet
  facet normal 0.321414 0.946939 0
    outer loop
      vertex 15.4235 5.31259 1.2
      vertex 16.1048 5.08134 0
      vertex 15.4235 5.31259 0
    endloop
  endfacet
  facet normal 0.9808 -0.195018 0
    outer loop
      vertex 19.3126 -1.4235 1.2
      vertex 19.4529 -0.717894 0
      vertex 19.4529 -0.717894 1.2
    endloop
  endfacet
  facet normal 0.9808 -0.195018 0
    outer loop
      vertex 19.4529 -0.717894 0
      vertex 19.3126 -1.4235 1.2
      vertex 19.3126 -1.4235 0
    endloop
  endfacet
  facet normal 0.831468 0.555572 0
    outer loop
      vertex 18.7631 2.75 1.2
      vertex 18.3634 3.34819 0
      vertex 18.3634 3.34819 1.2
    endloop
  endfacet
  facet normal 0.831468 0.555572 0
    outer loop
      vertex 18.3634 3.34819 0
      vertex 18.7631 2.75 1.2
      vertex 18.7631 2.75 0
    endloop
  endfacet
  facet normal 0.9808 0.195018 0
    outer loop
      vertex 19.4529 0.717894 1.2
      vertex 19.3126 1.4235 0
      vertex 19.3126 1.4235 1.2
    endloop
  endfacet
  facet normal 0.9808 0.195018 0
    outer loop
      vertex 19.3126 1.4235 0
      vertex 19.4529 0.717894 1.2
      vertex 19.4529 0.717894 0
    endloop
  endfacet
  facet normal 0.0653981 0.997859 -0
    outer loop
      vertex 14.7179 5.45295 0
      vertex 14 5.5 1.2
      vertex 14.7179 5.45295 1.2
    endloop
  endfacet
  facet normal 0.0653981 0.997859 0
    outer loop
      vertex 14 5.5 1.2
      vertex 14.7179 5.45295 0
      vertex 14 5.5 0
    endloop
  endfacet
  facet normal 0.555566 0.831472 -0
    outer loop
      vertex 17.3482 4.36344 0
      vertex 16.75 4.76314 1.2
      vertex 17.3482 4.36344 1.2
    endloop
  endfacet
  facet normal 0.555566 0.831472 0
    outer loop
      vertex 16.75 4.76314 1.2
      vertex 17.3482 4.36344 0
      vertex 16.75 4.76314 0
    endloop
  endfacet
  facet normal 0.1951 -0.980783 0
    outer loop
      vertex 14.7179 -5.45295 0
      vertex 15.4235 -5.31259 1.2
      vertex 14.7179 -5.45295 1.2
    endloop
  endfacet
  facet normal 0.1951 -0.980783 0
    outer loop
      vertex 15.4235 -5.31259 1.2
      vertex 14.7179 -5.45295 0
      vertex 15.4235 -5.31259 0
    endloop
  endfacet
  facet normal 0.896871 0.442292 0
    outer loop
      vertex 19.0813 2.10476 1.2
      vertex 18.7631 2.75 0
      vertex 18.7631 2.75 1.2
    endloop
  endfacet
  facet normal 0.896871 0.442292 0
    outer loop
      vertex 18.7631 2.75 0
      vertex 19.0813 2.10476 1.2
      vertex 19.0813 2.10476 0
    endloop
  endfacet
  facet normal 0.831468 -0.555572 0
    outer loop
      vertex 18.3634 -3.34819 1.2
      vertex 18.7631 -2.75 0
      vertex 18.7631 -2.75 1.2
    endloop
  endfacet
  facet normal 0.831468 -0.555572 0
    outer loop
      vertex 18.7631 -2.75 0
      vertex 18.3634 -3.34819 1.2
      vertex 18.3634 -3.34819 0
    endloop
  endfacet
  facet normal 0.946912 -0.321494 0
    outer loop
      vertex 19.0813 -2.10476 1.2
      vertex 19.3126 -1.4235 0
      vertex 19.3126 -1.4235 1.2
    endloop
  endfacet
  facet normal 0.946912 -0.321494 0
    outer loop
      vertex 19.3126 -1.4235 0
      vertex 19.0813 -2.10476 1.2
      vertex 19.0813 -2.10476 0
    endloop
  endfacet
  facet normal 0.896871 -0.442292 0
    outer loop
      vertex 18.7631 -2.75 1.2
      vertex 19.0813 -2.10476 0
      vertex 19.0813 -2.10476 1.2
    endloop
  endfacet
  facet normal 0.896871 -0.442292 0
    outer loop
      vertex 19.0813 -2.10476 0
      vertex 18.7631 -2.75 1.2
      vertex 18.7631 -2.75 0
    endloop
  endfacet
  facet normal 0 -1 0
    outer loop
      vertex -14 -5.5 0
      vertex 14 -5.5 1.2
      vertex -14 -5.5 1.2
    endloop
  endfacet
  facet normal 0 -1 -0
    outer loop
      vertex 14 -5.5 1.2
      vertex -14 -5.5 0
      vertex 14 -5.5 0
    endloop
  endfacet
  facet normal -0.9808 0.195018 0
    outer loop
      vertex -19.4529 0.717894 0
      vertex -19.3126 1.4235 1.2
      vertex -19.3126 1.4235 0
    endloop
  endfacet
  facet normal -0.9808 0.195018 0
    outer loop
      vertex -19.3126 1.4235 1.2
      vertex -19.4529 0.717894 0
      vertex -19.4529 0.717894 1.2
    endloop
  endfacet
  facet normal -0.751879 -0.659301 0
    outer loop
      vertex -17.8891 -3.88909 0
      vertex -18.3634 -3.34819 1.2
      vertex -18.3634 -3.34819 0
    endloop
  endfacet
  facet normal -0.751879 -0.659301 0
    outer loop
      vertex -18.3634 -3.34819 1.2
      vertex -17.8891 -3.88909 0
      vertex -17.8891 -3.88909 1.2
    endloop
  endfacet
  facet normal -0.442314 -0.89686 0
    outer loop
      vertex -16.75 -4.76314 0
      vertex -16.1048 -5.08134 1.2
      vertex -16.75 -4.76314 1.2
    endloop
  endfacet
  facet normal -0.442314 -0.89686 -0
    outer loop
      vertex -16.1048 -5.08134 1.2
      vertex -16.75 -4.76314 0
      vertex -16.1048 -5.08134 0
    endloop
  endfacet
  facet normal -0.997855 0.0654678 0
    outer loop
      vertex -19.5 0 0
      vertex -19.4529 0.717894 1.2
      vertex -19.4529 0.717894 0
    endloop
  endfacet
  facet normal -0.997855 0.0654678 0
    outer loop
      vertex -19.4529 0.717894 1.2
      vertex -19.5 0 0
      vertex -19.5 0 1.2
    endloop
  endfacet
  facet normal 0 1 -0
    outer loop
      vertex 14 5.5 0
      vertex -14 5.5 1.2
      vertex 14 5.5 1.2
    endloop
  endfacet
  facet normal 0 1 0
    outer loop
      vertex -14 5.5 1.2
      vertex 14 5.5 0
      vertex -14 5.5 0
    endloop
  endfacet
  facet normal 0.0653981 -0.997859 0
    outer loop
      vertex 14 -5.5 0
      vertex 14.7179 -5.45295 1.2
      vertex 14 -5.5 1.2
    endloop
  endfacet
  facet normal 0.0653981 -0.997859 0
    outer loop
      vertex 14.7179 -5.45295 1.2
      vertex 14 -5.5 0
      vertex 14.7179 -5.45295 0
    endloop
  endfacet
  facet normal 0 0 1
    outer loop
      vertex 18.5 0 1.2
      vertex 19.5 0 1.2
      vertex 19.4529 0.717894 1.2
    endloop
  endfacet
  facet normal 0 0 1
    outer loop
      vertex 18.4615 0.587367 1.2
      vertex 19.4529 0.717894 1.2
      vertex 19.3126 1.4235 1.2
    endloop
  endfacet
  facet normal 0 0 1
    outer loop
      vertex 19.5 0 1.2
      vertex 18.5 0 1.2
      vertex 19.4529 -0.717894 1.2
    endloop
  endfacet
  facet normal 0 0 1
    outer loop
      vertex 18.3467 1.16469 1.2
      vertex 19.3126 1.4235 1.2
      vertex 19.0813 2.10476 1.2
    endloop
  endfacet
  facet normal -0 0 1
    outer loop
      vertex 18.4615 -0.587367 1.2
      vertex 19.4529 -0.717894 1.2
      vertex 18.5 0 1.2
    endloop
  endfacet
  facet normal 0 0 1
    outer loop
      vertex 18.1575 1.72207 1.2
      vertex 19.0813 2.10476 1.2
      vertex 18.7631 2.75 1.2
    endloop
  endfacet
  facet normal 0 0 1
    outer loop
      vertex 19.4529 -0.717894 1.2
      vertex 18.4615 -0.587367 1.2
      vertex 19.3126 -1.4235 1.2
    endloop
  endfacet
  facet normal -0 0 1
    outer loop
      vertex 18.3467 -1.16469 1.2
      vertex 19.3126 -1.4235 1.2
      vertex 18.4615 -0.587367 1.2
    endloop
  endfacet
  facet normal 0 0 1
    outer loop
      vertex 19.4529 0.717894 1.2
      vertex 18.4615 0.587367 1.2
      vertex 18.5 0 1.2
    endloop
  endfacet
  facet normal 0 0 1
    outer loop
      vertex 17.8971 2.25 1.2
      vertex 18.7631 2.75 1.2
      vertex 18.3634 3.34819 1.2
    endloop
  endfacet
  facet normal 0 0 1
    outer loop
      vertex 19.3126 1.4235 1.2
      vertex 18.3467 1.16469 1.2
      vertex 18.4615 0.587367 1.2
    endloop
  endfacet
  facet normal 0 0 1
    outer loop
      vertex 19.0813 2.10476 1.2
      vertex 18.1575 1.72207 1.2
      vertex 18.3467 1.16469 1.2
    endloop
  endfacet
  facet normal 0 0 1
    outer loop
      vertex 18.7631 2.75 1.2
      vertex 17.8971 2.25 1.2
      vertex 18.1575 1.72207 1.2
    endloop
  endfacet
  facet normal 0 0 1
    outer loop
      vertex 17.5701 2.73943 1.2
      vertex 18.3634 3.34819 1.2
      vertex 17.8891 3.88909 1.2
    endloop
  endfacet
  facet normal 0 0 1
    outer loop
      vertex 18.3634 3.34819 1.2
      vertex 17.5701 2.73943 1.2
      vertex 17.8971 2.25 1.2
    endloop
  endfacet
  facet normal 0 0 1
    outer loop
      vertex 17.182 3.18198 1.2
      vertex 17.8891 3.88909 1.2
      vertex 17.3482 4.36344 1.2
    endloop
  endfacet
  facet normal 0 0 1
    outer loop
      vertex 17.8891 3.88909 1.2
      vertex 17.182 3.18198 1.2
      vertex 17.5701 2.73943 1.2
    endloop
  endfacet
  facet normal 0 0 1
    outer loop
      vertex 16.7394 3.57009 1.2
      vertex 17.3482 4.36344 1.2
      vertex 16.75 4.76314 1.2
    endloop
  endfacet
  facet normal 0 0 1
    outer loop
      vertex 17.3482 4.36344 1.2
      vertex 16.7394 3.57009 1.2
      vertex 17.182 3.18198 1.2
    endloop
  endfacet
  facet normal 0 0 1
    outer loop
      vertex 16.75 4.76314 1.2
      vertex 16.25 3.89711 1.2
      vertex 16.7394 3.57009 1.2
    endloop
  endfacet
  facet normal 0 0 1
    outer loop
      vertex 16.1048 5.08134 1.2
      vertex 16.25 3.89711 1.2
      vertex 16.75 4.76314 1.2
    endloop
  endfacet
  facet normal 0 0 1
    outer loop
      vertex 16.1048 5.08134 1.2
      vertex 15.7221 4.15746 1.2
      vertex 16.25 3.89711 1.2
    endloop
  endfacet
  facet normal 0 0 1
    outer loop
      vertex 15.4235 5.31259 1.2
      vertex 15.7221 4.15746 1.2
      vertex 16.1048 5.08134 1.2
    endloop
  endfacet
  facet normal 0 0 1
    outer loop
      vertex 15.4235 5.31259 1.2
      vertex 15.1647 4.34667 1.2
      vertex 15.7221 4.15746 1.2
    endloop
  endfacet
  facet normal 0 0 1
    outer loop
      vertex 14.7179 5.45295 1.2
      vertex 15.1647 4.34667 1.2
      vertex 15.4235 5.31259 1.2
    endloop
  endfacet
  facet normal 0 0 1
    outer loop
      vertex 14.7179 5.45295 1.2
      vertex 14.5874 4.4615 1.2
      vertex 15.1647 4.34667 1.2
    endloop
  endfacet
  facet normal 0 0 1
    outer loop
      vertex 14 5.5 1.2
      vertex 14.5874 4.4615 1.2
      vertex 14.7179 5.45295 1.2
    endloop
  endfacet
  facet normal 0 0 1
    outer loop
      vertex 14 5.5 1.2
      vertex 14 4.5 1.2
      vertex 14.5874 4.4615 1.2
    endloop
  endfacet
  facet normal 0 0 1
    outer loop
      vertex 14 5.5 1.2
      vertex 13.4126 4.4615 1.2
      vertex 14 4.5 1.2
    endloop
  endfacet
  facet normal 0 0 1
    outer loop
      vertex 14 5.5 1.2
      vertex 12.8353 4.34667 1.2
      vertex 13.4126 4.4615 1.2
    endloop
  endfacet
  facet normal 0 0 1
    outer loop
      vertex 14 5.5 1.2
      vertex 12.2779 4.15746 1.2
      vertex 12.8353 4.34667 1.2
    endloop
  endfacet
  facet normal 0 0 1
    outer loop
      vertex 14 5.5 1.2
      vertex 11.75 3.89711 1.2
      vertex 12.2779 4.15746 1.2
    endloop
  endfacet
  facet normal 0 0 1
    outer loop
      vertex 2.25 3.89711 1.2
      vertex 11.75 3.89711 1.2
      vertex 14 5.5 1.2
    endloop
  endfacet
  facet normal 0 0 1
    outer loop
      vertex 9.5385 0.587367 1.2
      vertex 4.5 0 1.2
      vertex 9.5 0 1.2
    endloop
  endfacet
  facet normal 0 0 1
    outer loop
      vertex 4.4615 0.587367 1.2
      vertex 9.5385 0.587367 1.2
      vertex 9.65333 1.16469 1.2
    endloop
  endfacet
  facet normal 0 0 1
    outer loop
      vertex 4.34667 1.16469 1.2
      vertex 9.65333 1.16469 1.2
      vertex 9.84254 1.72207 1.2
    endloop
  endfacet
  facet normal 0 0 1
    outer loop
      vertex 4.15746 1.72207 1.2
      vertex 9.84254 1.72207 1.2
      vertex 10.1029 2.25 1.2
    endloop
  endfacet
  facet normal 0 0 1
    outer loop
      vertex 3.89711 2.25 1.2
      vertex 10.1029 2.25 1.2
      vertex 10.4299 2.73943 1.2
    endloop
  endfacet
  facet normal 0 0 1
    outer loop
      vertex 3.57009 2.73943 1.2
      vertex 10.4299 2.73943 1.2
      vertex 10.818 3.18198 1.2
    endloop
  endfacet
  facet normal 0 0 1
    outer loop
      vertex 3.18198 3.18198 1.2
      vertex 10.818 3.18198 1.2
      vertex 11.2606 3.57009 1.2
    endloop
  endfacet
  facet normal 0 0 1
    outer loop
      vertex 11.75 3.89711 1.2
      vertex 2.25 3.89711 1.2
      vertex 11.2606 3.57009 1.2
    endloop
  endfacet
  facet normal 0 0 1
    outer loop
      vertex 9.5385 0.587367 1.2
      vertex 4.4615 0.587367 1.2
      vertex 4.5 0 1.2
    endloop
  endfacet
  facet normal 0 0 1
    outer loop
      vertex 9.65333 1.16469 1.2
      vertex 4.34667 1.16469 1.2
      vertex 4.4615 0.587367 1.2
    endloop
  endfacet
  facet normal 0 0 1
    outer loop
      vertex 9.84254 1.72207 1.2
      vertex 4.15746 1.72207 1.2
      vertex 4.34667 1.16469 1.2
    endloop
  endfacet
  facet normal 0 0 1
    outer loop
      vertex 10.1029 2.25 1.2
      vertex 3.89711 2.25 1.2
      vertex 4.15746 1.72207 1.2
    endloop
  endfacet
  facet normal 0 0 1
    outer loop
      vertex 10.4299 2.73943 1.2
      vertex 3.57009 2.73943 1.2
      vertex 3.89711 2.25 1.2
    endloop
  endfacet
  facet normal 0 0 1
    outer loop
      vertex 10.818 3.18198 1.2
      vertex 3.18198 3.18198 1.2
      vertex 3.57009 2.73943 1.2
    endloop
  endfacet
  facet normal 0 0 1
    outer loop
      vertex 11.2606 3.57009 1.2
      vertex 2.73943 3.57009 1.2
      vertex 3.18198 3.18198 1.2
    endloop
  endfacet
  facet normal 0 0 1
    outer loop
      vertex 11.2606 3.57009 1.2
      vertex 2.25 3.89711 1.2
      vertex 2.73943 3.57009 1.2
    endloop
  endfacet
  facet normal 0 0 1
    outer loop
      vertex 14 5.5 1.2
      vertex 1.72207 4.15746 1.2
      vertex 2.25 3.89711 1.2
    endloop
  endfacet
  facet normal 0 0 1
    outer loop
      vertex 14 5.5 1.2
      vertex 1.16469 4.34667 1.2
      vertex 1.72207 4.15746 1.2
    endloop
  endfacet
  facet normal 0 0 1
    outer loop
      vertex 14 5.5 1.2
      vertex 0.587367 4.4615 1.2
      vertex 1.16469 4.34667 1.2
    endloop
  endfacet
  facet normal 0 0 1
    outer loop
      vertex 14 5.5 1.2
      vertex 0 4.5 1.2
      vertex 0.587367 4.4615 1.2
    endloop
  endfacet
  facet normal -0 0 1
    outer loop
      vertex -14 5.5 1.2
      vertex 0 4.5 1.2
      vertex 14 5.5 1.2
    endloop
  endfacet
  facet normal 0 0 1
    outer loop
      vertex -4.4615 0.587367 1.2
      vertex -9.5 0 1.2
      vertex -4.5 0 1.2
    endloop
  endfacet
  facet normal 0 0 1
    outer loop
      vertex -9.5385 0.587367 1.2
      vertex -4.4615 0.587367 1.2
      vertex -4.34667 1.16469 1.2
    endloop
  endfacet
  facet normal 0 0 1
    outer loop
      vertex -9.65333 1.16469 1.2
      vertex -4.34667 1.16469 1.2
      vertex -4.15746 1.72207 1.2
    endloop
  endfacet
  facet normal 0 0 1
    outer loop
      vertex -9.84254 1.72207 1.2
      vertex -4.15746 1.72207 1.2
      vertex -3.89711 2.25 1.2
    endloop
  endfacet
  facet normal 0 0 1
    outer loop
      vertex -10.1029 2.25 1.2
      vertex -3.89711 2.25 1.2
      vertex -3.57009 2.73943 1.2
    endloop
  endfacet
  facet normal 0 0 1
    outer loop
      vertex -10.4299 2.73943 1.2
      vertex -3.57009 2.73943 1.2
      vertex -3.18198 3.18198 1.2
    endloop
  endfacet
  facet normal 0 0 1
    outer loop
      vertex -10.818 3.18198 1.2
      vertex -3.18198 3.18198 1.2
      vertex -2.73943 3.57009 1.2
    endloop
  endfacet
  facet normal 0 0 1
    outer loop
      vertex -11.2606 3.57009 1.2
      vertex -2.73943 3.57009 1.2
      vertex -2.25 3.89711 1.2
    endloop
  endfacet
  facet normal 0 0 1
    outer loop
      vertex -4.4615 0.587367 1.2
      vertex -9.5385 0.587367 1.2
      vertex -9.5 0 1.2
    endloop
  endfacet
  facet normal 0 0 1
    outer loop
      vertex -14 5.5 1.2
      vertex -2.25 3.89711 1.2
      vertex -1.72207 4.15746 1.2
    endloop
  endfacet
  facet normal 0 0 1
    outer loop
      vertex -4.34667 1.16469 1.2
      vertex -9.65333 1.16469 1.2
      vertex -9.5385 0.587367 1.2
    endloop
  endfacet
  facet normal 0 0 1
    outer loop
      vertex -4.15746 1.72207 1.2
      vertex -9.84254 1.72207 1.2
      vertex -9.65333 1.16469 1.2
    endloop
  endfacet
  facet normal 0 0 1
    outer loop
      vertex -14 5.5 1.2
      vertex -1.72207 4.15746 1.2
      vertex -1.16469 4.34667 1.2
    endloop
  endfacet
  facet normal 0 0 1
    outer loop
      vertex -3.89711 2.25 1.2
      vertex -10.1029 2.25 1.2
      vertex -9.84254 1.72207 1.2
    endloop
  endfacet
  facet normal 0 0 1
    outer loop
      vertex -3.57009 2.73943 1.2
      vertex -10.4299 2.73943 1.2
      vertex -10.1029 2.25 1.2
    endloop
  endfacet
  facet normal 0 0 1
    outer loop
      vertex -14 5.5 1.2
      vertex -1.16469 4.34667 1.2
      vertex -0.587367 4.4615 1.2
    endloop
  endfacet
  facet normal 0 0 1
    outer loop
      vertex -3.18198 3.18198 1.2
      vertex -10.818 3.18198 1.2
      vertex -10.4299 2.73943 1.2
    endloop
  endfacet
  facet normal 0 0 1
    outer loop
      vertex -2.73943 3.57009 1.2
      vertex -11.2606 3.57009 1.2
      vertex -10.818 3.18198 1.2
    endloop
  endfacet
  facet normal 0 0 1
    outer loop
      vertex -2.25 3.89711 1.2
      vertex -11.75 3.89711 1.2
      vertex -11.2606 3.57009 1.2
    endloop
  endfacet
  facet normal 0 0 1
    outer loop
      vertex 0 4.5 1.2
      vertex -14 5.5 1.2
      vertex -0.587367 4.4615 1.2
    endloop
  endfacet
  facet normal 0 0 1
    outer loop
      vertex -2.25 3.89711 1.2
      vertex -14 5.5 1.2
      vertex -11.75 3.89711 1.2
    endloop
  endfacet
  facet normal 0 0 1
    outer loop
      vertex -11.75 3.89711 1.2
      vertex -14 5.5 1.2
      vertex -12.2779 4.15746 1.2
    endloop
  endfacet
  facet normal 0 0 1
    outer loop
      vertex -12.2779 4.15746 1.2
      vertex -14 5.5 1.2
      vertex -12.8353 4.34667 1.2
    endloop
  endfacet
  facet normal 0 0 1
    outer loop
      vertex -12.8353 4.34667 1.2
      vertex -14 5.5 1.2
      vertex -13.4126 4.4615 1.2
    endloop
  endfacet
  facet normal 0 0 1
    outer loop
      vertex -14 5.5 1.2
      vertex -14 4.5 1.2
      vertex -13.4126 4.4615 1.2
    endloop
  endfacet
  facet normal 0 0 1
    outer loop
      vertex -14 5.5 1.2
      vertex -14.5874 4.4615 1.2
      vertex -14 4.5 1.2
    endloop
  endfacet
  facet normal -0 0 1
    outer loop
      vertex -14.7179 5.45295 1.2
      vertex -14.5874 4.4615 1.2
      vertex -14 5.5 1.2
    endloop
  endfacet
  facet normal 0 0 1
    outer loop
      vertex -14.7179 5.45295 1.2
      vertex -15.1647 4.34667 1.2
      vertex -14.5874 4.4615 1.2
    endloop
  endfacet
  facet normal -0 0 1
    outer loop
      vertex -15.4235 5.31259 1.2
      vertex -15.1647 4.34667 1.2
      vertex -14.7179 5.45295 1.2
    endloop
  endfacet
  facet normal 0 0 1
    outer loop
      vertex -15.4235 5.31259 1.2
      vertex -15.7221 4.15746 1.2
      vertex -15.1647 4.34667 1.2
    endloop
  endfacet
  facet normal -0 0 1
    outer loop
      vertex -16.1048 5.08134 1.2
      vertex -15.7221 4.15746 1.2
      vertex -15.4235 5.31259 1.2
    endloop
  endfacet
  facet normal 0 0 1
    outer loop
      vertex -16.1048 5.08134 1.2
      vertex -16.25 3.89711 1.2
      vertex -15.7221 4.15746 1.2
    endloop
  endfacet
  facet normal -0 0 1
    outer loop
      vertex -16.75 4.76314 1.2
      vertex -16.25 3.89711 1.2
      vertex -16.1048 5.08134 1.2
    endloop
  endfacet
  facet normal 0 0 1
    outer loop
      vertex -16.25 3.89711 1.2
      vertex -16.75 4.76314 1.2
      vertex -16.7394 3.57009 1.2
    endloop
  endfacet
  facet normal -0 0 1
    outer loop
      vertex -17.3482 4.36344 1.2
      vertex -16.7394 3.57009 1.2
      vertex -16.75 4.76314 1.2
    endloop
  endfacet
  facet normal 0 0 1
    outer loop
      vertex -16.7394 3.57009 1.2
      vertex -17.3482 4.36344 1.2
      vertex -17.182 3.18198 1.2
    endloop
  endfacet
  facet normal -0 0 1
    outer loop
      vertex -17.8891 3.88909 1.2
      vertex -17.182 3.18198 1.2
      vertex -17.3482 4.36344 1.2
    endloop
  endfacet
  facet normal 0 0 1
    outer loop
      vertex -17.182 3.18198 1.2
      vertex -17.8891 3.88909 1.2
      vertex -17.5701 2.73943 1.2
    endloop
  endfacet
  facet normal -0 0 1
    outer loop
      vertex -18.3634 3.34819 1.2
      vertex -17.5701 2.73943 1.2
      vertex -17.8891 3.88909 1.2
    endloop
  endfacet
  facet normal 0 0 1
    outer loop
      vertex -17.5701 2.73943 1.2
      vertex -18.3634 3.34819 1.2
      vertex -17.8971 2.25 1.2
    endloop
  endfacet
  facet normal -0 0 1
    outer loop
      vertex -18.7631 2.75 1.2
      vertex -17.8971 2.25 1.2
      vertex -18.3634 3.34819 1.2
    endloop
  endfacet
  facet normal 0 0 1
    outer loop
      vertex -17.8971 2.25 1.2
      vertex -18.7631 2.75 1.2
      vertex -18.1575 1.72207 1.2
    endloop
  endfacet
  facet normal -0 0 1
    outer loop
      vertex -19.0813 2.10476 1.2
      vertex -18.1575 1.72207 1.2
      vertex -18.7631 2.75 1.2
    endloop
  endfacet
  facet normal 0 0 1
    outer loop
      vertex -18.1575 1.72207 1.2
      vertex -19.0813 2.10476 1.2
      vertex -18.3467 1.16469 1.2
    endloop
  endfacet
  facet normal -0 0 1
    outer loop
      vertex -19.3126 1.4235 1.2
      vertex -18.3467 1.16469 1.2
      vertex -19.0813 2.10476 1.2
    endloop
  endfacet
  facet normal 0 0 1
    outer loop
      vertex 19.3126 -1.4235 1.2
      vertex 18.3467 -1.16469 1.2
      vertex 19.0813 -2.10476 1.2
    endloop
  endfacet
  facet normal -0 0 1
    outer loop
      vertex 18.1575 -1.72207 1.2
      vertex 19.0813 -2.10476 1.2
      vertex 18.3467 -1.16469 1.2
    endloop
  endfacet
  facet normal 0 0 1
    outer loop
      vertex 19.0813 -2.10476 1.2
      vertex 18.1575 -1.72207 1.2
      vertex 18.7631 -2.75 1.2
    endloop
  endfacet
  facet normal -0 0 1
    outer loop
      vertex 17.8971 -2.25 1.2
      vertex 18.7631 -2.75 1.2
      vertex 18.1575 -1.72207 1.2
    endloop
  endfacet
  facet normal 0 0 1
    outer loop
      vertex 18.7631 -2.75 1.2
      vertex 17.8971 -2.25 1.2
      vertex 18.3634 -3.34819 1.2
    endloop
  endfacet
  facet normal -0 0 1
    outer loop
      vertex 17.5701 -2.73943 1.2
      vertex 18.3634 -3.34819 1.2
      vertex 17.8971 -2.25 1.2
    endloop
  endfacet
  facet normal 0 0 1
    outer loop
      vertex 18.3634 -3.34819 1.2
      vertex 17.5701 -2.73943 1.2
      vertex 17.8891 -3.88909 1.2
    endloop
  endfacet
  facet normal -0 0 1
    outer loop
      vertex 17.182 -3.18198 1.2
      vertex 17.8891 -3.88909 1.2
      vertex 17.5701 -2.73943 1.2
    endloop
  endfacet
  facet normal 0 0 1
    outer loop
      vertex 17.8891 -3.88909 1.2
      vertex 17.182 -3.18198 1.2
      vertex 17.3482 -4.36344 1.2
    endloop
  endfacet
  facet normal -0 0 1
    outer loop
      vertex 16.7394 -3.57009 1.2
      vertex 17.3482 -4.36344 1.2
      vertex 17.182 -3.18198 1.2
    endloop
  endfacet
  facet normal 0 0 1
    outer loop
      vertex 17.3482 -4.36344 1.2
      vertex 16.7394 -3.57009 1.2
      vertex 16.75 -4.76314 1.2
    endloop
  endfacet
  facet normal -0 0 1
    outer loop
      vertex 16.25 -3.89711 1.2
      vertex 16.75 -4.76314 1.2
      vertex 16.7394 -3.57009 1.2
    endloop
  endfacet
  facet normal 0 0 1
    outer loop
      vertex 16.25 -3.89711 1.2
      vertex 16.1048 -5.08134 1.2
      vertex 16.75 -4.76314 1.2
    endloop
  endfacet
  facet normal -0 0 1
    outer loop
      vertex 15.7221 -4.15746 1.2
      vertex 16.1048 -5.08134 1.2
      vertex 16.25 -3.89711 1.2
    endloop
  endfacet
  facet normal 0 0 1
    outer loop
      vertex 15.7221 -4.15746 1.2
      vertex 15.4235 -5.31259 1.2
      vertex 16.1048 -5.08134 1.2
    endloop
  endfacet
  facet normal -0 0 1
    outer loop
      vertex 15.1647 -4.34667 1.2
      vertex 15.4235 -5.31259 1.2
      vertex 15.7221 -4.15746 1.2
    endloop
  endfacet
  facet normal 0 0 1
    outer loop
      vertex 15.1647 -4.34667 1.2
      vertex 14.7179 -5.45295 1.2
      vertex 15.4235 -5.31259 1.2
    endloop
  endfacet
  facet normal -0 0 1
    outer loop
      vertex 14.5874 -4.4615 1.2
      vertex 14.7179 -5.45295 1.2
      vertex 15.1647 -4.34667 1.2
    endloop
  endfacet
  facet normal -0 0 1
    outer loop
      vertex 14 -4.5 1.2
      vertex 14.7179 -5.45295 1.2
      vertex 14.5874 -4.4615 1.2
    endloop
  endfacet
  facet normal 0 0 1
    outer loop
      vertex 14 -4.5 1.2
      vertex 14 -5.5 1.2
      vertex 14.7179 -5.45295 1.2
    endloop
  endfacet
  facet normal 0 0 1
    outer loop
      vertex 13.4126 -4.4615 1.2
      vertex 14 -5.5 1.2
      vertex 14 -4.5 1.2
    endloop
  endfacet
  facet normal 0 0 1
    outer loop
      vertex 12.8353 -4.34667 1.2
      vertex 14 -5.5 1.2
      vertex 13.4126 -4.4615 1.2
    endloop
  endfacet
  facet normal 0 0 1
    outer loop
      vertex 12.2779 -4.15746 1.2
      vertex 14 -5.5 1.2
      vertex 12.8353 -4.34667 1.2
    endloop
  endfacet
  facet normal 0 0 1
    outer loop
      vertex 11.75 -3.89711 1.2
      vertex 14 -5.5 1.2
      vertex 12.2779 -4.15746 1.2
    endloop
  endfacet
  facet normal 0 0 1
    outer loop
      vertex 2.25 -3.89711 1.2
      vertex 11.75 -3.89711 1.2
      vertex 11.2606 -3.57009 1.2
    endloop
  endfacet
  facet normal -0 0 1
    outer loop
      vertex 4.5 0 1.2
      vertex 9.5385 -0.587367 1.2
      vertex 9.5 0 1.2
    endloop
  endfacet
  facet normal 0 0 1
    outer loop
      vertex 4.4615 -0.587367 1.2
      vertex 9.5385 -0.587367 1.2
      vertex 4.5 0 1.2
    endloop
  endfacet
  facet normal 0 0 1
    outer loop
      vertex 9.5385 -0.587367 1.2
      vertex 4.4615 -0.587367 1.2
      vertex 9.65333 -1.16469 1.2
    endloop
  endfacet
  facet normal 0 0 1
    outer loop
      vertex 4.34667 -1.16469 1.2
      vertex 9.65333 -1.16469 1.2
      vertex 4.4615 -0.587367 1.2
    endloop
  endfacet
  facet normal 0 0 1
    outer loop
      vertex 9.65333 -1.16469 1.2
      vertex 4.34667 -1.16469 1.2
      vertex 9.84254 -1.72207 1.2
    endloop
  endfacet
  facet normal 0 0 1
    outer loop
      vertex 4.15746 -1.72207 1.2
      vertex 9.84254 -1.72207 1.2
      vertex 4.34667 -1.16469 1.2
    endloop
  endfacet
  facet normal 0 0 1
    outer loop
      vertex 9.84254 -1.72207 1.2
      vertex 4.15746 -1.72207 1.2
      vertex 10.1029 -2.25 1.2
    endloop
  endfacet
  facet normal 0 0 1
    outer loop
      vertex 3.89711 -2.25 1.2
      vertex 10.1029 -2.25 1.2
      vertex 4.15746 -1.72207 1.2
    endloop
  endfacet
  facet normal 0 0 1
    outer loop
      vertex 10.1029 -2.25 1.2
      vertex 3.89711 -2.25 1.2
      vertex 10.4299 -2.73943 1.2
    endloop
  endfacet
  facet normal 0 0 1
    outer loop
      vertex 3.57009 -2.73943 1.2
      vertex 10.4299 -2.73943 1.2
      vertex 3.89711 -2.25 1.2
    endloop
  endfacet
  facet normal 0 0 1
    outer loop
      vertex 10.4299 -2.73943 1.2
      vertex 3.57009 -2.73943 1.2
      vertex 10.818 -3.18198 1.2
    endloop
  endfacet
  facet normal 0 0 1
    outer loop
      vertex 3.18198 -3.18198 1.2
      vertex 10.818 -3.18198 1.2
      vertex 3.57009 -2.73943 1.2
    endloop
  endfacet
  facet normal 0 0 1
    outer loop
      vertex 10.818 -3.18198 1.2
      vertex 3.18198 -3.18198 1.2
      vertex 11.2606 -3.57009 1.2
    endloop
  endfacet
  facet normal 0 0 1
    outer loop
      vertex 2.73943 -3.57009 1.2
      vertex 11.2606 -3.57009 1.2
      vertex 3.18198 -3.18198 1.2
    endloop
  endfacet
  facet normal 0 0 1
    outer loop
      vertex 2.25 -3.89711 1.2
      vertex 11.2606 -3.57009 1.2
      vertex 2.73943 -3.57009 1.2
    endloop
  endfacet
  facet normal 0 0 1
    outer loop
      vertex 11.75 -3.89711 1.2
      vertex 2.25 -3.89711 1.2
      vertex 14 -5.5 1.2
    endloop
  endfacet
  facet normal -0 0 1
    outer loop
      vertex 1.72207 -4.15746 1.2
      vertex 14 -5.5 1.2
      vertex 2.25 -3.89711 1.2
    endloop
  endfacet
  facet normal -0 0 1
    outer loop
      vertex 1.16469 -4.34667 1.2
      vertex 14 -5.5 1.2
      vertex 1.72207 -4.15746 1.2
    endloop
  endfacet
  facet normal -0 0 1
    outer loop
      vertex 0.587367 -4.4615 1.2
      vertex 14 -5.5 1.2
      vertex 1.16469 -4.34667 1.2
    endloop
  endfacet
  facet normal -0 0 1
    outer loop
      vertex 0 -4.5 1.2
      vertex 14 -5.5 1.2
      vertex 0.587367 -4.4615 1.2
    endloop
  endfacet
  facet normal 0 0 1
    outer loop
      vertex -14 -5.5 1.2
      vertex 0 -4.5 1.2
      vertex -0.587367 -4.4615 1.2
    endloop
  endfacet
  facet normal -0 0 1
    outer loop
      vertex -9.5 0 1.2
      vertex -4.4615 -0.587367 1.2
      vertex -4.5 0 1.2
    endloop
  endfacet
  facet normal 0 0 1
    outer loop
      vertex -9.5385 -0.587367 1.2
      vertex -4.4615 -0.587367 1.2
      vertex -9.5 0 1.2
    endloop
  endfacet
  facet normal 0 0 1
    outer loop
      vertex -4.4615 -0.587367 1.2
      vertex -9.5385 -0.587367 1.2
      vertex -4.34667 -1.16469 1.2
    endloop
  endfacet
  facet normal 0 0 1
    outer loop
      vertex -9.65333 -1.16469 1.2
      vertex -4.34667 -1.16469 1.2
      vertex -9.5385 -0.587367 1.2
    endloop
  endfacet
  facet normal 0 0 1
    outer loop
      vertex -4.34667 -1.16469 1.2
      vertex -9.65333 -1.16469 1.2
      vertex -4.15746 -1.72207 1.2
    endloop
  endfacet
  facet normal 0 0 1
    outer loop
      vertex -9.84254 -1.72207 1.2
      vertex -4.15746 -1.72207 1.2
      vertex -9.65333 -1.16469 1.2
    endloop
  endfacet
  facet normal 0 0 1
    outer loop
      vertex -4.15746 -1.72207 1.2
      vertex -9.84254 -1.72207 1.2
      vertex -3.89711 -2.25 1.2
    endloop
  endfacet
  facet normal 0 0 1
    outer loop
      vertex -10.1029 -2.25 1.2
      vertex -3.89711 -2.25 1.2
      vertex -9.84254 -1.72207 1.2
    endloop
  endfacet
  facet normal 0 0 1
    outer loop
      vertex -3.89711 -2.25 1.2
      vertex -10.1029 -2.25 1.2
      vertex -3.57009 -2.73943 1.2
    endloop
  endfacet
  facet normal 0 0 1
    outer loop
      vertex -10.4299 -2.73943 1.2
      vertex -3.57009 -2.73943 1.2
      vertex -10.1029 -2.25 1.2
    endloop
  endfacet
  facet normal 0 0 1
    outer loop
      vertex -3.57009 -2.73943 1.2
      vertex -10.4299 -2.73943 1.2
      vertex -3.18198 -3.18198 1.2
    endloop
  endfacet
  facet normal 0 0 1
    outer loop
      vertex -10.818 -3.18198 1.2
      vertex -3.18198 -3.18198 1.2
      vertex -10.4299 -2.73943 1.2
    endloop
  endfacet
  facet normal 0 0 1
    outer loop
      vertex -3.18198 -3.18198 1.2
      vertex -10.818 -3.18198 1.2
      vertex -2.73943 -3.57009 1.2
    endloop
  endfacet
  facet normal 0 0 1
    outer loop
      vertex -11.2606 -3.57009 1.2
      vertex -2.73943 -3.57009 1.2
      vertex -10.818 -3.18198 1.2
    endloop
  endfacet
  facet normal 0 0 1
    outer loop
      vertex -2.73943 -3.57009 1.2
      vertex -11.2606 -3.57009 1.2
      vertex -2.25 -3.89711 1.2
    endloop
  endfacet
  facet normal 0 0 1
    outer loop
      vertex -11.75 -3.89711 1.2
      vertex -2.25 -3.89711 1.2
      vertex -11.2606 -3.57009 1.2
    endloop
  endfacet
  facet normal 0 0 1
    outer loop
      vertex -14 -5.5 1.2
      vertex -2.25 -3.89711 1.2
      vertex -11.75 -3.89711 1.2
    endloop
  endfacet
  facet normal 0 0 1
    outer loop
      vertex -2.25 -3.89711 1.2
      vertex -14 -5.5 1.2
      vertex -1.72207 -4.15746 1.2
    endloop
  endfacet
  facet normal 0 0 1
    outer loop
      vertex -1.72207 -4.15746 1.2
      vertex -14 -5.5 1.2
      vertex -1.16469 -4.34667 1.2
    endloop
  endfacet
  facet normal 0 0 1
    outer loop
      vertex -1.16469 -4.34667 1.2
      vertex -14 -5.5 1.2
      vertex -0.587367 -4.4615 1.2
    endloop
  endfacet
  facet normal 0 0 1
    outer loop
      vertex -14 -5.5 1.2
      vertex -11.75 -3.89711 1.2
      vertex -12.2779 -4.15746 1.2
    endloop
  endfacet
  facet normal 0 0 1
    outer loop
      vertex -14 -5.5 1.2
      vertex -12.2779 -4.15746 1.2
      vertex -12.8353 -4.34667 1.2
    endloop
  endfacet
  facet normal 0 0 1
    outer loop
      vertex -14 -5.5 1.2
      vertex -12.8353 -4.34667 1.2
      vertex -13.4126 -4.4615 1.2
    endloop
  endfacet
  facet normal 0 0 1
    outer loop
      vertex -14 -5.5 1.2
      vertex -13.4126 -4.4615 1.2
      vertex -14 -4.5 1.2
    endloop
  endfacet
  facet normal 0 0 1
    outer loop
      vertex 0 -4.5 1.2
      vertex -14 -5.5 1.2
      vertex 14 -5.5 1.2
    endloop
  endfacet
  facet normal 0 0 1
    outer loop
      vertex -14.5874 -4.4615 1.2
      vertex -14 -5.5 1.2
      vertex -14 -4.5 1.2
    endloop
  endfacet
  facet normal 0 0 1
    outer loop
      vertex -14.5874 -4.4615 1.2
      vertex -14.7179 -5.45295 1.2
      vertex -14 -5.5 1.2
    endloop
  endfacet
  facet normal 0 0 1
    outer loop
      vertex -15.1647 -4.34667 1.2
      vertex -14.7179 -5.45295 1.2
      vertex -14.5874 -4.4615 1.2
    endloop
  endfacet
  facet normal 0 0 1
    outer loop
      vertex -15.1647 -4.34667 1.2
      vertex -15.4235 -5.31259 1.2
      vertex -14.7179 -5.45295 1.2
    endloop
  endfacet
  facet normal 0 0 1
    outer loop
      vertex -15.7221 -4.15746 1.2
      vertex -15.4235 -5.31259 1.2
      vertex -15.1647 -4.34667 1.2
    endloop
  endfacet
  facet normal 0 0 1
    outer loop
      vertex -15.7221 -4.15746 1.2
      vertex -16.1048 -5.08134 1.2
      vertex -15.4235 -5.31259 1.2
    endloop
  endfacet
  facet normal 0 0 1
    outer loop
      vertex -16.25 -3.89711 1.2
      vertex -16.1048 -5.08134 1.2
      vertex -15.7221 -4.15746 1.2
    endloop
  endfacet
  facet normal 0 0 1
    outer loop
      vertex -16.75 -4.76314 1.2
      vertex -16.25 -3.89711 1.2
      vertex -16.7394 -3.57009 1.2
    endloop
  endfacet
  facet normal 0 0 1
    outer loop
      vertex -16.25 -3.89711 1.2
      vertex -16.75 -4.76314 1.2
      vertex -16.1048 -5.08134 1.2
    endloop
  endfacet
  facet normal 0 0 1
    outer loop
      vertex -17.3482 -4.36344 1.2
      vertex -16.7394 -3.57009 1.2
      vertex -17.182 -3.18198 1.2
    endloop
  endfacet
  facet normal 0 0 1
    outer loop
      vertex -16.7394 -3.57009 1.2
      vertex -17.3482 -4.36344 1.2
      vertex -16.75 -4.76314 1.2
    endloop
  endfacet
  facet normal 0 0 1
    outer loop
      vertex -17.8891 -3.88909 1.2
      vertex -17.182 -3.18198 1.2
      vertex -17.5701 -2.73943 1.2
    endloop
  endfacet
  facet normal 0 0 1
    outer loop
      vertex -17.182 -3.18198 1.2
      vertex -17.8891 -3.88909 1.2
      vertex -17.3482 -4.36344 1.2
    endloop
  endfacet
  facet normal 0 0 1
    outer loop
      vertex -18.3634 -3.34819 1.2
      vertex -17.5701 -2.73943 1.2
      vertex -17.8971 -2.25 1.2
    endloop
  endfacet
  facet normal 0 0 1
    outer loop
      vertex -18.7631 -2.75 1.2
      vertex -17.8971 -2.25 1.2
      vertex -18.1575 -1.72207 1.2
    endloop
  endfacet
  facet normal 0 0 1
    outer loop
      vertex -19.0813 -2.10476 1.2
      vertex -18.1575 -1.72207 1.2
      vertex -18.3467 -1.16469 1.2
    endloop
  endfacet
  facet normal 0 0 1
    outer loop
      vertex -17.5701 -2.73943 1.2
      vertex -18.3634 -3.34819 1.2
      vertex -17.8891 -3.88909 1.2
    endloop
  endfacet
  facet normal 0 0 1
    outer loop
      vertex -19.3126 -1.4235 1.2
      vertex -18.3467 -1.16469 1.2
      vertex -18.4615 -0.587367 1.2
    endloop
  endfacet
  facet normal 0 0 1
    outer loop
      vertex -19.4529 -0.717894 1.2
      vertex -18.4615 -0.587367 1.2
      vertex -18.5 0 1.2
    endloop
  endfacet
  facet normal 0 0 1
    outer loop
      vertex -18.3467 1.16469 1.2
      vertex -19.3126 1.4235 1.2
      vertex -18.4615 0.587367 1.2
    endloop
  endfacet
  facet normal 0 0 1
    outer loop
      vertex -17.8971 -2.25 1.2
      vertex -18.7631 -2.75 1.2
      vertex -18.3634 -3.34819 1.2
    endloop
  endfacet
  facet normal -0 0 1
    outer loop
      vertex -19.4529 0.717894 1.2
      vertex -18.4615 0.587367 1.2
      vertex -19.3126 1.4235 1.2
    endloop
  endfacet
  facet normal 0 0 1
    outer loop
      vertex -18.1575 -1.72207 1.2
      vertex -19.0813 -2.10476 1.2
      vertex -18.7631 -2.75 1.2
    endloop
  endfacet
  facet normal 0 0 1
    outer loop
      vertex -18.4615 0.587367 1.2
      vertex -19.4529 0.717894 1.2
      vertex -18.5 0 1.2
    endloop
  endfacet
  facet normal 0 0 1
    outer loop
      vertex -18.3467 -1.16469 1.2
      vertex -19.3126 -1.4235 1.2
      vertex -19.0813 -2.10476 1.2
    endloop
  endfacet
  facet normal 0 0 1
    outer loop
      vertex -19.5 0 1.2
      vertex -18.5 0 1.2
      vertex -19.4529 0.717894 1.2
    endloop
  endfacet
  facet normal 0 0 1
    outer loop
      vertex -18.4615 -0.587367 1.2
      vertex -19.4529 -0.717894 1.2
      vertex -19.3126 -1.4235 1.2
    endloop
  endfacet
  facet normal 0 0 1
    outer loop
      vertex -18.5 0 1.2
      vertex -19.5 0 1.2
      vertex -19.4529 -0.717894 1.2
    endloop
  endfacet
  facet normal -0 0 1
    outer loop
      vertex -2.115 0.674999 1.2
      vertex -0.674999 -0.674999 1.2
      vertex -0.674999 0.674999 1.2
    endloop
  endfacet
  facet normal 0 0 1
    outer loop
      vertex -0.674999 -0.674999 1.2
      vertex -2.115 0.674999 1.2
      vertex -2.115 -0.674999 1.2
    endloop
  endfacet
  facet normal 0 0 1
    outer loop
      vertex -0.674999 0.674999 1.2
      vertex 0.674999 0.674999 1.2
      vertex 0.674999 2.115 1.2
    endloop
  endfacet
  facet normal 0 0 1
    outer loop
      vertex 0.674999 0.674999 1.2
      vertex -0.674999 0.674999 1.2
      vertex 0.674999 -0.674999 1.2
    endloop
  endfacet
  facet normal 0 0 1
    outer loop
      vertex -0.674999 0.674999 1.2
      vertex 0.674999 2.115 1.2
      vertex -0.674999 2.115 1.2
    endloop
  endfacet
  facet normal 0 0 1
    outer loop
      vertex -0.674999 -0.674999 1.2
      vertex 0.674999 -0.674999 1.2
      vertex -0.674999 0.674999 1.2
    endloop
  endfacet
  facet normal 0 0 1
    outer loop
      vertex 0.674999 -0.674999 1.2
      vertex -0.674999 -0.674999 1.2
      vertex 0.674999 -2.115 1.2
    endloop
  endfacet
  facet normal 0 0 1
    outer loop
      vertex 0.674999 -2.115 1.2
      vertex -0.674999 -0.674999 1.2
      vertex -0.674999 -2.115 1.2
    endloop
  endfacet
  facet normal -0 0 1
    outer loop
      vertex 0.674999 0.674999 1.2
      vertex 2.115 -0.674999 1.2
      vertex 2.115 0.674999 1.2
    endloop
  endfacet
  facet normal 0 0 1
    outer loop
      vertex 2.115 -0.674999 1.2
      vertex 0.674999 0.674999 1.2
      vertex 0.674999 -0.674999 1.2
    endloop
  endfacet
  facet normal -0 0 1
    outer loop
      vertex -16.065 0.625 1.2
      vertex -14.625 -0.625 1.2
      vertex -14.625 0.625 1.2
    endloop
  endfacet
  facet normal 0 0 1
    outer loop
      vertex -14.625 -0.625 1.2
      vertex -16.065 0.625 1.2
      vertex -16.065 -0.625 1.2
    endloop
  endfacet
  facet normal 0 0 1
    outer loop
      vertex -14.625 0.625 1.2
      vertex -13.375 0.625 1.2
      vertex -13.375 2.065 1.2
    endloop
  endfacet
  facet normal 0 0 1
    outer loop
      vertex -13.375 0.625 1.2
      vertex -14.625 0.625 1.2
      vertex -13.375 -0.625 1.2
    endloop
  endfacet
  facet normal 0 0 1
    outer loop
      vertex -14.625 0.625 1.2
      vertex -13.375 2.065 1.2
      vertex -14.625 2.065 1.2
    endloop
  endfacet
  facet normal 0 0 1
    outer loop
      vertex -14.625 -0.625 1.2
      vertex -13.375 -0.625 1.2
      vertex -14.625 0.625 1.2
    endloop
  endfacet
  facet normal 0 0 1
    outer loop
      vertex -13.375 -0.625 1.2
      vertex -14.625 -0.625 1.2
      vertex -13.375 -2.065 1.2
    endloop
  endfacet
  facet normal 0 0 1
    outer loop
      vertex -13.375 -2.065 1.2
      vertex -14.625 -0.625 1.2
      vertex -14.625 -2.065 1.2
    endloop
  endfacet
  facet normal -0 0 1
    outer loop
      vertex -13.375 0.625 1.2
      vertex -11.935 -0.625 1.2
      vertex -11.935 0.625 1.2
    endloop
  endfacet
  facet normal 0 0 1
    outer loop
      vertex -11.935 -0.625 1.2
      vertex -13.375 0.625 1.2
      vertex -13.375 -0.625 1.2
    endloop
  endfacet
  facet normal -0 0 1
    outer loop
      vertex 11.835 0.724999 1.2
      vertex 13.275 -0.724999 1.2
      vertex 13.275 0.724999 1.2
    endloop
  endfacet
  facet normal 0 0 1
    outer loop
      vertex 13.275 -0.724999 1.2
      vertex 11.835 0.724999 1.2
      vertex 11.835 -0.724999 1.2
    endloop
  endfacet
  facet normal 0 0 1
    outer loop
      vertex 13.275 0.724999 1.2
      vertex 14.725 0.724999 1.2
      vertex 14.725 2.165 1.2
    endloop
  endfacet
  facet normal 0 0 1
    outer loop
      vertex 14.725 0.724999 1.2
      vertex 13.275 0.724999 1.2
      vertex 14.725 -0.724999 1.2
    endloop
  endfacet
  facet normal 0 0 1
    outer loop
      vertex 13.275 0.724999 1.2
      vertex 14.725 2.165 1.2
      vertex 13.275 2.165 1.2
    endloop
  endfacet
  facet normal 0 0 1
    outer loop
      vertex 13.275 -0.724999 1.2
      vertex 14.725 -0.724999 1.2
      vertex 13.275 0.724999 1.2
    endloop
  endfacet
  facet normal 0 0 1
    outer loop
      vertex 14.725 -0.724999 1.2
      vertex 13.275 -0.724999 1.2
      vertex 14.725 -2.165 1.2
    endloop
  endfacet
  facet normal 0 0 1
    outer loop
      vertex 14.725 -2.165 1.2
      vertex 13.275 -0.724999 1.2
      vertex 13.275 -2.165 1.2
    endloop
  endfacet
  facet normal -0 0 1
    outer loop
      vertex 14.725 0.724999 1.2
      vertex 16.165 -0.724999 1.2
      vertex 16.165 0.724999 1.2
    endloop
  endfacet
  facet normal 0 0 1
    outer loop
      vertex 16.165 -0.724999 1.2
      vertex 14.725 0.724999 1.2
      vertex 14.725 -0.724999 1.2
    endloop
  endfacet
  facet normal -0.997855 -0.0654678 0
    outer loop
      vertex -19.4529 -0.717894 0
      vertex -19.5 0 1.2
      vertex -19.5 0 0
    endloop
  endfacet
  facet normal -0.997855 -0.0654678 0
    outer loop
      vertex -19.5 0 1.2
      vertex -19.4529 -0.717894 0
      vertex -19.4529 -0.717894 1.2
    endloop
  endfacet
  facet normal -0.659341 0.751844 0
    outer loop
      vertex -17.3482 4.36344 0
      vertex -17.8891 3.88909 1.2
      vertex -17.3482 4.36344 1.2
    endloop
  endfacet
  facet normal -0.659341 0.751844 0
    outer loop
      vertex -17.8891 3.88909 1.2
      vertex -17.3482 4.36344 0
      vertex -17.8891 3.88909 0
    endloop
  endfacet
  facet normal -0.751879 0.659301 0
    outer loop
      vertex -18.3634 3.34819 0
      vertex -17.8891 3.88909 1.2
      vertex -17.8891 3.88909 0
    endloop
  endfacet
  facet normal -0.751879 0.659301 0
    outer loop
      vertex -17.8891 3.88909 1.2
      vertex -18.3634 3.34819 0
      vertex -18.3634 3.34819 1.2
    endloop
  endfacet
  facet normal -0.321414 -0.946939 0
    outer loop
      vertex -16.1048 -5.08134 0
      vertex -15.4235 -5.31259 1.2
      vertex -16.1048 -5.08134 1.2
    endloop
  endfacet
  facet normal -0.321414 -0.946939 -0
    outer loop
      vertex -15.4235 -5.31259 1.2
      vertex -16.1048 -5.08134 0
      vertex -15.4235 -5.31259 0
    endloop
  endfacet
  facet normal 0.751879 -0.659301 0
    outer loop
      vertex 17.8891 -3.88909 1.2
      vertex 18.3634 -3.34819 0
      vertex 18.3634 -3.34819 1.2
    endloop
  endfacet
  facet normal 0.751879 -0.659301 0
    outer loop
      vertex 18.3634 -3.34819 0
      vertex 17.8891 -3.88909 1.2
      vertex 17.8891 -3.88909 0
    endloop
  endfacet
  facet normal -0.896871 0.442292 0
    outer loop
      vertex -19.0813 2.10476 0
      vertex -18.7631 2.75 1.2
      vertex -18.7631 2.75 0
    endloop
  endfacet
  facet normal -0.896871 0.442292 0
    outer loop
      vertex -18.7631 2.75 1.2
      vertex -19.0813 2.10476 0
      vertex -19.0813 2.10476 1.2
    endloop
  endfacet
  facet normal 0.659341 -0.751844 0
    outer loop
      vertex 17.3482 -4.36344 0
      vertex 17.8891 -3.88909 1.2
      vertex 17.3482 -4.36344 1.2
    endloop
  endfacet
  facet normal 0.659341 -0.751844 0
    outer loop
      vertex 17.8891 -3.88909 1.2
      vertex 17.3482 -4.36344 0
      vertex 17.8891 -3.88909 0
    endloop
  endfacet
  facet normal 0.555566 -0.831472 0
    outer loop
      vertex 16.75 -4.76314 0
      vertex 17.3482 -4.36344 1.2
      vertex 16.75 -4.76314 1.2
    endloop
  endfacet
  facet normal 0.555566 -0.831472 0
    outer loop
      vertex 17.3482 -4.36344 1.2
      vertex 16.75 -4.76314 0
      vertex 17.3482 -4.36344 0
    endloop
  endfacet
  facet normal 0.321414 -0.946939 0
    outer loop
      vertex 15.4235 -5.31259 0
      vertex 16.1048 -5.08134 1.2
      vertex 15.4235 -5.31259 1.2
    endloop
  endfacet
  facet normal 0.321414 -0.946939 0
    outer loop
      vertex 16.1048 -5.08134 1.2
      vertex 15.4235 -5.31259 0
      vertex 16.1048 -5.08134 0
    endloop
  endfacet
  facet normal -0.1951 -0.980783 0
    outer loop
      vertex -15.4235 -5.31259 0
      vertex -14.7179 -5.45295 1.2
      vertex -15.4235 -5.31259 1.2
    endloop
  endfacet
  facet normal -0.1951 -0.980783 -0
    outer loop
      vertex -14.7179 -5.45295 1.2
      vertex -15.4235 -5.31259 0
      vertex -14.7179 -5.45295 0
    endloop
  endfacet
  facet normal -0.896871 -0.442292 0
    outer loop
      vertex -18.7631 -2.75 0
      vertex -19.0813 -2.10476 1.2
      vertex -19.0813 -2.10476 0
    endloop
  endfacet
  facet normal -0.896871 -0.442292 0
    outer loop
      vertex -19.0813 -2.10476 1.2
      vertex -18.7631 -2.75 0
      vertex -18.7631 -2.75 1.2
    endloop
  endfacet
  facet normal -0.321414 0.946939 0
    outer loop
      vertex -15.4235 5.31259 0
      vertex -16.1048 5.08134 1.2
      vertex -15.4235 5.31259 1.2
    endloop
  endfacet
  facet normal -0.321414 0.946939 0
    outer loop
      vertex -16.1048 5.08134 1.2
      vertex -15.4235 5.31259 0
      vertex -16.1048 5.08134 0
    endloop
  endfacet
  facet normal -0.442314 0.89686 0
    outer loop
      vertex -16.1048 5.08134 0
      vertex -16.75 4.76314 1.2
      vertex -16.1048 5.08134 1.2
    endloop
  endfacet
  facet normal -0.442314 0.89686 0
    outer loop
      vertex -16.75 4.76314 1.2
      vertex -16.1048 5.08134 0
      vertex -16.75 4.76314 0
    endloop
  endfacet
  facet normal -0.946912 0.321494 0
    outer loop
      vertex -19.3126 1.4235 0
      vertex -19.0813 2.10476 1.2
      vertex -19.0813 2.10476 0
    endloop
  endfacet
  facet normal -0.946912 0.321494 0
    outer loop
      vertex -19.0813 2.10476 1.2
      vertex -19.3126 1.4235 0
      vertex -19.3126 1.4235 1.2
    endloop
  endfacet
  facet normal -0.831468 -0.555572 0
    outer loop
      vertex -18.3634 -3.34819 0
      vertex -18.7631 -2.75 1.2
      vertex -18.7631 -2.75 0
    endloop
  endfacet
  facet normal -0.831468 -0.555572 0
    outer loop
      vertex -18.7631 -2.75 1.2
      vertex -18.3634 -3.34819 0
      vertex -18.3634 -3.34819 1.2
    endloop
  endfacet
endsolid OpenSCAD_Model
