solid OpenSCAD_Model
  facet normal 0.221743 -0.885056 0.409275
    outer loop
      vertex 7.46446 -8.5311 0.4
      vertex 4.68056 -4.97112 9.60676
      vertex 7.31215 -8.56926 0.4
    endloop
  endfacet
  facet normal -0.146717 0.972885 0.178798
    outer loop
      vertex -4.56465 7.12528 10.5116
      vertex -7.31215 8.56926 0.4
      vertex -4.73402 7.09507 10.537
    endloop
  endfacet
  facet normal 0 -1 0
    outer loop
      vertex -7 -8.60001 0
      vertex 7 -8.60001 0.4
      vertex -7 -8.60001 0.4
    endloop
  endfacet
  facet normal 0 -1 -0
    outer loop
      vertex 7 -8.60001 0.4
      vertex -7 -8.60001 0
      vertex 7 -8.60001 0
    endloop
  endfacet
  facet normal -0.989176 -0.146733 0
    outer loop
      vertex -8.56926 -7.31215 0
      vertex -8.5923 -7.15683 0.4
      vertex -8.5923 -7.15683 0
    endloop
  endfacet
  facet normal -0.989176 -0.146733 0
    outer loop
      vertex -8.5923 -7.15683 0.4
      vertex -8.56926 -7.31215 0
      vertex -8.56926 -7.31215 0.4
    endloop
  endfacet
  facet normal 0.0491022 -0.998794 0
    outer loop
      vertex 7 -8.60001 0
      vertex 7.15683 -8.5923 0.4
      vertex 7 -8.60001 0.4
    endloop
  endfacet
  facet normal 0.0491022 -0.998794 0
    outer loop
      vertex 7.15683 -8.5923 0.4
      vertex 7 -8.60001 0
      vertex 7.15683 -8.5923 0
    endloop
  endfacet
  facet normal 0 -0.933075 0.359682
    outer loop
      vertex -7 -8.60001 0.4
      vertex -2.02578 -5.05618 9.59329
      vertex -4.09999 -5.05618 9.59329
    endloop
  endfacet
  facet normal 5.00195e-07 -0.933075 0.359682
    outer loop
      vertex -2.02578 -5.05618 9.59329
      vertex -7 -8.60001 0.4
      vertex -1.53735 -5.06796 9.56273
    endloop
  endfacet
  facet normal 0.000100303 -0.933095 0.35963
    outer loop
      vertex -1.53735 -5.06796 9.56273
      vertex -7 -8.60001 0.4
      vertex -1.45113 -5.06945 9.55884
    endloop
  endfacet
  facet normal -1.00855e-06 -0.933074 0.359683
    outer loop
      vertex -1.45113 -5.06945 9.55884
      vertex -7 -8.60001 0.4
      vertex -1.0099 -5.07711 9.53897
    endloop
  endfacet
  facet normal -6.45634e-06 -0.933073 0.359686
    outer loop
      vertex -1.0099 -5.07711 9.53897
      vertex -7 -8.60001 0.4
      vertex -0.607064 -5.08133 9.52803
    endloop
  endfacet
  facet normal -3.662e-06 -0.933074 0.359684
    outer loop
      vertex -0.391084 -5.08283 9.52415
      vertex -7 -8.60001 0.4
      vertex 0 -5.0842 9.5206
    endloop
  endfacet
  facet normal 1.3762e-05 -0.933078 0.359673
    outer loop
      vertex -0.500577 -5.08245 9.52514
      vertex -7 -8.60001 0.4
      vertex -0.391084 -5.08283 9.52415
    endloop
  endfacet
  facet normal -5.12538e-05 -0.933063 0.359714
    outer loop
      vertex -0.607064 -5.08133 9.52803
      vertex -7 -8.60001 0.4
      vertex -0.500577 -5.08245 9.52514
    endloop
  endfacet
  facet normal -5.00195e-07 -0.933075 0.359682
    outer loop
      vertex 7 -8.60001 0.4
      vertex 2.02578 -5.05618 9.59329
      vertex 1.53735 -5.06796 9.56273
    endloop
  endfacet
  facet normal -0.000100303 -0.933095 0.35963
    outer loop
      vertex 7 -8.60001 0.4
      vertex 1.53735 -5.06796 9.56273
      vertex 1.45113 -5.06945 9.55884
    endloop
  endfacet
  facet normal 1.00855e-06 -0.933074 0.359683
    outer loop
      vertex 7 -8.60001 0.4
      vertex 1.45113 -5.06945 9.55884
      vertex 1.0099 -5.07711 9.53897
    endloop
  endfacet
  facet normal 6.45634e-06 -0.933073 0.359686
    outer loop
      vertex 7 -8.60001 0.4
      vertex 1.0099 -5.07711 9.53897
      vertex 0.607064 -5.08133 9.52803
    endloop
  endfacet
  facet normal 5.12538e-05 -0.933063 0.359714
    outer loop
      vertex 7 -8.60001 0.4
      vertex 0.607064 -5.08133 9.52803
      vertex 0.500577 -5.08245 9.52514
    endloop
  endfacet
  facet normal 0 -0.933075 0.359682
    outer loop
      vertex 7 -8.60001 0.4
      vertex 0 -5.0842 9.5206
      vertex -7 -8.60001 0.4
    endloop
  endfacet
  facet normal 3.662e-06 -0.933074 0.359684
    outer loop
      vertex 0 -5.0842 9.5206
      vertex 7 -8.60001 0.4
      vertex 0.391084 -5.08283 9.52415
    endloop
  endfacet
  facet normal -1.3762e-05 -0.933078 0.359673
    outer loop
      vertex 0.391084 -5.08283 9.52415
      vertex 7 -8.60001 0.4
      vertex 0.500577 -5.08245 9.52514
    endloop
  endfacet
  facet normal 0 -0.933075 0.359682
    outer loop
      vertex 2.02578 -5.05618 9.59329
      vertex 7 -8.60001 0.4
      vertex 4.09999 -5.05618 9.59329
    endloop
  endfacet
  facet normal -0.970019 0.24303 0
    outer loop
      vertex -8.56926 7.31215 0
      vertex -8.5311 7.46446 0.4
      vertex -8.5311 7.46446 0
    endloop
  endfacet
  facet normal -0.970019 0.24303 0
    outer loop
      vertex -8.5311 7.46446 0.4
      vertex -8.56926 7.31215 0
      vertex -8.56926 7.31215 0.4
    endloop
  endfacet
  facet normal 0.000115893 -0.156694 0.987647
    outer loop
      vertex 5.04279 -4.82292 9.63023
      vertex 4.68056 -4.97112 9.60676
      vertex 4.86536 -4.90581 9.6171
    endloop
  endfacet
  facet normal -0.971261 0.0477487 0.233179
    outer loop
      vertex -8.60001 7 0.4
      vertex -6.2745 5.35499 10.4233
      vertex -8.5923 7.15683 0.4
    endloop
  endfacet
  facet normal -0.971288 0.0474214 0.233132
    outer loop
      vertex -6.2745 5.35499 10.4233
      vertex -8.60001 7 0.4
      vertex -6.27569 5.34389 10.4206
    endloop
  endfacet
  facet normal 0.000119196 -0.156451 0.987686
    outer loop
      vertex 6.09999 -3.0808 9.90616
      vertex 6.01387 -3.65422 9.81534
      vertex 6.06155 -3.46618 9.84512
    endloop
  endfacet
  facet normal 1 -0 0
    outer loop
      vertex 8.60001 -7 0.4
      vertex 8.60001 7 0
      vertex 8.60001 7 0.4
    endloop
  endfacet
  facet normal 1 0 0
    outer loop
      vertex 8.60001 7 0
      vertex 8.60001 -7 0.4
      vertex 8.60001 -7 0
    endloop
  endfacet
  facet normal 0.937359 0.234847 0.257303
    outer loop
      vertex 6.19387 5.72557 10.5017
      vertex 8.56926 7.31215 0.4
      vertex 8.5311 7.46446 0.4
    endloop
  endfacet
  facet normal 0.936964 0.236275 0.257434
    outer loop
      vertex 8.56926 7.31215 0.4
      vertex 6.19387 5.72557 10.5017
      vertex 6.19706 5.71499 10.4998
    endloop
  endfacet
  facet normal 0.575719 0.776264 0.256831
    outer loop
      vertex 7.88892 8.33035 0.4
      vertex 5.4258 6.78135 10.6032
      vertex 8.01503 8.23682 0.4
    endloop
  endfacet
  facet normal 0.575496 0.776438 0.256804
    outer loop
      vertex 5.4258 6.78135 10.6032
      vertex 7.88892 8.33035 0.4
      vertex 5.41614 6.78851 10.6032
    endloop
  endfacet
  facet normal -0.671512 -0.740994 0
    outer loop
      vertex -8.13138 -8.13138 0
      vertex -8.01503 -8.23682 0.4
      vertex -8.13138 -8.13138 0.4
    endloop
  endfacet
  facet normal -0.671512 -0.740994 -0
    outer loop
      vertex -8.01503 -8.23682 0.4
      vertex -8.13138 -8.13138 0
      vertex -8.01503 -8.23682 0
    endloop
  endfacet
  facet normal 0.204335 -0.890536 0.40644
    outer loop
      vertex 4.68056 -4.97112 9.60676
      vertex 4.49017 -5.01821 9.5993
      vertex 7.31215 -8.56926 0.4
    endloop
  endfacet
  facet normal 0 -0.157991 0.987441
    outer loop
      vertex -2.03222 -5.05493 9.59349
      vertex -4.09999 -5.05618 9.59329
      vertex -2.02578 -5.05618 9.59329
    endloop
  endfacet
  facet normal -1.05484e-06 -0.156289 0.987711
    outer loop
      vertex -2.08924 -5.04387 9.59524
      vertex -4.09999 -5.05618 9.59329
      vertex -2.03222 -5.05493 9.59349
    endloop
  endfacet
  facet normal -3.38148e-07 -0.156403 0.987693
    outer loop
      vertex -2.37839 -4.97112 9.60676
      vertex -4.09999 -5.05618 9.59329
      vertex -2.08924 -5.04387 9.59524
    endloop
  endfacet
  facet normal 0 -0.15641 0.987692
    outer loop
      vertex -4.09999 -5.05618 9.59329
      vertex -2.37839 -4.97112 9.60676
      vertex -4.68056 -4.97112 9.60676
    endloop
  endfacet
  facet normal 0 -0.15641 0.987692
    outer loop
      vertex 2.37839 -4.97112 9.60676
      vertex 4.09999 -5.05618 9.59329
      vertex 4.68056 -4.97112 9.60676
    endloop
  endfacet
  facet normal 3.38148e-07 -0.156403 0.987693
    outer loop
      vertex 2.08924 -5.04387 9.59524
      vertex 4.09999 -5.05618 9.59329
      vertex 2.37839 -4.97112 9.60676
    endloop
  endfacet
  facet normal 1.05484e-06 -0.156289 0.987711
    outer loop
      vertex 2.03222 -5.05493 9.59349
      vertex 4.09999 -5.05618 9.59329
      vertex 2.08924 -5.04387 9.59524
    endloop
  endfacet
  facet normal 0 -0.157991 0.987441
    outer loop
      vertex 4.09999 -5.05618 9.59329
      vertex 2.03222 -5.05493 9.59349
      vertex 2.02578 -5.05618 9.59329
    endloop
  endfacet
  facet normal -0.87778 -0.314048 0.361768
    outer loop
      vertex -6.01387 -3.65422 9.81534
      vertex -8.5311 -7.46446 0.4
      vertex -8.47821 -7.61229 0.4
    endloop
  endfacet
  facet normal -0.134953 -0.909763 0.392579
    outer loop
      vertex -4.49017 -5.01821 9.5993
      vertex -7.31215 -8.56926 0.4
      vertex -7.15683 -8.5923 0.4
    endloop
  endfacet
  facet normal -0.575496 0.776438 0.256804
    outer loop
      vertex -7.88892 8.33035 0.4
      vertex -5.4258 6.78135 10.6032
      vertex -5.41614 6.78851 10.6032
    endloop
  endfacet
  facet normal -0.575719 0.776264 0.256831
    outer loop
      vertex -5.4258 6.78135 10.6032
      vertex -7.88892 8.33035 0.4
      vertex -8.01503 8.23682 0.4
    endloop
  endfacet
  facet normal -0.85774 -0.514084 0
    outer loop
      vertex -8.33035 -7.88892 0
      vertex -8.41107 -7.75424 0.4
      vertex -8.41107 -7.75424 0
    endloop
  endfacet
  facet normal -0.85774 -0.514084 0
    outer loop
      vertex -8.41107 -7.75424 0.4
      vertex -8.33035 -7.88892 0
      vertex -8.33035 -7.88892 0.4
    endloop
  endfacet
  facet normal -2.17395e-05 -0.156555 0.987669
    outer loop
      vertex -4.09999 -5.05618 9.59329
      vertex -4.68056 -4.97112 9.60676
      vertex -4.49017 -5.01821 9.5993
    endloop
  endfacet
  facet normal 0.0485056 0.986659 0.155407
    outer loop
      vertex 7 8.60001 0.4
      vertex 4.28454 7.14892 10.4603
      vertex 7.15683 8.5923 0.4
    endloop
  endfacet
  facet normal 0.0473944 0.986758 0.155122
    outer loop
      vertex 4.28454 7.14892 10.4603
      vertex 7 8.60001 0.4
      vertex 4.27553 7.14962 10.4586
    endloop
  endfacet
  facet normal -7.35429e-05 -0.156417 0.987691
    outer loop
      vertex 6.01387 -3.65422 9.81534
      vertex 5.86383 -4.01199 9.75867
      vertex 5.94775 -3.83674 9.78643
    endloop
  endfacet
  facet normal 0.24303 -0.970019 0
    outer loop
      vertex 7.31215 -8.56926 0
      vertex 7.46446 -8.5311 0.4
      vertex 7.31215 -8.56926 0.4
    endloop
  endfacet
  facet normal 0.24303 -0.970019 0
    outer loop
      vertex 7.46446 -8.5311 0.4
      vertex 7.31215 -8.56926 0
      vertex 7.46446 -8.5311 0
    endloop
  endfacet
  facet normal 0.97421 -0.000561659 0.225643
    outer loop
      vertex 6.28888 5.16115 10.3737
      vertex 8.60001 7 0.4
      vertex 6.28849 5.16765 10.3754
    endloop
  endfacet
  facet normal 0.974185 5.93986e-05 0.225751
    outer loop
      vertex 6.29004 5.13931 10.3687
      vertex 8.60001 7 0.4
      vertex 6.28888 5.16115 10.3737
    endloop
  endfacet
  facet normal 0.974188 -1.64473e-05 0.225738
    outer loop
      vertex 6.2937 5.07046 10.3529
      vertex 8.60001 7 0.4
      vertex 6.29004 5.13931 10.3687
    endloop
  endfacet
  facet normal 0.974187 1.39351e-05 0.225744
    outer loop
      vertex 6.32715 4.22766 10.2086
      vertex 8.60001 7 0.4
      vertex 6.2937 5.07046 10.3529
    endloop
  endfacet
  facet normal 0.974186 3.38517e-05 0.225749
    outer loop
      vertex 6.33281 4.06177 10.1842
      vertex 8.60001 7 0.4
      vertex 6.32715 4.22766 10.2086
    endloop
  endfacet
  facet normal 0.974191 -4.97362e-05 0.225725
    outer loop
      vertex 6.33945 3.86709 10.1555
      vertex 8.60001 7 0.4
      vertex 6.33281 4.06177 10.1842
    endloop
  endfacet
  facet normal 0.974188 0 0.22574
    outer loop
      vertex 8.60001 7 0.4
      vertex 6.33945 3.86709 10.1555
      vertex 8.60001 -7 0.4
    endloop
  endfacet
  facet normal 0.134953 -0.909763 0.392579
    outer loop
      vertex 7.31215 -8.56926 0.4
      vertex 4.49017 -5.01821 9.5993
      vertex 7.15683 -8.5923 0.4
    endloop
  endfacet
  facet normal 0.146717 0.972885 0.178798
    outer loop
      vertex 7.31215 8.56926 0.4
      vertex 4.56465 7.12528 10.5116
      vertex 4.73402 7.09507 10.537
    endloop
  endfacet
  facet normal -0.385911 -0.815909 0.43054
    outer loop
      vertex -5.04279 -4.82292 9.63023
      vertex -7.75424 -8.41107 0.4
      vertex -7.61229 -8.47821 0.4
    endloop
  endfacet
  facet normal -0.514084 -0.85774 0
    outer loop
      vertex -7.88892 -8.33035 0
      vertex -7.75424 -8.41107 0.4
      vertex -7.88892 -8.33035 0.4
    endloop
  endfacet
  facet normal -0.514084 -0.85774 -0
    outer loop
      vertex -7.75424 -8.41107 0.4
      vertex -7.88892 -8.33035 0
      vertex -7.75424 -8.41107 0
    endloop
  endfacet
  facet normal -0.740994 -0.671512 0
    outer loop
      vertex -8.13138 -8.13138 0
      vertex -8.23682 -8.01503 0.4
      vertex -8.23682 -8.01503 0
    endloop
  endfacet
  facet normal -0.740994 -0.671512 0
    outer loop
      vertex -8.23682 -8.01503 0.4
      vertex -8.13138 -8.13138 0
      vertex -8.13138 -8.13138 0.4
    endloop
  endfacet
  facet normal 0.946402 0.199689 0.253865
    outer loop
      vertex 8.56926 7.31215 0.4
      vertex 6.19706 5.71499 10.4998
      vertex 6.24285 5.54158 10.4655
    endloop
  endfacet
  facet normal 0 -0.155757 0.987795
    outer loop
      vertex -5.15057 -3.6468 9.81651
      vertex -6.01387 -3.65422 9.81534
      vertex -5.14025 -3.65422 9.81534
    endloop
  endfacet
  facet normal 6.39068e-06 -0.156483 0.987681
    outer loop
      vertex -5.29857 -3.54039 9.83337
      vertex -6.01387 -3.65422 9.81534
      vertex -5.15057 -3.6468 9.81651
    endloop
  endfacet
  facet normal -4.99299e-06 -0.156413 0.987692
    outer loop
      vertex -5.61941 -3.27466 9.87545
      vertex -6.01387 -3.65422 9.81534
      vertex -5.29857 -3.54039 9.83337
    endloop
  endfacet
  facet normal 9.85282e-06 -0.156428 0.987689
    outer loop
      vertex -5.81829 -3.10994 9.90154
      vertex -6.01387 -3.65422 9.81534
      vertex -5.61941 -3.27466 9.87545
    endloop
  endfacet
  facet normal 2.19491e-05 -0.156432 0.987689
    outer loop
      vertex -6.01387 -3.65422 9.81534
      vertex -5.81829 -3.10994 9.90154
      vertex -5.95131 -2.98324 9.92161
    endloop
  endfacet
  facet normal -2.19491e-05 -0.156432 0.987689
    outer loop
      vertex 5.81829 -3.10994 9.90154
      vertex 6.01387 -3.65422 9.81534
      vertex 5.95131 -2.98324 9.92161
    endloop
  endfacet
  facet normal -9.85282e-06 -0.156428 0.987689
    outer loop
      vertex 5.61941 -3.27466 9.87545
      vertex 6.01387 -3.65422 9.81534
      vertex 5.81829 -3.10994 9.90154
    endloop
  endfacet
  facet normal 4.99299e-06 -0.156413 0.987692
    outer loop
      vertex 5.29857 -3.54039 9.83337
      vertex 6.01387 -3.65422 9.81534
      vertex 5.61941 -3.27466 9.87545
    endloop
  endfacet
  facet normal -6.39068e-06 -0.156483 0.987681
    outer loop
      vertex 5.15057 -3.6468 9.81651
      vertex 6.01387 -3.65422 9.81534
      vertex 5.29857 -3.54039 9.83337
    endloop
  endfacet
  facet normal 0 -0.155757 0.987795
    outer loop
      vertex 6.01387 -3.65422 9.81534
      vertex 5.15057 -3.6468 9.81651
      vertex 5.14025 -3.65422 9.81534
    endloop
  endfacet
  facet normal 9.07774e-06 -0.156424 0.98769
    outer loop
      vertex -5.36877 -4.60779 9.66431
      vertex -5.64601 -4.33396 9.70768
      vertex -5.51421 -4.4776 9.68493
    endloop
  endfacet
  facet normal 0.713398 0.646504 0.270363
    outer loop
      vertex 5.70608 6.54086 10.6029
      vertex 8.23682 8.01503 0.4
      vertex 8.13138 8.13138 0.4
    endloop
  endfacet
  facet normal 0.712882 0.647091 0.270319
    outer loop
      vertex 8.23682 8.01503 0.4
      vertex 5.70608 6.54086 10.6029
      vertex 5.71392 6.53239 10.6025
    endloop
  endfacet
  facet normal -1.21766e-05 -0.156441 0.987687
    outer loop
      vertex -5.64601 -4.33396 9.70768
      vertex -6.01387 -3.65422 9.81534
      vertex -5.76292 -4.17826 9.73234
    endloop
  endfacet
  facet normal 0.629541 -0.646018 0.43167
    outer loop
      vertex 5.64601 -4.33396 9.70768
      vertex 5.51421 -4.4776 9.68493
      vertex 8.13138 -8.13138 0.4
    endloop
  endfacet
  facet normal 0.961071 -0.0472477 0.272231
    outer loop
      vertex 8.60001 -7 0.4
      vertex 6.09999 -3.0808 9.90616
      vertex 8.5923 -7.15683 0.4
    endloop
  endfacet
  facet normal 2.17395e-05 -0.156555 0.987669
    outer loop
      vertex 4.68056 -4.97112 9.60676
      vertex 4.09999 -5.05618 9.59329
      vertex 4.49017 -5.01821 9.5993
    endloop
  endfacet
  facet normal 0.0421677 -0.927709 0.370915
    outer loop
      vertex 4.29602 -5.04667 9.59479
      vertex 4.09999 -5.05618 9.59329
      vertex 7 -8.60001 0.4
    endloop
  endfacet
  facet normal 0.124635 -0.912125 0.390505
    outer loop
      vertex 4.49017 -5.01821 9.5993
      vertex 4.29602 -5.04667 9.59479
      vertex 7.15683 -8.5923 0.4
    endloop
  endfacet
  facet normal -0.727999 0.629526 0.271505
    outer loop
      vertex -8.23682 8.01503 0.4
      vertex -5.71754 6.52829 10.6023
      vertex -5.71392 6.53239 10.6025
    endloop
  endfacet
  facet normal -0.73017 0.626938 0.271664
    outer loop
      vertex -5.71754 6.52829 10.6023
      vertex -8.23682 8.01503 0.4
      vertex -5.83305 6.39727 10.5942
    endloop
  endfacet
  facet normal -0.952553 -0.093271 0.289731
    outer loop
      vertex -6.09999 -3.0808 9.90616
      vertex -8.5923 -7.15683 0.4
      vertex -6.09036 -3.27442 9.87549
    endloop
  endfacet
  facet normal -8.26081e-05 -0.156425 0.98769
    outer loop
      vertex 6.0552 -2.88428 9.93728
      vertex 6.09999 -3.0808 9.90616
      vertex 6.09999 -2.84162 9.94404
    endloop
  endfacet
  facet normal -2.07388e-05 -0.156411 0.987692
    outer loop
      vertex 6.02119 -2.91667 9.93215
      vertex 6.09999 -3.0808 9.90616
      vertex 6.0552 -2.88428 9.93728
    endloop
  endfacet
  facet normal -5.16286e-05 -0.156426 0.98769
    outer loop
      vertex 6.09999 -3.0808 9.90616
      vertex 6.02119 -2.91667 9.93215
      vertex 6.01387 -3.65422 9.81534
    endloop
  endfacet
  facet normal 0.884253 0.38148 0.269387
    outer loop
      vertex 6.05661 6.05661 10.5518
      vertex 8.47821 7.61229 0.4
      vertex 6.05091 6.06841 10.5538
    endloop
  endfacet
  facet normal 0.88453 0.380859 0.269358
    outer loop
      vertex 8.47821 7.61229 0.4
      vertex 6.05661 6.05661 10.5518
      vertex 6.12802 5.90512 10.5315
    endloop
  endfacet
  facet normal 0 1 -0
    outer loop
      vertex 7 8.60001 0
      vertex -7 8.60001 0.4
      vertex 7 8.60001 0.4
    endloop
  endfacet
  facet normal 0 1 0
    outer loop
      vertex -7 8.60001 0.4
      vertex 7 8.60001 0
      vertex -7 8.60001 0
    endloop
  endfacet
  facet normal -0.146733 -0.989176 0
    outer loop
      vertex -7.31215 -8.56926 0
      vertex -7.15683 -8.5923 0.4
      vertex -7.31215 -8.56926 0.4
    endloop
  endfacet
  facet normal -0.146733 -0.989176 -0
    outer loop
      vertex -7.15683 -8.5923 0.4
      vertex -7.31215 -8.56926 0
      vertex -7.15683 -8.5923 0
    endloop
  endfacet
  facet normal 0.998794 -0.0491022 0
    outer loop
      vertex 8.5923 -7.15683 0.4
      vertex 8.60001 -7 0
      vertex 8.60001 -7 0.4
    endloop
  endfacet
  facet normal 0.998794 -0.0491022 0
    outer loop
      vertex 8.60001 -7 0
      vertex 8.5923 -7.15683 0.4
      vertex 8.5923 -7.15683 0
    endloop
  endfacet
  facet normal -0.670144 -0.607305 0.426717
    outer loop
      vertex -5.64601 -4.33396 9.70768
      vertex -8.23682 -8.01503 0.4
      vertex -8.13138 -8.13138 0.4
    endloop
  endfacet
  facet normal -0.204335 -0.890536 0.40644
    outer loop
      vertex -4.68056 -4.97112 9.60676
      vertex -7.31215 -8.56926 0.4
      vertex -4.49017 -5.01821 9.5993
    endloop
  endfacet
  facet normal 0.498269 0.831354 0.246129
    outer loop
      vertex 7.75424 8.41107 0.4
      vertex 5.26585 6.8834 10.5976
      vertex 7.88892 8.33035 0.4
    endloop
  endfacet
  facet normal 0.499088 0.830826 0.24625
    outer loop
      vertex 5.26585 6.8834 10.5976
      vertex 7.75424 8.41107 0.4
      vertex 5.25541 6.88979 10.5972
    endloop
  endfacet
  facet normal -0.803206 0.595701 0
    outer loop
      vertex -8.33035 7.88892 0
      vertex -8.23682 8.01503 0.4
      vertex -8.23682 8.01503 0
    endloop
  endfacet
  facet normal -0.803206 0.595701 0
    outer loop
      vertex -8.23682 8.01503 0.4
      vertex -8.33035 7.88892 0
      vertex -8.33035 7.88892 0.4
    endloop
  endfacet
  facet normal 0.427569 -0.903983 0
    outer loop
      vertex 7.61229 -8.47821 0
      vertex 7.75424 -8.41107 0.4
      vertex 7.61229 -8.47821 0.4
    endloop
  endfacet
  facet normal 0.427569 -0.903983 0
    outer loop
      vertex 7.75424 -8.41107 0.4
      vertex 7.61229 -8.47821 0
      vertex 7.75424 -8.41107 0
    endloop
  endfacet
  facet normal 0 0 -1
    outer loop
      vertex 6.73146 -6.45557 0
      vertex 8.60001 -7 0
      vertex 8.5923 -7.15683 0
    endloop
  endfacet
  facet normal 0 0 -1
    outer loop
      vertex 8.60001 -7 0
      vertex 6.89999 -5.89999 0
      vertex 8.60001 7 0
    endloop
  endfacet
  facet normal 0 0 -1
    outer loop
      vertex 6.73146 -6.45557 0
      vertex 8.5923 -7.15683 0
      vertex 8.56926 -7.31215 0
    endloop
  endfacet
  facet normal 0 0 -1
    outer loop
      vertex 6.89999 5.89999 0
      vertex 8.60001 7 0
      vertex 6.89999 -5.89999 0
    endloop
  endfacet
  facet normal 0 0 -1
    outer loop
      vertex 6.673 -6.53439 0
      vertex 8.56926 -7.31215 0
      vertex 8.5311 -7.46446 0
    endloop
  endfacet
  facet normal 0 0 -1
    outer loop
      vertex 6.89517 5.99802 0
      vertex 8.60001 7 0
      vertex 6.89999 5.89999 0
    endloop
  endfacet
  facet normal 0 0 -1
    outer loop
      vertex 6.673 -6.53439 0
      vertex 8.5311 -7.46446 0
      vertex 8.47821 -7.61229 0
    endloop
  endfacet
  facet normal 0 0 -1
    outer loop
      vertex 6.88078 6.09508 0
      vertex 8.60001 7 0
      vertex 6.89517 5.99802 0
    endloop
  endfacet
  facet normal 0 0 -1
    outer loop
      vertex 6.673 -6.53439 0
      vertex 8.47821 -7.61229 0
      vertex 8.41107 -7.75424 0
    endloop
  endfacet
  facet normal 0 0 -1
    outer loop
      vertex 6.85693 6.19028 0
      vertex 8.60001 7 0
      vertex 6.88078 6.09508 0
    endloop
  endfacet
  facet normal 0 0 -1
    outer loop
      vertex 6.673 -6.53439 0
      vertex 8.41107 -7.75424 0
      vertex 8.33035 -7.88892 0
    endloop
  endfacet
  facet normal 0 0 -1
    outer loop
      vertex 6.82387 6.28268 0
      vertex 8.60001 7 0
      vertex 6.85693 6.19028 0
    endloop
  endfacet
  facet normal 0 0 -1
    outer loop
      vertex 6.6071 -6.6071 0
      vertex 8.33035 -7.88892 0
      vertex 8.23682 -8.01503 0
    endloop
  endfacet
  facet normal 0 0 -1
    outer loop
      vertex 6.78192 6.37138 0
      vertex 8.60001 7 0
      vertex 6.82387 6.28268 0
    endloop
  endfacet
  facet normal 0 0 -1
    outer loop
      vertex 6.6071 -6.6071 0
      vertex 8.23682 -8.01503 0
      vertex 8.13138 -8.13138 0
    endloop
  endfacet
  facet normal 0 0 -1
    outer loop
      vertex 6.73146 6.45557 0
      vertex 8.60001 7 0
      vertex 6.78192 6.37138 0
    endloop
  endfacet
  facet normal 0 0 -1
    outer loop
      vertex 6.6071 -6.6071 0
      vertex 8.13138 -8.13138 0
      vertex 8.01503 -8.23682 0
    endloop
  endfacet
  facet normal -0 0 -1
    outer loop
      vertex 8.60001 7 0
      vertex 6.73146 6.45557 0
      vertex 8.5923 7.15683 0
    endloop
  endfacet
  facet normal 0 0 -1
    outer loop
      vertex 6.6071 -6.6071 0
      vertex 8.01503 -8.23682 0
      vertex 7.88892 -8.33035 0
    endloop
  endfacet
  facet normal -0 0 -1
    outer loop
      vertex 8.5923 7.15683 0
      vertex 6.73146 6.45557 0
      vertex 8.56926 7.31215 0
    endloop
  endfacet
  facet normal 0 0 -1
    outer loop
      vertex 6.53439 -6.673 0
      vertex 7.88892 -8.33035 0
      vertex 7.75424 -8.41107 0
    endloop
  endfacet
  facet normal 0 0 -1
    outer loop
      vertex 6.673 6.53439 0
      vertex 8.56926 7.31215 0
      vertex 6.73146 6.45557 0
    endloop
  endfacet
  facet normal 0 0 -1
    outer loop
      vertex 6.53439 -6.673 0
      vertex 7.75424 -8.41107 0
      vertex 7.61229 -8.47821 0
    endloop
  endfacet
  facet normal -0 0 -1
    outer loop
      vertex 8.56926 7.31215 0
      vertex 6.673 6.53439 0
      vertex 8.5311 7.46446 0
    endloop
  endfacet
  facet normal 0 0 -1
    outer loop
      vertex 6.53439 -6.673 0
      vertex 7.61229 -8.47821 0
      vertex 7.46446 -8.5311 0
    endloop
  endfacet
  facet normal -0 0 -1
    outer loop
      vertex 8.5311 7.46446 0
      vertex 6.673 6.53439 0
      vertex 8.47821 7.61229 0
    endloop
  endfacet
  facet normal 0 0 -1
    outer loop
      vertex 6.53439 -6.673 0
      vertex 7.46446 -8.5311 0
      vertex 7.31215 -8.56926 0
    endloop
  endfacet
  facet normal -0 0 -1
    outer loop
      vertex 8.47821 7.61229 0
      vertex 6.673 6.53439 0
      vertex 8.41107 7.75424 0
    endloop
  endfacet
  facet normal 0 0 -1
    outer loop
      vertex 6.45557 -6.73146 0
      vertex 7.31215 -8.56926 0
      vertex 7.15683 -8.5923 0
    endloop
  endfacet
  facet normal -0 0 -1
    outer loop
      vertex 8.41107 7.75424 0
      vertex 6.673 6.53439 0
      vertex 8.33035 7.88892 0
    endloop
  endfacet
  facet normal 0 0 -1
    outer loop
      vertex 6.45557 -6.73146 0
      vertex 7.15683 -8.5923 0
      vertex 7 -8.60001 0
    endloop
  endfacet
  facet normal 0 0 -1
    outer loop
      vertex 6.6071 6.6071 0
      vertex 8.33035 7.88892 0
      vertex 6.673 6.53439 0
    endloop
  endfacet
  facet normal -0 0 -1
    outer loop
      vertex 8.33035 7.88892 0
      vertex 6.6071 6.6071 0
      vertex 8.23682 8.01503 0
    endloop
  endfacet
  facet normal 0 0 -1
    outer loop
      vertex 8.60001 -7 0
      vertex 6.89517 -5.99802 0
      vertex 6.89999 -5.89999 0
    endloop
  endfacet
  facet normal 0 0 -1
    outer loop
      vertex 8.60001 -7 0
      vertex 6.88078 -6.09508 0
      vertex 6.89517 -5.99802 0
    endloop
  endfacet
  facet normal 0 0 -1
    outer loop
      vertex 8.60001 -7 0
      vertex 6.85693 -6.19028 0
      vertex 6.88078 -6.09508 0
    endloop
  endfacet
  facet normal 0 0 -1
    outer loop
      vertex 8.60001 -7 0
      vertex 6.82387 -6.28268 0
      vertex 6.85693 -6.19028 0
    endloop
  endfacet
  facet normal 0 0 -1
    outer loop
      vertex 8.60001 -7 0
      vertex 6.78192 -6.37138 0
      vertex 6.82387 -6.28268 0
    endloop
  endfacet
  facet normal 0 0 -1
    outer loop
      vertex 8.60001 -7 0
      vertex 6.73146 -6.45557 0
      vertex 6.78192 -6.37138 0
    endloop
  endfacet
  facet normal 0 0 -1
    outer loop
      vertex 8.56926 -7.31215 0
      vertex 6.673 -6.53439 0
      vertex 6.73146 -6.45557 0
    endloop
  endfacet
  facet normal 0 0 -1
    outer loop
      vertex 8.33035 -7.88892 0
      vertex 6.6071 -6.6071 0
      vertex 6.673 -6.53439 0
    endloop
  endfacet
  facet normal 0 0 -1
    outer loop
      vertex 7.88892 -8.33035 0
      vertex 6.53439 -6.673 0
      vertex 6.6071 -6.6071 0
    endloop
  endfacet
  facet normal 0 0 -1
    outer loop
      vertex 7.31215 -8.56926 0
      vertex 6.45557 -6.73146 0
      vertex 6.53439 -6.673 0
    endloop
  endfacet
  facet normal 0 0 -1
    outer loop
      vertex 7 -8.60001 0
      vertex 6.37138 -6.78192 0
      vertex 6.45557 -6.73146 0
    endloop
  endfacet
  facet normal 0 0 -1
    outer loop
      vertex 7 -8.60001 0
      vertex 6.28268 -6.82387 0
      vertex 6.37138 -6.78192 0
    endloop
  endfacet
  facet normal 0 0 -1
    outer loop
      vertex 7 -8.60001 0
      vertex 6.19028 -6.85693 0
      vertex 6.28268 -6.82387 0
    endloop
  endfacet
  facet normal 0 0 -1
    outer loop
      vertex 7 -8.60001 0
      vertex 6.09508 -6.88078 0
      vertex 6.19028 -6.85693 0
    endloop
  endfacet
  facet normal 0 0 -1
    outer loop
      vertex 7 -8.60001 0
      vertex 5.99802 -6.89517 0
      vertex 6.09508 -6.88078 0
    endloop
  endfacet
  facet normal 0 0 -1
    outer loop
      vertex 7 -8.60001 0
      vertex 5.89999 -6.89999 0
      vertex 5.99802 -6.89517 0
    endloop
  endfacet
  facet normal 0 0 -1
    outer loop
      vertex 7 -8.60001 0
      vertex -5.89999 -6.89999 0
      vertex 5.89999 -6.89999 0
    endloop
  endfacet
  facet normal 0 0 -1
    outer loop
      vertex -7 -8.60001 0
      vertex -5.89999 -6.89999 0
      vertex 7 -8.60001 0
    endloop
  endfacet
  facet normal 0 0 -1
    outer loop
      vertex -8.23682 -8.01503 0
      vertex -6.6071 -6.6071 0
      vertex -8.13138 -8.13138 0
    endloop
  endfacet
  facet normal 0 0 -1
    outer loop
      vertex -8.13138 -8.13138 0
      vertex -6.6071 -6.6071 0
      vertex -8.01503 -8.23682 0
    endloop
  endfacet
  facet normal 0 0 -1
    outer loop
      vertex -8.01503 -8.23682 0
      vertex -6.6071 -6.6071 0
      vertex -7.88892 -8.33035 0
    endloop
  endfacet
  facet normal -0 0 -1
    outer loop
      vertex -6.53439 -6.673 0
      vertex -7.88892 -8.33035 0
      vertex -6.6071 -6.6071 0
    endloop
  endfacet
  facet normal 0 0 -1
    outer loop
      vertex -7.88892 -8.33035 0
      vertex -6.53439 -6.673 0
      vertex -7.75424 -8.41107 0
    endloop
  endfacet
  facet normal 0 0 -1
    outer loop
      vertex -7.75424 -8.41107 0
      vertex -6.53439 -6.673 0
      vertex -7.61229 -8.47821 0
    endloop
  endfacet
  facet normal 0 0 -1
    outer loop
      vertex -7.61229 -8.47821 0
      vertex -6.53439 -6.673 0
      vertex -7.46446 -8.5311 0
    endloop
  endfacet
  facet normal 0 0 -1
    outer loop
      vertex -7.46446 -8.5311 0
      vertex -6.53439 -6.673 0
      vertex -7.31215 -8.56926 0
    endloop
  endfacet
  facet normal -0 0 -1
    outer loop
      vertex -6.45557 -6.73146 0
      vertex -7.31215 -8.56926 0
      vertex -6.53439 -6.673 0
    endloop
  endfacet
  facet normal 0 0 -1
    outer loop
      vertex -7.31215 -8.56926 0
      vertex -6.45557 -6.73146 0
      vertex -7.15683 -8.5923 0
    endloop
  endfacet
  facet normal 0 0 -1
    outer loop
      vertex -7.15683 -8.5923 0
      vertex -6.45557 -6.73146 0
      vertex -7 -8.60001 0
    endloop
  endfacet
  facet normal -0 0 -1
    outer loop
      vertex -6.37138 -6.78192 0
      vertex -7 -8.60001 0
      vertex -6.45557 -6.73146 0
    endloop
  endfacet
  facet normal -0 0 -1
    outer loop
      vertex -6.28268 -6.82387 0
      vertex -7 -8.60001 0
      vertex -6.37138 -6.78192 0
    endloop
  endfacet
  facet normal -0 0 -1
    outer loop
      vertex -6.19028 -6.85693 0
      vertex -7 -8.60001 0
      vertex -6.28268 -6.82387 0
    endloop
  endfacet
  facet normal -0 0 -1
    outer loop
      vertex -6.09508 -6.88078 0
      vertex -7 -8.60001 0
      vertex -6.19028 -6.85693 0
    endloop
  endfacet
  facet normal -0 0 -1
    outer loop
      vertex -5.99802 -6.89517 0
      vertex -7 -8.60001 0
      vertex -6.09508 -6.88078 0
    endloop
  endfacet
  facet normal -0 0 -1
    outer loop
      vertex -5.89999 -6.89999 0
      vertex -7 -8.60001 0
      vertex -5.99802 -6.89517 0
    endloop
  endfacet
  facet normal -0 0 -1
    outer loop
      vertex 8.23682 8.01503 0
      vertex 6.6071 6.6071 0
      vertex 8.13138 8.13138 0
    endloop
  endfacet
  facet normal -0 0 -1
    outer loop
      vertex 8.13138 8.13138 0
      vertex 6.6071 6.6071 0
      vertex 8.01503 8.23682 0
    endloop
  endfacet
  facet normal -0 0 -1
    outer loop
      vertex 8.01503 8.23682 0
      vertex 6.6071 6.6071 0
      vertex 7.88892 8.33035 0
    endloop
  endfacet
  facet normal 0 0 -1
    outer loop
      vertex 6.53439 6.673 0
      vertex 7.88892 8.33035 0
      vertex 6.6071 6.6071 0
    endloop
  endfacet
  facet normal -0 0 -1
    outer loop
      vertex 7.88892 8.33035 0
      vertex 6.53439 6.673 0
      vertex 7.75424 8.41107 0
    endloop
  endfacet
  facet normal -0 0 -1
    outer loop
      vertex 7.75424 8.41107 0
      vertex 6.53439 6.673 0
      vertex 7.61229 8.47821 0
    endloop
  endfacet
  facet normal -0 0 -1
    outer loop
      vertex 7.61229 8.47821 0
      vertex 6.53439 6.673 0
      vertex 7.46446 8.5311 0
    endloop
  endfacet
  facet normal -0 0 -1
    outer loop
      vertex 7.46446 8.5311 0
      vertex 6.53439 6.673 0
      vertex 7.31215 8.56926 0
    endloop
  endfacet
  facet normal 0 0 -1
    outer loop
      vertex 6.45557 6.73146 0
      vertex 7.31215 8.56926 0
      vertex 6.53439 6.673 0
    endloop
  endfacet
  facet normal -0 0 -1
    outer loop
      vertex 7.31215 8.56926 0
      vertex 6.45557 6.73146 0
      vertex 7.15683 8.5923 0
    endloop
  endfacet
  facet normal -0 0 -1
    outer loop
      vertex 7.15683 8.5923 0
      vertex 6.45557 6.73146 0
      vertex 7 8.60001 0
    endloop
  endfacet
  facet normal 0 0 -1
    outer loop
      vertex 6.37138 6.78192 0
      vertex 7 8.60001 0
      vertex 6.45557 6.73146 0
    endloop
  endfacet
  facet normal 0 0 -1
    outer loop
      vertex 6.28268 6.82387 0
      vertex 7 8.60001 0
      vertex 6.37138 6.78192 0
    endloop
  endfacet
  facet normal 0 0 -1
    outer loop
      vertex 6.19028 6.85693 0
      vertex 7 8.60001 0
      vertex 6.28268 6.82387 0
    endloop
  endfacet
  facet normal 0 0 -1
    outer loop
      vertex 6.09508 6.88078 0
      vertex 7 8.60001 0
      vertex 6.19028 6.85693 0
    endloop
  endfacet
  facet normal 0 0 -1
    outer loop
      vertex 5.99802 6.89517 0
      vertex 7 8.60001 0
      vertex 6.09508 6.88078 0
    endloop
  endfacet
  facet normal 0 0 -1
    outer loop
      vertex 5.89999 6.89999 0
      vertex 7 8.60001 0
      vertex 5.99802 6.89517 0
    endloop
  endfacet
  facet normal 0 0 -1
    outer loop
      vertex -5.89999 6.89999 0
      vertex 7 8.60001 0
      vertex 5.89999 6.89999 0
    endloop
  endfacet
  facet normal 0 0 -1
    outer loop
      vertex -7 8.60001 0
      vertex -5.89999 6.89999 0
      vertex -5.99802 6.89517 0
    endloop
  endfacet
  facet normal 0 0 -1
    outer loop
      vertex -5.89999 6.89999 0
      vertex -7 8.60001 0
      vertex 7 8.60001 0
    endloop
  endfacet
  facet normal 0 0 -1
    outer loop
      vertex -6.09508 6.88078 0
      vertex -7 8.60001 0
      vertex -5.99802 6.89517 0
    endloop
  endfacet
  facet normal 0 0 -1
    outer loop
      vertex -6.19028 6.85693 0
      vertex -7 8.60001 0
      vertex -6.09508 6.88078 0
    endloop
  endfacet
  facet normal 0 0 -1
    outer loop
      vertex -6.28268 6.82387 0
      vertex -7 8.60001 0
      vertex -6.19028 6.85693 0
    endloop
  endfacet
  facet normal 0 0 -1
    outer loop
      vertex -6.37138 6.78192 0
      vertex -7 8.60001 0
      vertex -6.28268 6.82387 0
    endloop
  endfacet
  facet normal 0 0 -1
    outer loop
      vertex -6.45557 6.73146 0
      vertex -7 8.60001 0
      vertex -6.37138 6.78192 0
    endloop
  endfacet
  facet normal 0 0 -1
    outer loop
      vertex -7.31215 8.56926 0
      vertex -6.45557 6.73146 0
      vertex -6.53439 6.673 0
    endloop
  endfacet
  facet normal 0 0 -1
    outer loop
      vertex -7.88892 8.33035 0
      vertex -6.53439 6.673 0
      vertex -6.6071 6.6071 0
    endloop
  endfacet
  facet normal 0 0 -1
    outer loop
      vertex -8.33035 7.88892 0
      vertex -6.6071 6.6071 0
      vertex -6.673 6.53439 0
    endloop
  endfacet
  facet normal 0 0 -1
    outer loop
      vertex -8.56926 7.31215 0
      vertex -6.673 6.53439 0
      vertex -6.73146 6.45557 0
    endloop
  endfacet
  facet normal 0 0 -1
    outer loop
      vertex -8.60001 7 0
      vertex -6.73146 6.45557 0
      vertex -6.78192 6.37138 0
    endloop
  endfacet
  facet normal 0 0 -1
    outer loop
      vertex -8.60001 7 0
      vertex -6.78192 6.37138 0
      vertex -6.82387 6.28268 0
    endloop
  endfacet
  facet normal 0 0 -1
    outer loop
      vertex -8.60001 7 0
      vertex -6.82387 6.28268 0
      vertex -6.85693 6.19028 0
    endloop
  endfacet
  facet normal 0 0 -1
    outer loop
      vertex -8.60001 7 0
      vertex -6.85693 6.19028 0
      vertex -6.88078 6.09508 0
    endloop
  endfacet
  facet normal 0 0 -1
    outer loop
      vertex -8.60001 7 0
      vertex -6.88078 6.09508 0
      vertex -6.89517 5.99802 0
    endloop
  endfacet
  facet normal 0 0 -1
    outer loop
      vertex -8.60001 7 0
      vertex -6.89517 5.99802 0
      vertex -6.89999 5.89999 0
    endloop
  endfacet
  facet normal -0 0 -1
    outer loop
      vertex -6.89999 -5.89999 0
      vertex -8.60001 -7 0
      vertex -6.89999 5.89999 0
    endloop
  endfacet
  facet normal 0 0 -1
    outer loop
      vertex -8.33035 -7.88892 0
      vertex -6.6071 -6.6071 0
      vertex -8.23682 -8.01503 0
    endloop
  endfacet
  facet normal 0 0 -1
    outer loop
      vertex -8.60001 7 0
      vertex -6.89999 5.89999 0
      vertex -8.60001 -7 0
    endloop
  endfacet
  facet normal -0 0 -1
    outer loop
      vertex -6.6071 -6.6071 0
      vertex -8.33035 -7.88892 0
      vertex -6.673 -6.53439 0
    endloop
  endfacet
  facet normal 0 0 -1
    outer loop
      vertex -6.73146 6.45557 0
      vertex -8.60001 7 0
      vertex -8.5923 7.15683 0
    endloop
  endfacet
  facet normal 0 0 -1
    outer loop
      vertex -8.41107 -7.75424 0
      vertex -6.673 -6.53439 0
      vertex -8.33035 -7.88892 0
    endloop
  endfacet
  facet normal 0 0 -1
    outer loop
      vertex -6.45557 6.73146 0
      vertex -7.15683 8.5923 0
      vertex -7 8.60001 0
    endloop
  endfacet
  facet normal 0 0 -1
    outer loop
      vertex -8.47821 -7.61229 0
      vertex -6.673 -6.53439 0
      vertex -8.41107 -7.75424 0
    endloop
  endfacet
  facet normal 0 0 -1
    outer loop
      vertex -6.45557 6.73146 0
      vertex -7.31215 8.56926 0
      vertex -7.15683 8.5923 0
    endloop
  endfacet
  facet normal 0 0 -1
    outer loop
      vertex -8.5311 -7.46446 0
      vertex -6.673 -6.53439 0
      vertex -8.47821 -7.61229 0
    endloop
  endfacet
  facet normal 0 0 -1
    outer loop
      vertex -6.53439 6.673 0
      vertex -7.46446 8.5311 0
      vertex -7.31215 8.56926 0
    endloop
  endfacet
  facet normal 0 0 -1
    outer loop
      vertex -8.56926 -7.31215 0
      vertex -6.673 -6.53439 0
      vertex -8.5311 -7.46446 0
    endloop
  endfacet
  facet normal 0 0 -1
    outer loop
      vertex -6.53439 6.673 0
      vertex -7.61229 8.47821 0
      vertex -7.46446 8.5311 0
    endloop
  endfacet
  facet normal -0 0 -1
    outer loop
      vertex -6.673 -6.53439 0
      vertex -8.56926 -7.31215 0
      vertex -6.73146 -6.45557 0
    endloop
  endfacet
  facet normal 0 0 -1
    outer loop
      vertex -6.53439 6.673 0
      vertex -7.75424 8.41107 0
      vertex -7.61229 8.47821 0
    endloop
  endfacet
  facet normal 0 0 -1
    outer loop
      vertex -8.5923 -7.15683 0
      vertex -6.73146 -6.45557 0
      vertex -8.56926 -7.31215 0
    endloop
  endfacet
  facet normal 0 0 -1
    outer loop
      vertex -6.53439 6.673 0
      vertex -7.88892 8.33035 0
      vertex -7.75424 8.41107 0
    endloop
  endfacet
  facet normal 0 0 -1
    outer loop
      vertex -8.60001 -7 0
      vertex -6.73146 -6.45557 0
      vertex -8.5923 -7.15683 0
    endloop
  endfacet
  facet normal 0 0 -1
    outer loop
      vertex -6.6071 6.6071 0
      vertex -8.01503 8.23682 0
      vertex -7.88892 8.33035 0
    endloop
  endfacet
  facet normal -0 0 -1
    outer loop
      vertex -6.73146 -6.45557 0
      vertex -8.60001 -7 0
      vertex -6.78192 -6.37138 0
    endloop
  endfacet
  facet normal 0 0 -1
    outer loop
      vertex -6.6071 6.6071 0
      vertex -8.13138 8.13138 0
      vertex -8.01503 8.23682 0
    endloop
  endfacet
  facet normal -0 0 -1
    outer loop
      vertex -6.78192 -6.37138 0
      vertex -8.60001 -7 0
      vertex -6.82387 -6.28268 0
    endloop
  endfacet
  facet normal 0 0 -1
    outer loop
      vertex -6.6071 6.6071 0
      vertex -8.23682 8.01503 0
      vertex -8.13138 8.13138 0
    endloop
  endfacet
  facet normal -0 0 -1
    outer loop
      vertex -6.82387 -6.28268 0
      vertex -8.60001 -7 0
      vertex -6.85693 -6.19028 0
    endloop
  endfacet
  facet normal 0 0 -1
    outer loop
      vertex -6.6071 6.6071 0
      vertex -8.33035 7.88892 0
      vertex -8.23682 8.01503 0
    endloop
  endfacet
  facet normal -0 0 -1
    outer loop
      vertex -6.85693 -6.19028 0
      vertex -8.60001 -7 0
      vertex -6.88078 -6.09508 0
    endloop
  endfacet
  facet normal 0 0 -1
    outer loop
      vertex -6.673 6.53439 0
      vertex -8.41107 7.75424 0
      vertex -8.33035 7.88892 0
    endloop
  endfacet
  facet normal -0 0 -1
    outer loop
      vertex -6.88078 -6.09508 0
      vertex -8.60001 -7 0
      vertex -6.89517 -5.99802 0
    endloop
  endfacet
  facet normal 0 0 -1
    outer loop
      vertex -6.673 6.53439 0
      vertex -8.47821 7.61229 0
      vertex -8.41107 7.75424 0
    endloop
  endfacet
  facet normal -0 0 -1
    outer loop
      vertex -6.89517 -5.99802 0
      vertex -8.60001 -7 0
      vertex -6.89999 -5.89999 0
    endloop
  endfacet
  facet normal 0 0 -1
    outer loop
      vertex -6.673 6.53439 0
      vertex -8.5311 7.46446 0
      vertex -8.47821 7.61229 0
    endloop
  endfacet
  facet normal 0 0 -1
    outer loop
      vertex -6.673 6.53439 0
      vertex -8.56926 7.31215 0
      vertex -8.5311 7.46446 0
    endloop
  endfacet
  facet normal 0 0 -1
    outer loop
      vertex -6.73146 6.45557 0
      vertex -8.5923 7.15683 0
      vertex -8.56926 7.31215 0
    endloop
  endfacet
  facet normal -0.892208 -0.282087 0.352692
    outer loop
      vertex -6.06155 -3.46618 9.84512
      vertex -8.5311 -7.46446 0.4
      vertex -6.01387 -3.65422 9.81534
    endloop
  endfacet
  facet normal 0.998794 0.0491022 0
    outer loop
      vertex 8.60001 7 0.4
      vertex 8.5923 7.15683 0
      vertex 8.5923 7.15683 0.4
    endloop
  endfacet
  facet normal 0.998794 0.0491022 0
    outer loop
      vertex 8.5923 7.15683 0
      vertex 8.60001 7 0.4
      vertex 8.60001 7 0
    endloop
  endfacet
  facet normal -0.242693 0.949296 0.199844
    outer loop
      vertex -4.74672 7.09153 10.5387
      vertex -7.46446 8.5311 0.4
      vertex -4.91267 7.04382 10.5638
    endloop
  endfacet
  facet normal 0.663629 0.698904 0.266701
    outer loop
      vertex 8.13138 8.13138 0.4
      vertex 5.57572 6.66403 10.6045
      vertex 5.70608 6.54086 10.6029
    endloop
  endfacet
  facet normal 0.510535 0.823275 0.248138
    outer loop
      vertex 7.88892 8.33035 0.4
      vertex 5.28492 6.87136 10.5983
      vertex 5.41614 6.78851 10.6032
    endloop
  endfacet
  facet normal 0.510632 0.82321 0.248153
    outer loop
      vertex 5.28492 6.87136 10.5983
      vertex 7.88892 8.33035 0.4
      vertex 5.26585 6.8834 10.5976
    endloop
  endfacet
  facet normal 0.238178 0.950652 0.198826
    outer loop
      vertex 7.31215 8.56926 0.4
      vertex 4.74672 7.09153 10.5387
      vertex 7.46446 8.5311 0.4
    endloop
  endfacet
  facet normal 0.239347 0.950307 0.199071
    outer loop
      vertex 4.74672 7.09153 10.5387
      vertex 7.31215 8.56926 0.4
      vertex 4.73973 7.0935 10.5377
    endloop
  endfacet
  facet normal 0.237126 0.950962 0.198603
    outer loop
      vertex 4.73973 7.0935 10.5377
      vertex 7.31215 8.56926 0.4
      vertex 4.73402 7.09507 10.537
    endloop
  endfacet
  facet normal 0.565202 -0.700434 0.43582
    outer loop
      vertex 5.51421 -4.4776 9.68493
      vertex 5.36877 -4.60779 9.66431
      vertex 8.01503 -8.23682 0.4
    endloop
  endfacet
  facet normal 0.961745 -0.0428366 0.270576
    outer loop
      vertex 8.60001 -7 0.4
      vertex 6.33572 2.92589 10.0197
      vertex 6.33347 2.62341 9.97981
    endloop
  endfacet
  facet normal 0.96174 -0.0428517 0.270591
    outer loop
      vertex 8.60001 -7 0.4
      vertex 6.32842 2.27785 9.94301
      vertex 6.32317 1.91811 9.9047
    endloop
  endfacet
  facet normal 0.961732 -0.0428821 0.270616
    outer loop
      vertex 8.60001 -7 0.4
      vertex 6.31385 1.49393 9.87065
      vertex 6.30859 1.25486 9.85146
    endloop
  endfacet
  facet normal 0.961731 -0.0428873 0.270618
    outer loop
      vertex 8.60001 -7 0.4
      vertex 6.29529 0.804212 9.82738
      vertex 6.28983 0.619494 9.81751
    endloop
  endfacet
  facet normal 0.961738 -0.0428593 0.270597
    outer loop
      vertex 8.60001 -7 0.4
      vertex 6.28358 0.451322 9.8131
      vertex 6.26679 0 9.80129
    endloop
  endfacet
  facet normal 0.961738 -0.0428592 0.270598
    outer loop
      vertex 8.60001 -7 0.4
      vertex 6.24609 -0.460711 9.80187
      vertex 6.23918 -0.614505 9.80207
    endloop
  endfacet
  facet normal 0.961739 -0.042854 0.270594
    outer loop
      vertex 8.60001 -7 0.4
      vertex 6.2308 -0.773713 9.80665
      vertex 6.20654 -1.23456 9.81989
    endloop
  endfacet
  facet normal 0.961739 -0.0428544 0.270595
    outer loop
      vertex 8.60001 -7 0.4
      vertex 6.19518 -1.4228 9.83044
      vertex 6.16814 -1.87108 9.85555
    endloop
  endfacet
  facet normal 0.961705 -0.0428562 0.270714
    outer loop
      vertex 6.09999 -3.0808 9.90616
      vertex 6.14115 -2.26865 9.88851
      vertex 6.12298 -2.53622 9.9107
    endloop
  endfacet
  facet normal 0.961737 -0.0428566 0.270603
    outer loop
      vertex 6.09999 -3.0808 9.90616
      vertex 6.12298 -2.53622 9.9107
      vertex 6.09999 -2.84162 9.94404
    endloop
  endfacet
  facet normal 0.961738 -0.0428604 0.270597
    outer loop
      vertex 6.14115 -2.26865 9.88851
      vertex 6.09999 -3.0808 9.90616
      vertex 8.60001 -7 0.4
    endloop
  endfacet
  facet normal 0.961739 -0.0428566 0.270596
    outer loop
      vertex 6.14115 -2.26865 9.88851
      vertex 8.60001 -7 0.4
      vertex 6.16814 -1.87108 9.85555
    endloop
  endfacet
  facet normal 0.961745 -0.0428394 0.270578
    outer loop
      vertex 6.33917 3.38836 10.0807
      vertex 8.60001 -7 0.4
      vertex 6.33945 3.86709 10.1555
    endloop
  endfacet
  facet normal 0.961735 -0.0428675 0.270606
    outer loop
      vertex 6.33572 2.92589 10.0197
      vertex 8.60001 -7 0.4
      vertex 6.33917 3.38836 10.0807
    endloop
  endfacet
  facet normal 0.961734 -0.042873 0.27061
    outer loop
      vertex 6.32842 2.27785 9.94301
      vertex 8.60001 -7 0.4
      vertex 6.33347 2.62341 9.97981
    endloop
  endfacet
  facet normal 0.96174 -0.0428522 0.270591
    outer loop
      vertex 6.31385 1.49393 9.87065
      vertex 8.60001 -7 0.4
      vertex 6.32317 1.91811 9.9047
    endloop
  endfacet
  facet normal 0.961743 -0.0428424 0.270584
    outer loop
      vertex 6.29529 0.804212 9.82738
      vertex 8.60001 -7 0.4
      vertex 6.30859 1.25486 9.85146
    endloop
  endfacet
  facet normal 0.961743 -0.0428381 0.270582
    outer loop
      vertex 6.28358 0.451322 9.8131
      vertex 8.60001 -7 0.4
      vertex 6.28983 0.619494 9.81751
    endloop
  endfacet
  facet normal 0.961735 -0.0428706 0.270605
    outer loop
      vertex 6.24609 -0.460711 9.80187
      vertex 8.60001 -7 0.4
      vertex 6.26679 0 9.80129
    endloop
  endfacet
  facet normal 0.961743 -0.0428378 0.270584
    outer loop
      vertex 6.2308 -0.773713 9.80665
      vertex 8.60001 -7 0.4
      vertex 6.23918 -0.614505 9.80207
    endloop
  endfacet
  facet normal 0.961735 -0.0428731 0.270605
    outer loop
      vertex 6.19518 -1.4228 9.83044
      vertex 8.60001 -7 0.4
      vertex 6.20654 -1.23456 9.81989
    endloop
  endfacet
  facet normal 0.336865 -0.941553 0
    outer loop
      vertex 7.46446 -8.5311 0
      vertex 7.61229 -8.47821 0.4
      vertex 7.46446 -8.5311 0.4
    endloop
  endfacet
  facet normal 0.336865 -0.941553 0
    outer loop
      vertex 7.61229 -8.47821 0.4
      vertex 7.46446 -8.5311 0
      vertex 7.61229 -8.47821 0
    endloop
  endfacet
  facet normal 5.29444e-05 -0.156867 0.98762
    outer loop
      vertex 4.49017 -5.01821 9.5993
      vertex 4.09999 -5.05618 9.59329
      vertex 4.29602 -5.04667 9.59479
    endloop
  endfacet
  facet normal 0.0455836 -0.927221 0.371731
    outer loop
      vertex 7.15683 -8.5923 0.4
      vertex 4.29602 -5.04667 9.59479
      vertex 7 -8.60001 0.4
    endloop
  endfacet
  facet normal -0.970019 -0.24303 0
    outer loop
      vertex -8.5311 -7.46446 0
      vertex -8.56926 -7.31215 0.4
      vertex -8.56926 -7.31215 0
    endloop
  endfacet
  facet normal -0.970019 -0.24303 0
    outer loop
      vertex -8.56926 -7.31215 0.4
      vertex -8.5311 -7.46446 0
      vertex -8.5311 -7.46446 0.4
    endloop
  endfacet
  facet normal -0.565202 -0.700434 0.43582
    outer loop
      vertex -5.51421 -4.4776 9.68493
      vertex -8.01503 -8.23682 0.4
      vertex -5.36877 -4.60779 9.66431
    endloop
  endfacet
  facet normal -0.051592 0.986377 0.156203
    outer loop
      vertex -4.45969 7.13509 10.4927
      vertex -7.15683 8.5923 0.4
      vertex -4.55134 7.12762 10.5096
    endloop
  endfacet
  facet normal -0.590226 0.764611 0.25885
    outer loop
      vertex -5.4258 6.78135 10.6032
      vertex -8.01503 8.23682 0.4
      vertex -5.51134 6.71559 10.6024
    endloop
  endfacet
  facet normal -0.590088 0.764724 0.258833
    outer loop
      vertex -5.567 6.67193 10.6045
      vertex -5.51134 6.71559 10.6024
      vertex -8.01503 8.23682 0.4
    endloop
  endfacet
  facet normal -0.941757 -0.139699 0.305904
    outer loop
      vertex -6.09036 -3.27442 9.87549
      vertex -8.5923 -7.15683 0.4
      vertex -8.56926 -7.31215 0.4
    endloop
  endfacet
  facet normal -0.998794 -0.0491022 0
    outer loop
      vertex -8.5923 -7.15683 0
      vertex -8.60001 -7 0.4
      vertex -8.60001 -7 0
    endloop
  endfacet
  facet normal -0.998794 -0.0491022 0
    outer loop
      vertex -8.60001 -7 0.4
      vertex -8.5923 -7.15683 0
      vertex -8.5923 -7.15683 0.4
    endloop
  endfacet
  facet normal 0.989176 -0.146733 0
    outer loop
      vertex 8.56926 -7.31215 0.4
      vertex 8.5923 -7.15683 0
      vertex 8.5923 -7.15683 0.4
    endloop
  endfacet
  facet normal 0.989176 -0.146733 0
    outer loop
      vertex 8.5923 -7.15683 0
      vertex 8.56926 -7.31215 0.4
      vertex 8.56926 -7.31215 0
    endloop
  endfacet
  facet normal 2.53769e-05 0.989762 0.142725
    outer loop
      vertex 7 8.60001 0.4
      vertex 3.85363 7.16196 10.3731
      vertex 4.27553 7.14962 10.4586
    endloop
  endfacet
  facet normal 0.0467606 0.989765 -0.134826
    outer loop
      vertex 3.82854 7.16269 10.368
      vertex 3.73907 7.16486 10.3529
      vertex 3.813 7.16307 10.3654
    endloop
  endfacet
  facet normal 4.03111e-06 0.989763 0.142719
    outer loop
      vertex 7 8.60001 0.4
      vertex 2.32007 7.18791 10.1931
      vertex 2.9735 7.17865 10.2573
    endloop
  endfacet
  facet normal 3.67578e-05 0.989761 0.142736
    outer loop
      vertex 7 8.60001 0.4
      vertex 2.01999 7.19153 10.168
      vertex 2.18103 7.18988 10.1794
    endloop
  endfacet
  facet normal -6.28702e-06 0.989764 0.142713
    outer loop
      vertex 0.221022 7.20298 10.0886
      vertex 7 8.60001 0.4
      vertex 0 7.20344 10.0854
    endloop
  endfacet
  facet normal 1.017e-05 0.989763 0.142724
    outer loop
      vertex 0.709333 7.20198 10.0955
      vertex 7 8.60001 0.4
      vertex 0.221022 7.20298 10.0886
    endloop
  endfacet
  facet normal 8.26336e-06 0.989763 0.142723
    outer loop
      vertex 1.23153 7.19876 10.1178
      vertex 7 8.60001 0.4
      vertex 0.709333 7.20198 10.0955
    endloop
  endfacet
  facet normal -4.85578e-05 0.989767 0.14269
    outer loop
      vertex 1.43168 7.19753 10.1264
      vertex 7 8.60001 0.4
      vertex 1.23153 7.19876 10.1178
    endloop
  endfacet
  facet normal 2.53219e-06 0.989763 0.142719
    outer loop
      vertex 2.01999 7.19153 10.168
      vertex 7 8.60001 0.4
      vertex 1.43168 7.19753 10.1264
    endloop
  endfacet
  facet normal -3.7045e-05 0.989766 0.1427
    outer loop
      vertex 2.32007 7.18791 10.1931
      vertex 7 8.60001 0.4
      vertex 2.18103 7.18988 10.1794
    endloop
  endfacet
  facet normal -0.000105806 0.98977 0.142675
    outer loop
      vertex 3.05072 7.17726 10.267
      vertex 7 8.60001 0.4
      vertex 2.9735 7.17865 10.2573
    endloop
  endfacet
  facet normal 1.89557e-05 0.989763 0.142724
    outer loop
      vertex 3.73907 7.16486 10.3529
      vertex 7 8.60001 0.4
      vertex 3.05072 7.17726 10.267
    endloop
  endfacet
  facet normal -7.68578e-05 0.989767 0.142693
    outer loop
      vertex 3.82854 7.16269 10.368
      vertex 7 8.60001 0.4
      vertex 3.73907 7.16486 10.3529
    endloop
  endfacet
  facet normal -0.000199581 0.989772 0.142655
    outer loop
      vertex 3.85363 7.16196 10.3731
      vertex 7 8.60001 0.4
      vertex 3.82854 7.16269 10.368
    endloop
  endfacet
  facet normal 0.000199581 0.989772 0.142655
    outer loop
      vertex -7 8.60001 0.4
      vertex -3.85363 7.16196 10.3731
      vertex -3.82854 7.16269 10.368
    endloop
  endfacet
  facet normal -0.0467606 0.989765 -0.134826
    outer loop
      vertex -3.73907 7.16486 10.3529
      vertex -3.82854 7.16269 10.368
      vertex -3.813 7.16307 10.3654
    endloop
  endfacet
  facet normal 3.7045e-05 0.989766 0.1427
    outer loop
      vertex -7 8.60001 0.4
      vertex -2.32007 7.18791 10.1931
      vertex -2.18103 7.18988 10.1794
    endloop
  endfacet
  facet normal -2.53219e-06 0.989763 0.142719
    outer loop
      vertex -7 8.60001 0.4
      vertex -2.01999 7.19153 10.168
      vertex -1.43168 7.19753 10.1264
    endloop
  endfacet
  facet normal -0 0.989763 0.142717
    outer loop
      vertex -7 8.60001 0.4
      vertex 0 7.20344 10.0854
      vertex 7 8.60001 0.4
    endloop
  endfacet
  facet normal 6.28702e-06 0.989764 0.142713
    outer loop
      vertex 0 7.20344 10.0854
      vertex -7 8.60001 0.4
      vertex -0.221022 7.20298 10.0886
    endloop
  endfacet
  facet normal -1.017e-05 0.989763 0.142724
    outer loop
      vertex -0.221022 7.20298 10.0886
      vertex -7 8.60001 0.4
      vertex -0.709333 7.20198 10.0955
    endloop
  endfacet
  facet normal -8.26336e-06 0.989763 0.142723
    outer loop
      vertex -0.709333 7.20198 10.0955
      vertex -7 8.60001 0.4
      vertex -1.23153 7.19876 10.1178
    endloop
  endfacet
  facet normal 4.85578e-05 0.989767 0.14269
    outer loop
      vertex -1.23153 7.19876 10.1178
      vertex -7 8.60001 0.4
      vertex -1.43168 7.19753 10.1264
    endloop
  endfacet
  facet normal -3.67578e-05 0.989761 0.142736
    outer loop
      vertex -2.01999 7.19153 10.168
      vertex -7 8.60001 0.4
      vertex -2.18103 7.18988 10.1794
    endloop
  endfacet
  facet normal -4.03111e-06 0.989763 0.142719
    outer loop
      vertex -2.32007 7.18791 10.1931
      vertex -7 8.60001 0.4
      vertex -2.9735 7.17865 10.2573
    endloop
  endfacet
  facet normal 0.000105806 0.98977 0.142675
    outer loop
      vertex -2.9735 7.17865 10.2573
      vertex -7 8.60001 0.4
      vertex -3.05072 7.17726 10.267
    endloop
  endfacet
  facet normal -1.89557e-05 0.989763 0.142724
    outer loop
      vertex -3.05072 7.17726 10.267
      vertex -7 8.60001 0.4
      vertex -3.73907 7.16486 10.3529
    endloop
  endfacet
  facet normal 7.68578e-05 0.989767 0.142693
    outer loop
      vertex -3.73907 7.16486 10.3529
      vertex -7 8.60001 0.4
      vertex -3.82854 7.16269 10.368
    endloop
  endfacet
  facet normal -2.53769e-05 0.989762 0.142725
    outer loop
      vertex -3.85363 7.16196 10.3731
      vertex -7 8.60001 0.4
      vertex -4.27553 7.14962 10.4586
    endloop
  endfacet
  facet normal -0.510632 0.82321 0.248153
    outer loop
      vertex -7.88892 8.33035 0.4
      vertex -5.28492 6.87136 10.5983
      vertex -5.26585 6.8834 10.5976
    endloop
  endfacet
  facet normal -0.510535 0.823275 0.248138
    outer loop
      vertex -5.28492 6.87136 10.5983
      vertex -7.88892 8.33035 0.4
      vertex -5.41614 6.78851 10.6032
    endloop
  endfacet
  facet normal -0.605177 -0.667795 0.433372
    outer loop
      vertex -5.51421 -4.4776 9.68493
      vertex -8.13138 -8.13138 0.4
      vertex -8.01503 -8.23682 0.4
    endloop
  endfacet
  facet normal -1.79661e-05 -0.156431 0.987689
    outer loop
      vertex 4.68056 -4.97112 9.60676
      vertex 5.14025 -3.65422 9.81534
      vertex 4.77375 -3.91772 9.7736
    endloop
  endfacet
  facet normal 0 -0.156437 0.987688
    outer loop
      vertex 5.14025 -3.65422 9.81534
      vertex 4.68056 -4.97112 9.60676
      vertex 6.01387 -3.65422 9.81534
    endloop
  endfacet
  facet normal 9.37619e-06 -0.156433 0.987689
    outer loop
      vertex 4.30453 -4.20913 9.72745
      vertex 4.68056 -4.97112 9.60676
      vertex 4.77375 -3.91772 9.7736
    endloop
  endfacet
  facet normal -1.18448e-05 -0.156444 0.987687
    outer loop
      vertex 4.24568 -4.24568 9.72166
      vertex 4.68056 -4.97112 9.60676
      vertex 4.30453 -4.20913 9.72745
    endloop
  endfacet
  facet normal 5.03416e-05 -0.156407 0.987693
    outer loop
      vertex 4.19423 -4.27304 9.71733
      vertex 4.68056 -4.97112 9.60676
      vertex 4.24568 -4.24568 9.72166
    endloop
  endfacet
  facet normal 2.4506e-07 -0.156441 0.987687
    outer loop
      vertex 3.7157 -4.5276 9.67701
      vertex 4.68056 -4.97112 9.60676
      vertex 4.19423 -4.27304 9.71733
    endloop
  endfacet
  facet normal -8.99351e-06 -0.156461 0.987684
    outer loop
      vertex 3.60678 -4.57658 9.66925
      vertex 4.68056 -4.97112 9.60676
      vertex 3.7157 -4.5276 9.67701
    endloop
  endfacet
  facet normal 3.5976e-06 -0.156427 0.987689
    outer loop
      vertex 3.18538 -4.73362 9.64438
      vertex 4.68056 -4.97112 9.60676
      vertex 3.60678 -4.57658 9.66925
    endloop
  endfacet
  facet normal -0.000143095 -0.157328 0.987546
    outer loop
      vertex 3.16738 -4.74032 9.64331
      vertex 4.68056 -4.97112 9.60676
      vertex 3.18538 -4.73362 9.64438
    endloop
  endfacet
  facet normal -3.97832e-07 -0.156416 0.987691
    outer loop
      vertex 2.66123 -4.89774 9.61838
      vertex 4.68056 -4.97112 9.60676
      vertex 3.16738 -4.74032 9.64331
    endloop
  endfacet
  facet normal 1.58364e-06 -0.156362 0.9877
    outer loop
      vertex 2.62407 -4.9093 9.61655
      vertex 4.68056 -4.97112 9.60676
      vertex 2.66123 -4.89774 9.61838
    endloop
  endfacet
  facet normal 1.24198e-05 -0.156011 0.987755
    outer loop
      vertex 2.58329 -4.91956 9.61493
      vertex 4.68056 -4.97112 9.60676
      vertex 2.62407 -4.9093 9.61655
    endloop
  endfacet
  facet normal 0 -0.156504 0.987677
    outer loop
      vertex 4.68056 -4.97112 9.60676
      vertex 2.58329 -4.91956 9.61493
      vertex 2.37839 -4.97112 9.60676
    endloop
  endfacet
  facet normal -1.24198e-05 -0.156011 0.987755
    outer loop
      vertex -4.68056 -4.97112 9.60676
      vertex -2.58329 -4.91956 9.61493
      vertex -2.62407 -4.9093 9.61655
    endloop
  endfacet
  facet normal 3.97832e-07 -0.156416 0.987691
    outer loop
      vertex -4.68056 -4.97112 9.60676
      vertex -2.66123 -4.89774 9.61838
      vertex -3.16738 -4.74032 9.64331
    endloop
  endfacet
  facet normal 0 -0.156504 0.987677
    outer loop
      vertex -2.58329 -4.91956 9.61493
      vertex -4.68056 -4.97112 9.60676
      vertex -2.37839 -4.97112 9.60676
    endloop
  endfacet
  facet normal -1.58364e-06 -0.156362 0.9877
    outer loop
      vertex -2.66123 -4.89774 9.61838
      vertex -4.68056 -4.97112 9.60676
      vertex -2.62407 -4.9093 9.61655
    endloop
  endfacet
  facet normal 0.000143095 -0.157328 0.987546
    outer loop
      vertex -3.18538 -4.73362 9.64438
      vertex -4.68056 -4.97112 9.60676
      vertex -3.16738 -4.74032 9.64331
    endloop
  endfacet
  facet normal -3.5976e-06 -0.156427 0.987689
    outer loop
      vertex -3.60678 -4.57658 9.66925
      vertex -4.68056 -4.97112 9.60676
      vertex -3.18538 -4.73362 9.64438
    endloop
  endfacet
  facet normal 8.99351e-06 -0.156461 0.987684
    outer loop
      vertex -3.7157 -4.5276 9.67701
      vertex -4.68056 -4.97112 9.60676
      vertex -3.60678 -4.57658 9.66925
    endloop
  endfacet
  facet normal -2.4506e-07 -0.156441 0.987687
    outer loop
      vertex -4.19423 -4.27304 9.71733
      vertex -4.68056 -4.97112 9.60676
      vertex -3.7157 -4.5276 9.67701
    endloop
  endfacet
  facet normal -5.03416e-05 -0.156407 0.987693
    outer loop
      vertex -4.24568 -4.24568 9.72166
      vertex -4.68056 -4.97112 9.60676
      vertex -4.19423 -4.27304 9.71733
    endloop
  endfacet
  facet normal 1.18448e-05 -0.156444 0.987687
    outer loop
      vertex -4.30453 -4.20913 9.72745
      vertex -4.68056 -4.97112 9.60676
      vertex -4.24568 -4.24568 9.72166
    endloop
  endfacet
  facet normal -9.37619e-06 -0.156433 0.987689
    outer loop
      vertex -4.77375 -3.91772 9.7736
      vertex -4.68056 -4.97112 9.60676
      vertex -4.30453 -4.20913 9.72745
    endloop
  endfacet
  facet normal 1.79661e-05 -0.156431 0.987689
    outer loop
      vertex -5.14025 -3.65422 9.81534
      vertex -4.68056 -4.97112 9.60676
      vertex -4.77375 -3.91772 9.7736
    endloop
  endfacet
  facet normal 0 -0.156437 0.987688
    outer loop
      vertex -4.68056 -4.97112 9.60676
      vertex -5.14025 -3.65422 9.81534
      vertex -6.01387 -3.65422 9.81534
    endloop
  endfacet
  facet normal -0.0455836 -0.927221 0.371731
    outer loop
      vertex -4.29602 -5.04667 9.59479
      vertex -7.15683 -8.5923 0.4
      vertex -7 -8.60001 0.4
    endloop
  endfacet
  facet normal -0.0421677 -0.927709 0.370915
    outer loop
      vertex -4.29602 -5.04667 9.59479
      vertex -7 -8.60001 0.4
      vertex -4.09999 -5.05618 9.59329
    endloop
  endfacet
  facet normal -0.24303 -0.970019 0
    outer loop
      vertex -7.46446 -8.5311 0
      vertex -7.31215 -8.56926 0.4
      vertex -7.46446 -8.5311 0.4
    endloop
  endfacet
  facet normal -0.24303 -0.970019 -0
    outer loop
      vertex -7.31215 -8.56926 0.4
      vertex -7.46446 -8.5311 0
      vertex -7.31215 -8.56926 0
    endloop
  endfacet
  facet normal -5.18542e-05 -0.156541 0.987671
    outer loop
      vertex -4.68056 -4.97112 9.60676
      vertex -5.36877 -4.60779 9.66431
      vertex -5.04279 -4.82292 9.63023
    endloop
  endfacet
  facet normal -0.356318 -0.830527 0.428091
    outer loop
      vertex -5.04279 -4.82292 9.63023
      vertex -7.61229 -8.47821 0.4
      vertex -4.86536 -4.90581 9.6171
    endloop
  endfacet
  facet normal -0.973611 0.0123759 0.227878
    outer loop
      vertex -8.60001 7 0.4
      vertex -6.28579 5.20483 10.385
      vertex -6.27569 5.34389 10.4206
    endloop
  endfacet
  facet normal -0.973636 0.0118873 0.227797
    outer loop
      vertex -6.28579 5.20483 10.385
      vertex -8.60001 7 0.4
      vertex -6.28849 5.16765 10.3754
    endloop
  endfacet
  facet normal 0.803206 -0.595701 0
    outer loop
      vertex 8.23682 -8.01503 0.4
      vertex 8.33035 -7.88892 0
      vertex 8.33035 -7.88892 0.4
    endloop
  endfacet
  facet normal 0.803206 -0.595701 0
    outer loop
      vertex 8.33035 -7.88892 0
      vertex 8.23682 -8.01503 0.4
      vertex 8.23682 -8.01503 0
    endloop
  endfacet
  facet normal -0.961735 -0.0428675 0.270606
    outer loop
      vertex -8.60001 -7 0.4
      vertex -6.33572 2.92589 10.0197
      vertex -6.33917 3.38836 10.0807
    endloop
  endfacet
  facet normal -0.961734 -0.042873 0.27061
    outer loop
      vertex -8.60001 -7 0.4
      vertex -6.32842 2.27785 9.94301
      vertex -6.33347 2.62341 9.97981
    endloop
  endfacet
  facet normal -0.96174 -0.0428522 0.270591
    outer loop
      vertex -8.60001 -7 0.4
      vertex -6.31385 1.49393 9.87065
      vertex -6.32317 1.91811 9.9047
    endloop
  endfacet
  facet normal -0.961743 -0.0428424 0.270584
    outer loop
      vertex -8.60001 -7 0.4
      vertex -6.29529 0.804212 9.82738
      vertex -6.30859 1.25486 9.85146
    endloop
  endfacet
  facet normal -0.961743 -0.0428381 0.270582
    outer loop
      vertex -8.60001 -7 0.4
      vertex -6.28358 0.451322 9.8131
      vertex -6.28983 0.619494 9.81751
    endloop
  endfacet
  facet normal -0.961735 -0.0428706 0.270605
    outer loop
      vertex -8.60001 -7 0.4
      vertex -6.24609 -0.460711 9.80187
      vertex -6.26679 0 9.80129
    endloop
  endfacet
  facet normal -0.961743 -0.0428378 0.270584
    outer loop
      vertex -8.60001 -7 0.4
      vertex -6.2308 -0.773713 9.80665
      vertex -6.23918 -0.614505 9.80207
    endloop
  endfacet
  facet normal -0.961735 -0.0428731 0.270605
    outer loop
      vertex -8.60001 -7 0.4
      vertex -6.19518 -1.4228 9.83044
      vertex -6.20654 -1.23456 9.81989
    endloop
  endfacet
  facet normal -0.961739 -0.0428566 0.270596
    outer loop
      vertex -8.60001 -7 0.4
      vertex -6.14115 -2.26865 9.88851
      vertex -6.16814 -1.87108 9.85555
    endloop
  endfacet
  facet normal -0.961737 -0.0428566 0.270603
    outer loop
      vertex -6.12298 -2.53622 9.9107
      vertex -6.09999 -3.0808 9.90616
      vertex -6.09999 -2.84162 9.94404
    endloop
  endfacet
  facet normal -0.961738 -0.0428604 0.270597
    outer loop
      vertex -6.09999 -3.0808 9.90616
      vertex -6.14115 -2.26865 9.88851
      vertex -8.60001 -7 0.4
    endloop
  endfacet
  facet normal -0.961739 -0.0428544 0.270595
    outer loop
      vertex -6.19518 -1.4228 9.83044
      vertex -8.60001 -7 0.4
      vertex -6.16814 -1.87108 9.85555
    endloop
  endfacet
  facet normal -0.961705 -0.0428562 0.270714
    outer loop
      vertex -6.14115 -2.26865 9.88851
      vertex -6.09999 -3.0808 9.90616
      vertex -6.12298 -2.53622 9.9107
    endloop
  endfacet
  facet normal -0.961739 -0.042854 0.270594
    outer loop
      vertex -6.2308 -0.773713 9.80665
      vertex -8.60001 -7 0.4
      vertex -6.20654 -1.23456 9.81989
    endloop
  endfacet
  facet normal -0.961738 -0.0428592 0.270598
    outer loop
      vertex -6.24609 -0.460711 9.80187
      vertex -8.60001 -7 0.4
      vertex -6.23918 -0.614505 9.80207
    endloop
  endfacet
  facet normal -0.961738 -0.0428593 0.270597
    outer loop
      vertex -6.28358 0.451322 9.8131
      vertex -8.60001 -7 0.4
      vertex -6.26679 0 9.80129
    endloop
  endfacet
  facet normal -0.961731 -0.0428873 0.270618
    outer loop
      vertex -6.29529 0.804212 9.82738
      vertex -8.60001 -7 0.4
      vertex -6.28983 0.619494 9.81751
    endloop
  endfacet
  facet normal -0.961732 -0.0428821 0.270616
    outer loop
      vertex -6.31385 1.49393 9.87065
      vertex -8.60001 -7 0.4
      vertex -6.30859 1.25486 9.85146
    endloop
  endfacet
  facet normal -0.96174 -0.0428517 0.270591
    outer loop
      vertex -6.32842 2.27785 9.94301
      vertex -8.60001 -7 0.4
      vertex -6.32317 1.91811 9.9047
    endloop
  endfacet
  facet normal -0.961745 -0.0428366 0.270576
    outer loop
      vertex -6.33572 2.92589 10.0197
      vertex -8.60001 -7 0.4
      vertex -6.33347 2.62341 9.97981
    endloop
  endfacet
  facet normal -0.961745 -0.0428394 0.270578
    outer loop
      vertex -8.60001 -7 0.4
      vertex -6.33917 3.38836 10.0807
      vertex -6.33945 3.86709 10.1555
    endloop
  endfacet
  facet normal -0.841015 0.467099 0.272969
    outer loop
      vertex -5.95271 6.23312 10.5771
      vertex -8.41107 7.75424 0.4
      vertex -6.04574 6.0783 10.5554
    endloop
  endfacet
  facet normal -0.785384 -0.470717 0.401991
    outer loop
      vertex -5.86383 -4.01199 9.75867
      vertex -8.41107 -7.75424 0.4
      vertex -8.33035 -7.88892 0.4
    endloop
  endfacet
  facet normal -0.97421 -0.000561659 0.225643
    outer loop
      vertex -8.60001 7 0.4
      vertex -6.28888 5.16115 10.3737
      vertex -6.28849 5.16765 10.3754
    endloop
  endfacet
  facet normal -0.974185 5.93986e-05 0.225751
    outer loop
      vertex -8.60001 7 0.4
      vertex -6.29004 5.13931 10.3687
      vertex -6.28888 5.16115 10.3737
    endloop
  endfacet
  facet normal -0.974188 -1.64473e-05 0.225738
    outer loop
      vertex -8.60001 7 0.4
      vertex -6.2937 5.07046 10.3529
      vertex -6.29004 5.13931 10.3687
    endloop
  endfacet
  facet normal -0.974187 1.39351e-05 0.225744
    outer loop
      vertex -8.60001 7 0.4
      vertex -6.32715 4.22766 10.2086
      vertex -6.2937 5.07046 10.3529
    endloop
  endfacet
  facet normal -0.974186 3.38517e-05 0.225749
    outer loop
      vertex -8.60001 7 0.4
      vertex -6.33281 4.06177 10.1842
      vertex -6.32715 4.22766 10.2086
    endloop
  endfacet
  facet normal -0.974191 -4.97362e-05 0.225725
    outer loop
      vertex -8.60001 7 0.4
      vertex -6.33945 3.86709 10.1555
      vertex -6.33281 4.06177 10.1842
    endloop
  endfacet
  facet normal -0.974188 0 0.22574
    outer loop
      vertex -6.33945 3.86709 10.1555
      vertex -8.60001 7 0.4
      vertex -8.60001 -7 0.4
    endloop
  endfacet
  facet normal 0.146733 0.989176 -0
    outer loop
      vertex 7.31215 8.56926 0
      vertex 7.15683 8.5923 0.4
      vertex 7.31215 8.56926 0.4
    endloop
  endfacet
  facet normal 0.146733 0.989176 0
    outer loop
      vertex 7.15683 8.5923 0.4
      vertex 7.31215 8.56926 0
      vertex 7.15683 8.5923 0
    endloop
  endfacet
  facet normal -0.595701 -0.803206 0
    outer loop
      vertex -8.01503 -8.23682 0
      vertex -7.88892 -8.33035 0.4
      vertex -8.01503 -8.23682 0.4
    endloop
  endfacet
  facet normal -0.595701 -0.803206 -0
    outer loop
      vertex -7.88892 -8.33035 0.4
      vertex -8.01503 -8.23682 0
      vertex -7.88892 -8.33035 0
    endloop
  endfacet
  facet normal 0.801775 -0.446805 0.396891
    outer loop
      vertex 5.94775 -3.83674 9.78643
      vertex 5.86383 -4.01199 9.75867
      vertex 8.41107 -7.75424 0.4
    endloop
  endfacet
  facet normal 0.146733 -0.989176 0
    outer loop
      vertex 7.15683 -8.5923 0
      vertex 7.31215 -8.56926 0.4
      vertex 7.15683 -8.5923 0.4
    endloop
  endfacet
  facet normal 0.146733 -0.989176 0
    outer loop
      vertex 7.31215 -8.56926 0.4
      vertex 7.15683 -8.5923 0
      vertex 7.31215 -8.56926 0
    endloop
  endfacet
  facet normal 0.514084 0.85774 -0
    outer loop
      vertex 7.88892 8.33035 0
      vertex 7.75424 8.41107 0.4
      vertex 7.88892 8.33035 0.4
    endloop
  endfacet
  facet normal 0.514084 0.85774 0
    outer loop
      vertex 7.75424 8.41107 0.4
      vertex 7.88892 8.33035 0
      vertex 7.75424 8.41107 0
    endloop
  endfacet
  facet normal -0.0491022 -0.998794 0
    outer loop
      vertex -7.15683 -8.5923 0
      vertex -7 -8.60001 0.4
      vertex -7.15683 -8.5923 0.4
    endloop
  endfacet
  facet normal -0.0491022 -0.998794 -0
    outer loop
      vertex -7 -8.60001 0.4
      vertex -7.15683 -8.5923 0
      vertex -7 -8.60001 0
    endloop
  endfacet
  facet normal 0.144384 0.973338 0.178229
    outer loop
      vertex 7.15683 8.5923 0.4
      vertex 4.56465 7.12528 10.5116
      vertex 7.31215 8.56926 0.4
    endloop
  endfacet
  facet normal 0.144342 0.973346 0.178219
    outer loop
      vertex 4.56465 7.12528 10.5116
      vertex 7.15683 8.5923 0.4
      vertex 4.55134 7.12762 10.5096
    endloop
  endfacet
  facet normal -0.941553 -0.336865 0
    outer loop
      vertex -8.47821 -7.61229 0
      vertex -8.5311 -7.46446 0.4
      vertex -8.5311 -7.46446 0
    endloop
  endfacet
  facet normal -0.941553 -0.336865 0
    outer loop
      vertex -8.5311 -7.46446 0.4
      vertex -8.47821 -7.61229 0
      vertex -8.47821 -7.61229 0.4
    endloop
  endfacet
  facet normal -0.903983 -0.427569 0
    outer loop
      vertex -8.41107 -7.75424 0
      vertex -8.47821 -7.61229 0.4
      vertex -8.47821 -7.61229 0
    endloop
  endfacet
  facet normal -0.903983 -0.427569 0
    outer loop
      vertex -8.47821 -7.61229 0.4
      vertex -8.41107 -7.75424 0
      vertex -8.41107 -7.75424 0.4
    endloop
  endfacet
  facet normal 0.772665 0.57305 0.273133
    outer loop
      vertex 5.83305 6.39727 10.5942
      vertex 8.33035 7.88892 0.4
      vertex 8.23682 8.01503 0.4
    endloop
  endfacet
  facet normal 0.771975 0.573994 0.273102
    outer loop
      vertex 8.33035 7.88892 0.4
      vertex 5.83305 6.39727 10.5942
      vertex 5.84001 6.38829 10.5934
    endloop
  endfacet
  facet normal 0.727999 0.629526 0.271505
    outer loop
      vertex 5.71754 6.52829 10.6023
      vertex 8.23682 8.01503 0.4
      vertex 5.71392 6.53239 10.6025
    endloop
  endfacet
  facet normal 0.73017 0.626938 0.271664
    outer loop
      vertex 8.23682 8.01503 0.4
      vertex 5.71754 6.52829 10.6023
      vertex 5.83305 6.39727 10.5942
    endloop
  endfacet
  facet normal 0.941553 0.336865 0
    outer loop
      vertex 8.5311 7.46446 0.4
      vertex 8.47821 7.61229 0
      vertex 8.47821 7.61229 0.4
    endloop
  endfacet
  facet normal 0.941553 0.336865 0
    outer loop
      vertex 8.47821 7.61229 0
      vertex 8.5311 7.46446 0.4
      vertex 8.5311 7.46446 0
    endloop
  endfacet
  facet normal 0.973611 0.0123759 0.227878
    outer loop
      vertex 6.28579 5.20483 10.385
      vertex 8.60001 7 0.4
      vertex 6.27569 5.34389 10.4206
    endloop
  endfacet
  facet normal 0.973636 0.0118873 0.227797
    outer loop
      vertex 8.60001 7 0.4
      vertex 6.28579 5.20483 10.385
      vertex 6.28849 5.16765 10.3754
    endloop
  endfacet
  facet normal 0.740994 0.671512 0
    outer loop
      vertex 8.23682 8.01503 0.4
      vertex 8.13138 8.13138 0
      vertex 8.13138 8.13138 0.4
    endloop
  endfacet
  facet normal 0.740994 0.671512 0
    outer loop
      vertex 8.13138 8.13138 0
      vertex 8.23682 8.01503 0.4
      vertex 8.23682 8.01503 0
    endloop
  endfacet
  facet normal 0.78947 0.549362 0.273749
    outer loop
      vertex 8.33035 7.88892 0.4
      vertex 5.84001 6.38829 10.5934
      vertex 5.94664 6.24258 10.5783
    endloop
  endfacet
  facet normal 0.970019 0.24303 0
    outer loop
      vertex 8.56926 7.31215 0.4
      vertex 8.5311 7.46446 0
      vertex 8.5311 7.46446 0.4
    endloop
  endfacet
  facet normal 0.970019 0.24303 0
    outer loop
      vertex 8.5311 7.46446 0
      vertex 8.56926 7.31215 0.4
      vertex 8.56926 7.31215 0
    endloop
  endfacet
  facet normal 0.590088 0.764724 0.258833
    outer loop
      vertex 5.567 6.67193 10.6045
      vertex 8.01503 8.23682 0.4
      vertex 5.51134 6.71559 10.6024
    endloop
  endfacet
  facet normal 0.590226 0.764611 0.25885
    outer loop
      vertex 5.4258 6.78135 10.6032
      vertex 5.51134 6.71559 10.6024
      vertex 8.01503 8.23682 0.4
    endloop
  endfacet
  facet normal 0.64752 0.71452 0.264912
    outer loop
      vertex 8.01503 8.23682 0.4
      vertex 5.57572 6.66403 10.6045
      vertex 8.13138 8.13138 0.4
    endloop
  endfacet
  facet normal 0.647417 0.714617 0.264902
    outer loop
      vertex 5.57572 6.66403 10.6045
      vertex 8.01503 8.23682 0.4
      vertex 5.567 6.67193 10.6045
    endloop
  endfacet
  facet normal 0.000221104 -0.15641 0.987692
    outer loop
      vertex 5.96094 -2.97407 9.92306
      vertex 5.95131 -2.98324 9.92161
      vertex 6.01387 -3.65422 9.81534
    endloop
  endfacet
  facet normal 0.595701 -0.803206 0
    outer loop
      vertex 7.88892 -8.33035 0
      vertex 8.01503 -8.23682 0.4
      vertex 7.88892 -8.33035 0.4
    endloop
  endfacet
  facet normal 0.595701 -0.803206 0
    outer loop
      vertex 8.01503 -8.23682 0.4
      vertex 7.88892 -8.33035 0
      vertex 8.01503 -8.23682 0
    endloop
  endfacet
  facet normal 0.000275219 -0.156466 0.987683
    outer loop
      vertex 6.09999 -3.0808 9.90616
      vertex 6.06155 -3.46618 9.84512
      vertex 6.09036 -3.27442 9.87549
    endloop
  endfacet
  facet normal 0.892208 -0.282087 0.352692
    outer loop
      vertex 6.06155 -3.46618 9.84512
      vertex 6.01387 -3.65422 9.81534
      vertex 8.5311 -7.46446 0.4
    endloop
  endfacet
  facet normal 0.690736 -0.585796 0.423942
    outer loop
      vertex 5.76292 -4.17826 9.73234
      vertex 5.64601 -4.33396 9.70768
      vertex 8.23682 -8.01503 0.4
    endloop
  endfacet
  facet normal 5.18542e-05 -0.156541 0.987671
    outer loop
      vertex 5.36877 -4.60779 9.66431
      vertex 4.68056 -4.97112 9.60676
      vertex 5.04279 -4.82292 9.63023
    endloop
  endfacet
  facet normal -0.671512 0.740994 0
    outer loop
      vertex -8.01503 8.23682 0
      vertex -8.13138 8.13138 0.4
      vertex -8.01503 8.23682 0.4
    endloop
  endfacet
  facet normal -0.671512 0.740994 0
    outer loop
      vertex -8.13138 8.13138 0.4
      vertex -8.01503 8.23682 0
      vertex -8.13138 8.13138 0
    endloop
  endfacet
  facet normal -0.663629 0.698904 0.266701
    outer loop
      vertex -5.57572 6.66403 10.6045
      vertex -8.13138 8.13138 0.4
      vertex -5.70608 6.54086 10.6029
    endloop
  endfacet
  facet normal -8.94662e-05 -0.156427 0.98769
    outer loop
      vertex -6.00262 -2.93436 9.92935
      vertex -6.02119 -2.91667 9.93215
      vertex -6.01387 -3.65422 9.81534
    endloop
  endfacet
  facet normal -0.413858 0.880145 0.232521
    outer loop
      vertex -7.61229 8.47821 0.4
      vertex -5.09824 6.96963 10.585
      vertex -5.08702 6.97517 10.584
    endloop
  endfacet
  facet normal -0.415816 0.879134 0.232855
    outer loop
      vertex -5.09824 6.96963 10.585
      vertex -7.61229 8.47821 0.4
      vertex -7.75424 8.41107 0.4
    endloop
  endfacet
  facet normal -0.514084 0.85774 0
    outer loop
      vertex -7.75424 8.41107 0
      vertex -7.88892 8.33035 0.4
      vertex -7.75424 8.41107 0.4
    endloop
  endfacet
  facet normal -0.514084 0.85774 0
    outer loop
      vertex -7.88892 8.33035 0.4
      vertex -7.75424 8.41107 0
      vertex -7.88892 8.33035 0
    endloop
  endfacet
  facet normal -0.884253 0.38148 0.269387
    outer loop
      vertex -8.47821 7.61229 0.4
      vertex -6.05661 6.05661 10.5518
      vertex -6.05091 6.06841 10.5538
    endloop
  endfacet
  facet normal -0.88453 0.380859 0.269358
    outer loop
      vertex -6.05661 6.05661 10.5518
      vertex -8.47821 7.61229 0.4
      vertex -6.12802 5.90512 10.5315
    endloop
  endfacet
  facet normal -0.825103 0.494523 0.273224
    outer loop
      vertex -8.41107 7.75424 0.4
      vertex -5.94664 6.24258 10.5783
      vertex -8.33035 7.88892 0.4
    endloop
  endfacet
  facet normal -0.824997 0.4947 0.273225
    outer loop
      vertex -5.94664 6.24258 10.5783
      vertex -8.41107 7.75424 0.4
      vertex -5.95271 6.23312 10.5771
    endloop
  endfacet
  facet normal 0.425708 0.873895 0.234693
    outer loop
      vertex 7.75424 8.41107 0.4
      vertex 5.09824 6.96963 10.585
      vertex 5.25541 6.88979 10.5972
    endloop
  endfacet
  facet normal -0.425708 0.873895 0.234693
    outer loop
      vertex -5.09824 6.96963 10.585
      vertex -7.75424 8.41107 0.4
      vertex -5.25541 6.88979 10.5972
    endloop
  endfacet
  facet normal -0.000221104 -0.15641 0.987692
    outer loop
      vertex -5.96094 -2.97407 9.92306
      vertex -6.01387 -3.65422 9.81534
      vertex -5.95131 -2.98324 9.92161
    endloop
  endfacet
  facet normal -0.629541 -0.646018 0.43167
    outer loop
      vertex -5.64601 -4.33396 9.70768
      vertex -8.13138 -8.13138 0.4
      vertex -5.51421 -4.4776 9.68493
    endloop
  endfacet
  facet normal -0.124635 -0.912125 0.390505
    outer loop
      vertex -4.49017 -5.01821 9.5993
      vertex -7.15683 -8.5923 0.4
      vertex -4.29602 -5.04667 9.59479
    endloop
  endfacet
  facet normal -5.29444e-05 -0.156867 0.98762
    outer loop
      vertex -4.09999 -5.05618 9.59329
      vertex -4.49017 -5.01821 9.5993
      vertex -4.29602 -5.04667 9.59479
    endloop
  endfacet
  facet normal -0.958633 0.142203 0.24658
    outer loop
      vertex -8.5923 7.15683 0.4
      vertex -6.24285 5.54158 10.4655
      vertex -8.56926 7.31215 0.4
    endloop
  endfacet
  facet normal -0.9585 0.142944 0.246668
    outer loop
      vertex -6.24285 5.54158 10.4655
      vertex -8.5923 7.15683 0.4
      vertex -6.24506 5.53073 10.4632
    endloop
  endfacet
  facet normal 7.35429e-05 -0.156417 0.987691
    outer loop
      vertex -5.86383 -4.01199 9.75867
      vertex -6.01387 -3.65422 9.81534
      vertex -5.94775 -3.83674 9.78643
    endloop
  endfacet
  facet normal 0.825103 0.494523 0.273224
    outer loop
      vertex 5.94664 6.24258 10.5783
      vertex 8.41107 7.75424 0.4
      vertex 8.33035 7.88892 0.4
    endloop
  endfacet
  facet normal 0.824997 0.4947 0.273225
    outer loop
      vertex 8.41107 7.75424 0.4
      vertex 5.94664 6.24258 10.5783
      vertex 5.95271 6.23312 10.5771
    endloop
  endfacet
  facet normal 0.919729 0.291455 0.262968
    outer loop
      vertex 8.5311 7.46446 0.4
      vertex 6.13217 5.89483 10.5299
      vertex 6.19387 5.72557 10.5017
    endloop
  endfacet
  facet normal -0.595701 0.803206 0
    outer loop
      vertex -7.88892 8.33035 0
      vertex -8.01503 8.23682 0.4
      vertex -7.88892 8.33035 0.4
    endloop
  endfacet
  facet normal -0.595701 0.803206 0
    outer loop
      vertex -8.01503 8.23682 0.4
      vertex -7.88892 8.33035 0
      vertex -8.01503 8.23682 0
    endloop
  endfacet
  facet normal 0.0491022 0.998794 -0
    outer loop
      vertex 7.15683 8.5923 0
      vertex 7 8.60001 0.4
      vertex 7.15683 8.5923 0.4
    endloop
  endfacet
  facet normal 0.0491022 0.998794 0
    outer loop
      vertex 7 8.60001 0.4
      vertex 7.15683 8.5923 0
      vertex 7 8.60001 0
    endloop
  endfacet
  facet normal 0.970019 -0.24303 0
    outer loop
      vertex 8.5311 -7.46446 0.4
      vertex 8.56926 -7.31215 0
      vertex 8.56926 -7.31215 0.4
    endloop
  endfacet
  facet normal 0.970019 -0.24303 0
    outer loop
      vertex 8.56926 -7.31215 0
      vertex 8.5311 -7.46446 0.4
      vertex 8.5311 -7.46446 0
    endloop
  endfacet
  facet normal -0.24303 0.970019 0
    outer loop
      vertex -7.31215 8.56926 0
      vertex -7.46446 8.5311 0.4
      vertex -7.31215 8.56926 0.4
    endloop
  endfacet
  facet normal -0.24303 0.970019 0
    outer loop
      vertex -7.46446 8.5311 0.4
      vertex -7.31215 8.56926 0
      vertex -7.46446 8.5311 0
    endloop
  endfacet
  facet normal 2.07388e-05 -0.156411 0.987692
    outer loop
      vertex -6.09999 -3.0808 9.90616
      vertex -6.02119 -2.91667 9.93215
      vertex -6.0552 -2.88428 9.93728
    endloop
  endfacet
  facet normal 8.26081e-05 -0.156425 0.98769
    outer loop
      vertex -6.09999 -3.0808 9.90616
      vertex -6.0552 -2.88428 9.93728
      vertex -6.09999 -2.84162 9.94404
    endloop
  endfacet
  facet normal 5.16286e-05 -0.156426 0.98769
    outer loop
      vertex -6.02119 -2.91667 9.93215
      vertex -6.09999 -3.0808 9.90616
      vertex -6.01387 -3.65422 9.81534
    endloop
  endfacet
  facet normal -0.913692 -0.228918 0.335802
    outer loop
      vertex -6.06155 -3.46618 9.84512
      vertex -8.56926 -7.31215 0.4
      vertex -8.5311 -7.46446 0.4
    endloop
  endfacet
  facet normal 0.671512 0.740994 -0
    outer loop
      vertex 8.13138 8.13138 0
      vertex 8.01503 8.23682 0.4
      vertex 8.13138 8.13138 0.4
    endloop
  endfacet
  facet normal 0.671512 0.740994 0
    outer loop
      vertex 8.01503 8.23682 0.4
      vertex 8.13138 8.13138 0
      vertex 8.01503 8.23682 0
    endloop
  endfacet
  facet normal 0.000215748 -0.156536 0.987672
    outer loop
      vertex 6.01387 -3.65422 9.81534
      vertex 5.76292 -4.17826 9.73234
      vertex 5.86383 -4.01199 9.75867
    endloop
  endfacet
  facet normal 0.670144 -0.607305 0.426717
    outer loop
      vertex 8.23682 -8.01503 0.4
      vertex 5.64601 -4.33396 9.70768
      vertex 8.13138 -8.13138 0.4
    endloop
  endfacet
  facet normal 0.536033 -0.722753 0.43623
    outer loop
      vertex 8.01503 -8.23682 0.4
      vertex 5.36877 -4.60779 9.66431
      vertex 7.88892 -8.33035 0.4
    endloop
  endfacet
  facet normal 0.356318 -0.830527 0.428091
    outer loop
      vertex 5.04279 -4.82292 9.63023
      vertex 4.86536 -4.90581 9.6171
      vertex 7.61229 -8.47821 0.4
    endloop
  endfacet
  facet normal 0.740994 -0.671512 0
    outer loop
      vertex 8.13138 -8.13138 0.4
      vertex 8.23682 -8.01503 0
      vertex 8.23682 -8.01503 0.4
    endloop
  endfacet
  facet normal 0.740994 -0.671512 0
    outer loop
      vertex 8.23682 -8.01503 0
      vertex 8.13138 -8.13138 0.4
      vertex 8.13138 -8.13138 0
    endloop
  endfacet
  facet normal 0.427569 0.903983 -0
    outer loop
      vertex 7.75424 8.41107 0
      vertex 7.61229 8.47821 0.4
      vertex 7.75424 8.41107 0.4
    endloop
  endfacet
  facet normal 0.427569 0.903983 0
    outer loop
      vertex 7.61229 8.47821 0.4
      vertex 7.75424 8.41107 0
      vertex 7.61229 8.47821 0
    endloop
  endfacet
  facet normal 0.850081 -0.367676 0.377063
    outer loop
      vertex 6.01387 -3.65422 9.81534
      vertex 5.94775 -3.83674 9.78643
      vertex 8.47821 -7.61229 0.4
    endloop
  endfacet
  facet normal 0.952553 -0.093271 0.289731
    outer loop
      vertex 6.09999 -3.0808 9.90616
      vertex 6.09036 -3.27442 9.87549
      vertex 8.5923 -7.15683 0.4
    endloop
  endfacet
  facet normal 0.428462 -0.792531 0.433952
    outer loop
      vertex 5.21114 -4.72326 9.64602
      vertex 5.04279 -4.82292 9.63023
      vertex 7.75424 -8.41107 0.4
    endloop
  endfacet
  facet normal 0.514084 -0.85774 0
    outer loop
      vertex 7.75424 -8.41107 0
      vertex 7.88892 -8.33035 0.4
      vertex 7.75424 -8.41107 0.4
    endloop
  endfacet
  facet normal 0.514084 -0.85774 0
    outer loop
      vertex 7.88892 -8.33035 0.4
      vertex 7.75424 -8.41107 0
      vertex 7.88892 -8.33035 0
    endloop
  endfacet
  facet normal -0.998794 0.0491022 0
    outer loop
      vertex -8.60001 7 0
      vertex -8.5923 7.15683 0.4
      vertex -8.5923 7.15683 0
    endloop
  endfacet
  facet normal -0.998794 0.0491022 0
    outer loop
      vertex -8.5923 7.15683 0.4
      vertex -8.60001 7 0
      vertex -8.60001 7 0.4
    endloop
  endfacet
  facet normal -0.961071 -0.0472477 0.272231
    outer loop
      vertex -6.09999 -3.0808 9.90616
      vertex -8.60001 -7 0.4
      vertex -8.5923 -7.15683 0.4
    endloop
  endfacet
  facet normal -0.427569 -0.903983 0
    outer loop
      vertex -7.75424 -8.41107 0
      vertex -7.61229 -8.47821 0.4
      vertex -7.75424 -8.41107 0.4
    endloop
  endfacet
  facet normal -0.427569 -0.903983 -0
    outer loop
      vertex -7.61229 -8.47821 0.4
      vertex -7.75424 -8.41107 0
      vertex -7.61229 -8.47821 0
    endloop
  endfacet
  facet normal -0.336865 -0.941553 0
    outer loop
      vertex -7.61229 -8.47821 0
      vertex -7.46446 -8.5311 0.4
      vertex -7.61229 -8.47821 0.4
    endloop
  endfacet
  facet normal -0.336865 -0.941553 -0
    outer loop
      vertex -7.46446 -8.5311 0.4
      vertex -7.61229 -8.47821 0
      vertex -7.46446 -8.5311 0
    endloop
  endfacet
  facet normal 0.336865 0.941553 -0
    outer loop
      vertex 7.61229 8.47821 0
      vertex 7.46446 8.5311 0.4
      vertex 7.61229 8.47821 0.4
    endloop
  endfacet
  facet normal 0.336865 0.941553 0
    outer loop
      vertex 7.46446 8.5311 0.4
      vertex 7.61229 8.47821 0
      vertex 7.46446 8.5311 0
    endloop
  endfacet
  facet normal -0.647417 0.714617 0.264902
    outer loop
      vertex -8.01503 8.23682 0.4
      vertex -5.57572 6.66403 10.6045
      vertex -5.567 6.67193 10.6045
    endloop
  endfacet
  facet normal -0.64752 0.71452 0.264912
    outer loop
      vertex -5.57572 6.66403 10.6045
      vertex -8.01503 8.23682 0.4
      vertex -8.13138 8.13138 0.4
    endloop
  endfacet
  facet normal -0.90781 0.324793 0.265311
    outer loop
      vertex -8.5311 7.46446 0.4
      vertex -6.12802 5.90512 10.5315
      vertex -8.47821 7.61229 0.4
    endloop
  endfacet
  facet normal -0.907785 0.324859 0.265316
    outer loop
      vertex -6.12802 5.90512 10.5315
      vertex -8.5311 7.46446 0.4
      vertex -6.13217 5.89483 10.5299
    endloop
  endfacet
  facet normal -0.964366 0.106571 0.242159
    outer loop
      vertex -6.24506 5.53073 10.4632
      vertex -8.5923 7.15683 0.4
      vertex -6.2745 5.35499 10.4233
    endloop
  endfacet
  facet normal -0.713398 0.646504 0.270363
    outer loop
      vertex -8.23682 8.01503 0.4
      vertex -5.70608 6.54086 10.6029
      vertex -8.13138 8.13138 0.4
    endloop
  endfacet
  facet normal -0.712882 0.647091 0.270319
    outer loop
      vertex -5.70608 6.54086 10.6029
      vertex -8.23682 8.01503 0.4
      vertex -5.71392 6.53239 10.6025
    endloop
  endfacet
  facet normal 0.33598 0.916168 0.218527
    outer loop
      vertex 7.61229 8.47821 0.4
      vertex 4.92462 7.03921 10.5652
      vertex 5.08702 6.97517 10.584
    endloop
  endfacet
  facet normal 0.415816 0.879134 0.232855
    outer loop
      vertex 7.61229 8.47821 0.4
      vertex 5.09824 6.96963 10.585
      vertex 7.75424 8.41107 0.4
    endloop
  endfacet
  facet normal 0.413858 0.880145 0.232521
    outer loop
      vertex 5.09824 6.96963 10.585
      vertex 7.61229 8.47821 0.4
      vertex 5.08702 6.97517 10.584
    endloop
  endfacet
  facet normal -0.146733 0.989176 0
    outer loop
      vertex -7.15683 8.5923 0
      vertex -7.31215 8.56926 0.4
      vertex -7.15683 8.5923 0.4
    endloop
  endfacet
  facet normal -0.146733 0.989176 0
    outer loop
      vertex -7.31215 8.56926 0.4
      vertex -7.15683 8.5923 0
      vertex -7.31215 8.56926 0
    endloop
  endfacet
  facet normal -0.926805 -0.190499 0.323639
    outer loop
      vertex -6.09036 -3.27442 9.87549
      vertex -8.56926 -7.31215 0.4
      vertex -6.06155 -3.46618 9.84512
    endloop
  endfacet
  facet normal -0.801775 -0.446805 0.396891
    outer loop
      vertex -5.94775 -3.83674 9.78643
      vertex -8.41107 -7.75424 0.4
      vertex -5.86383 -4.01199 9.75867
    endloop
  endfacet
  facet normal -0.536033 -0.722753 0.43623
    outer loop
      vertex -5.36877 -4.60779 9.66431
      vertex -8.01503 -8.23682 0.4
      vertex -7.88892 -8.33035 0.4
    endloop
  endfacet
  facet normal -0.000115893 -0.156694 0.987647
    outer loop
      vertex -4.68056 -4.97112 9.60676
      vertex -5.04279 -4.82292 9.63023
      vertex -4.86536 -4.90581 9.6171
    endloop
  endfacet
  facet normal 0.595701 0.803206 -0
    outer loop
      vertex 8.01503 8.23682 0
      vertex 7.88892 8.33035 0.4
      vertex 8.01503 8.23682 0.4
    endloop
  endfacet
  facet normal 0.595701 0.803206 0
    outer loop
      vertex 7.88892 8.33035 0.4
      vertex 8.01503 8.23682 0
      vertex 7.88892 8.33035 0
    endloop
  endfacet
  facet normal -0.221743 -0.885056 0.409275
    outer loop
      vertex -4.68056 -4.97112 9.60676
      vertex -7.46446 -8.5311 0.4
      vertex -7.31215 -8.56926 0.4
    endloop
  endfacet
  facet normal -2.40954e-06 -0.156435 0.987688
    outer loop
      vertex -5.36877 -4.60779 9.66431
      vertex -6.01387 -3.65422 9.81534
      vertex -5.64601 -4.33396 9.70768
    endloop
  endfacet
  facet normal 0.941553 -0.336865 0
    outer loop
      vertex 8.47821 -7.61229 0.4
      vertex 8.5311 -7.46446 0
      vertex 8.5311 -7.46446 0.4
    endloop
  endfacet
  facet normal 0.941553 -0.336865 0
    outer loop
      vertex 8.5311 -7.46446 0
      vertex 8.47821 -7.61229 0.4
      vertex 8.47821 -7.61229 0
    endloop
  endfacet
  facet normal 0.903983 0.427569 0
    outer loop
      vertex 8.47821 7.61229 0.4
      vertex 8.41107 7.75424 0
      vertex 8.41107 7.75424 0.4
    endloop
  endfacet
  facet normal 0.903983 0.427569 0
    outer loop
      vertex 8.41107 7.75424 0
      vertex 8.47821 7.61229 0.4
      vertex 8.47821 7.61229 0
    endloop
  endfacet
  facet normal 0.85774 0.514084 0
    outer loop
      vertex 8.41107 7.75424 0.4
      vertex 8.33035 7.88892 0
      vertex 8.33035 7.88892 0.4
    endloop
  endfacet
  facet normal 0.85774 0.514084 0
    outer loop
      vertex 8.33035 7.88892 0
      vertex 8.41107 7.75424 0.4
      vertex 8.41107 7.75424 0
    endloop
  endfacet
  facet normal 0.903983 -0.427569 0
    outer loop
      vertex 8.41107 -7.75424 0.4
      vertex 8.47821 -7.61229 0
      vertex 8.47821 -7.61229 0.4
    endloop
  endfacet
  facet normal 0.903983 -0.427569 0
    outer loop
      vertex 8.47821 -7.61229 0
      vertex 8.41107 -7.75424 0.4
      vertex 8.41107 -7.75424 0
    endloop
  endfacet
  facet normal 0.926805 -0.190499 0.323639
    outer loop
      vertex 6.09036 -3.27442 9.87549
      vertex 6.06155 -3.46618 9.84512
      vertex 8.56926 -7.31215 0.4
    endloop
  endfacet
  facet normal -1.88874e-05 -0.156429 0.987689
    outer loop
      vertex 6.00262 -2.93436 9.92935
      vertex 5.96094 -2.97407 9.92306
      vertex 6.01387 -3.65422 9.81534
    endloop
  endfacet
  facet normal 8.94662e-05 -0.156427 0.98769
    outer loop
      vertex 6.02119 -2.91667 9.93215
      vertex 6.00262 -2.93436 9.92935
      vertex 6.01387 -3.65422 9.81534
    endloop
  endfacet
  facet normal 0.958633 0.142203 0.24658
    outer loop
      vertex 6.24285 5.54158 10.4655
      vertex 8.5923 7.15683 0.4
      vertex 8.56926 7.31215 0.4
    endloop
  endfacet
  facet normal 0.9585 0.142944 0.246668
    outer loop
      vertex 8.5923 7.15683 0.4
      vertex 6.24285 5.54158 10.4655
      vertex 6.24506 5.53073 10.4632
    endloop
  endfacet
  facet normal 0.989176 0.146733 0
    outer loop
      vertex 8.5923 7.15683 0.4
      vertex 8.56926 7.31215 0
      vertex 8.56926 7.31215 0.4
    endloop
  endfacet
  facet normal 0.989176 0.146733 0
    outer loop
      vertex 8.56926 7.31215 0
      vertex 8.5923 7.15683 0.4
      vertex 8.5923 7.15683 0
    endloop
  endfacet
  facet normal -0.427569 0.903983 0
    outer loop
      vertex -7.61229 8.47821 0
      vertex -7.75424 8.41107 0.4
      vertex -7.61229 8.47821 0.4
    endloop
  endfacet
  facet normal -0.427569 0.903983 0
    outer loop
      vertex -7.75424 8.41107 0.4
      vertex -7.61229 8.47821 0
      vertex -7.75424 8.41107 0
    endloop
  endfacet
  facet normal 0.24303 0.970019 -0
    outer loop
      vertex 7.46446 8.5311 0
      vertex 7.31215 8.56926 0.4
      vertex 7.46446 8.5311 0.4
    endloop
  endfacet
  facet normal 0.24303 0.970019 0
    outer loop
      vertex 7.31215 8.56926 0.4
      vertex 7.46446 8.5311 0
      vertex 7.31215 8.56926 0
    endloop
  endfacet
  facet normal 0.74835 -0.519489 0.412435
    outer loop
      vertex 5.86383 -4.01199 9.75867
      vertex 5.76292 -4.17826 9.73234
      vertex 8.33035 -7.88892 0.4
    endloop
  endfacet
  facet normal 0.730306 -0.541634 0.416276
    outer loop
      vertex 8.33035 -7.88892 0.4
      vertex 5.76292 -4.17826 9.73234
      vertex 8.23682 -8.01503 0.4
    endloop
  endfacet
  facet normal 1.21766e-05 -0.156441 0.987687
    outer loop
      vertex 6.01387 -3.65422 9.81534
      vertex 5.64601 -4.33396 9.70768
      vertex 5.76292 -4.17826 9.73234
    endloop
  endfacet
  facet normal -9.07774e-06 -0.156424 0.98769
    outer loop
      vertex 5.64601 -4.33396 9.70768
      vertex 5.36877 -4.60779 9.66431
      vertex 5.51421 -4.4776 9.68493
    endloop
  endfacet
  facet normal 0.281633 -0.863231 0.418945
    outer loop
      vertex 4.86536 -4.90581 9.6171
      vertex 4.68056 -4.97112 9.60676
      vertex 7.46446 -8.5311 0.4
    endloop
  endfacet
  facet normal 0.305418 -0.853658 0.421886
    outer loop
      vertex 7.61229 -8.47821 0.4
      vertex 4.86536 -4.90581 9.6171
      vertex 7.46446 -8.5311 0.4
    endloop
  endfacet
  facet normal 0.462822 -0.772212 0.435298
    outer loop
      vertex 7.88892 -8.33035 0.4
      vertex 5.21114 -4.72326 9.64602
      vertex 7.75424 -8.41107 0.4
    endloop
  endfacet
  facet normal 0.385911 -0.815909 0.43054
    outer loop
      vertex 7.75424 -8.41107 0.4
      vertex 5.04279 -4.82292 9.63023
      vertex 7.61229 -8.47821 0.4
    endloop
  endfacet
  facet normal 2.40954e-06 -0.156435 0.987688
    outer loop
      vertex 6.01387 -3.65422 9.81534
      vertex 5.36877 -4.60779 9.66431
      vertex 5.64601 -4.33396 9.70768
    endloop
  endfacet
  facet normal -9.88831e-06 -0.156427 0.987689
    outer loop
      vertex 6.01387 -3.65422 9.81534
      vertex 4.68056 -4.97112 9.60676
      vertex 5.36877 -4.60779 9.66431
    endloop
  endfacet
  facet normal 0.803206 0.595701 0
    outer loop
      vertex 8.33035 7.88892 0.4
      vertex 8.23682 8.01503 0
      vertex 8.23682 8.01503 0.4
    endloop
  endfacet
  facet normal 0.803206 0.595701 0
    outer loop
      vertex 8.23682 8.01503 0
      vertex 8.33035 7.88892 0.4
      vertex 8.33035 7.88892 0
    endloop
  endfacet
  facet normal 0.841015 0.467099 0.272969
    outer loop
      vertex 8.41107 7.75424 0.4
      vertex 5.95271 6.23312 10.5771
      vertex 6.04574 6.0783 10.5554
    endloop
  endfacet
  facet normal -0.946402 0.199689 0.253865
    outer loop
      vertex -6.19706 5.71499 10.4998
      vertex -8.56926 7.31215 0.4
      vertex -6.24285 5.54158 10.4655
    endloop
  endfacet
  facet normal -1 0 0
    outer loop
      vertex -8.60001 -7 0
      vertex -8.60001 7 0.4
      vertex -8.60001 7 0
    endloop
  endfacet
  facet normal -1 -0 0
    outer loop
      vertex -8.60001 7 0.4
      vertex -8.60001 -7 0
      vertex -8.60001 -7 0.4
    endloop
  endfacet
  facet normal -0.740994 0.671512 0
    outer loop
      vertex -8.23682 8.01503 0
      vertex -8.13138 8.13138 0.4
      vertex -8.13138 8.13138 0
    endloop
  endfacet
  facet normal -0.740994 0.671512 0
    outer loop
      vertex -8.13138 8.13138 0.4
      vertex -8.23682 8.01503 0
      vertex -8.23682 8.01503 0.4
    endloop
  endfacet
  facet normal -0.499088 0.830826 0.24625
    outer loop
      vertex -7.75424 8.41107 0.4
      vertex -5.26585 6.8834 10.5976
      vertex -5.25541 6.88979 10.5972
    endloop
  endfacet
  facet normal -0.498269 0.831354 0.246129
    outer loop
      vertex -5.26585 6.8834 10.5976
      vertex -7.75424 8.41107 0.4
      vertex -7.88892 8.33035 0.4
    endloop
  endfacet
  facet normal -0.329092 0.919002 0.217103
    outer loop
      vertex -7.46446 8.5311 0.4
      vertex -4.92462 7.03921 10.5652
      vertex -4.91267 7.04382 10.5638
    endloop
  endfacet
  facet normal -0.328834 0.919106 0.217053
    outer loop
      vertex -4.92462 7.03921 10.5652
      vertex -7.46446 8.5311 0.4
      vertex -7.61229 8.47821 0.4
    endloop
  endfacet
  facet normal -0.33598 0.916168 0.218527
    outer loop
      vertex -4.92462 7.03921 10.5652
      vertex -7.61229 8.47821 0.4
      vertex -5.08702 6.97517 10.584
    endloop
  endfacet
  facet normal -0.0491239 0.986602 0.155576
    outer loop
      vertex -4.28454 7.14892 10.4603
      vertex -7.15683 8.5923 0.4
      vertex -4.45969 7.13509 10.4927
    endloop
  endfacet
  facet normal -0.0473944 0.986758 0.155122
    outer loop
      vertex -7 8.60001 0.4
      vertex -4.28454 7.14892 10.4603
      vertex -4.27553 7.14962 10.4586
    endloop
  endfacet
  facet normal -0.0485056 0.986659 0.155407
    outer loop
      vertex -4.28454 7.14892 10.4603
      vertex -7 8.60001 0.4
      vertex -7.15683 8.5923 0.4
    endloop
  endfacet
  facet normal -0.144342 0.973346 0.178219
    outer loop
      vertex -7.15683 8.5923 0.4
      vertex -4.56465 7.12528 10.5116
      vertex -4.55134 7.12762 10.5096
    endloop
  endfacet
  facet normal -0.144384 0.973338 0.178229
    outer loop
      vertex -4.56465 7.12528 10.5116
      vertex -7.15683 8.5923 0.4
      vertex -7.31215 8.56926 0.4
    endloop
  endfacet
  facet normal -0.690736 -0.585796 0.423942
    outer loop
      vertex -5.76292 -4.17826 9.73234
      vertex -8.23682 -8.01503 0.4
      vertex -5.64601 -4.33396 9.70768
    endloop
  endfacet
  facet normal -0.000215748 -0.156536 0.987672
    outer loop
      vertex -5.76292 -4.17826 9.73234
      vertex -6.01387 -3.65422 9.81534
      vertex -5.86383 -4.01199 9.75867
    endloop
  endfacet
  facet normal -0.428462 -0.792531 0.433952
    outer loop
      vertex -5.21114 -4.72326 9.64602
      vertex -7.75424 -8.41107 0.4
      vertex -5.04279 -4.82292 9.63023
    endloop
  endfacet
  facet normal 0.000129728 -0.156273 0.987714
    outer loop
      vertex -5.04279 -4.82292 9.63023
      vertex -5.36877 -4.60779 9.66431
      vertex -5.21114 -4.72326 9.64602
    endloop
  endfacet
  facet normal 9.88831e-06 -0.156427 0.987689
    outer loop
      vertex -4.68056 -4.97112 9.60676
      vertex -6.01387 -3.65422 9.81534
      vertex -5.36877 -4.60779 9.66431
    endloop
  endfacet
  facet normal 0.87778 -0.314048 0.361768
    outer loop
      vertex 8.5311 -7.46446 0.4
      vertex 6.01387 -3.65422 9.81534
      vertex 8.47821 -7.61229 0.4
    endloop
  endfacet
  facet normal 0.870251 0.411614 0.270622
    outer loop
      vertex 6.04574 6.0783 10.5554
      vertex 8.47821 7.61229 0.4
      vertex 8.41107 7.75424 0.4
    endloop
  endfacet
  facet normal 0.870433 0.41124 0.270609
    outer loop
      vertex 8.47821 7.61229 0.4
      vertex 6.04574 6.0783 10.5554
      vertex 6.05091 6.06841 10.5538
    endloop
  endfacet
  facet normal 0.964366 0.106571 0.242159
    outer loop
      vertex 8.5923 7.15683 0.4
      vertex 6.24506 5.53073 10.4632
      vertex 6.2745 5.35499 10.4233
    endloop
  endfacet
  facet normal 0.971261 0.0477487 0.233179
    outer loop
      vertex 6.2745 5.35499 10.4233
      vertex 8.60001 7 0.4
      vertex 8.5923 7.15683 0.4
    endloop
  endfacet
  facet normal 0.971288 0.0474214 0.233132
    outer loop
      vertex 8.60001 7 0.4
      vertex 6.2745 5.35499 10.4233
      vertex 6.27569 5.34389 10.4206
    endloop
  endfacet
  facet normal 0.90781 0.324793 0.265311
    outer loop
      vertex 6.12802 5.90512 10.5315
      vertex 8.5311 7.46446 0.4
      vertex 8.47821 7.61229 0.4
    endloop
  endfacet
  facet normal 0.907785 0.324859 0.265316
    outer loop
      vertex 8.5311 7.46446 0.4
      vertex 6.12802 5.90512 10.5315
      vertex 6.13217 5.89483 10.5299
    endloop
  endfacet
  facet normal 0.605177 -0.667795 0.433372
    outer loop
      vertex 8.13138 -8.13138 0.4
      vertex 5.51421 -4.4776 9.68493
      vertex 8.01503 -8.23682 0.4
    endloop
  endfacet
  facet normal 0.671512 -0.740994 0
    outer loop
      vertex 8.01503 -8.23682 0
      vertex 8.13138 -8.13138 0.4
      vertex 8.01503 -8.23682 0.4
    endloop
  endfacet
  facet normal 0.671512 -0.740994 0
    outer loop
      vertex 8.13138 -8.13138 0.4
      vertex 8.01503 -8.23682 0
      vertex 8.13138 -8.13138 0
    endloop
  endfacet
  facet normal 0.85774 -0.514084 0
    outer loop
      vertex 8.33035 -7.88892 0.4
      vertex 8.41107 -7.75424 0
      vertex 8.41107 -7.75424 0.4
    endloop
  endfacet
  facet normal 0.85774 -0.514084 0
    outer loop
      vertex 8.41107 -7.75424 0
      vertex 8.33035 -7.88892 0.4
      vertex 8.33035 -7.88892 0
    endloop
  endfacet
  facet normal 0.785384 -0.470717 0.401991
    outer loop
      vertex 8.41107 -7.75424 0.4
      vertex 5.86383 -4.01199 9.75867
      vertex 8.33035 -7.88892 0.4
    endloop
  endfacet
  facet normal 0.498151 -0.749182 0.436545
    outer loop
      vertex 5.36877 -4.60779 9.66431
      vertex 5.21114 -4.72326 9.64602
      vertex 7.88892 -8.33035 0.4
    endloop
  endfacet
  facet normal -0.000129728 -0.156273 0.987714
    outer loop
      vertex 5.36877 -4.60779 9.66431
      vertex 5.04279 -4.82292 9.63023
      vertex 5.21114 -4.72326 9.64602
    endloop
  endfacet
  facet normal -0.989176 0.146733 0
    outer loop
      vertex -8.5923 7.15683 0
      vertex -8.56926 7.31215 0.4
      vertex -8.56926 7.31215 0
    endloop
  endfacet
  facet normal -0.989176 0.146733 0
    outer loop
      vertex -8.56926 7.31215 0.4
      vertex -8.5923 7.15683 0
      vertex -8.5923 7.15683 0.4
    endloop
  endfacet
  facet normal 1.88874e-05 -0.156429 0.987689
    outer loop
      vertex -6.00262 -2.93436 9.92935
      vertex -6.01387 -3.65422 9.81534
      vertex -5.96094 -2.97407 9.92306
    endloop
  endfacet
  facet normal -0.78947 0.549362 0.273749
    outer loop
      vertex -5.84001 6.38829 10.5934
      vertex -8.33035 7.88892 0.4
      vertex -5.94664 6.24258 10.5783
    endloop
  endfacet
  facet normal -0.336865 0.941553 0
    outer loop
      vertex -7.46446 8.5311 0
      vertex -7.61229 8.47821 0.4
      vertex -7.46446 8.5311 0.4
    endloop
  endfacet
  facet normal -0.336865 0.941553 0
    outer loop
      vertex -7.61229 8.47821 0.4
      vertex -7.46446 8.5311 0
      vertex -7.61229 8.47821 0
    endloop
  endfacet
  facet normal -0.237126 0.950962 0.198603
    outer loop
      vertex -7.31215 8.56926 0.4
      vertex -4.73973 7.0935 10.5377
      vertex -4.73402 7.09507 10.537
    endloop
  endfacet
  facet normal -0.239347 0.950307 0.199071
    outer loop
      vertex -7.31215 8.56926 0.4
      vertex -4.74672 7.09153 10.5387
      vertex -4.73973 7.0935 10.5377
    endloop
  endfacet
  facet normal -0.238178 0.950652 0.198826
    outer loop
      vertex -4.74672 7.09153 10.5387
      vertex -7.31215 8.56926 0.4
      vertex -7.46446 8.5311 0.4
    endloop
  endfacet
  facet normal 0.328834 0.919106 0.217053
    outer loop
      vertex 7.46446 8.5311 0.4
      vertex 4.92462 7.03921 10.5652
      vertex 7.61229 8.47821 0.4
    endloop
  endfacet
  facet normal 0.329092 0.919002 0.217103
    outer loop
      vertex 4.92462 7.03921 10.5652
      vertex 7.46446 8.5311 0.4
      vertex 4.91267 7.04382 10.5638
    endloop
  endfacet
  facet normal 0.242693 0.949296 0.199844
    outer loop
      vertex 7.46446 8.5311 0.4
      vertex 4.74672 7.09153 10.5387
      vertex 4.91267 7.04382 10.5638
    endloop
  endfacet
  facet normal 0.051592 0.986377 0.156203
    outer loop
      vertex 7.15683 8.5923 0.4
      vertex 4.45969 7.13509 10.4927
      vertex 4.55134 7.12762 10.5096
    endloop
  endfacet
  facet normal 0.0491239 0.986602 0.155576
    outer loop
      vertex 7.15683 8.5923 0.4
      vertex 4.28454 7.14892 10.4603
      vertex 4.45969 7.13509 10.4927
    endloop
  endfacet
  facet normal -0.0491022 0.998794 0
    outer loop
      vertex -7 8.60001 0
      vertex -7.15683 8.5923 0.4
      vertex -7 8.60001 0.4
    endloop
  endfacet
  facet normal -0.0491022 0.998794 0
    outer loop
      vertex -7.15683 8.5923 0.4
      vertex -7 8.60001 0
      vertex -7.15683 8.5923 0
    endloop
  endfacet
  facet normal -0.803206 -0.595701 0
    outer loop
      vertex -8.23682 -8.01503 0
      vertex -8.33035 -7.88892 0.4
      vertex -8.33035 -7.88892 0
    endloop
  endfacet
  facet normal -0.803206 -0.595701 0
    outer loop
      vertex -8.33035 -7.88892 0.4
      vertex -8.23682 -8.01503 0
      vertex -8.23682 -8.01503 0.4
    endloop
  endfacet
  facet normal -0.305418 -0.853658 0.421886
    outer loop
      vertex -4.86536 -4.90581 9.6171
      vertex -7.61229 -8.47821 0.4
      vertex -7.46446 -8.5311 0.4
    endloop
  endfacet
  facet normal -0.281633 -0.863231 0.418945
    outer loop
      vertex -4.86536 -4.90581 9.6171
      vertex -7.46446 -8.5311 0.4
      vertex -4.68056 -4.97112 9.60676
    endloop
  endfacet
  facet normal -0.498151 -0.749182 0.436545
    outer loop
      vertex -5.36877 -4.60779 9.66431
      vertex -7.88892 -8.33035 0.4
      vertex -5.21114 -4.72326 9.64602
    endloop
  endfacet
  facet normal -0.462822 -0.772212 0.435298
    outer loop
      vertex -5.21114 -4.72326 9.64602
      vertex -7.88892 -8.33035 0.4
      vertex -7.75424 -8.41107 0.4
    endloop
  endfacet
  facet normal -0.000119196 -0.156451 0.987686
    outer loop
      vertex -6.01387 -3.65422 9.81534
      vertex -6.09999 -3.0808 9.90616
      vertex -6.06155 -3.46618 9.84512
    endloop
  endfacet
  facet normal -0.000275219 -0.156466 0.987683
    outer loop
      vertex -6.06155 -3.46618 9.84512
      vertex -6.09999 -3.0808 9.90616
      vertex -6.09036 -3.27442 9.87549
    endloop
  endfacet
  facet normal -0.850081 -0.367676 0.377063
    outer loop
      vertex -6.01387 -3.65422 9.81534
      vertex -8.47821 -7.61229 0.4
      vertex -5.94775 -3.83674 9.78643
    endloop
  endfacet
  facet normal -0.834736 -0.394816 0.383843
    outer loop
      vertex -5.94775 -3.83674 9.78643
      vertex -8.47821 -7.61229 0.4
      vertex -8.41107 -7.75424 0.4
    endloop
  endfacet
  facet normal -0.74835 -0.519489 0.412435
    outer loop
      vertex -5.86383 -4.01199 9.75867
      vertex -8.33035 -7.88892 0.4
      vertex -5.76292 -4.17826 9.73234
    endloop
  endfacet
  facet normal -0.730306 -0.541634 0.416276
    outer loop
      vertex -5.76292 -4.17826 9.73234
      vertex -8.33035 -7.88892 0.4
      vertex -8.23682 -8.01503 0.4
    endloop
  endfacet
  facet normal 0.941757 -0.139699 0.305904
    outer loop
      vertex 8.5923 -7.15683 0.4
      vertex 6.09036 -3.27442 9.87549
      vertex 8.56926 -7.31215 0.4
    endloop
  endfacet
  facet normal 0.913692 -0.228918 0.335802
    outer loop
      vertex 8.56926 -7.31215 0.4
      vertex 6.06155 -3.46618 9.84512
      vertex 8.5311 -7.46446 0.4
    endloop
  endfacet
  facet normal 0.834736 -0.394816 0.383843
    outer loop
      vertex 8.47821 -7.61229 0.4
      vertex 5.94775 -3.83674 9.78643
      vertex 8.41107 -7.75424 0.4
    endloop
  endfacet
  facet normal -0.937359 0.234847 0.257303
    outer loop
      vertex -8.56926 7.31215 0.4
      vertex -6.19387 5.72557 10.5017
      vertex -8.5311 7.46446 0.4
    endloop
  endfacet
  facet normal -0.936964 0.236275 0.257434
    outer loop
      vertex -6.19387 5.72557 10.5017
      vertex -8.56926 7.31215 0.4
      vertex -6.19706 5.71499 10.4998
    endloop
  endfacet
  facet normal -0.919729 0.291455 0.262968
    outer loop
      vertex -6.13217 5.89483 10.5299
      vertex -8.5311 7.46446 0.4
      vertex -6.19387 5.72557 10.5017
    endloop
  endfacet
  facet normal -0.772665 0.57305 0.273133
    outer loop
      vertex -8.33035 7.88892 0.4
      vertex -5.83305 6.39727 10.5942
      vertex -8.23682 8.01503 0.4
    endloop
  endfacet
  facet normal -0.771975 0.573994 0.273102
    outer loop
      vertex -5.83305 6.39727 10.5942
      vertex -8.33035 7.88892 0.4
      vertex -5.84001 6.38829 10.5934
    endloop
  endfacet
  facet normal -0.870251 0.411614 0.270622
    outer loop
      vertex -8.47821 7.61229 0.4
      vertex -6.04574 6.0783 10.5554
      vertex -8.41107 7.75424 0.4
    endloop
  endfacet
  facet normal -0.870433 0.41124 0.270609
    outer loop
      vertex -6.04574 6.0783 10.5554
      vertex -8.47821 7.61229 0.4
      vertex -6.05091 6.06841 10.5538
    endloop
  endfacet
  facet normal -0.941553 0.336865 0
    outer loop
      vertex -8.5311 7.46446 0
      vertex -8.47821 7.61229 0.4
      vertex -8.47821 7.61229 0
    endloop
  endfacet
  facet normal -0.941553 0.336865 0
    outer loop
      vertex -8.47821 7.61229 0.4
      vertex -8.5311 7.46446 0
      vertex -8.5311 7.46446 0.4
    endloop
  endfacet
  facet normal -0.903983 0.427569 0
    outer loop
      vertex -8.47821 7.61229 0
      vertex -8.41107 7.75424 0.4
      vertex -8.41107 7.75424 0
    endloop
  endfacet
  facet normal -0.903983 0.427569 0
    outer loop
      vertex -8.41107 7.75424 0.4
      vertex -8.47821 7.61229 0
      vertex -8.47821 7.61229 0.4
    endloop
  endfacet
  facet normal -0.85774 0.514084 0
    outer loop
      vertex -8.41107 7.75424 0
      vertex -8.33035 7.88892 0.4
      vertex -8.33035 7.88892 0
    endloop
  endfacet
  facet normal -0.85774 0.514084 0
    outer loop
      vertex -8.33035 7.88892 0.4
      vertex -8.41107 7.75424 0
      vertex -8.41107 7.75424 0.4
    endloop
  endfacet
  facet normal 0.0487654 -0.976868 -0.208208
    outer loop
      vertex -3.09999 5.06931 9.24529
      vertex -3.22742 5.0631 9.24458
      vertex -5.99802 6.89517 0
    endloop
  endfacet
  facet normal -0.932116 -0.200862 -0.301356
    outer loop
      vertex 6.88078 6.09508 0
      vertex 4.37502 4.02961 9.1272
      vertex 4.34401 4.15257 9.14116
    endloop
  endfacet
  facet normal -0.240236 -0.935998 -0.257281
    outer loop
      vertex 6.19028 6.85693 0
      vertex 3.47736 5.01369 9.23897
      vertex 3.35361 5.04449 9.24247
    endloop
  endfacet
  facet normal 0.00010742 0.112857 -0.993611
    outer loop
      vertex -4.39999 3.77761 9.09858
      vertex -4.39374 -2.50937 8.38449
      vertex -4.39999 -2.38276 8.39887
    endloop
  endfacet
  facet normal -0.0430044 0.925484 -0.376338
    outer loop
      vertex 3.22742 -3.66824 8.25286
      vertex 5.89999 -6.89999 0
      vertex 3.09999 -3.67445 8.25215
    endloop
  endfacet
  facet normal -0.504539 0.735835 -0.45165
    outer loop
      vertex 3.9247 -3.38125 8.28546
      vertex 6.45557 -6.73146 0
      vertex 3.82224 -3.45677 8.27688
    endloop
  endfacet
  facet normal -0.903464 0.226341 -0.364037
    outer loop
      vertex 6.88078 -6.09508 0
      vertex 6.85693 -6.19028 0
      vertex 4.37502 -2.63475 8.37025
    endloop
  endfacet
  facet normal -0.715875 -0.615466 -0.329735
    outer loop
      vertex 6.673 6.53439 0
      vertex 4.1049 4.59705 9.19165
      vertex 4.01923 4.69098 9.20232
    endloop
  endfacet
  facet normal 5.19382e-06 0.112853 -0.993612
    outer loop
      vertex -4.01923 -3.29612 8.29513
      vertex -4.24649 -2.99165 8.32971
      vertex -4.34401 -2.75771 8.35628
    endloop
  endfacet
  facet normal -0.000140599 0.113074 -0.993587
    outer loop
      vertex 3.9247 -3.38125 8.28546
      vertex 3.82224 -3.45677 8.27688
      vertex 3.7128 -3.52193 8.26948
    endloop
  endfacet
  facet normal 8.53751e-06 0.112856 -0.993611
    outer loop
      vertex 4.37502 4.02961 9.1272
      vertex 4.01923 -3.29612 8.29513
      vertex 3.9247 -3.38125 8.28546
    endloop
  endfacet
  facet normal 0.489423 -0.816578 -0.306047
    outer loop
      vertex -6.37138 6.78192 0
      vertex -3.7128 4.91679 9.22797
      vertex -6.45557 6.73146 0
    endloop
  endfacet
  facet normal -9.91186e-05 0.112718 -0.993627
    outer loop
      vertex -3.59747 -3.57613 8.26332
      vertex -3.7128 -3.52193 8.26948
      vertex -3.9247 -3.38125 8.28546
    endloop
  endfacet
  facet normal -0.776369 0.465324 -0.425117
    outer loop
      vertex 6.78192 -6.37138 0
      vertex 6.73146 -6.45557 0
      vertex 4.24649 -2.99165 8.32971
    endloop
  endfacet
  facet normal -6.53766e-05 0.11284 -0.993613
    outer loop
      vertex 4.39374 3.90423 9.11296
      vertex 4.39999 3.77761 9.09858
      vertex 4.37502 4.02961 9.1272
    endloop
  endfacet
  facet normal 0.30376 0.848984 -0.432385
    outer loop
      vertex -3.59747 -3.57613 8.26332
      vertex -6.19028 -6.85693 0
      vertex -6.28268 -6.82387 0
    endloop
  endfacet
  facet normal -0.0454859 0.925099 -0.376991
    outer loop
      vertex 5.99802 -6.89517 0
      vertex 5.89999 -6.89999 0
      vertex 3.22742 -3.66824 8.25286
    endloop
  endfacet
  facet normal 0.220763 0.881199 -0.418034
    outer loop
      vertex -3.47736 -3.61883 8.25847
      vertex -6.09508 -6.88078 0
      vertex -6.19028 -6.85693 0
    endloop
  endfacet
  facet normal -0.699747 -0.634208 -0.328838
    outer loop
      vertex 6.6071 6.6071 0
      vertex 6.673 6.53439 0
      vertex 4.01923 4.69098 9.20232
    endloop
  endfacet
  facet normal 0.650865 -0.685724 -0.325818
    outer loop
      vertex -3.9247 4.77611 9.21199
      vertex -4.01923 4.69098 9.20232
      vertex -6.6071 6.6071 0
    endloop
  endfacet
  facet normal 0.663121 0.601014 -0.446153
    outer loop
      vertex -4.1049 -3.2022 8.30579
      vertex -6.6071 -6.6071 0
      vertex -6.673 -6.53439 0
    endloop
  endfacet
  facet normal -0.134439 0.906787 -0.399579
    outer loop
      vertex 6.09508 -6.88078 0
      vertex 5.99802 -6.89517 0
      vertex 3.35361 -3.64964 8.25497
    endloop
  endfacet
  facet normal 0.565056 -0.761849 -0.316697
    outer loop
      vertex -6.45557 6.73146 0
      vertex -3.82224 4.85163 9.22056
      vertex -6.53439 6.673 0
    endloop
  endfacet
  facet normal 0.145672 -0.961217 -0.234183
    outer loop
      vertex -3.22742 5.0631 9.24458
      vertex -3.35361 5.04449 9.24247
      vertex -6.09508 6.88078 0
    endloop
  endfacet
  facet normal 0.960432 -0.0472231 -0.27448
    outer loop
      vertex -6.89517 5.99802 0
      vertex -4.39374 3.90423 9.11296
      vertex -6.89999 5.89999 0
    endloop
  endfacet
  facet normal 0.868474 -0.376835 -0.3221
    outer loop
      vertex -4.24649 4.38651 9.16774
      vertex -4.30104 4.27192 9.15472
      vertex -6.82387 6.28268 0
    endloop
  endfacet
  facet normal 0 0.113592 -0.993528
    outer loop
      vertex 3.22742 5.0631 9.24458
      vertex -3.09999 5.06931 9.24529
      vertex 3.09999 5.06931 9.24529
    endloop
  endfacet
  facet normal 0 0.113592 -0.993528
    outer loop
      vertex -3.09999 5.06931 9.24529
      vertex 3.22742 5.0631 9.24458
      vertex -3.22742 5.0631 9.24458
    endloop
  endfacet
  facet normal -6.44472e-05 0.112286 -0.993676
    outer loop
      vertex -3.09999 -3.67445 8.25215
      vertex -3.22742 -3.66824 8.25286
      vertex -3.35361 -3.64964 8.25497
    endloop
  endfacet
  facet normal 0.931856 0.138156 -0.335495
    outer loop
      vertex -4.39374 -2.50937 8.38449
      vertex -6.88078 -6.09508 0
      vertex -6.89517 -5.99802 0
    endloop
  endfacet
  facet normal -3.14635e-05 0.112905 -0.993606
    outer loop
      vertex -3.7128 4.91679 9.22797
      vertex -3.22742 5.0631 9.24458
      vertex -4.1049 4.59705 9.19165
    endloop
  endfacet
  facet normal 0.000127588 0.112856 -0.993611
    outer loop
      vertex 4.37502 4.02961 9.1272
      vertex 4.37502 -2.63475 8.37025
      vertex 4.34401 -2.75771 8.35628
    endloop
  endfacet
  facet normal 0.142607 -0.961876 -0.233362
    outer loop
      vertex -5.99802 6.89517 0
      vertex -3.22742 5.0631 9.24458
      vertex -6.09508 6.88078 0
    endloop
  endfacet
  facet normal 0.855207 -0.404464 -0.324085
    outer loop
      vertex -6.78192 6.37138 0
      vertex -4.24649 4.38651 9.16774
      vertex -6.82387 6.28268 0
    endloop
  endfacet
  facet normal -0.000440933 0.113174 -0.993575
    outer loop
      vertex 4.24649 -2.99165 8.32971
      vertex 4.1049 -3.2022 8.30579
      vertex 4.01923 -3.29612 8.29513
    endloop
  endfacet
  facet normal 0.000686909 0.113133 -0.99358
    outer loop
      vertex -4.24649 -2.99165 8.32971
      vertex -4.30104 -2.87706 8.34272
      vertex -4.34401 -2.75771 8.35628
    endloop
  endfacet
  facet normal 0 0.112882 -0.993608
    outer loop
      vertex -3.09999 -3.67445 8.25215
      vertex 3.9247 -3.38125 8.28546
      vertex 3.09999 -3.67445 8.25215
    endloop
  endfacet
  facet normal 0 0.112882 -0.993608
    outer loop
      vertex 3.9247 -3.38125 8.28546
      vertex -3.09999 -3.67445 8.25215
      vertex -3.9247 -3.38125 8.28546
    endloop
  endfacet
  facet normal 0.9631 -0.0170342 -0.268603
    outer loop
      vertex -4.39374 3.90423 9.11296
      vertex -4.39999 3.77761 9.09858
      vertex -6.89999 5.89999 0
    endloop
  endfacet
  facet normal -5.19382e-06 0.112853 -0.993612
    outer loop
      vertex 4.34401 -2.75771 8.35628
      vertex 4.24649 -2.99165 8.32971
      vertex 4.01923 -3.29612 8.29513
    endloop
  endfacet
  facet normal 0.758107 -0.562281 -0.330324
    outer loop
      vertex -6.673 6.53439 0
      vertex -4.1049 4.59705 9.19165
      vertex -6.73146 6.45557 0
    endloop
  endfacet
  facet normal 2.1299e-05 0.112889 -0.993608
    outer loop
      vertex 4.01923 4.69098 9.20232
      vertex 4.1049 4.59705 9.19165
      vertex 3.9247 4.77611 9.21199
    endloop
  endfacet
  facet normal -0.234918 -0.937703 -0.255983
    outer loop
      vertex 6.09508 6.88078 0
      vertex 6.19028 6.85693 0
      vertex 3.35361 5.04449 9.24247
    endloop
  endfacet
  facet normal 0.504539 0.735835 -0.45165
    outer loop
      vertex -3.9247 -3.38125 8.28546
      vertex -3.82224 -3.45677 8.27688
      vertex -6.45557 -6.73146 0
    endloop
  endfacet
  facet normal -0.0480353 -0.97695 -0.207996
    outer loop
      vertex 5.89999 6.89999 0
      vertex 5.99802 6.89517 0
      vertex 3.09999 5.06931 9.24529
    endloop
  endfacet
  facet normal -0.220763 0.881199 -0.418034
    outer loop
      vertex 6.19028 -6.85693 0
      vertex 6.09508 -6.88078 0
      vertex 3.47736 -3.61883 8.25847
    endloop
  endfacet
  facet normal 0 0.931379 -0.364051
    outer loop
      vertex 5.89999 -6.89999 0
      vertex -3.09999 -3.67445 8.25215
      vertex 3.09999 -3.67445 8.25215
    endloop
  endfacet
  facet normal 0 0.931379 -0.364051
    outer loop
      vertex -3.09999 -3.67445 8.25215
      vertex 5.89999 -6.89999 0
      vertex -5.89999 -6.89999 0
    endloop
  endfacet
  facet normal -0.946222 -0.140286 -0.29152
    outer loop
      vertex 6.88078 6.09508 0
      vertex 6.89517 5.99802 0
      vertex 4.37502 4.02961 9.1272
    endloop
  endfacet
  facet normal -0.30376 0.848984 -0.432385
    outer loop
      vertex 6.28268 -6.82387 0
      vertex 6.19028 -6.85693 0
      vertex 3.59747 -3.57613 8.26332
    endloop
  endfacet
  facet normal -0.634159 0.629424 -0.449074
    outer loop
      vertex 4.1049 -3.2022 8.30579
      vertex 6.6071 -6.6071 0
      vertex 4.01923 -3.29612 8.29513
    endloop
  endfacet
  facet normal 1.49482e-05 0.112859 -0.993611
    outer loop
      vertex 3.9247 -3.38125 8.28546
      vertex 3.28411 -0.323456 8.63277
      vertex 3.3 0 8.66951
    endloop
  endfacet
  facet normal 4.2928e-05 0.112865 -0.99361
    outer loop
      vertex 3.9247 -3.38125 8.28546
      vertex 3.23659 -0.643798 8.59638
      vertex 3.28411 -0.323456 8.63277
    endloop
  endfacet
  facet normal -9.95422e-07 0.112854 -0.993612
    outer loop
      vertex 3.9247 -3.38125 8.28546
      vertex 3.1579 -0.957939 8.5607
      vertex 3.23659 -0.643798 8.59638
    endloop
  endfacet
  facet normal -8.86275e-06 0.112852 -0.993612
    outer loop
      vertex 3.9247 -3.38125 8.28546
      vertex 3.0488 -1.26285 8.52607
      vertex 3.1579 -0.957939 8.5607
    endloop
  endfacet
  facet normal -7.5615e-06 0.112852 -0.993612
    outer loop
      vertex 3.9247 -3.38125 8.28546
      vertex 2.91034 -1.55561 8.49282
      vertex 3.0488 -1.26285 8.52607
    endloop
  endfacet
  facet normal 9.41176e-07 0.112857 -0.993611
    outer loop
      vertex 3.9247 -3.38125 8.28546
      vertex 2.74385 -1.83338 8.46127
      vertex 2.91034 -1.55561 8.49282
    endloop
  endfacet
  facet normal 1.28943e-05 0.112866 -0.99361
    outer loop
      vertex 3.9247 -3.38125 8.28546
      vertex 2.55093 -2.0935 8.43172
      vertex 2.74385 -1.83338 8.46127
    endloop
  endfacet
  facet normal -6.35496e-06 0.112846 -0.993613
    outer loop
      vertex 3.9247 -3.38125 8.28546
      vertex 2.33345 -2.33345 8.40447
      vertex 2.55093 -2.0935 8.43172
    endloop
  endfacet
  facet normal -2.71866e-06 0.112851 -0.993612
    outer loop
      vertex 3.9247 -3.38125 8.28546
      vertex 2.0935 -2.55093 8.37977
      vertex 2.33345 -2.33345 8.40447
    endloop
  endfacet
  facet normal 1.10473e-05 0.112881 -0.993609
    outer loop
      vertex 3.9247 -3.38125 8.28546
      vertex 1.83338 -2.74385 8.35785
      vertex 2.0935 -2.55093 8.37977
    endloop
  endfacet
  facet normal 1.93507e-06 0.112852 -0.993612
    outer loop
      vertex 3.9247 -3.38125 8.28546
      vertex 1.55561 -2.91034 8.33894
      vertex 1.83338 -2.74385 8.35785
    endloop
  endfacet
  facet normal -4.55467e-06 0.112819 -0.993616
    outer loop
      vertex 3.9247 -3.38125 8.28546
      vertex 1.26285 -3.0488 8.32322
      vertex 1.55561 -2.91034 8.33894
    endloop
  endfacet
  facet normal -1.42153e-06 0.112844 -0.993613
    outer loop
      vertex 3.9247 -3.38125 8.28546
      vertex 0.957939 -3.1579 8.31083
      vertex 1.26285 -3.0488 8.32322
    endloop
  endfacet
  facet normal 1.25568e-06 0.112879 -0.993609
    outer loop
      vertex 3.9247 -3.38125 8.28546
      vertex 0.643798 -3.23659 8.30189
      vertex 0.957939 -3.1579 8.31083
    endloop
  endfacet
  facet normal 2.01621e-06 0.112896 -0.993607
    outer loop
      vertex 3.9247 -3.38125 8.28546
      vertex 0.323456 -3.28411 8.29649
      vertex 0.643798 -3.23659 8.30189
    endloop
  endfacet
  facet normal -4.64847e-06 0.112652 -0.993634
    outer loop
      vertex 3.9247 -3.38125 8.28546
      vertex 0 -3.3 8.29469
      vertex 0.323456 -3.28411 8.29649
    endloop
  endfacet
  facet normal -1.49482e-05 0.112859 -0.993611
    outer loop
      vertex -3.28411 -0.323456 8.63277
      vertex -3.9247 -3.38125 8.28546
      vertex -3.3 0 8.66951
    endloop
  endfacet
  facet normal -4.2928e-05 0.112865 -0.99361
    outer loop
      vertex -3.23659 -0.643798 8.59638
      vertex -3.9247 -3.38125 8.28546
      vertex -3.28411 -0.323456 8.63277
    endloop
  endfacet
  facet normal 9.95422e-07 0.112854 -0.993612
    outer loop
      vertex -3.1579 -0.957939 8.5607
      vertex -3.9247 -3.38125 8.28546
      vertex -3.23659 -0.643798 8.59638
    endloop
  endfacet
  facet normal 8.86275e-06 0.112852 -0.993612
    outer loop
      vertex -3.0488 -1.26285 8.52607
      vertex -3.9247 -3.38125 8.28546
      vertex -3.1579 -0.957939 8.5607
    endloop
  endfacet
  facet normal 7.5615e-06 0.112852 -0.993612
    outer loop
      vertex -2.91034 -1.55561 8.49282
      vertex -3.9247 -3.38125 8.28546
      vertex -3.0488 -1.26285 8.52607
    endloop
  endfacet
  facet normal -9.41176e-07 0.112857 -0.993611
    outer loop
      vertex -2.74385 -1.83338 8.46127
      vertex -3.9247 -3.38125 8.28546
      vertex -2.91034 -1.55561 8.49282
    endloop
  endfacet
  facet normal -1.28943e-05 0.112866 -0.99361
    outer loop
      vertex -2.55093 -2.0935 8.43172
      vertex -3.9247 -3.38125 8.28546
      vertex -2.74385 -1.83338 8.46127
    endloop
  endfacet
  facet normal 6.35496e-06 0.112846 -0.993613
    outer loop
      vertex -2.33345 -2.33345 8.40447
      vertex -3.9247 -3.38125 8.28546
      vertex -2.55093 -2.0935 8.43172
    endloop
  endfacet
  facet normal 2.71866e-06 0.112851 -0.993612
    outer loop
      vertex -2.0935 -2.55093 8.37977
      vertex -3.9247 -3.38125 8.28546
      vertex -2.33345 -2.33345 8.40447
    endloop
  endfacet
  facet normal -1.10473e-05 0.112881 -0.993609
    outer loop
      vertex -1.83338 -2.74385 8.35785
      vertex -3.9247 -3.38125 8.28546
      vertex -2.0935 -2.55093 8.37977
    endloop
  endfacet
  facet normal -1.93507e-06 0.112852 -0.993612
    outer loop
      vertex -1.55561 -2.91034 8.33894
      vertex -3.9247 -3.38125 8.28546
      vertex -1.83338 -2.74385 8.35785
    endloop
  endfacet
  facet normal 4.55467e-06 0.112819 -0.993616
    outer loop
      vertex -1.26285 -3.0488 8.32322
      vertex -3.9247 -3.38125 8.28546
      vertex -1.55561 -2.91034 8.33894
    endloop
  endfacet
  facet normal 1.42153e-06 0.112844 -0.993613
    outer loop
      vertex -0.957939 -3.1579 8.31083
      vertex -3.9247 -3.38125 8.28546
      vertex -1.26285 -3.0488 8.32322
    endloop
  endfacet
  facet normal -1.25568e-06 0.112879 -0.993609
    outer loop
      vertex -0.643798 -3.23659 8.30189
      vertex -3.9247 -3.38125 8.28546
      vertex -0.957939 -3.1579 8.31083
    endloop
  endfacet
  facet normal -2.01621e-06 0.112896 -0.993607
    outer loop
      vertex -0.323456 -3.28411 8.29649
      vertex -3.9247 -3.38125 8.28546
      vertex -0.643798 -3.23659 8.30189
    endloop
  endfacet
  facet normal 4.64847e-06 0.112652 -0.993634
    outer loop
      vertex 0 -3.3 8.29469
      vertex -3.9247 -3.38125 8.28546
      vertex -0.323456 -3.28411 8.29649
    endloop
  endfacet
  facet normal 0 0.112874 -0.993609
    outer loop
      vertex -3.9247 -3.38125 8.28546
      vertex 0 -3.3 8.29469
      vertex 3.9247 -3.38125 8.28546
    endloop
  endfacet
  facet normal -1.98559e-06 0.112856 -0.993611
    outer loop
      vertex 3.3 0 8.66951
      vertex 4.1049 4.59705 9.19165
      vertex 3.9247 -3.38125 8.28546
    endloop
  endfacet
  facet normal -1.87791e-05 0.112859 -0.993611
    outer loop
      vertex 3.28411 0.323456 8.70625
      vertex 4.1049 4.59705 9.19165
      vertex 3.3 0 8.66951
    endloop
  endfacet
  facet normal 4.4044e-05 0.112847 -0.993612
    outer loop
      vertex 3.23659 0.643798 8.74263
      vertex 4.1049 4.59705 9.19165
      vertex 3.28411 0.323456 8.70625
    endloop
  endfacet
  facet normal 6.05925e-06 0.112855 -0.993611
    outer loop
      vertex 3.1579 0.957939 8.77831
      vertex 4.1049 4.59705 9.19165
      vertex 3.23659 0.643798 8.74263
    endloop
  endfacet
  facet normal 1.37627e-05 0.112853 -0.993612
    outer loop
      vertex 3.0488 1.26285 8.81294
      vertex 4.1049 4.59705 9.19165
      vertex 3.1579 0.957939 8.77831
    endloop
  endfacet
  facet normal -3.13903e-05 0.112868 -0.99361
    outer loop
      vertex 2.91034 1.55561 8.8462
      vertex 4.1049 4.59705 9.19165
      vertex 3.0488 1.26285 8.81294
    endloop
  endfacet
  facet normal -2.1166e-06 0.112856 -0.993611
    outer loop
      vertex 2.74385 1.83338 8.87775
      vertex 4.1049 4.59705 9.19165
      vertex 2.91034 1.55561 8.8462
    endloop
  endfacet
  facet normal 1.43981e-05 0.112848 -0.993612
    outer loop
      vertex 2.55093 2.0935 8.90729
      vertex 4.1049 4.59705 9.19165
      vertex 2.74385 1.83338 8.87775
    endloop
  endfacet
  facet normal -1.5804e-05 0.112867 -0.99361
    outer loop
      vertex 2.33345 2.33345 8.93455
      vertex 4.1049 4.59705 9.19165
      vertex 2.55093 2.0935 8.90729
    endloop
  endfacet
  facet normal 3.41191e-06 0.112852 -0.993612
    outer loop
      vertex 2.0935 2.55093 8.95925
      vertex 4.1049 4.59705 9.19165
      vertex 2.33345 2.33345 8.93455
    endloop
  endfacet
  facet normal 4.44702e-06 0.112851 -0.993612
    outer loop
      vertex 1.83338 2.74385 8.98116
      vertex 4.1049 4.59705 9.19165
      vertex 2.0935 2.55093 8.95925
    endloop
  endfacet
  facet normal 5.20869e-07 0.112856 -0.993611
    outer loop
      vertex 1.55561 2.91034 9.00007
      vertex 4.1049 4.59705 9.19165
      vertex 1.83338 2.74385 8.98116
    endloop
  endfacet
  facet normal -6.78403e-06 0.112867 -0.99361
    outer loop
      vertex 1.26285 3.0488 9.0158
      vertex 4.1049 4.59705 9.19165
      vertex 1.55561 2.91034 9.00007
    endloop
  endfacet
  facet normal 3.07111e-06 0.112849 -0.993612
    outer loop
      vertex 0.957939 3.1579 9.02819
      vertex 4.1049 4.59705 9.19165
      vertex 1.26285 3.0488 9.0158
    endloop
  endfacet
  facet normal -4.73368e-06 0.112866 -0.99361
    outer loop
      vertex 0.643798 3.23659 9.03713
      vertex 4.1049 4.59705 9.19165
      vertex 0.957939 3.1579 9.02819
    endloop
  endfacet
  facet normal 1.64051e-05 0.112812 -0.993616
    outer loop
      vertex 0.323456 3.28411 9.04252
      vertex 4.1049 4.59705 9.19165
      vertex 0.643798 3.23659 9.03713
    endloop
  endfacet
  facet normal -1.38264e-05 0.112898 -0.993607
    outer loop
      vertex 0 3.3 9.04433
      vertex 4.1049 4.59705 9.19165
      vertex 0.323456 3.28411 9.04252
    endloop
  endfacet
  facet normal 1.38264e-05 0.112898 -0.993607
    outer loop
      vertex -4.1049 4.59705 9.19165
      vertex 0 3.3 9.04433
      vertex -0.323456 3.28411 9.04252
    endloop
  endfacet
  facet normal -1.64051e-05 0.112812 -0.993616
    outer loop
      vertex -4.1049 4.59705 9.19165
      vertex -0.323456 3.28411 9.04252
      vertex -0.643798 3.23659 9.03713
    endloop
  endfacet
  facet normal 4.73368e-06 0.112866 -0.99361
    outer loop
      vertex -4.1049 4.59705 9.19165
      vertex -0.643798 3.23659 9.03713
      vertex -0.957939 3.1579 9.02819
    endloop
  endfacet
  facet normal 1.98559e-06 0.112856 -0.993611
    outer loop
      vertex -4.1049 4.59705 9.19165
      vertex -3.3 0 8.66951
      vertex -3.9247 -3.38125 8.28546
    endloop
  endfacet
  facet normal 1.87791e-05 0.112859 -0.993611
    outer loop
      vertex -3.3 0 8.66951
      vertex -4.1049 4.59705 9.19165
      vertex -3.28411 0.323456 8.70625
    endloop
  endfacet
  facet normal 0 0.112855 -0.993611
    outer loop
      vertex 0 3.3 9.04433
      vertex -4.1049 4.59705 9.19165
      vertex 4.1049 4.59705 9.19165
    endloop
  endfacet
  facet normal -3.07111e-06 0.112849 -0.993612
    outer loop
      vertex -1.26285 3.0488 9.0158
      vertex -4.1049 4.59705 9.19165
      vertex -0.957939 3.1579 9.02819
    endloop
  endfacet
  facet normal 6.78403e-06 0.112867 -0.99361
    outer loop
      vertex -1.55561 2.91034 9.00007
      vertex -4.1049 4.59705 9.19165
      vertex -1.26285 3.0488 9.0158
    endloop
  endfacet
  facet normal -5.20869e-07 0.112856 -0.993611
    outer loop
      vertex -1.83338 2.74385 8.98116
      vertex -4.1049 4.59705 9.19165
      vertex -1.55561 2.91034 9.00007
    endloop
  endfacet
  facet normal -4.44702e-06 0.112851 -0.993612
    outer loop
      vertex -2.0935 2.55093 8.95925
      vertex -4.1049 4.59705 9.19165
      vertex -1.83338 2.74385 8.98116
    endloop
  endfacet
  facet normal -3.41191e-06 0.112852 -0.993612
    outer loop
      vertex -2.33345 2.33345 8.93455
      vertex -4.1049 4.59705 9.19165
      vertex -2.0935 2.55093 8.95925
    endloop
  endfacet
  facet normal 1.5804e-05 0.112867 -0.99361
    outer loop
      vertex -2.55093 2.0935 8.90729
      vertex -4.1049 4.59705 9.19165
      vertex -2.33345 2.33345 8.93455
    endloop
  endfacet
  facet normal -1.43981e-05 0.112848 -0.993612
    outer loop
      vertex -2.74385 1.83338 8.87775
      vertex -4.1049 4.59705 9.19165
      vertex -2.55093 2.0935 8.90729
    endloop
  endfacet
  facet normal 2.1166e-06 0.112856 -0.993611
    outer loop
      vertex -2.91034 1.55561 8.8462
      vertex -4.1049 4.59705 9.19165
      vertex -2.74385 1.83338 8.87775
    endloop
  endfacet
  facet normal 3.13903e-05 0.112868 -0.99361
    outer loop
      vertex -3.0488 1.26285 8.81294
      vertex -4.1049 4.59705 9.19165
      vertex -2.91034 1.55561 8.8462
    endloop
  endfacet
  facet normal -1.37627e-05 0.112853 -0.993612
    outer loop
      vertex -3.1579 0.957939 8.77831
      vertex -4.1049 4.59705 9.19165
      vertex -3.0488 1.26285 8.81294
    endloop
  endfacet
  facet normal -6.05925e-06 0.112855 -0.993611
    outer loop
      vertex -3.23659 0.643798 8.74263
      vertex -4.1049 4.59705 9.19165
      vertex -3.1579 0.957939 8.77831
    endloop
  endfacet
  facet normal -4.4044e-05 0.112847 -0.993612
    outer loop
      vertex -3.28411 0.323456 8.70625
      vertex -4.1049 4.59705 9.19165
      vertex -3.23659 0.643798 8.74263
    endloop
  endfacet
  facet normal -0.945056 0.0825772 -0.316307
    outer loop
      vertex 4.39999 -2.38276 8.39887
      vertex 6.89517 -5.99802 0
      vertex 4.39374 -2.50937 8.38449
    endloop
  endfacet
  facet normal 3.08936e-06 0.112856 -0.993611
    outer loop
      vertex 4.1049 4.59705 9.19165
      vertex 4.37502 4.02961 9.1272
      vertex 3.9247 -3.38125 8.28546
    endloop
  endfacet
  facet normal 0.946222 -0.140286 -0.29152
    outer loop
      vertex -6.88078 6.09508 0
      vertex -4.37502 4.02961 9.1272
      vertex -6.89517 5.99802 0
    endloop
  endfacet
  facet normal 0.825023 0.390188 -0.408767
    outer loop
      vertex -4.30104 -2.87706 8.34272
      vertex -6.78192 -6.37138 0
      vertex -6.82387 -6.28268 0
    endloop
  endfacet
  facet normal 0.722223 0.535666 -0.437557
    outer loop
      vertex -4.18091 -3.10039 8.31736
      vertex -6.673 -6.53439 0
      vertex -6.73146 -6.45557 0
    endloop
  endfacet
  facet normal -0.951863 0.0468018 -0.30293
    outer loop
      vertex 6.89999 -5.89999 0
      vertex 6.89517 -5.99802 0
      vertex 4.39999 -2.38276 8.39887
    endloop
  endfacet
  facet normal -0.855207 -0.404464 -0.324085
    outer loop
      vertex 6.78192 6.37138 0
      vertex 6.82387 6.28268 0
      vertex 4.24649 4.38651 9.16774
    endloop
  endfacet
  facet normal 0.923649 -0.231397 -0.305495
    outer loop
      vertex -6.85693 6.19028 0
      vertex -4.34401 4.15257 9.14116
      vertex -6.88078 6.09508 0
    endloop
  endfacet
  facet normal 0 0.112846 -0.993612
    outer loop
      vertex 4.1049 4.59705 9.19165
      vertex -3.22742 5.0631 9.24458
      vertex 3.22742 5.0631 9.24458
    endloop
  endfacet
  facet normal 0 0.112846 -0.993612
    outer loop
      vertex -3.22742 5.0631 9.24458
      vertex 4.1049 4.59705 9.19165
      vertex -4.1049 4.59705 9.19165
    endloop
  endfacet
  facet normal -0.502009 -0.808113 -0.308123
    outer loop
      vertex 6.45557 6.73146 0
      vertex 3.82224 4.85163 9.22056
      vertex 3.7128 4.91679 9.22797
    endloop
  endfacet
  facet normal 0.286971 0.856046 -0.429921
    outer loop
      vertex -3.59747 -3.57613 8.26332
      vertex -3.47736 -3.61883 8.25847
      vertex -6.19028 -6.85693 0
    endloop
  endfacet
  facet normal 7.42715e-06 0.112862 -0.993611
    outer loop
      vertex 3.9247 -3.38125 8.28546
      vertex 3.35361 -3.64964 8.25497
      vertex 3.09999 -3.67445 8.25215
    endloop
  endfacet
  facet normal 0.0480353 -0.97695 -0.207996
    outer loop
      vertex -5.89999 6.89999 0
      vertex -3.09999 5.06931 9.24529
      vertex -5.99802 6.89517 0
    endloop
  endfacet
  facet normal -0.000480551 0.112562 -0.993645
    outer loop
      vertex -4.1049 -3.2022 8.30579
      vertex -4.18091 -3.10039 8.31736
      vertex -4.24649 -2.99165 8.32971
    endloop
  endfacet
  facet normal 0 -0.980954 -0.194241
    outer loop
      vertex -5.89999 6.89999 0
      vertex 3.09999 5.06931 9.24529
      vertex -3.09999 5.06931 9.24529
    endloop
  endfacet
  facet normal 0 -0.980954 -0.194241
    outer loop
      vertex 3.09999 5.06931 9.24529
      vertex -5.89999 6.89999 0
      vertex 5.89999 6.89999 0
    endloop
  endfacet
  facet normal 4.13469e-06 0.112871 -0.99361
    outer loop
      vertex 3.9247 4.77611 9.21199
      vertex 4.1049 4.59705 9.19165
      vertex 3.7128 4.91679 9.22797
    endloop
  endfacet
  facet normal -0.419295 -0.858798 -0.294377
    outer loop
      vertex 6.37138 6.78192 0
      vertex 3.7128 4.91679 9.22797
      vertex 3.59747 4.97099 9.23412
    endloop
  endfacet
  facet normal 4.70265e-05 0.112856 -0.993611
    outer loop
      vertex -4.37502 4.02961 9.1272
      vertex -4.37502 -2.63475 8.37025
      vertex -4.39374 -2.50937 8.38449
    endloop
  endfacet
  facet normal -8.53751e-06 0.112856 -0.993611
    outer loop
      vertex -3.9247 -3.38125 8.28546
      vertex -4.01923 -3.29612 8.29513
      vertex -4.37502 4.02961 9.1272
    endloop
  endfacet
  facet normal -0.145672 -0.961217 -0.234183
    outer loop
      vertex 6.09508 6.88078 0
      vertex 3.35361 5.04449 9.24247
      vertex 3.22742 5.0631 9.24458
    endloop
  endfacet
  facet normal -0.142607 -0.961876 -0.233362
    outer loop
      vertex 5.99802 6.89517 0
      vertex 6.09508 6.88078 0
      vertex 3.22742 5.0631 9.24458
    endloop
  endfacet
  facet normal -0.749716 0.50122 -0.432093
    outer loop
      vertex 4.24649 -2.99165 8.32971
      vertex 6.73146 -6.45557 0
      vertex 4.18091 -3.10039 8.31736
    endloop
  endfacet
  facet normal 0.699747 -0.634208 -0.328838
    outer loop
      vertex -6.6071 6.6071 0
      vertex -4.01923 4.69098 9.20232
      vertex -6.673 6.53439 0
    endloop
  endfacet
  facet normal -0.0487654 -0.976868 -0.208208
    outer loop
      vertex 5.99802 6.89517 0
      vertex 3.22742 5.0631 9.24458
      vertex 3.09999 5.06931 9.24529
    endloop
  endfacet
  facet normal -0.663121 0.601014 -0.446153
    outer loop
      vertex 6.673 -6.53439 0
      vertex 6.6071 -6.6071 0
      vertex 4.1049 -3.2022 8.30579
    endloop
  endfacet
  facet normal 0.000480551 0.112562 -0.993645
    outer loop
      vertex 4.24649 -2.99165 8.32971
      vertex 4.18091 -3.10039 8.31736
      vertex 4.1049 -3.2022 8.30579
    endloop
  endfacet
  facet normal 1.11517e-05 0.112901 -0.993606
    outer loop
      vertex -3.35361 -3.64964 8.25497
      vertex -3.59747 -3.57613 8.26332
      vertex -3.9247 -3.38125 8.28546
    endloop
  endfacet
  facet normal 0.951811 -0.109579 -0.286441
    outer loop
      vertex -4.37502 4.02961 9.1272
      vertex -4.39374 3.90423 9.11296
      vertex -6.89517 5.99802 0
    endloop
  endfacet
  facet normal -0.000166094 0.112396 -0.993663
    outer loop
      vertex 3.59747 4.97099 9.23412
      vertex 3.7128 4.91679 9.22797
      vertex 3.47736 5.01369 9.23897
    endloop
  endfacet
  facet normal -0.758107 -0.562281 -0.330324
    outer loop
      vertex 6.673 6.53439 0
      vertex 6.73146 6.45557 0
      vertex 4.1049 4.59705 9.19165
    endloop
  endfacet
  facet normal 0.570922 0.685316 -0.452095
    outer loop
      vertex -4.01923 -3.29612 8.29513
      vertex -3.9247 -3.38125 8.28546
      vertex -6.53439 -6.673 0
    endloop
  endfacet
  facet normal 0.12726 0.908531 -0.397965
    outer loop
      vertex -3.35361 -3.64964 8.25497
      vertex -3.22742 -3.66824 8.25286
      vertex -5.99802 -6.89517 0
    endloop
  endfacet
  facet normal 0.000519075 0.112679 -0.993631
    outer loop
      vertex -4.34401 4.15257 9.14116
      vertex -4.24649 4.38651 9.16774
      vertex -4.37502 4.02961 9.1272
    endloop
  endfacet
  facet normal 0.893197 -0.319579 -0.316337
    outer loop
      vertex -6.82387 6.28268 0
      vertex -4.30104 4.27192 9.15472
      vertex -6.85693 6.19028 0
    endloop
  endfacet
  facet normal 0.953926 0.0338618 -0.298125
    outer loop
      vertex -4.39999 3.77761 9.09858
      vertex -4.39999 -2.38276 8.39887
      vertex -6.89999 -5.89999 0
    endloop
  endfacet
  facet normal 0.951863 0.0468018 -0.30293
    outer loop
      vertex -4.39999 -2.38276 8.39887
      vertex -6.89517 -5.99802 0
      vertex -6.89999 -5.89999 0
    endloop
  endfacet
  facet normal -0.00010742 0.112857 -0.993611
    outer loop
      vertex 4.39999 3.77761 9.09858
      vertex 4.39999 -2.38276 8.39887
      vertex 4.39374 -2.50937 8.38449
    endloop
  endfacet
  facet normal -0.960432 -0.0472231 -0.27448
    outer loop
      vertex 6.89517 5.99802 0
      vertex 6.89999 5.89999 0
      vertex 4.39374 3.90423 9.11296
    endloop
  endfacet
  facet normal 0.408859 -0.8645 -0.29236
    outer loop
      vertex -6.28268 6.82387 0
      vertex -3.59747 4.97099 9.23412
      vertex -6.37138 6.78192 0
    endloop
  endfacet
  facet normal 0.715875 -0.615466 -0.329735
    outer loop
      vertex -4.01923 4.69098 9.20232
      vertex -4.1049 4.59705 9.19165
      vertex -6.673 6.53439 0
    endloop
  endfacet
  facet normal -0.693767 0.568242 -0.442481
    outer loop
      vertex 4.18091 -3.10039 8.31736
      vertex 6.673 -6.53439 0
      vertex 4.1049 -3.2022 8.30579
    endloop
  endfacet
  facet normal -0.722223 0.535666 -0.437557
    outer loop
      vertex 6.73146 -6.45557 0
      vertex 6.673 -6.53439 0
      vertex 4.18091 -3.10039 8.31736
    endloop
  endfacet
  facet normal -0.12726 0.908531 -0.397965
    outer loop
      vertex 3.35361 -3.64964 8.25497
      vertex 5.99802 -6.89517 0
      vertex 3.22742 -3.66824 8.25286
    endloop
  endfacet
  facet normal 0.134439 0.906787 -0.399579
    outer loop
      vertex -3.35361 -3.64964 8.25497
      vertex -5.99802 -6.89517 0
      vertex -6.09508 -6.88078 0
    endloop
  endfacet
  facet normal 6.44472e-05 0.112286 -0.993676
    outer loop
      vertex 3.35361 -3.64964 8.25497
      vertex 3.22742 -3.66824 8.25286
      vertex 3.09999 -3.67445 8.25215
    endloop
  endfacet
  facet normal 7.67278e-05 0.112891 -0.993607
    outer loop
      vertex 4.24649 4.38651 9.16774
      vertex 4.37502 4.02961 9.1272
      vertex 4.1049 4.59705 9.19165
    endloop
  endfacet
  facet normal 0.964263 0 -0.264949
    outer loop
      vertex -6.89999 5.89999 0
      vertex -4.39999 3.77761 9.09858
      vertex -6.89999 -5.89999 0
    endloop
  endfacet
  facet normal 0.945056 0.0825772 -0.316307
    outer loop
      vertex -4.39999 -2.38276 8.39887
      vertex -4.39374 -2.50937 8.38449
      vertex -6.89517 -5.99802 0
    endloop
  endfacet
  facet normal -0.953926 0.0338618 -0.298125
    outer loop
      vertex 4.39999 3.77761 9.09858
      vertex 6.89999 -5.89999 0
      vertex 4.39999 -2.38276 8.39887
    endloop
  endfacet
  facet normal -0.951811 -0.109579 -0.286441
    outer loop
      vertex 6.89517 5.99802 0
      vertex 4.39374 3.90423 9.11296
      vertex 4.37502 4.02961 9.1272
    endloop
  endfacet
  facet normal 0.000108487 0.112857 -0.993611
    outer loop
      vertex 4.39999 3.77761 9.09858
      vertex 4.39374 -2.50937 8.38449
      vertex 4.37502 4.02961 9.1272
    endloop
  endfacet
  facet normal -0.931856 0.138156 -0.335495
    outer loop
      vertex 6.89517 -5.99802 0
      vertex 6.88078 -6.09508 0
      vertex 4.39374 -2.50937 8.38449
    endloop
  endfacet
  facet normal 0.000739382 0.111766 -0.993734
    outer loop
      vertex -3.82224 4.85163 9.22056
      vertex -3.7128 4.91679 9.22797
      vertex -3.9247 4.77611 9.21199
    endloop
  endfacet
  facet normal -4.13469e-06 0.112871 -0.99361
    outer loop
      vertex -3.9247 4.77611 9.21199
      vertex -3.7128 4.91679 9.22797
      vertex -4.1049 4.59705 9.19165
    endloop
  endfacet
  facet normal 0.773912 -0.540278 -0.330392
    outer loop
      vertex -4.1049 4.59705 9.19165
      vertex -4.18091 4.49524 9.18009
      vertex -6.73146 6.45557 0
    endloop
  endfacet
  facet normal 0.810062 -0.485518 -0.328742
    outer loop
      vertex -6.73146 6.45557 0
      vertex -4.18091 4.49524 9.18009
      vertex -6.78192 6.37138 0
    endloop
  endfacet
  facet normal -7.67278e-05 0.112891 -0.993607
    outer loop
      vertex -4.24649 4.38651 9.16774
      vertex -4.1049 4.59705 9.19165
      vertex -4.37502 4.02961 9.1272
    endloop
  endfacet
  facet normal 0.932116 -0.200862 -0.301356
    outer loop
      vertex -4.34401 4.15257 9.14116
      vertex -4.37502 4.02961 9.1272
      vertex -6.88078 6.09508 0
    endloop
  endfacet
  facet normal -3.08936e-06 0.112856 -0.993611
    outer loop
      vertex -4.1049 4.59705 9.19165
      vertex -3.9247 -3.38125 8.28546
      vertex -4.37502 4.02961 9.1272
    endloop
  endfacet
  facet normal 0.920363 0.17702 -0.348706
    outer loop
      vertex -4.39374 -2.50937 8.38449
      vertex -4.37502 -2.63475 8.37025
      vertex -6.88078 -6.09508 0
    endloop
  endfacet
  facet normal -0.362442 0.821298 -0.440573
    outer loop
      vertex 3.7128 -3.52193 8.26948
      vertex 6.28268 -6.82387 0
      vertex 3.59747 -3.57613 8.26332
    endloop
  endfacet
  facet normal -0.383345 0.810552 -0.442778
    outer loop
      vertex 6.37138 -6.78192 0
      vertex 6.28268 -6.82387 0
      vertex 3.7128 -3.52193 8.26948
    endloop
  endfacet
  facet normal 0.903464 0.226341 -0.364037
    outer loop
      vertex -4.37502 -2.63475 8.37025
      vertex -6.85693 -6.19028 0
      vertex -6.88078 -6.09508 0
    endloop
  endfacet
  facet normal 0.45928 0.766286 -0.449298
    outer loop
      vertex -3.82224 -3.45677 8.27688
      vertex -6.37138 -6.78192 0
      vertex -6.45557 -6.73146 0
    endloop
  endfacet
  facet normal -0.923649 -0.231397 -0.305495
    outer loop
      vertex 6.85693 6.19028 0
      vertex 6.88078 6.09508 0
      vertex 4.34401 4.15257 9.14116
    endloop
  endfacet
  facet normal -6.04955e-05 0.112868 -0.99361
    outer loop
      vertex 4.30104 4.27192 9.15472
      vertex 4.34401 4.15257 9.14116
      vertex 4.24649 4.38651 9.16774
    endloop
  endfacet
  facet normal -0.887322 0.266535 -0.376324
    outer loop
      vertex 4.37502 -2.63475 8.37025
      vertex 6.85693 -6.19028 0
      vertex 4.34401 -2.75771 8.35628
    endloop
  endfacet
  facet normal -1.19991e-05 0.112857 -0.993611
    outer loop
      vertex 4.37502 4.02961 9.1272
      vertex 4.34401 -2.75771 8.35628
      vertex 4.01923 -3.29612 8.29513
    endloop
  endfacet
  facet normal -0.964263 -0 -0.264949
    outer loop
      vertex 6.89999 5.89999 0
      vertex 6.89999 -5.89999 0
      vertex 4.39999 3.77761 9.09858
    endloop
  endfacet
  facet normal -0.9631 -0.0170342 -0.268603
    outer loop
      vertex 6.89999 5.89999 0
      vertex 4.39999 3.77761 9.09858
      vertex 4.39374 3.90423 9.11296
    endloop
  endfacet
  facet normal 0.331749 -0.901663 -0.277394
    outer loop
      vertex -3.47736 5.01369 9.23897
      vertex -3.59747 4.97099 9.23412
      vertex -6.28268 6.82387 0
    endloop
  endfacet
  facet normal 0.419295 -0.858798 -0.294377
    outer loop
      vertex -3.59747 4.97099 9.23412
      vertex -3.7128 4.91679 9.22797
      vertex -6.37138 6.78192 0
    endloop
  endfacet
  facet normal -0.000272009 0.11302 -0.993593
    outer loop
      vertex -4.18091 4.49524 9.18009
      vertex -4.1049 4.59705 9.19165
      vertex -4.24649 4.38651 9.16774
    endloop
  endfacet
  facet normal 0.824988 -0.460352 -0.327828
    outer loop
      vertex -4.18091 4.49524 9.18009
      vertex -4.24649 4.38651 9.16774
      vertex -6.78192 6.37138 0
    endloop
  endfacet
  facet normal 6.04955e-05 0.112868 -0.99361
    outer loop
      vertex -4.30104 4.27192 9.15472
      vertex -4.24649 4.38651 9.16774
      vertex -4.34401 4.15257 9.14116
    endloop
  endfacet
  facet normal 0.904314 -0.289994 -0.313242
    outer loop
      vertex -4.30104 4.27192 9.15472
      vertex -4.34401 4.15257 9.14116
      vertex -6.85693 6.19028 0
    endloop
  endfacet
  facet normal -0.000108487 0.112857 -0.993611
    outer loop
      vertex -4.37502 4.02961 9.1272
      vertex -4.39374 -2.50937 8.38449
      vertex -4.39999 3.77761 9.09858
    endloop
  endfacet
  facet normal 6.53766e-05 0.11284 -0.993613
    outer loop
      vertex -4.39374 3.90423 9.11296
      vertex -4.37502 4.02961 9.1272
      vertex -4.39999 3.77761 9.09858
    endloop
  endfacet
  facet normal 0.208632 0.885214 -0.415775
    outer loop
      vertex -3.47736 -3.61883 8.25847
      vertex -3.35361 -3.64964 8.25497
      vertex -6.09508 -6.88078 0
    endloop
  endfacet
  facet normal -1.34905e-05 0.11282 -0.993615
    outer loop
      vertex -3.35361 -3.64964 8.25497
      vertex -3.47736 -3.61883 8.25847
      vertex -3.59747 -3.57613 8.26332
    endloop
  endfacet
  facet normal 0.0454859 0.925099 -0.376991
    outer loop
      vertex -3.22742 -3.66824 8.25286
      vertex -5.89999 -6.89999 0
      vertex -5.99802 -6.89517 0
    endloop
  endfacet
  facet normal 0.0430044 0.925484 -0.376338
    outer loop
      vertex -3.22742 -3.66824 8.25286
      vertex -3.09999 -3.67445 8.25215
      vertex -5.89999 -6.89999 0
    endloop
  endfacet
  facet normal -0.286971 0.856046 -0.429921
    outer loop
      vertex 3.59747 -3.57613 8.26332
      vertex 6.19028 -6.85693 0
      vertex 3.47736 -3.61883 8.25847
    endloop
  endfacet
  facet normal 0.847246 0.350397 -0.399244
    outer loop
      vertex -4.34401 -2.75771 8.35628
      vertex -4.30104 -2.87706 8.34272
      vertex -6.82387 -6.28268 0
    endloop
  endfacet
  facet normal 9.91186e-05 0.112718 -0.993627
    outer loop
      vertex 3.9247 -3.38125 8.28546
      vertex 3.7128 -3.52193 8.26948
      vertex 3.59747 -3.57613 8.26332
    endloop
  endfacet
  facet normal -1.11517e-05 0.112901 -0.993606
    outer loop
      vertex 3.9247 -3.38125 8.28546
      vertex 3.59747 -3.57613 8.26332
      vertex 3.35361 -3.64964 8.25497
    endloop
  endfacet
  facet normal 1.19991e-05 0.112857 -0.993611
    outer loop
      vertex -4.01923 -3.29612 8.29513
      vertex -4.34401 -2.75771 8.35628
      vertex -4.37502 4.02961 9.1272
    endloop
  endfacet
  facet normal -0.000127588 0.112856 -0.993611
    outer loop
      vertex -4.37502 4.02961 9.1272
      vertex -4.34401 -2.75771 8.35628
      vertex -4.37502 -2.63475 8.37025
    endloop
  endfacet
  facet normal -0.531388 0.716456 -0.452015
    outer loop
      vertex 6.53439 -6.673 0
      vertex 6.45557 -6.73146 0
      vertex 3.9247 -3.38125 8.28546
    endloop
  endfacet
  facet normal -0.867617 0.310427 -0.388428
    outer loop
      vertex 6.85693 -6.19028 0
      vertex 6.82387 -6.28268 0
      vertex 4.34401 -2.75771 8.35628
    endloop
  endfacet
  facet normal -0.000519075 0.112679 -0.993631
    outer loop
      vertex 4.34401 4.15257 9.14116
      vertex 4.37502 4.02961 9.1272
      vertex 4.24649 4.38651 9.16774
    endloop
  endfacet
  facet normal -0.868474 -0.376835 -0.3221
    outer loop
      vertex 6.82387 6.28268 0
      vertex 4.30104 4.27192 9.15472
      vertex 4.24649 4.38651 9.16774
    endloop
  endfacet
  facet normal -0.801018 0.428753 -0.417781
    outer loop
      vertex 4.30104 -2.87706 8.34272
      vertex 6.78192 -6.37138 0
      vertex 4.24649 -2.99165 8.32971
    endloop
  endfacet
  facet normal -0.825023 0.390188 -0.408767
    outer loop
      vertex 6.82387 -6.28268 0
      vertex 6.78192 -6.37138 0
      vertex 4.30104 -2.87706 8.34272
    endloop
  endfacet
  facet normal -4.70265e-05 0.112856 -0.993611
    outer loop
      vertex 4.37502 4.02961 9.1272
      vertex 4.39374 -2.50937 8.38449
      vertex 4.37502 -2.63475 8.37025
    endloop
  endfacet
  facet normal -0.920363 0.17702 -0.348706
    outer loop
      vertex 4.39374 -2.50937 8.38449
      vertex 6.88078 -6.09508 0
      vertex 4.37502 -2.63475 8.37025
    endloop
  endfacet
  facet normal 0.000166094 0.112396 -0.993663
    outer loop
      vertex -3.59747 4.97099 9.23412
      vertex -3.47736 5.01369 9.23897
      vertex -3.7128 4.91679 9.22797
    endloop
  endfacet
  facet normal 7.81564e-06 0.112776 -0.99362
    outer loop
      vertex -3.47736 5.01369 9.23897
      vertex -3.22742 5.0631 9.24458
      vertex -3.7128 4.91679 9.22797
    endloop
  endfacet
  facet normal -2.1299e-05 0.112889 -0.993608
    outer loop
      vertex -4.01923 4.69098 9.20232
      vertex -3.9247 4.77611 9.21199
      vertex -4.1049 4.59705 9.19165
    endloop
  endfacet
  facet normal 0.502009 -0.808113 -0.308123
    outer loop
      vertex -3.7128 4.91679 9.22797
      vertex -3.82224 4.85163 9.22056
      vertex -6.45557 6.73146 0
    endloop
  endfacet
  facet normal 1.34905e-05 0.11282 -0.993615
    outer loop
      vertex 3.59747 -3.57613 8.26332
      vertex 3.47736 -3.61883 8.25847
      vertex 3.35361 -3.64964 8.25497
    endloop
  endfacet
  facet normal -0.208632 0.885214 -0.415775
    outer loop
      vertex 3.47736 -3.61883 8.25847
      vertex 6.09508 -6.88078 0
      vertex 3.35361 -3.64964 8.25497
    endloop
  endfacet
  facet normal 0.801018 0.428753 -0.417781
    outer loop
      vertex -4.30104 -2.87706 8.34272
      vertex -4.24649 -2.99165 8.32971
      vertex -6.78192 -6.37138 0
    endloop
  endfacet
  facet normal 0.776369 0.465324 -0.425117
    outer loop
      vertex -4.24649 -2.99165 8.32971
      vertex -6.73146 -6.45557 0
      vertex -6.78192 -6.37138 0
    endloop
  endfacet
  facet normal -0.570922 0.685316 -0.452095
    outer loop
      vertex 4.01923 -3.29612 8.29513
      vertex 6.53439 -6.673 0
      vertex 3.9247 -3.38125 8.28546
    endloop
  endfacet
  facet normal -0.599392 0.661332 -0.450964
    outer loop
      vertex 6.6071 -6.6071 0
      vertex 6.53439 -6.673 0
      vertex 4.01923 -3.29612 8.29513
    endloop
  endfacet
  facet normal -0.434877 0.781256 -0.447796
    outer loop
      vertex 3.82224 -3.45677 8.27688
      vertex 6.37138 -6.78192 0
      vertex 3.7128 -3.52193 8.26948
    endloop
  endfacet
  facet normal -0.45928 0.766286 -0.449298
    outer loop
      vertex 6.45557 -6.73146 0
      vertex 6.37138 -6.78192 0
      vertex 3.82224 -3.45677 8.27688
    endloop
  endfacet
  facet normal -0.824988 -0.460352 -0.327828
    outer loop
      vertex 6.78192 6.37138 0
      vertex 4.24649 4.38651 9.16774
      vertex 4.18091 4.49524 9.18009
    endloop
  endfacet
  facet normal -0.810062 -0.485518 -0.328742
    outer loop
      vertex 6.73146 6.45557 0
      vertex 6.78192 6.37138 0
      vertex 4.18091 4.49524 9.18009
    endloop
  endfacet
  facet normal -0.904314 -0.289994 -0.313242
    outer loop
      vertex 6.85693 6.19028 0
      vertex 4.34401 4.15257 9.14116
      vertex 4.30104 4.27192 9.15472
    endloop
  endfacet
  facet normal -0.893197 -0.319579 -0.316337
    outer loop
      vertex 6.82387 6.28268 0
      vertex 6.85693 6.19028 0
      vertex 4.30104 4.27192 9.15472
    endloop
  endfacet
  facet normal 0.234918 -0.937703 -0.255983
    outer loop
      vertex -6.09508 6.88078 0
      vertex -3.35361 5.04449 9.24247
      vertex -6.19028 6.85693 0
    endloop
  endfacet
  facet normal 0.323827 -0.905069 -0.275656
    outer loop
      vertex -6.19028 6.85693 0
      vertex -3.47736 5.01369 9.23897
      vertex -6.28268 6.82387 0
    endloop
  endfacet
  facet normal 0.579518 -0.75009 -0.318628
    outer loop
      vertex -3.82224 4.85163 9.22056
      vertex -3.9247 4.77611 9.21199
      vertex -6.53439 6.673 0
    endloop
  endfacet
  facet normal 0.635263 -0.70091 -0.324293
    outer loop
      vertex -6.53439 6.673 0
      vertex -3.9247 4.77611 9.21199
      vertex -6.6071 6.6071 0
    endloop
  endfacet
  facet normal 0.693767 0.568242 -0.442481
    outer loop
      vertex -4.18091 -3.10039 8.31736
      vertex -4.1049 -3.2022 8.30579
      vertex -6.673 -6.53439 0
    endloop
  endfacet
  facet normal 0.749716 0.50122 -0.432093
    outer loop
      vertex -4.24649 -2.99165 8.32971
      vertex -4.18091 -3.10039 8.31736
      vertex -6.73146 -6.45557 0
    endloop
  endfacet
  facet normal 0.887322 0.266535 -0.376324
    outer loop
      vertex -4.37502 -2.63475 8.37025
      vertex -4.34401 -2.75771 8.35628
      vertex -6.85693 -6.19028 0
    endloop
  endfacet
  facet normal 0.867617 0.310427 -0.388428
    outer loop
      vertex -4.34401 -2.75771 8.35628
      vertex -6.82387 -6.28268 0
      vertex -6.85693 -6.19028 0
    endloop
  endfacet
  facet normal -0.000686909 0.113133 -0.99358
    outer loop
      vertex 4.34401 -2.75771 8.35628
      vertex 4.30104 -2.87706 8.34272
      vertex 4.24649 -2.99165 8.32971
    endloop
  endfacet
  facet normal -0.847246 0.350397 -0.399244
    outer loop
      vertex 4.34401 -2.75771 8.35628
      vertex 6.82387 -6.28268 0
      vertex 4.30104 -2.87706 8.34272
    endloop
  endfacet
  facet normal 0.000272009 0.11302 -0.993593
    outer loop
      vertex 4.18091 4.49524 9.18009
      vertex 4.24649 4.38651 9.16774
      vertex 4.1049 4.59705 9.19165
    endloop
  endfacet
  facet normal -0.773912 -0.540278 -0.330392
    outer loop
      vertex 6.73146 6.45557 0
      vertex 4.18091 4.49524 9.18009
      vertex 4.1049 4.59705 9.19165
    endloop
  endfacet
  facet normal 0.240236 -0.935998 -0.257281
    outer loop
      vertex -3.35361 5.04449 9.24247
      vertex -3.47736 5.01369 9.23897
      vertex -6.19028 6.85693 0
    endloop
  endfacet
  facet normal -9.22252e-05 0.113276 -0.993564
    outer loop
      vertex -3.35361 5.04449 9.24247
      vertex -3.22742 5.0631 9.24458
      vertex -3.47736 5.01369 9.23897
    endloop
  endfacet
  facet normal 0.362442 0.821298 -0.440573
    outer loop
      vertex -3.7128 -3.52193 8.26948
      vertex -3.59747 -3.57613 8.26332
      vertex -6.28268 -6.82387 0
    endloop
  endfacet
  facet normal -0.650865 -0.685724 -0.325818
    outer loop
      vertex 6.6071 6.6071 0
      vertex 4.01923 4.69098 9.20232
      vertex 3.9247 4.77611 9.21199
    endloop
  endfacet
  facet normal 3.14635e-05 0.112905 -0.993606
    outer loop
      vertex 3.7128 4.91679 9.22797
      vertex 4.1049 4.59705 9.19165
      vertex 3.22742 5.0631 9.24458
    endloop
  endfacet
  facet normal 0.000140599 0.113074 -0.993587
    outer loop
      vertex -3.7128 -3.52193 8.26948
      vertex -3.82224 -3.45677 8.27688
      vertex -3.9247 -3.38125 8.28546
    endloop
  endfacet
  facet normal -7.42715e-06 0.112862 -0.993611
    outer loop
      vertex -3.09999 -3.67445 8.25215
      vertex -3.35361 -3.64964 8.25497
      vertex -3.9247 -3.38125 8.28546
    endloop
  endfacet
  facet normal -0.489423 -0.816578 -0.306047
    outer loop
      vertex 6.37138 6.78192 0
      vertex 6.45557 6.73146 0
      vertex 3.7128 4.91679 9.22797
    endloop
  endfacet
  facet normal 9.22252e-05 0.113276 -0.993564
    outer loop
      vertex 3.35361 5.04449 9.24247
      vertex 3.47736 5.01369 9.23897
      vertex 3.22742 5.0631 9.24458
    endloop
  endfacet
  facet normal 0.434877 0.781256 -0.447796
    outer loop
      vertex -3.82224 -3.45677 8.27688
      vertex -3.7128 -3.52193 8.26948
      vertex -6.37138 -6.78192 0
    endloop
  endfacet
  facet normal 0.383345 0.810552 -0.442778
    outer loop
      vertex -3.7128 -3.52193 8.26948
      vertex -6.28268 -6.82387 0
      vertex -6.37138 -6.78192 0
    endloop
  endfacet
  facet normal 0.000440933 0.113174 -0.993575
    outer loop
      vertex -4.01923 -3.29612 8.29513
      vertex -4.1049 -3.2022 8.30579
      vertex -4.24649 -2.99165 8.32971
    endloop
  endfacet
  facet normal 0.531388 0.716456 -0.452015
    outer loop
      vertex -3.9247 -3.38125 8.28546
      vertex -6.45557 -6.73146 0
      vertex -6.53439 -6.673 0
    endloop
  endfacet
  facet normal -0.408859 -0.8645 -0.29236
    outer loop
      vertex 6.28268 6.82387 0
      vertex 6.37138 6.78192 0
      vertex 3.59747 4.97099 9.23412
    endloop
  endfacet
  facet normal -7.81564e-06 0.112776 -0.99362
    outer loop
      vertex 3.47736 5.01369 9.23897
      vertex 3.7128 4.91679 9.22797
      vertex 3.22742 5.0631 9.24458
    endloop
  endfacet
  facet normal -0.635263 -0.70091 -0.324293
    outer loop
      vertex 6.53439 6.673 0
      vertex 6.6071 6.6071 0
      vertex 3.9247 4.77611 9.21199
    endloop
  endfacet
  facet normal -0.000739382 0.111766 -0.993734
    outer loop
      vertex 3.82224 4.85163 9.22056
      vertex 3.9247 4.77611 9.21199
      vertex 3.7128 4.91679 9.22797
    endloop
  endfacet
  facet normal 0.634159 0.629424 -0.449074
    outer loop
      vertex -4.1049 -3.2022 8.30579
      vertex -4.01923 -3.29612 8.29513
      vertex -6.6071 -6.6071 0
    endloop
  endfacet
  facet normal 0.599392 0.661332 -0.450964
    outer loop
      vertex -4.01923 -3.29612 8.29513
      vertex -6.53439 -6.673 0
      vertex -6.6071 -6.6071 0
    endloop
  endfacet
  facet normal -0.331749 -0.901663 -0.277394
    outer loop
      vertex 6.28268 6.82387 0
      vertex 3.59747 4.97099 9.23412
      vertex 3.47736 5.01369 9.23897
    endloop
  endfacet
  facet normal -0.323827 -0.905069 -0.275656
    outer loop
      vertex 6.19028 6.85693 0
      vertex 6.28268 6.82387 0
      vertex 3.47736 5.01369 9.23897
    endloop
  endfacet
  facet normal -0.579518 -0.75009 -0.318628
    outer loop
      vertex 6.53439 6.673 0
      vertex 3.9247 4.77611 9.21199
      vertex 3.82224 4.85163 9.22056
    endloop
  endfacet
  facet normal -0.565056 -0.761849 -0.316697
    outer loop
      vertex 6.45557 6.73146 0
      vertex 6.53439 6.673 0
      vertex 3.82224 4.85163 9.22056
    endloop
  endfacet
  facet normal 0.989176 0.146736 0
    outer loop
      vertex 3.28411 0.323456 8.70625
      vertex 3.23659 0.643798 0
      vertex 3.23659 0.643798 8.74263
    endloop
  endfacet
  facet normal 0.989176 0.146736 0
    outer loop
      vertex 3.23659 0.643798 0
      vertex 3.28411 0.323456 8.70625
      vertex 3.28411 0.323456 0
    endloop
  endfacet
  facet normal 0.998796 0.0490665 0
    outer loop
      vertex 3.3 0 8.66951
      vertex 3.28411 0.323456 0
      vertex 3.28411 0.323456 8.70625
    endloop
  endfacet
  facet normal 0.998796 0.0490665 0
    outer loop
      vertex 3.28411 0.323456 0
      vertex 3.3 0 8.66951
      vertex 3.3 0 0
    endloop
  endfacet
  facet normal 0.97003 0.242985 0
    outer loop
      vertex 3.23659 0.643798 8.74263
      vertex 3.1579 0.957939 0
      vertex 3.1579 0.957939 8.77831
    endloop
  endfacet
  facet normal 0.97003 0.242985 0
    outer loop
      vertex 3.1579 0.957939 0
      vertex 3.23659 0.643798 8.74263
      vertex 3.23659 0.643798 0
    endloop
  endfacet
  facet normal -0.97003 -0.242985 -0
    outer loop
      vertex -3.1579 -0.957939 8.5607
      vertex -3.23659 -0.643798 0
      vertex -3.1579 -0.957939 0
    endloop
  endfacet
  facet normal -0.97003 -0.242985 0
    outer loop
      vertex -3.23659 -0.643798 0
      vertex -3.1579 -0.957939 8.5607
      vertex -3.23659 -0.643798 8.59638
    endloop
  endfacet
  facet normal 0.514105 -0.857727 0
    outer loop
      vertex 1.83338 -2.74385 0
      vertex 1.55561 -2.91034 8.33894
      vertex 1.55561 -2.91034 0
    endloop
  endfacet
  facet normal 0.514105 -0.857727 0
    outer loop
      vertex 1.55561 -2.91034 8.33894
      vertex 1.83338 -2.74385 0
      vertex 1.83338 -2.74385 8.35785
    endloop
  endfacet
  facet normal 0.740948 -0.671562 0
    outer loop
      vertex 2.33345 -2.33345 8.40447
      vertex 2.55093 -2.0935 0
      vertex 2.55093 -2.0935 8.43172
    endloop
  endfacet
  facet normal 0.740948 -0.671562 0
    outer loop
      vertex 2.55093 -2.0935 0
      vertex 2.33345 -2.33345 8.40447
      vertex 2.33345 -2.33345 0
    endloop
  endfacet
  facet normal 0.803205 -0.595703 0
    outer loop
      vertex 2.55093 -2.0935 8.43172
      vertex 2.74385 -1.83338 0
      vertex 2.74385 -1.83338 8.46127
    endloop
  endfacet
  facet normal 0.803205 -0.595703 0
    outer loop
      vertex 2.74385 -1.83338 0
      vertex 2.55093 -2.0935 8.43172
      vertex 2.55093 -2.0935 0
    endloop
  endfacet
  facet normal 0.671562 0.740948 0
    outer loop
      vertex 2.0935 2.55093 0
      vertex 2.33345 2.33345 8.93455
      vertex 2.33345 2.33345 0
    endloop
  endfacet
  facet normal 0.671562 0.740948 0
    outer loop
      vertex 2.33345 2.33345 8.93455
      vertex 2.0935 2.55093 0
      vertex 2.0935 2.55093 8.95925
    endloop
  endfacet
  facet normal 0.514105 0.857727 0
    outer loop
      vertex 1.55561 2.91034 0
      vertex 1.83338 2.74385 8.98116
      vertex 1.83338 2.74385 0
    endloop
  endfacet
  facet normal 0.514105 0.857727 0
    outer loop
      vertex 1.83338 2.74385 8.98116
      vertex 1.55561 2.91034 0
      vertex 1.55561 2.91034 9.00007
    endloop
  endfacet
  facet normal -0.740948 -0.671562 -0
    outer loop
      vertex -2.33345 -2.33345 8.40447
      vertex -2.55093 -2.0935 0
      vertex -2.33345 -2.33345 0
    endloop
  endfacet
  facet normal -0.740948 -0.671562 0
    outer loop
      vertex -2.55093 -2.0935 0
      vertex -2.33345 -2.33345 8.40447
      vertex -2.55093 -2.0935 8.43172
    endloop
  endfacet
  facet normal -0.146736 0.989176 0
    outer loop
      vertex -0.323456 3.28411 0
      vertex -0.643798 3.23659 9.03713
      vertex -0.323456 3.28411 9.04252
    endloop
  endfacet
  facet normal -0.146736 0.989176 0
    outer loop
      vertex -0.643798 3.23659 9.03713
      vertex -0.323456 3.28411 0
      vertex -0.643798 3.23659 0
    endloop
  endfacet
  facet normal -0.671562 -0.740948 0
    outer loop
      vertex -2.33345 -2.33345 0
      vertex -2.0935 -2.55093 8.37977
      vertex -2.33345 -2.33345 8.40447
    endloop
  endfacet
  facet normal -0.671562 -0.740948 -0
    outer loop
      vertex -2.0935 -2.55093 8.37977
      vertex -2.33345 -2.33345 0
      vertex -2.0935 -2.55093 0
    endloop
  endfacet
  facet normal 0.941543 0.336893 0
    outer loop
      vertex 3.1579 0.957939 8.77831
      vertex 3.0488 1.26285 0
      vertex 3.0488 1.26285 8.81294
    endloop
  endfacet
  facet normal 0.941543 0.336893 0
    outer loop
      vertex 3.0488 1.26285 0
      vertex 3.1579 0.957939 8.77831
      vertex 3.1579 0.957939 0
    endloop
  endfacet
  facet normal 0.427542 -0.903995 0
    outer loop
      vertex 1.55561 -2.91034 0
      vertex 1.26285 -3.0488 8.32322
      vertex 1.26285 -3.0488 0
    endloop
  endfacet
  facet normal 0.427542 -0.903995 0
    outer loop
      vertex 1.26285 -3.0488 8.32322
      vertex 1.55561 -2.91034 0
      vertex 1.55561 -2.91034 8.33894
    endloop
  endfacet
  facet normal 0.427542 0.903995 0
    outer loop
      vertex 1.26285 3.0488 0
      vertex 1.55561 2.91034 9.00007
      vertex 1.55561 2.91034 0
    endloop
  endfacet
  facet normal 0.427542 0.903995 0
    outer loop
      vertex 1.55561 2.91034 9.00007
      vertex 1.26285 3.0488 0
      vertex 1.26285 3.0488 9.0158
    endloop
  endfacet
  facet normal -0.671562 0.740948 0
    outer loop
      vertex -2.0935 2.55093 0
      vertex -2.33345 2.33345 8.93455
      vertex -2.0935 2.55093 8.95925
    endloop
  endfacet
  facet normal -0.671562 0.740948 0
    outer loop
      vertex -2.33345 2.33345 8.93455
      vertex -2.0935 2.55093 0
      vertex -2.33345 2.33345 0
    endloop
  endfacet
  facet normal 0.0490665 -0.998796 0
    outer loop
      vertex 0 -3.3 0
      vertex 0.323456 -3.28411 8.29649
      vertex 0 -3.3 8.29469
    endloop
  endfacet
  facet normal 0.0490665 -0.998796 0
    outer loop
      vertex 0.323456 -3.28411 8.29649
      vertex 0 -3.3 0
      vertex 0.323456 -3.28411 0
    endloop
  endfacet
  facet normal 0.595703 -0.803205 0
    outer loop
      vertex 2.0935 -2.55093 0
      vertex 1.83338 -2.74385 8.35785
      vertex 1.83338 -2.74385 0
    endloop
  endfacet
  facet normal 0.595703 -0.803205 0
    outer loop
      vertex 1.83338 -2.74385 8.35785
      vertex 2.0935 -2.55093 0
      vertex 2.0935 -2.55093 8.37977
    endloop
  endfacet
  facet normal 0.998796 -0.0490665 0
    outer loop
      vertex 3.28411 -0.323456 8.63277
      vertex 3.3 0 0
      vertex 3.3 0 8.66951
    endloop
  endfacet
  facet normal 0.998796 -0.0490665 0
    outer loop
      vertex 3.3 0 0
      vertex 3.28411 -0.323456 8.63277
      vertex 3.28411 -0.323456 0
    endloop
  endfacet
  facet normal -0.595703 -0.803205 0
    outer loop
      vertex -2.0935 -2.55093 0
      vertex -1.83338 -2.74385 8.35785
      vertex -2.0935 -2.55093 8.37977
    endloop
  endfacet
  facet normal -0.595703 -0.803205 -0
    outer loop
      vertex -1.83338 -2.74385 8.35785
      vertex -2.0935 -2.55093 0
      vertex -1.83338 -2.74385 0
    endloop
  endfacet
  facet normal -0.595703 0.803205 0
    outer loop
      vertex -1.83338 2.74385 0
      vertex -2.0935 2.55093 8.95925
      vertex -1.83338 2.74385 8.98116
    endloop
  endfacet
  facet normal -0.595703 0.803205 0
    outer loop
      vertex -2.0935 2.55093 8.95925
      vertex -1.83338 2.74385 0
      vertex -2.0935 2.55093 0
    endloop
  endfacet
  facet normal 0.941543 -0.336893 0
    outer loop
      vertex 3.0488 -1.26285 8.52607
      vertex 3.1579 -0.957939 0
      vertex 3.1579 -0.957939 8.5607
    endloop
  endfacet
  facet normal 0.941543 -0.336893 0
    outer loop
      vertex 3.1579 -0.957939 0
      vertex 3.0488 -1.26285 8.52607
      vertex 3.0488 -1.26285 0
    endloop
  endfacet
  facet normal 0.242985 -0.97003 0
    outer loop
      vertex 0.957939 -3.1579 0
      vertex 0.643798 -3.23659 8.30189
      vertex 0.643798 -3.23659 0
    endloop
  endfacet
  facet normal 0.242985 -0.97003 0
    outer loop
      vertex 0.643798 -3.23659 8.30189
      vertex 0.957939 -3.1579 0
      vertex 0.957939 -3.1579 8.31083
    endloop
  endfacet
  facet normal 0.989176 -0.146736 0
    outer loop
      vertex 3.23659 -0.643798 8.59638
      vertex 3.28411 -0.323456 0
      vertex 3.28411 -0.323456 8.63277
    endloop
  endfacet
  facet normal 0.989176 -0.146736 0
    outer loop
      vertex 3.28411 -0.323456 0
      vertex 3.23659 -0.643798 8.59638
      vertex 3.23659 -0.643798 0
    endloop
  endfacet
  facet normal -0.857727 0.514105 0
    outer loop
      vertex -2.91034 1.55561 8.8462
      vertex -2.74385 1.83338 0
      vertex -2.91034 1.55561 0
    endloop
  endfacet
  facet normal -0.857727 0.514105 0
    outer loop
      vertex -2.74385 1.83338 0
      vertex -2.91034 1.55561 8.8462
      vertex -2.74385 1.83338 8.87775
    endloop
  endfacet
  facet normal -0.514105 0.857727 0
    outer loop
      vertex -1.55561 2.91034 0
      vertex -1.83338 2.74385 8.98116
      vertex -1.55561 2.91034 9.00007
    endloop
  endfacet
  facet normal -0.514105 0.857727 0
    outer loop
      vertex -1.83338 2.74385 8.98116
      vertex -1.55561 2.91034 0
      vertex -1.83338 2.74385 0
    endloop
  endfacet
  facet normal -0.998796 -0.0490665 -0
    outer loop
      vertex -3.28411 -0.323456 8.63277
      vertex -3.3 0 0
      vertex -3.28411 -0.323456 0
    endloop
  endfacet
  facet normal -0.998796 -0.0490665 0
    outer loop
      vertex -3.3 0 0
      vertex -3.28411 -0.323456 8.63277
      vertex -3.3 0 8.66951
    endloop
  endfacet
  facet normal -0.941543 0.336893 0
    outer loop
      vertex -3.1579 0.957939 8.77831
      vertex -3.0488 1.26285 0
      vertex -3.1579 0.957939 0
    endloop
  endfacet
  facet normal -0.941543 0.336893 0
    outer loop
      vertex -3.0488 1.26285 0
      vertex -3.1579 0.957939 8.77831
      vertex -3.0488 1.26285 8.81294
    endloop
  endfacet
  facet normal -0.857727 -0.514105 -0
    outer loop
      vertex -2.74385 -1.83338 8.46127
      vertex -2.91034 -1.55561 0
      vertex -2.74385 -1.83338 0
    endloop
  endfacet
  facet normal -0.857727 -0.514105 0
    outer loop
      vertex -2.91034 -1.55561 0
      vertex -2.74385 -1.83338 8.46127
      vertex -2.91034 -1.55561 8.49282
    endloop
  endfacet
  facet normal 0.0490665 0.998796 -0
    outer loop
      vertex 0.323456 3.28411 0
      vertex 0 3.3 9.04433
      vertex 0.323456 3.28411 9.04252
    endloop
  endfacet
  facet normal 0.0490665 0.998796 0
    outer loop
      vertex 0 3.3 9.04433
      vertex 0.323456 3.28411 0
      vertex 0 3.3 0
    endloop
  endfacet
  facet normal 0.97003 -0.242985 0
    outer loop
      vertex 3.1579 -0.957939 8.5607
      vertex 3.23659 -0.643798 0
      vertex 3.23659 -0.643798 8.59638
    endloop
  endfacet
  facet normal 0.97003 -0.242985 0
    outer loop
      vertex 3.23659 -0.643798 0
      vertex 3.1579 -0.957939 8.5607
      vertex 3.1579 -0.957939 0
    endloop
  endfacet
  facet normal -0.97003 0.242985 0
    outer loop
      vertex -3.23659 0.643798 8.74263
      vertex -3.1579 0.957939 0
      vertex -3.23659 0.643798 0
    endloop
  endfacet
  facet normal -0.97003 0.242985 0
    outer loop
      vertex -3.1579 0.957939 0
      vertex -3.23659 0.643798 8.74263
      vertex -3.1579 0.957939 8.77831
    endloop
  endfacet
  facet normal -0.989176 -0.146736 -0
    outer loop
      vertex -3.23659 -0.643798 8.59638
      vertex -3.28411 -0.323456 0
      vertex -3.23659 -0.643798 0
    endloop
  endfacet
  facet normal -0.989176 -0.146736 0
    outer loop
      vertex -3.28411 -0.323456 0
      vertex -3.23659 -0.643798 8.59638
      vertex -3.28411 -0.323456 8.63277
    endloop
  endfacet
  facet normal 0.903995 -0.427542 0
    outer loop
      vertex 2.91034 -1.55561 8.49282
      vertex 3.0488 -1.26285 0
      vertex 3.0488 -1.26285 8.52607
    endloop
  endfacet
  facet normal 0.903995 -0.427542 0
    outer loop
      vertex 3.0488 -1.26285 0
      vertex 2.91034 -1.55561 8.49282
      vertex 2.91034 -1.55561 0
    endloop
  endfacet
  facet normal -0.941543 -0.336893 -0
    outer loop
      vertex -3.0488 -1.26285 8.52607
      vertex -3.1579 -0.957939 0
      vertex -3.0488 -1.26285 0
    endloop
  endfacet
  facet normal -0.941543 -0.336893 0
    outer loop
      vertex -3.1579 -0.957939 0
      vertex -3.0488 -1.26285 8.52607
      vertex -3.1579 -0.957939 8.5607
    endloop
  endfacet
  facet normal 0.336893 -0.941543 0
    outer loop
      vertex 1.26285 -3.0488 0
      vertex 0.957939 -3.1579 8.31083
      vertex 0.957939 -3.1579 0
    endloop
  endfacet
  facet normal 0.336893 -0.941543 0
    outer loop
      vertex 0.957939 -3.1579 8.31083
      vertex 1.26285 -3.0488 0
      vertex 1.26285 -3.0488 8.32322
    endloop
  endfacet
  facet normal -0.336893 0.941543 0
    outer loop
      vertex -0.957939 3.1579 0
      vertex -1.26285 3.0488 9.0158
      vertex -0.957939 3.1579 9.02819
    endloop
  endfacet
  facet normal -0.336893 0.941543 0
    outer loop
      vertex -1.26285 3.0488 9.0158
      vertex -0.957939 3.1579 0
      vertex -1.26285 3.0488 0
    endloop
  endfacet
  facet normal -0.242985 -0.97003 0
    outer loop
      vertex -0.957939 -3.1579 0
      vertex -0.643798 -3.23659 8.30189
      vertex -0.957939 -3.1579 8.31083
    endloop
  endfacet
  facet normal -0.242985 -0.97003 -0
    outer loop
      vertex -0.643798 -3.23659 8.30189
      vertex -0.957939 -3.1579 0
      vertex -0.643798 -3.23659 0
    endloop
  endfacet
  facet normal 0.146736 -0.989176 0
    outer loop
      vertex 0.643798 -3.23659 0
      vertex 0.323456 -3.28411 8.29649
      vertex 0.323456 -3.28411 0
    endloop
  endfacet
  facet normal 0.146736 -0.989176 0
    outer loop
      vertex 0.323456 -3.28411 8.29649
      vertex 0.643798 -3.23659 0
      vertex 0.643798 -3.23659 8.30189
    endloop
  endfacet
  facet normal 0.803205 0.595703 0
    outer loop
      vertex 2.74385 1.83338 8.87775
      vertex 2.55093 2.0935 0
      vertex 2.55093 2.0935 8.90729
    endloop
  endfacet
  facet normal 0.803205 0.595703 0
    outer loop
      vertex 2.55093 2.0935 0
      vertex 2.74385 1.83338 8.87775
      vertex 2.74385 1.83338 0
    endloop
  endfacet
  facet normal -0.803205 -0.595703 -0
    outer loop
      vertex -2.55093 -2.0935 8.43172
      vertex -2.74385 -1.83338 0
      vertex -2.55093 -2.0935 0
    endloop
  endfacet
  facet normal -0.803205 -0.595703 0
    outer loop
      vertex -2.74385 -1.83338 0
      vertex -2.55093 -2.0935 8.43172
      vertex -2.74385 -1.83338 8.46127
    endloop
  endfacet
  facet normal -0.740948 0.671562 0
    outer loop
      vertex -2.55093 2.0935 8.90729
      vertex -2.33345 2.33345 0
      vertex -2.55093 2.0935 0
    endloop
  endfacet
  facet normal -0.740948 0.671562 0
    outer loop
      vertex -2.33345 2.33345 0
      vertex -2.55093 2.0935 8.90729
      vertex -2.33345 2.33345 8.93455
    endloop
  endfacet
  facet normal -0.146736 -0.989176 0
    outer loop
      vertex -0.643798 -3.23659 0
      vertex -0.323456 -3.28411 8.29649
      vertex -0.643798 -3.23659 8.30189
    endloop
  endfacet
  facet normal -0.146736 -0.989176 -0
    outer loop
      vertex -0.323456 -3.28411 8.29649
      vertex -0.643798 -3.23659 0
      vertex -0.323456 -3.28411 0
    endloop
  endfacet
  facet normal 0.903995 0.427542 0
    outer loop
      vertex 3.0488 1.26285 8.81294
      vertex 2.91034 1.55561 0
      vertex 2.91034 1.55561 8.8462
    endloop
  endfacet
  facet normal 0.903995 0.427542 0
    outer loop
      vertex 2.91034 1.55561 0
      vertex 3.0488 1.26285 8.81294
      vertex 3.0488 1.26285 0
    endloop
  endfacet
  facet normal 0.857727 -0.514105 0
    outer loop
      vertex 2.74385 -1.83338 8.46127
      vertex 2.91034 -1.55561 0
      vertex 2.91034 -1.55561 8.49282
    endloop
  endfacet
  facet normal 0.857727 -0.514105 0
    outer loop
      vertex 2.91034 -1.55561 0
      vertex 2.74385 -1.83338 8.46127
      vertex 2.74385 -1.83338 0
    endloop
  endfacet
  facet normal 0.146736 0.989176 0
    outer loop
      vertex 0.323456 3.28411 0
      vertex 0.643798 3.23659 9.03713
      vertex 0.643798 3.23659 0
    endloop
  endfacet
  facet normal 0.146736 0.989176 0
    outer loop
      vertex 0.643798 3.23659 9.03713
      vertex 0.323456 3.28411 0
      vertex 0.323456 3.28411 9.04252
    endloop
  endfacet
  facet normal 0.336893 0.941543 0
    outer loop
      vertex 0.957939 3.1579 0
      vertex 1.26285 3.0488 9.0158
      vertex 1.26285 3.0488 0
    endloop
  endfacet
  facet normal 0.336893 0.941543 0
    outer loop
      vertex 1.26285 3.0488 9.0158
      vertex 0.957939 3.1579 0
      vertex 0.957939 3.1579 9.02819
    endloop
  endfacet
  facet normal 0.595703 0.803205 0
    outer loop
      vertex 1.83338 2.74385 0
      vertex 2.0935 2.55093 8.95925
      vertex 2.0935 2.55093 0
    endloop
  endfacet
  facet normal 0.595703 0.803205 0
    outer loop
      vertex 2.0935 2.55093 8.95925
      vertex 1.83338 2.74385 0
      vertex 1.83338 2.74385 8.98116
    endloop
  endfacet
  facet normal -0.427542 0.903995 0
    outer loop
      vertex -1.26285 3.0488 0
      vertex -1.55561 2.91034 9.00007
      vertex -1.26285 3.0488 9.0158
    endloop
  endfacet
  facet normal -0.427542 0.903995 0
    outer loop
      vertex -1.55561 2.91034 9.00007
      vertex -1.26285 3.0488 0
      vertex -1.55561 2.91034 0
    endloop
  endfacet
  facet normal -0.336893 -0.941543 0
    outer loop
      vertex -1.26285 -3.0488 0
      vertex -0.957939 -3.1579 8.31083
      vertex -1.26285 -3.0488 8.32322
    endloop
  endfacet
  facet normal -0.336893 -0.941543 -0
    outer loop
      vertex -0.957939 -3.1579 8.31083
      vertex -1.26285 -3.0488 0
      vertex -0.957939 -3.1579 0
    endloop
  endfacet
  facet normal 0.857727 0.514105 0
    outer loop
      vertex 2.91034 1.55561 8.8462
      vertex 2.74385 1.83338 0
      vertex 2.74385 1.83338 8.87775
    endloop
  endfacet
  facet normal 0.857727 0.514105 0
    outer loop
      vertex 2.74385 1.83338 0
      vertex 2.91034 1.55561 8.8462
      vertex 2.91034 1.55561 0
    endloop
  endfacet
  facet normal -0.0490665 0.998796 0
    outer loop
      vertex 0 3.3 0
      vertex -0.323456 3.28411 9.04252
      vertex 0 3.3 9.04433
    endloop
  endfacet
  facet normal -0.0490665 0.998796 0
    outer loop
      vertex -0.323456 3.28411 9.04252
      vertex 0 3.3 0
      vertex -0.323456 3.28411 0
    endloop
  endfacet
  facet normal -0.903995 -0.427542 -0
    outer loop
      vertex -2.91034 -1.55561 8.49282
      vertex -3.0488 -1.26285 0
      vertex -2.91034 -1.55561 0
    endloop
  endfacet
  facet normal -0.903995 -0.427542 0
    outer loop
      vertex -3.0488 -1.26285 0
      vertex -2.91034 -1.55561 8.49282
      vertex -3.0488 -1.26285 8.52607
    endloop
  endfacet
  facet normal -0.242985 0.97003 0
    outer loop
      vertex -0.643798 3.23659 0
      vertex -0.957939 3.1579 9.02819
      vertex -0.643798 3.23659 9.03713
    endloop
  endfacet
  facet normal -0.242985 0.97003 0
    outer loop
      vertex -0.957939 3.1579 9.02819
      vertex -0.643798 3.23659 0
      vertex -0.957939 3.1579 0
    endloop
  endfacet
  facet normal -0.903995 0.427542 0
    outer loop
      vertex -3.0488 1.26285 8.81294
      vertex -2.91034 1.55561 0
      vertex -3.0488 1.26285 0
    endloop
  endfacet
  facet normal -0.903995 0.427542 0
    outer loop
      vertex -2.91034 1.55561 0
      vertex -3.0488 1.26285 8.81294
      vertex -2.91034 1.55561 8.8462
    endloop
  endfacet
  facet normal 0.740948 0.671562 0
    outer loop
      vertex 2.55093 2.0935 8.90729
      vertex 2.33345 2.33345 0
      vertex 2.33345 2.33345 8.93455
    endloop
  endfacet
  facet normal 0.740948 0.671562 0
    outer loop
      vertex 2.33345 2.33345 0
      vertex 2.55093 2.0935 8.90729
      vertex 2.55093 2.0935 0
    endloop
  endfacet
  facet normal -0.989176 0.146736 0
    outer loop
      vertex -3.28411 0.323456 8.70625
      vertex -3.23659 0.643798 0
      vertex -3.28411 0.323456 0
    endloop
  endfacet
  facet normal -0.989176 0.146736 0
    outer loop
      vertex -3.23659 0.643798 0
      vertex -3.28411 0.323456 8.70625
      vertex -3.23659 0.643798 8.74263
    endloop
  endfacet
  facet normal -0.803205 0.595703 0
    outer loop
      vertex -2.74385 1.83338 8.87775
      vertex -2.55093 2.0935 0
      vertex -2.74385 1.83338 0
    endloop
  endfacet
  facet normal -0.803205 0.595703 0
    outer loop
      vertex -2.55093 2.0935 0
      vertex -2.74385 1.83338 8.87775
      vertex -2.55093 2.0935 8.90729
    endloop
  endfacet
  facet normal 0.242985 0.97003 0
    outer loop
      vertex 0.643798 3.23659 0
      vertex 0.957939 3.1579 9.02819
      vertex 0.957939 3.1579 0
    endloop
  endfacet
  facet normal 0.242985 0.97003 0
    outer loop
      vertex 0.957939 3.1579 9.02819
      vertex 0.643798 3.23659 0
      vertex 0.643798 3.23659 9.03713
    endloop
  endfacet
  facet normal 0.671562 -0.740948 0
    outer loop
      vertex 2.33345 -2.33345 0
      vertex 2.0935 -2.55093 8.37977
      vertex 2.0935 -2.55093 0
    endloop
  endfacet
  facet normal 0.671562 -0.740948 0
    outer loop
      vertex 2.0935 -2.55093 8.37977
      vertex 2.33345 -2.33345 0
      vertex 2.33345 -2.33345 8.40447
    endloop
  endfacet
  facet normal -0.514105 -0.857727 0
    outer loop
      vertex -1.83338 -2.74385 0
      vertex -1.55561 -2.91034 8.33894
      vertex -1.83338 -2.74385 8.35785
    endloop
  endfacet
  facet normal -0.514105 -0.857727 -0
    outer loop
      vertex -1.55561 -2.91034 8.33894
      vertex -1.83338 -2.74385 0
      vertex -1.55561 -2.91034 0
    endloop
  endfacet
  facet normal -0.0490665 -0.998796 0
    outer loop
      vertex -0.323456 -3.28411 0
      vertex 0 -3.3 8.29469
      vertex -0.323456 -3.28411 8.29649
    endloop
  endfacet
  facet normal -0.0490665 -0.998796 -0
    outer loop
      vertex 0 -3.3 8.29469
      vertex -0.323456 -3.28411 0
      vertex 0 -3.3 0
    endloop
  endfacet
  facet normal -0.998796 0.0490665 0
    outer loop
      vertex -3.3 0 8.66951
      vertex -3.28411 0.323456 0
      vertex -3.3 0 0
    endloop
  endfacet
  facet normal -0.998796 0.0490665 0
    outer loop
      vertex -3.28411 0.323456 0
      vertex -3.3 0 8.66951
      vertex -3.28411 0.323456 8.70625
    endloop
  endfacet
  facet normal 0 0 -1
    outer loop
      vertex -2.125 0.674999 0
      vertex -0.674999 2.125 0
      vertex -0.674999 0.674999 0
    endloop
  endfacet
  facet normal 0 0 -1
    outer loop
      vertex -0.674999 2.125 0
      vertex -1.26285 3.0488 0
      vertex -0.957939 3.1579 0
    endloop
  endfacet
  facet normal 0 0 -1
    outer loop
      vertex -0.674999 2.125 0
      vertex -1.55561 2.91034 0
      vertex -1.26285 3.0488 0
    endloop
  endfacet
  facet normal 0 0 -1
    outer loop
      vertex -0.674999 2.125 0
      vertex -1.83338 2.74385 0
      vertex -1.55561 2.91034 0
    endloop
  endfacet
  facet normal 0 0 -1
    outer loop
      vertex -0.674999 2.125 0
      vertex -2.0935 2.55093 0
      vertex -1.83338 2.74385 0
    endloop
  endfacet
  facet normal 0 0 -1
    outer loop
      vertex -2.33345 2.33345 0
      vertex -0.674999 2.125 0
      vertex -2.125 0.674999 0
    endloop
  endfacet
  facet normal 0 0 -1
    outer loop
      vertex -2.74385 -1.83338 0
      vertex -2.125 -0.674999 0
      vertex -2.55093 -2.0935 0
    endloop
  endfacet
  facet normal 0 0 -1
    outer loop
      vertex -0.674999 2.125 0
      vertex -2.33345 2.33345 0
      vertex -2.0935 2.55093 0
    endloop
  endfacet
  facet normal 0 0 -1
    outer loop
      vertex -2.91034 -1.55561 0
      vertex -2.125 -0.674999 0
      vertex -2.74385 -1.83338 0
    endloop
  endfacet
  facet normal 0 0 -1
    outer loop
      vertex -2.125 0.674999 0
      vertex -2.55093 2.0935 0
      vertex -2.33345 2.33345 0
    endloop
  endfacet
  facet normal 0 0 -1
    outer loop
      vertex -3.0488 -1.26285 0
      vertex -2.125 -0.674999 0
      vertex -2.91034 -1.55561 0
    endloop
  endfacet
  facet normal 0 0 -1
    outer loop
      vertex -2.125 0.674999 0
      vertex -2.74385 1.83338 0
      vertex -2.55093 2.0935 0
    endloop
  endfacet
  facet normal 0 0 -1
    outer loop
      vertex -3.1579 -0.957939 0
      vertex -2.125 -0.674999 0
      vertex -3.0488 -1.26285 0
    endloop
  endfacet
  facet normal 0 0 -1
    outer loop
      vertex -2.125 0.674999 0
      vertex -2.91034 1.55561 0
      vertex -2.74385 1.83338 0
    endloop
  endfacet
  facet normal 0 0 -1
    outer loop
      vertex -3.23659 -0.643798 0
      vertex -2.125 -0.674999 0
      vertex -3.1579 -0.957939 0
    endloop
  endfacet
  facet normal 0 0 -1
    outer loop
      vertex -2.125 0.674999 0
      vertex -3.0488 1.26285 0
      vertex -2.91034 1.55561 0
    endloop
  endfacet
  facet normal 0 0 -1
    outer loop
      vertex -3.28411 -0.323456 0
      vertex -2.125 -0.674999 0
      vertex -3.23659 -0.643798 0
    endloop
  endfacet
  facet normal 0 0 -1
    outer loop
      vertex -2.125 0.674999 0
      vertex -3.1579 0.957939 0
      vertex -3.0488 1.26285 0
    endloop
  endfacet
  facet normal 0 0 -1
    outer loop
      vertex -3.3 0 0
      vertex -2.125 -0.674999 0
      vertex -3.28411 -0.323456 0
    endloop
  endfacet
  facet normal -0 0 -1
    outer loop
      vertex -2.125 0.674999 0
      vertex -3.23659 0.643798 0
      vertex -3.1579 0.957939 0
    endloop
  endfacet
  facet normal 0 0 -1
    outer loop
      vertex -2.125 -0.674999 0
      vertex -3.3 0 0
      vertex -2.125 0.674999 0
    endloop
  endfacet
  facet normal 0 0 -1
    outer loop
      vertex -2.125 0.674999 0
      vertex -3.28411 0.323456 0
      vertex -3.23659 0.643798 0
    endloop
  endfacet
  facet normal 0 0 -1
    outer loop
      vertex -2.125 0.674999 0
      vertex -3.3 0 0
      vertex -3.28411 0.323456 0
    endloop
  endfacet
  facet normal 0 0 -1
    outer loop
      vertex 0.643798 -3.23659 0
      vertex 0.674999 -2.125 0
      vertex 0.957939 -3.1579 0
    endloop
  endfacet
  facet normal 0 0 -1
    outer loop
      vertex 0.323456 -3.28411 0
      vertex 0.674999 -2.125 0
      vertex 0.643798 -3.23659 0
    endloop
  endfacet
  facet normal 0 0 -1
    outer loop
      vertex 0 -3.3 0
      vertex 0.674999 -2.125 0
      vertex 0.323456 -3.28411 0
    endloop
  endfacet
  facet normal 0 0 -1
    outer loop
      vertex -0.674999 -2.125 0
      vertex 0 -3.3 0
      vertex -0.323456 -3.28411 0
    endloop
  endfacet
  facet normal 0 0 -1
    outer loop
      vertex -0.674999 -2.125 0
      vertex -0.323456 -3.28411 0
      vertex -0.643798 -3.23659 0
    endloop
  endfacet
  facet normal 0 0 -1
    outer loop
      vertex 0 -3.3 0
      vertex -0.674999 -2.125 0
      vertex 0.674999 -2.125 0
    endloop
  endfacet
  facet normal 0 0 -1
    outer loop
      vertex -0.957939 -3.1579 0
      vertex -0.674999 -2.125 0
      vertex -0.643798 -3.23659 0
    endloop
  endfacet
  facet normal 0 0 -1
    outer loop
      vertex -1.26285 -3.0488 0
      vertex -0.674999 -2.125 0
      vertex -0.957939 -3.1579 0
    endloop
  endfacet
  facet normal 0 0 -1
    outer loop
      vertex -1.55561 -2.91034 0
      vertex -0.674999 -2.125 0
      vertex -1.26285 -3.0488 0
    endloop
  endfacet
  facet normal 0 0 -1
    outer loop
      vertex -1.83338 -2.74385 0
      vertex -0.674999 -2.125 0
      vertex -1.55561 -2.91034 0
    endloop
  endfacet
  facet normal 0 0 -1
    outer loop
      vertex -2.0935 -2.55093 0
      vertex -0.674999 -2.125 0
      vertex -1.83338 -2.74385 0
    endloop
  endfacet
  facet normal 0 0 -1
    outer loop
      vertex -2.33345 -2.33345 0
      vertex -0.674999 -2.125 0
      vertex -2.0935 -2.55093 0
    endloop
  endfacet
  facet normal 0 0 -1
    outer loop
      vertex -0.674999 -2.125 0
      vertex -2.125 -0.674999 0
      vertex -0.674999 -0.674999 0
    endloop
  endfacet
  facet normal 0 0 -1
    outer loop
      vertex -2.55093 -2.0935 0
      vertex -2.125 -0.674999 0
      vertex -2.33345 -2.33345 0
    endloop
  endfacet
  facet normal -0 0 -1
    outer loop
      vertex -0.674999 -2.125 0
      vertex -2.33345 -2.33345 0
      vertex -2.125 -0.674999 0
    endloop
  endfacet
  facet normal 0 0 -1
    outer loop
      vertex 2.125 -0.674999 0
      vertex 3.3 0 0
      vertex 3.28411 -0.323456 0
    endloop
  endfacet
  facet normal 0 0 -1
    outer loop
      vertex 2.125 -0.674999 0
      vertex 3.28411 -0.323456 0
      vertex 3.23659 -0.643798 0
    endloop
  endfacet
  facet normal 0 0 -1
    outer loop
      vertex 2.125 0.674999 0
      vertex 3.3 0 0
      vertex 2.125 -0.674999 0
    endloop
  endfacet
  facet normal 0 0 -1
    outer loop
      vertex 2.125 -0.674999 0
      vertex 3.23659 -0.643798 0
      vertex 3.1579 -0.957939 0
    endloop
  endfacet
  facet normal 0 0 -1
    outer loop
      vertex 3.3 0 0
      vertex 2.125 0.674999 0
      vertex 3.28411 0.323456 0
    endloop
  endfacet
  facet normal 0 0 -1
    outer loop
      vertex 2.125 -0.674999 0
      vertex 3.1579 -0.957939 0
      vertex 3.0488 -1.26285 0
    endloop
  endfacet
  facet normal 0 0 -1
    outer loop
      vertex 3.28411 0.323456 0
      vertex 2.125 0.674999 0
      vertex 3.23659 0.643798 0
    endloop
  endfacet
  facet normal 0 0 -1
    outer loop
      vertex 2.125 -0.674999 0
      vertex 3.0488 -1.26285 0
      vertex 2.91034 -1.55561 0
    endloop
  endfacet
  facet normal 0 0 -1
    outer loop
      vertex 3.23659 0.643798 0
      vertex 2.125 0.674999 0
      vertex 3.1579 0.957939 0
    endloop
  endfacet
  facet normal 0 0 -1
    outer loop
      vertex 2.125 -0.674999 0
      vertex 2.91034 -1.55561 0
      vertex 2.74385 -1.83338 0
    endloop
  endfacet
  facet normal -0 0 -1
    outer loop
      vertex 3.1579 0.957939 0
      vertex 2.125 0.674999 0
      vertex 3.0488 1.26285 0
    endloop
  endfacet
  facet normal 0 0 -1
    outer loop
      vertex 2.125 -0.674999 0
      vertex 2.74385 -1.83338 0
      vertex 2.55093 -2.0935 0
    endloop
  endfacet
  facet normal -0 0 -1
    outer loop
      vertex 3.0488 1.26285 0
      vertex 2.125 0.674999 0
      vertex 2.91034 1.55561 0
    endloop
  endfacet
  facet normal 0 0 -1
    outer loop
      vertex 2.125 -0.674999 0
      vertex 2.55093 -2.0935 0
      vertex 2.33345 -2.33345 0
    endloop
  endfacet
  facet normal -0 0 -1
    outer loop
      vertex 2.91034 1.55561 0
      vertex 2.125 0.674999 0
      vertex 2.74385 1.83338 0
    endloop
  endfacet
  facet normal -0 0 -1
    outer loop
      vertex 2.74385 1.83338 0
      vertex 2.125 0.674999 0
      vertex 2.55093 2.0935 0
    endloop
  endfacet
  facet normal 0 0 -1
    outer loop
      vertex 0.674999 -2.125 0
      vertex 2.33345 -2.33345 0
      vertex 2.0935 -2.55093 0
    endloop
  endfacet
  facet normal 0 0 -1
    outer loop
      vertex 0.674999 -2.125 0
      vertex 2.0935 -2.55093 0
      vertex 1.83338 -2.74385 0
    endloop
  endfacet
  facet normal 0 0 -1
    outer loop
      vertex 0.674999 -2.125 0
      vertex 1.83338 -2.74385 0
      vertex 1.55561 -2.91034 0
    endloop
  endfacet
  facet normal 0 0 -1
    outer loop
      vertex 0.674999 -2.125 0
      vertex 1.55561 -2.91034 0
      vertex 1.26285 -3.0488 0
    endloop
  endfacet
  facet normal 0 0 -1
    outer loop
      vertex 0.674999 -2.125 0
      vertex 1.26285 -3.0488 0
      vertex 0.957939 -3.1579 0
    endloop
  endfacet
  facet normal 0 0 -1
    outer loop
      vertex 2.33345 -2.33345 0
      vertex 0.674999 -2.125 0
      vertex 2.125 -0.674999 0
    endloop
  endfacet
  facet normal -0 0 -1
    outer loop
      vertex 2.125 -0.674999 0
      vertex 0.674999 -2.125 0
      vertex 0.674999 -0.674999 0
    endloop
  endfacet
  facet normal -0 0 -1
    outer loop
      vertex 2.55093 2.0935 0
      vertex 2.125 0.674999 0
      vertex 2.33345 2.33345 0
    endloop
  endfacet
  facet normal 0 0 -1
    outer loop
      vertex 0.674999 2.125 0
      vertex 2.33345 2.33345 0
      vertex 2.125 0.674999 0
    endloop
  endfacet
  facet normal -0 0 -1
    outer loop
      vertex 2.33345 2.33345 0
      vertex 0.674999 2.125 0
      vertex 2.0935 2.55093 0
    endloop
  endfacet
  facet normal -0 0 -1
    outer loop
      vertex 2.0935 2.55093 0
      vertex 0.674999 2.125 0
      vertex 1.83338 2.74385 0
    endloop
  endfacet
  facet normal -0 0 -1
    outer loop
      vertex 1.83338 2.74385 0
      vertex 0.674999 2.125 0
      vertex 1.55561 2.91034 0
    endloop
  endfacet
  facet normal -0 0 -1
    outer loop
      vertex 1.55561 2.91034 0
      vertex 0.674999 2.125 0
      vertex 1.26285 3.0488 0
    endloop
  endfacet
  facet normal 0 0 -1
    outer loop
      vertex 0.674999 2.125 0
      vertex 2.125 0.674999 0
      vertex 0.674999 0.674999 0
    endloop
  endfacet
  facet normal -0 0 -1
    outer loop
      vertex 1.26285 3.0488 0
      vertex 0.674999 2.125 0
      vertex 0.957939 3.1579 0
    endloop
  endfacet
  facet normal 0 0 -1
    outer loop
      vertex 0.674999 2.125 0
      vertex 0.643798 3.23659 0
      vertex 0.957939 3.1579 0
    endloop
  endfacet
  facet normal 0 0 -1
    outer loop
      vertex 0.674999 2.125 0
      vertex 0.323456 3.28411 0
      vertex 0.643798 3.23659 0
    endloop
  endfacet
  facet normal 0 0 -1
    outer loop
      vertex 0.674999 2.125 0
      vertex 0 3.3 0
      vertex 0.323456 3.28411 0
    endloop
  endfacet
  facet normal 0 0 -1
    outer loop
      vertex -0.674999 2.125 0
      vertex 0 3.3 0
      vertex 0.674999 2.125 0
    endloop
  endfacet
  facet normal 0 0 -1
    outer loop
      vertex 0 3.3 0
      vertex -0.674999 2.125 0
      vertex -0.323456 3.28411 0
    endloop
  endfacet
  facet normal 0 0 -1
    outer loop
      vertex -0.323456 3.28411 0
      vertex -0.674999 2.125 0
      vertex -0.643798 3.23659 0
    endloop
  endfacet
  facet normal 0 0 -1
    outer loop
      vertex -0.643798 3.23659 0
      vertex -0.674999 2.125 0
      vertex -0.957939 3.1579 0
    endloop
  endfacet
  facet normal -0.427542 -0.903995 0
    outer loop
      vertex -1.55561 -2.91034 0
      vertex -1.26285 -3.0488 8.32322
      vertex -1.55561 -2.91034 8.33894
    endloop
  endfacet
  facet normal -0.427542 -0.903995 -0
    outer loop
      vertex -1.26285 -3.0488 8.32322
      vertex -1.55561 -2.91034 0
      vertex -1.26285 -3.0488 0
    endloop
  endfacet
  facet normal -1 0 0
    outer loop
      vertex 2.125 -0.674999 0
      vertex 2.125 0.674999 4.3
      vertex 2.125 0.674999 0
    endloop
  endfacet
  facet normal -1 -0 0
    outer loop
      vertex 2.125 0.674999 4.3
      vertex 2.125 -0.674999 0
      vertex 2.125 -0.674999 4.3
    endloop
  endfacet
  facet normal 0 0 -1
    outer loop
      vertex -2.125 -0.674999 4.3
      vertex -0.674999 0.674999 4.3
      vertex -0.674999 -0.674999 4.3
    endloop
  endfacet
  facet normal -0 0 -1
    outer loop
      vertex -0.674999 0.674999 4.3
      vertex -2.125 -0.674999 4.3
      vertex -2.125 0.674999 4.3
    endloop
  endfacet
  facet normal 0 0 -1
    outer loop
      vertex -0.674999 -0.674999 4.3
      vertex 0.674999 -0.674999 4.3
      vertex 0.674999 -2.125 4.3
    endloop
  endfacet
  facet normal 0 0 -1
    outer loop
      vertex 0.674999 -0.674999 4.3
      vertex -0.674999 -0.674999 4.3
      vertex 0.674999 0.674999 4.3
    endloop
  endfacet
  facet normal 0 0 -1
    outer loop
      vertex -0.674999 -0.674999 4.3
      vertex 0.674999 -2.125 4.3
      vertex -0.674999 -2.125 4.3
    endloop
  endfacet
  facet normal 0 0 -1
    outer loop
      vertex -0.674999 0.674999 4.3
      vertex 0.674999 0.674999 4.3
      vertex -0.674999 -0.674999 4.3
    endloop
  endfacet
  facet normal 0 0 -1
    outer loop
      vertex 0.674999 0.674999 4.3
      vertex -0.674999 0.674999 4.3
      vertex 0.674999 2.125 4.3
    endloop
  endfacet
  facet normal -0 0 -1
    outer loop
      vertex 0.674999 2.125 4.3
      vertex -0.674999 0.674999 4.3
      vertex -0.674999 2.125 4.3
    endloop
  endfacet
  facet normal 0 0 -1
    outer loop
      vertex 0.674999 -0.674999 4.3
      vertex 2.125 0.674999 4.3
      vertex 2.125 -0.674999 4.3
    endloop
  endfacet
  facet normal -0 0 -1
    outer loop
      vertex 2.125 0.674999 4.3
      vertex 0.674999 -0.674999 4.3
      vertex 0.674999 0.674999 4.3
    endloop
  endfacet
  facet normal 1 -0 0
    outer loop
      vertex -2.125 -0.674999 4.3
      vertex -2.125 0.674999 0
      vertex -2.125 0.674999 4.3
    endloop
  endfacet
  facet normal 1 0 0
    outer loop
      vertex -2.125 0.674999 0
      vertex -2.125 -0.674999 4.3
      vertex -2.125 -0.674999 0
    endloop
  endfacet
  facet normal 0 -1 0
    outer loop
      vertex -2.125 0.674999 0
      vertex -0.674999 0.674999 4.3
      vertex -2.125 0.674999 4.3
    endloop
  endfacet
  facet normal 0 -1 -0
    outer loop
      vertex -0.674999 0.674999 4.3
      vertex -2.125 0.674999 0
      vertex -0.674999 0.674999 0
    endloop
  endfacet
  facet normal 0 -1 0
    outer loop
      vertex 0.674999 0.674999 0
      vertex 2.125 0.674999 4.3
      vertex 0.674999 0.674999 4.3
    endloop
  endfacet
  facet normal 0 -1 -0
    outer loop
      vertex 2.125 0.674999 4.3
      vertex 0.674999 0.674999 0
      vertex 2.125 0.674999 0
    endloop
  endfacet
  facet normal 0 1 -0
    outer loop
      vertex -0.674999 -0.674999 0
      vertex -2.125 -0.674999 4.3
      vertex -0.674999 -0.674999 4.3
    endloop
  endfacet
  facet normal 0 1 0
    outer loop
      vertex -2.125 -0.674999 4.3
      vertex -0.674999 -0.674999 0
      vertex -2.125 -0.674999 0
    endloop
  endfacet
  facet normal 0 1 -0
    outer loop
      vertex 2.125 -0.674999 0
      vertex 0.674999 -0.674999 4.3
      vertex 2.125 -0.674999 4.3
    endloop
  endfacet
  facet normal 0 1 0
    outer loop
      vertex 0.674999 -0.674999 4.3
      vertex 2.125 -0.674999 0
      vertex 0.674999 -0.674999 0
    endloop
  endfacet
  facet normal -1 0 0
    outer loop
      vertex 0.674999 0.674999 0
      vertex 0.674999 2.125 4.3
      vertex 0.674999 2.125 0
    endloop
  endfacet
  facet normal -1 -0 0
    outer loop
      vertex 0.674999 2.125 4.3
      vertex 0.674999 0.674999 0
      vertex 0.674999 0.674999 4.3
    endloop
  endfacet
  facet normal -1 0 0
    outer loop
      vertex 0.674999 -2.125 0
      vertex 0.674999 -0.674999 4.3
      vertex 0.674999 -0.674999 0
    endloop
  endfacet
  facet normal -1 -0 0
    outer loop
      vertex 0.674999 -0.674999 4.3
      vertex 0.674999 -2.125 0
      vertex 0.674999 -2.125 4.3
    endloop
  endfacet
  facet normal 1 -0 0
    outer loop
      vertex -0.674999 0.674999 4.3
      vertex -0.674999 2.125 0
      vertex -0.674999 2.125 4.3
    endloop
  endfacet
  facet normal 1 0 0
    outer loop
      vertex -0.674999 2.125 0
      vertex -0.674999 0.674999 4.3
      vertex -0.674999 0.674999 0
    endloop
  endfacet
  facet normal 1 -0 0
    outer loop
      vertex -0.674999 -2.125 4.3
      vertex -0.674999 -0.674999 0
      vertex -0.674999 -0.674999 4.3
    endloop
  endfacet
  facet normal 1 0 0
    outer loop
      vertex -0.674999 -0.674999 0
      vertex -0.674999 -2.125 4.3
      vertex -0.674999 -2.125 0
    endloop
  endfacet
  facet normal 0 -1 0
    outer loop
      vertex -0.674999 2.125 0
      vertex 0.674999 2.125 4.3
      vertex -0.674999 2.125 4.3
    endloop
  endfacet
  facet normal 0 -1 -0
    outer loop
      vertex 0.674999 2.125 4.3
      vertex -0.674999 2.125 0
      vertex 0.674999 2.125 0
    endloop
  endfacet
  facet normal 0 1 -0
    outer loop
      vertex 0.674999 -2.125 0
      vertex -0.674999 -2.125 4.3
      vertex 0.674999 -2.125 4.3
    endloop
  endfacet
  facet normal 0 1 0
    outer loop
      vertex -0.674999 -2.125 4.3
      vertex 0.674999 -2.125 0
      vertex -0.674999 -2.125 0
    endloop
  endfacet
  facet normal 0.176565 0.0835094 0.98074
    outer loop
      vertex -5.14295 -2.74896 9.66925
      vertex -3.25347 -1.34763 9.20976
      vertex -5.38763 -2.23163 9.66925
    endloop
  endfacet
  facet normal 0.233405 -0.173101 0.956848
    outer loop
      vertex -4.84873 3.23982 9.66925
      vertex -4.50783 3.69948 9.66925
      vertex -6.25006 5.1293 10.3529
    endloop
  endfacet
  facet normal -0.0705346 -0.281912 0.956844
    outer loop
      vertex 2.01999 7.19153 10.168
      vertex 1.43168 7.19753 10.1264
      vertex 1.13767 5.71947 9.66925
    endloop
  endfacet
  facet normal -0.273621 -0.0979043 0.956842
    outer loop
      vertex 5.38763 2.23163 9.66925
      vertex 6.32317 1.91811 9.9047
      vertex 6.32842 2.27785 9.94301
    endloop
  endfacet
  facet normal -0.27362 -0.0978994 0.956843
    outer loop
      vertex 6.32317 1.91811 9.9047
      vertex 5.38763 2.23163 9.66925
      vertex 5.58042 1.6928 9.66925
    endloop
  endfacet
  facet normal 0.0330591 -0.0923963 0.995173
    outer loop
      vertex -0.341846 1.12692 8.97891
      vertex -1.02225 3.36989 9.20976
      vertex -1.34763 3.25347 9.20976
    endloop
  endfacet
  facet normal 0.0330591 0.0923963 0.995173
    outer loop
      vertex -1.02225 -3.36989 9.20976
      vertex -0.341846 -1.12692 8.97891
      vertex -1.34763 -3.25347 9.20976
    endloop
  endfacet
  facet normal -0.0835316 0.176551 0.980741
    outer loop
      vertex 1.34763 -3.25347 9.20976
      vertex 2.37839 -4.97112 9.60676
      vertex 2.58329 -4.91956 9.61493
    endloop
  endfacet
  facet normal -0.0834987 0.176571 0.98074
    outer loop
      vertex 2.37839 -4.97112 9.60676
      vertex 1.34763 -3.25347 9.20976
      vertex 2.08924 -5.04387 9.59524
    endloop
  endfacet
  facet normal -0.164485 -0.347817 0.923021
    outer loop
      vertex 3.81141 7.13065 10.3529
      vertex 3.813 7.16307 10.3654
      vertex 3.73907 7.16486 10.3529
    endloop
  endfacet
  facet normal -0.173166 0.233491 0.956815
    outer loop
      vertex 3.7157 -4.5276 9.67701
      vertex 3.69948 -4.50783 9.66925
      vertex 3.60678 -4.57658 9.66925
    endloop
  endfacet
  facet normal 0.262702 0.124249 0.956844
    outer loop
      vertex -5.38763 -2.23163 9.66925
      vertex -6.0552 -2.88428 9.93728
      vertex -5.14295 -2.74896 9.66925
    endloop
  endfacet
  facet normal 0.262718 0.124231 0.956842
    outer loop
      vertex -6.12298 -2.53622 9.9107
      vertex -6.0552 -2.88428 9.93728
      vertex -5.38763 -2.23163 9.66925
    endloop
  endfacet
  facet normal 0.262738 0.124235 0.956836
    outer loop
      vertex -6.0552 -2.88428 9.93728
      vertex -6.12298 -2.53622 9.9107
      vertex -6.09999 -2.84162 9.94404
    endloop
  endfacet
  facet normal -0.00481594 -0.098014 0.995173
    outer loop
      vertex 0.115427 1.17195 8.97891
      vertex 0.34517 3.50457 9.20976
      vertex 0 3.52153 9.20976
    endloop
  endfacet
  facet normal -0.0657992 -0.183901 0.98074
    outer loop
      vertex 1.34763 3.25347 9.20976
      vertex 2.23163 5.38763 9.66925
      vertex 1.02225 3.36989 9.20976
    endloop
  endfacet
  facet normal -0.195083 0.00958543 0.98074
    outer loop
      vertex 5.80344 -0.571589 9.66925
      vertex 3.52153 0 9.20976
      vertex 3.50457 -0.34517 9.20976
    endloop
  endfacet
  facet normal 0.249264 0.149408 0.956841
    outer loop
      vertex -5.14295 -2.74896 9.66925
      vertex -5.29857 -3.54039 9.83337
      vertex -4.84873 -3.23982 9.66925
    endloop
  endfacet
  facet normal 0.249244 0.149413 0.956845
    outer loop
      vertex -5.29857 -3.54039 9.83337
      vertex -5.14295 -2.74896 9.66925
      vertex -5.61941 -3.27466 9.87545
    endloop
  endfacet
  facet normal -0.176565 -0.0835094 0.98074
    outer loop
      vertex 5.38763 2.23163 9.66925
      vertex 5.14295 2.74896 9.66925
      vertex 3.25347 1.34763 9.20976
    endloop
  endfacet
  facet normal -0.0923937 -0.0330648 0.995173
    outer loop
      vertex 1.12692 0.341846 8.97891
      vertex 3.25347 1.34763 9.20976
      vertex 1.08798 0.450657 8.97891
    endloop
  endfacet
  facet normal -0.281899 -0.0706029 0.956843
    outer loop
      vertex 6.30859 1.25486 9.85146
      vertex 6.31385 1.49393 9.87065
      vertex 5.71947 1.13767 9.66925
    endloop
  endfacet
  facet normal -0.233446 0.173082 0.956841
    outer loop
      vertex 5.15057 -3.6468 9.81651
      vertex 5.29857 -3.54039 9.83337
      vertex 4.84873 -3.23982 9.66925
    endloop
  endfacet
  facet normal -0.0841709 -0.0504495 0.995173
    outer loop
      vertex 1.03857 0.555128 8.97891
      vertex 2.92805 1.95646 9.20976
      vertex 0.979158 0.654252 8.97891
    endloop
  endfacet
  facet normal 0.156881 0.116352 0.98074
    outer loop
      vertex -2.72218 -2.23404 9.20976
      vertex -2.92805 -1.95646 9.20976
      vertex -4.84873 -3.23982 9.66925
    endloop
  endfacet
  facet normal 0.183901 0.0657987 0.98074
    outer loop
      vertex -5.38763 -2.23163 9.66925
      vertex -3.36989 -1.02225 9.20976
      vertex -5.58042 -1.6928 9.66925
    endloop
  endfacet
  facet normal -0.0841717 -0.0504485 0.995173
    outer loop
      vertex 3.10571 1.66004 9.20976
      vertex 2.92805 1.95646 9.20976
      vertex 1.03857 0.555128 8.97891
    endloop
  endfacet
  facet normal 0.0095859 0.195085 0.98074
    outer loop
      vertex 0 -5.0842 9.5206
      vertex 0 -3.52153 9.20976
      vertex -0.391084 -5.08283 9.52415
    endloop
  endfacet
  facet normal 0.149396 -0.249243 0.956848
    outer loop
      vertex -3.23982 4.84873 9.66925
      vertex -2.74896 5.14295 9.66925
      vertex -4.49198 6.72273 10.3529
    endloop
  endfacet
  facet normal 0.144721 0.131168 0.98074
    outer loop
      vertex -4.12351 -4.12351 9.66925
      vertex -2.72218 -2.23404 9.20976
      vertex -4.50783 -3.69948 9.66925
    endloop
  endfacet
  facet normal 0.215312 -0.195147 0.956848
    outer loop
      vertex -4.12351 4.12351 9.66925
      vertex -5.71721 5.71721 10.3529
      vertex -6.25006 5.1293 10.3529
    endloop
  endfacet
  facet normal 0.042634 -0.287432 0.956852
    outer loop
      vertex -0.571589 5.80344 9.66925
      vertex -0.709333 7.20198 10.0955
      vertex -1.23153 7.19876 10.1178
    endloop
  endfacet
  facet normal 0.162975 -0.347972 0.923231
    outer loop
      vertex -3.81141 7.13065 10.3529
      vertex -3.813 7.16307 10.3654
      vertex -3.82854 7.16269 10.368
    endloop
  endfacet
  facet normal -0.156881 -0.116352 0.98074
    outer loop
      vertex 2.92805 1.95646 9.20976
      vertex 4.84873 3.23982 9.66925
      vertex 2.72218 2.23404 9.20976
    endloop
  endfacet
  facet normal -0.176565 0.0835094 0.98074
    outer loop
      vertex 5.14295 -2.74896 9.66925
      vertex 5.38763 -2.23163 9.66925
      vertex 3.25347 -1.34763 9.20976
    endloop
  endfacet
  facet normal 0.00958543 -0.195083 0.98074
    outer loop
      vertex -0.34517 3.50457 9.20976
      vertex 0 3.52153 9.20976
      vertex -0.571589 5.80344 9.66925
    endloop
  endfacet
  facet normal -0.176565 0.0835096 0.98074
    outer loop
      vertex 5.14295 -2.74896 9.66925
      vertex 3.25347 -1.34763 9.20976
      vertex 3.10571 -1.66004 9.20976
    endloop
  endfacet
  facet normal -0.156882 0.116349 0.98074
    outer loop
      vertex 4.50783 -3.69948 9.66925
      vertex 4.84873 -3.23982 9.66925
      vertex 2.72218 -2.23404 9.20976
    endloop
  endfacet
  facet normal 0.0834987 0.176571 0.98074
    outer loop
      vertex -1.34763 -3.25347 9.20976
      vertex -2.37839 -4.97112 9.60676
      vertex -2.08924 -5.04387 9.59524
    endloop
  endfacet
  facet normal 0.0835316 0.176551 0.980741
    outer loop
      vertex -2.37839 -4.97112 9.60676
      vertex -1.34763 -3.25347 9.20976
      vertex -2.58329 -4.91956 9.61493
    endloop
  endfacet
  facet normal 0.10041 0.167531 0.98074
    outer loop
      vertex -2.66123 -4.89774 9.61838
      vertex -1.95646 -2.92805 9.20976
      vertex -3.16738 -4.74032 9.64331
    endloop
  endfacet
  facet normal 0.0143931 0.0970713 0.995173
    outer loop
      vertex -0.115427 -1.17195 8.97891
      vertex -0.229743 -1.155 8.97891
      vertex -0.687016 -3.45387 9.20976
    endloop
  endfacet
  facet normal -0.116642 0.156742 0.980728
    outer loop
      vertex 2.23404 -2.72218 9.20976
      vertex 3.16738 -4.74032 9.64331
      vertex 3.18538 -4.73362 9.64438
    endloop
  endfacet
  facet normal -0.116351 0.156879 0.98074
    outer loop
      vertex 3.16738 -4.74032 9.64331
      vertex 2.23404 -2.72218 9.20976
      vertex 1.95646 -2.92805 9.20976
    endloop
  endfacet
  facet normal 0.072711 -0.0659016 0.995173
    outer loop
      vertex -0.832705 0.832705 8.97891
      vertex -2.4901 2.4901 9.20976
      vertex -2.72218 2.23404 9.20976
    endloop
  endfacet
  facet normal 0.095191 0.0238464 0.995173
    outer loop
      vertex -3.36989 -1.02225 9.20976
      vertex -1.12692 -0.341846 8.97891
      vertex -3.45387 -0.687016 9.20976
    endloop
  endfacet
  facet normal 0.124247 -0.262698 0.956845
    outer loop
      vertex -2.9735 7.17865 10.2573
      vertex -2.74896 5.14295 9.66925
      vertex -2.23163 5.38763 9.66925
    endloop
  endfacet
  facet normal 0.124914 -0.262607 0.956783
    outer loop
      vertex -2.74896 5.14295 9.66925
      vertex -2.9735 7.17865 10.2573
      vertex -3.05072 7.17726 10.267
    endloop
  endfacet
  facet normal 0.116352 -0.156881 0.98074
    outer loop
      vertex -2.23404 2.72218 9.20976
      vertex -1.95646 2.92805 9.20976
      vertex -3.23982 4.84873 9.66925
    endloop
  endfacet
  facet normal 0.144721 -0.131168 0.98074
    outer loop
      vertex -2.72218 2.23404 9.20976
      vertex -2.4901 2.4901 9.20976
      vertex -4.12351 4.12351 9.66925
    endloop
  endfacet
  facet normal 0.189463 0.0474627 0.98074
    outer loop
      vertex -3.36989 -1.02225 9.20976
      vertex -3.45387 -0.687016 9.20976
      vertex -5.58042 -1.6928 9.66925
    endloop
  endfacet
  facet normal 0.0981561 -0.273516 0.956846
    outer loop
      vertex -2.32007 7.18791 10.1931
      vertex -1.6928 5.58042 9.66925
      vertex -2.18103 7.18988 10.1794
    endloop
  endfacet
  facet normal 0.0978979 -0.273616 0.956844
    outer loop
      vertex -1.6928 5.58042 9.66925
      vertex -2.32007 7.18791 10.1931
      vertex -2.23163 5.38763 9.66925
    endloop
  endfacet
  facet normal -0.0981561 -0.273516 0.956846
    outer loop
      vertex 1.6928 5.58042 9.66925
      vertex 2.32007 7.18791 10.1931
      vertex 2.18103 7.18988 10.1794
    endloop
  endfacet
  facet normal -0.0978979 -0.273616 0.956844
    outer loop
      vertex 2.32007 7.18791 10.1931
      vertex 1.6928 5.58042 9.66925
      vertex 2.23163 5.38763 9.66925
    endloop
  endfacet
  facet normal -0.042634 -0.287432 0.956852
    outer loop
      vertex 1.23153 7.19876 10.1178
      vertex 0.709333 7.20198 10.0955
      vertex 0.571589 5.80344 9.66925
    endloop
  endfacet
  facet normal -0.0428798 -0.287414 0.956846
    outer loop
      vertex 1.23153 7.19876 10.1178
      vertex 1.13767 5.71947 9.66925
      vertex 1.43168 7.19753 10.1264
    endloop
  endfacet
  facet normal -0.0426363 -0.287431 0.956852
    outer loop
      vertex 1.13767 5.71947 9.66925
      vertex 1.23153 7.19876 10.1178
      vertex 0.571589 5.80344 9.66925
    endloop
  endfacet
  facet normal -0.167529 -0.100416 0.98074
    outer loop
      vertex 5.14295 2.74896 9.66925
      vertex 4.84873 3.23982 9.66925
      vertex 2.92805 1.95646 9.20976
    endloop
  endfacet
  facet normal -0.193205 0.0286592 0.98074
    outer loop
      vertex 5.71947 -1.13767 9.66925
      vertex 5.80344 -0.571589 9.66925
      vertex 3.45387 -0.687016 9.20976
    endloop
  endfacet
  facet normal -0.228163 -0.307829 0.923679
    outer loop
      vertex 5.1293 6.25006 10.3529
      vertex 5.4258 6.78135 10.6032
      vertex 5.41614 6.78851 10.6032
    endloop
  endfacet
  facet normal -0.228669 -0.307545 0.923648
    outer loop
      vertex 5.1293 6.25006 10.3529
      vertex 5.41614 6.78851 10.6032
      vertex 5.28492 6.87136 10.5983
    endloop
  endfacet
  facet normal -0.228057 -0.307891 0.923685
    outer loop
      vertex 5.4258 6.78135 10.6032
      vertex 5.1293 6.25006 10.3529
      vertex 5.51134 6.71559 10.6024
    endloop
  endfacet
  facet normal -0.0474627 -0.189463 0.98074
    outer loop
      vertex 1.02225 3.36989 9.20976
      vertex 1.6928 5.58042 9.66925
      vertex 0.687016 3.45387 9.20976
    endloop
  endfacet
  facet normal -0.233379 -0.173091 0.956856
    outer loop
      vertex 6.25006 5.1293 10.3529
      vertex 6.32715 4.22766 10.2086
      vertex 6.2937 5.07046 10.3529
    endloop
  endfacet
  facet normal -0.233417 -0.173092 0.956847
    outer loop
      vertex 6.32715 4.22766 10.2086
      vertex 6.25006 5.1293 10.3529
      vertex 4.84873 3.23982 9.66925
    endloop
  endfacet
  facet normal -0.290253 -0.0143044 0.956843
    outer loop
      vertex 6.28358 0.451322 9.8131
      vertex 6.28983 0.619494 9.81751
      vertex 5.80344 0.571589 9.66925
    endloop
  endfacet
  facet normal -0.290253 0.0142855 0.956843
    outer loop
      vertex 6.23918 -0.614505 9.80207
      vertex 6.24609 -0.460711 9.80187
      vertex 5.80344 -0.571589 9.66925
    endloop
  endfacet
  facet normal -0.195074 0.215404 0.956842
    outer loop
      vertex 4.19423 -4.27304 9.71733
      vertex 4.24568 -4.24568 9.72166
      vertex 4.12351 -4.12351 9.66925
    endloop
  endfacet
  facet normal -0.0727105 -0.0659022 0.995173
    outer loop
      vertex 0.910316 0.747076 8.97891
      vertex 2.72218 2.23404 9.20976
      vertex 0.832705 0.832705 8.97891
    endloop
  endfacet
  facet normal -0.167531 0.10041 0.98074
    outer loop
      vertex 5.14295 -2.74896 9.66925
      vertex 3.10571 -1.66004 9.20976
      vertex 2.92805 -1.95646 9.20976
    endloop
  endfacet
  facet normal -0.11634 0.156869 0.980743
    outer loop
      vertex 3.69948 -4.50783 9.66925
      vertex 3.18538 -4.73362 9.64438
      vertex 3.60678 -4.57658 9.66925
    endloop
  endfacet
  facet normal -0.116347 0.156884 0.98074
    outer loop
      vertex 3.18538 -4.73362 9.64438
      vertex 3.69948 -4.50783 9.66925
      vertex 2.23404 -2.72218 9.20976
    endloop
  endfacet
  facet normal 0.0286488 0.193205 0.98074
    outer loop
      vertex -0.34517 -3.50457 9.20976
      vertex -0.607064 -5.08133 9.52803
      vertex -0.500577 -5.08245 9.52514
    endloop
  endfacet
  facet normal 0.0286545 0.193204 0.98074
    outer loop
      vertex -0.607064 -5.08133 9.52803
      vertex -0.34517 -3.50457 9.20976
      vertex -0.687016 -3.45387 9.20976
    endloop
  endfacet
  facet normal 0.215327 0.195162 0.956842
    outer loop
      vertex -4.50783 -3.69948 9.66925
      vertex -4.30453 -4.20913 9.72745
      vertex -4.12351 -4.12351 9.66925
    endloop
  endfacet
  facet normal 0.215313 0.195156 0.956846
    outer loop
      vertex -4.30453 -4.20913 9.72745
      vertex -4.50783 -3.69948 9.66925
      vertex -4.77375 -3.91772 9.7736
    endloop
  endfacet
  facet normal 0.167529 0.100416 0.98074
    outer loop
      vertex -4.84873 -3.23982 9.66925
      vertex -2.92805 -1.95646 9.20976
      vertex -5.14295 -2.74896 9.66925
    endloop
  endfacet
  facet normal -0.0835094 -0.176565 0.98074
    outer loop
      vertex 2.74896 5.14295 9.66925
      vertex 2.23163 5.38763 9.66925
      vertex 1.34763 3.25347 9.20976
    endloop
  endfacet
  facet normal -0.0330591 0.0923963 0.995173
    outer loop
      vertex 1.02225 -3.36989 9.20976
      vertex 1.34763 -3.25347 9.20976
      vertex 0.341846 -1.12692 8.97891
    endloop
  endfacet
  facet normal 0.0426363 -0.287431 0.956852
    outer loop
      vertex -1.23153 7.19876 10.1178
      vertex -1.13767 5.71947 9.66925
      vertex -0.571589 5.80344 9.66925
    endloop
  endfacet
  facet normal 0.0428798 -0.287414 0.956846
    outer loop
      vertex -1.13767 5.71947 9.66925
      vertex -1.23153 7.19876 10.1178
      vertex -1.43168 7.19753 10.1264
    endloop
  endfacet
  facet normal -0.0788209 0.0584567 0.995173
    outer loop
      vertex 2.72218 -2.23404 9.20976
      vertex 0.979158 -0.654252 8.97891
      vertex 0.910316 -0.747076 8.97891
    endloop
  endfacet
  facet normal 0.156882 0.116349 0.98074
    outer loop
      vertex -4.50783 -3.69948 9.66925
      vertex -2.72218 -2.23404 9.20976
      vertex -4.84873 -3.23982 9.66925
    endloop
  endfacet
  facet normal 0.183901 0.0657992 0.98074
    outer loop
      vertex -3.25347 -1.34763 9.20976
      vertex -3.36989 -1.02225 9.20976
      vertex -5.38763 -2.23163 9.66925
    endloop
  endfacet
  facet normal 0.0980139 -0.00481463 0.995173
    outer loop
      vertex -1.17762 0 8.97891
      vertex -1.17195 0.115427 8.97891
      vertex -3.52153 0 9.20976
    endloop
  endfacet
  facet normal 0.262707 0.124242 0.956843
    outer loop
      vertex -5.14295 -2.74896 9.66925
      vertex -5.95131 -2.98324 9.92161
      vertex -5.81829 -3.10994 9.90154
    endloop
  endfacet
  facet normal 0.262627 0.124503 0.956831
    outer loop
      vertex -5.14295 -2.74896 9.66925
      vertex -5.96094 -2.97407 9.92306
      vertex -5.95131 -2.98324 9.92161
    endloop
  endfacet
  facet normal 0.262719 0.124189 0.956847
    outer loop
      vertex -5.14295 -2.74896 9.66925
      vertex -6.00262 -2.93436 9.92935
      vertex -5.96094 -2.97407 9.92306
    endloop
  endfacet
  facet normal 0.26269 0.124308 0.956839
    outer loop
      vertex -5.14295 -2.74896 9.66925
      vertex -6.02119 -2.91667 9.93215
      vertex -6.00262 -2.93436 9.92935
    endloop
  endfacet
  facet normal 0.262695 0.124287 0.956841
    outer loop
      vertex -6.02119 -2.91667 9.93215
      vertex -5.14295 -2.74896 9.66925
      vertex -6.0552 -2.88428 9.93728
    endloop
  endfacet
  facet normal 0.290253 0.0142855 0.956843
    outer loop
      vertex -6.23918 -0.614505 9.80207
      vertex -5.80344 -0.571589 9.66925
      vertex -6.24609 -0.460711 9.80187
    endloop
  endfacet
  facet normal 0.193205 -0.0286592 0.98074
    outer loop
      vertex -3.45387 0.687016 9.20976
      vertex -5.71947 1.13767 9.66925
      vertex -5.80344 0.571589 9.66925
    endloop
  endfacet
  facet normal 0.195147 -0.215312 0.956848
    outer loop
      vertex -4.12351 4.12351 9.66925
      vertex -5.1293 6.25006 10.3529
      vertex -5.71721 5.71721 10.3529
    endloop
  endfacet
  facet normal 0.0286546 -0.193205 0.98074
    outer loop
      vertex -0.34517 3.50457 9.20976
      vertex -0.571589 5.80344 9.66925
      vertex -0.687016 3.45387 9.20976
    endloop
  endfacet
  facet normal 0.164485 -0.347817 0.923021
    outer loop
      vertex -3.81141 7.13065 10.3529
      vertex -3.73907 7.16486 10.3529
      vertex -3.813 7.16307 10.3654
    endloop
  endfacet
  facet normal 0.0419572 -0.0887104 0.995173
    outer loop
      vertex -0.555128 1.03857 8.97891
      vertex -1.34763 3.25347 9.20976
      vertex -1.66004 3.10571 9.20976
    endloop
  endfacet
  facet normal -0.0286592 -0.193205 0.98074
    outer loop
      vertex 0.687016 3.45387 9.20976
      vertex 1.13767 5.71947 9.66925
      vertex 0.571589 5.80344 9.66925
    endloop
  endfacet
  facet normal 0.0419561 -0.0887108 0.995173
    outer loop
      vertex -0.555128 1.03857 8.97891
      vertex -0.450657 1.08798 8.97891
      vertex -1.34763 3.25347 9.20976
    endloop
  endfacet
  facet normal -0.0951914 0.0238439 0.995173
    outer loop
      vertex 3.45387 -0.687016 9.20976
      vertex 1.155 -0.229743 8.97891
      vertex 1.12692 -0.341846 8.97891
    endloop
  endfacet
  facet normal 0.195148 -0.215312 0.956848
    outer loop
      vertex -4.12351 4.12351 9.66925
      vertex -3.69948 4.50783 9.66925
      vertex -5.1293 6.25006 10.3529
    endloop
  endfacet
  facet normal 0.196741 -0.330285 0.923149
    outer loop
      vertex -4.27553 7.14962 10.4586
      vertex -3.81141 7.13065 10.3529
      vertex -3.85363 7.16196 10.3731
    endloop
  endfacet
  facet normal 0.199713 -0.32973 0.92271
    outer loop
      vertex -4.49198 6.72273 10.3529
      vertex -4.27553 7.14962 10.4586
      vertex -4.28454 7.14892 10.4603
    endloop
  endfacet
  facet normal 0.196822 -0.328582 0.923739
    outer loop
      vertex -4.49198 6.72273 10.3529
      vertex -4.28454 7.14892 10.4603
      vertex -4.45969 7.13509 10.4927
    endloop
  endfacet
  facet normal 0.19694 -0.328573 0.923718
    outer loop
      vertex -4.27553 7.14962 10.4586
      vertex -4.49198 6.72273 10.3529
      vertex -3.81141 7.13065 10.3529
    endloop
  endfacet
  facet normal 0.197105 -0.328584 0.923679
    outer loop
      vertex -4.55134 7.12762 10.5096
      vertex -4.49198 6.72273 10.3529
      vertex -4.45969 7.13509 10.4927
    endloop
  endfacet
  facet normal 0.196591 -0.328687 0.923751
    outer loop
      vertex -4.56465 7.12528 10.5116
      vertex -4.49198 6.72273 10.3529
      vertex -4.55134 7.12762 10.5096
    endloop
  endfacet
  facet normal 0.197127 -0.328563 0.923681
    outer loop
      vertex -4.73402 7.09507 10.537
      vertex -4.49198 6.72273 10.3529
      vertex -4.56465 7.12528 10.5116
    endloop
  endfacet
  facet normal 0.202612 -0.325029 0.923745
    outer loop
      vertex -4.49198 6.72273 10.3529
      vertex -4.73402 7.09507 10.537
      vertex -4.73973 7.0935 10.5377
    endloop
  endfacet
  facet normal 0.0978883 -0.273616 0.956845
    outer loop
      vertex -2.23163 5.38763 9.66925
      vertex -2.32007 7.18791 10.1931
      vertex -2.9735 7.17865 10.2573
    endloop
  endfacet
  facet normal 0.124143 -0.262511 0.95691
    outer loop
      vertex -3.81141 7.13065 10.3529
      vertex -3.05072 7.17726 10.267
      vertex -3.73907 7.16486 10.3529
    endloop
  endfacet
  facet normal 0.12415 -0.262739 0.956847
    outer loop
      vertex -3.05072 7.17726 10.267
      vertex -3.81141 7.13065 10.3529
      vertex -2.74896 5.14295 9.66925
    endloop
  endfacet
  facet normal 0.24926 0.149398 0.956844
    outer loop
      vertex -5.61941 -3.27466 9.87545
      vertex -5.14295 -2.74896 9.66925
      vertex -5.81829 -3.10994 9.90154
    endloop
  endfacet
  facet normal -0.195147 -0.215312 0.956848
    outer loop
      vertex 5.71721 5.71721 10.3529
      vertex 5.1293 6.25006 10.3529
      vertex 4.12351 4.12351 9.66925
    endloop
  endfacet
  facet normal -0.124143 -0.262511 0.95691
    outer loop
      vertex 3.05072 7.17726 10.267
      vertex 3.81141 7.13065 10.3529
      vertex 3.73907 7.16486 10.3529
    endloop
  endfacet
  facet normal -0.12415 -0.262739 0.956847
    outer loop
      vertex 3.81141 7.13065 10.3529
      vertex 3.05072 7.17726 10.267
      vertex 2.74896 5.14295 9.66925
    endloop
  endfacet
  facet normal -0.0144574 -0.290243 0.956844
    outer loop
      vertex 0 5.83152 9.66925
      vertex 0.221022 7.20298 10.0886
      vertex 0 7.20344 10.0854
    endloop
  endfacet
  facet normal -0.01426 -0.290273 0.956838
    outer loop
      vertex 0.221022 7.20298 10.0886
      vertex 0 5.83152 9.66925
      vertex 0.571589 5.80344 9.66925
    endloop
  endfacet
  facet normal -0.014115 -0.29024 0.95685
    outer loop
      vertex 0.571589 5.80344 9.66925
      vertex 0.709333 7.20198 10.0955
      vertex 0.221022 7.20298 10.0886
    endloop
  endfacet
  facet normal 0.0144574 -0.290243 0.956844
    outer loop
      vertex -0.221022 7.20298 10.0886
      vertex 0 5.83152 9.66925
      vertex 0 7.20344 10.0854
    endloop
  endfacet
  facet normal 0.01426 -0.290273 0.956838
    outer loop
      vertex 0 5.83152 9.66925
      vertex -0.221022 7.20298 10.0886
      vertex -0.571589 5.80344 9.66925
    endloop
  endfacet
  facet normal 0.014115 -0.29024 0.95685
    outer loop
      vertex -0.571589 5.80344 9.66925
      vertex -0.221022 7.20298 10.0886
      vertex -0.709333 7.20198 10.0955
    endloop
  endfacet
  facet normal -0.131168 -0.144721 0.98074
    outer loop
      vertex 2.4901 2.4901 9.20976
      vertex 4.12351 4.12351 9.66925
      vertex 2.23404 2.72218 9.20976
    endloop
  endfacet
  facet normal -0.0362799 -0.080622 0.996084
    outer loop
      vertex 5.70608 6.54086 10.6029
      vertex 5.71754 6.52829 10.6023
      vertex 5.71392 6.53239 10.6025
    endloop
  endfacet
  facet normal -0.257111 -0.284118 0.923672
    outer loop
      vertex 5.1293 6.25006 10.3529
      vertex 5.70608 6.54086 10.6029
      vertex 5.57572 6.66403 10.6045
    endloop
  endfacet
  facet normal -0.257259 -0.283962 0.923679
    outer loop
      vertex 5.1293 6.25006 10.3529
      vertex 5.57572 6.66403 10.6045
      vertex 5.567 6.67193 10.6045
    endloop
  endfacet
  facet normal -0.257444 -0.283775 0.923685
    outer loop
      vertex 5.1293 6.25006 10.3529
      vertex 5.567 6.67193 10.6045
      vertex 5.51134 6.71559 10.6024
    endloop
  endfacet
  facet normal -0.259205 -0.280431 0.924214
    outer loop
      vertex 5.70608 6.54086 10.6029
      vertex 5.1293 6.25006 10.3529
      vertex 5.71754 6.52829 10.6023
    endloop
  endfacet
  facet normal -0.0980139 0.00481463 0.995173
    outer loop
      vertex 3.52153 0 9.20976
      vertex 1.17762 0 8.97891
      vertex 1.17195 -0.115427 8.97891
    endloop
  endfacet
  facet normal -0.0841717 0.0504485 0.995173
    outer loop
      vertex 2.92805 -1.95646 9.20976
      vertex 3.10571 -1.66004 9.20976
      vertex 1.03857 -0.555128 8.97891
    endloop
  endfacet
  facet normal -0.262702 -0.124248 0.956844
    outer loop
      vertex 6.33572 2.92589 10.0197
      vertex 6.33917 3.38836 10.0807
      vertex 5.14295 2.74896 9.66925
    endloop
  endfacet
  facet normal -0.30785 -0.228324 0.923632
    outer loop
      vertex 6.2937 5.07046 10.3529
      vertex 6.29004 5.13931 10.3687
      vertex 6.25006 5.1293 10.3529
    endloop
  endfacet
  facet normal -0.183901 -0.0657987 0.98074
    outer loop
      vertex 5.58042 1.6928 9.66925
      vertex 5.38763 2.23163 9.66925
      vertex 3.36989 1.02225 9.20976
    endloop
  endfacet
  facet normal -0.282338 -0.259003 0.92369
    outer loop
      vertex 6.25006 5.1293 10.3529
      vertex 6.28849 5.16765 10.3754
      vertex 6.28579 5.20483 10.385
    endloop
  endfacet
  facet normal -0.282789 -0.258545 0.92368
    outer loop
      vertex 6.28849 5.16765 10.3754
      vertex 6.25006 5.1293 10.3529
      vertex 6.28888 5.16115 10.3737
    endloop
  endfacet
  facet normal -0.144721 -0.131168 0.98074
    outer loop
      vertex 2.72218 2.23404 9.20976
      vertex 4.12351 4.12351 9.66925
      vertex 2.4901 2.4901 9.20976
    endloop
  endfacet
  facet normal -0.0923963 0.0330591 0.995173
    outer loop
      vertex 3.25347 -1.34763 9.20976
      vertex 3.36989 -1.02225 9.20976
      vertex 1.12692 -0.341846 8.97891
    endloop
  endfacet
  facet normal -0.0475221 0.189446 0.98074
    outer loop
      vertex 1.02225 -3.36989 9.20976
      vertex 1.45113 -5.06945 9.55884
      vertex 1.53735 -5.06796 9.56273
    endloop
  endfacet
  facet normal -0.0474623 0.189462 0.98074
    outer loop
      vertex 1.45113 -5.06945 9.55884
      vertex 1.02225 -3.36989 9.20976
      vertex 0.687016 -3.45387 9.20976
    endloop
  endfacet
  facet normal -0.287459 0.0426564 0.956843
    outer loop
      vertex 6.2308 -0.773713 9.80665
      vertex 6.23918 -0.614505 9.80207
      vertex 5.80344 -0.571589 9.66925
    endloop
  endfacet
  facet normal -0.287465 0.0426414 0.956841
    outer loop
      vertex 5.71947 -1.13767 9.66925
      vertex 6.2308 -0.773713 9.80665
      vertex 5.80344 -0.571589 9.66925
    endloop
  endfacet
  facet normal -0.287453 0.0426221 0.956846
    outer loop
      vertex 6.2308 -0.773713 9.80665
      vertex 5.71947 -1.13767 9.66925
      vertex 6.20654 -1.23456 9.81989
    endloop
  endfacet
  facet normal -0.29026 0.0142461 0.956842
    outer loop
      vertex 5.83152 0 9.66925
      vertex 6.24609 -0.460711 9.80187
      vertex 6.26679 0 9.80129
    endloop
  endfacet
  facet normal -0.290247 0.0142587 0.956846
    outer loop
      vertex 6.24609 -0.460711 9.80187
      vertex 5.83152 0 9.66925
      vertex 5.80344 -0.571589 9.66925
    endloop
  endfacet
  facet normal -0.29026 -0.01424 0.956842
    outer loop
      vertex 6.28358 0.451322 9.8131
      vertex 5.83152 0 9.66925
      vertex 6.26679 0 9.80129
    endloop
  endfacet
  facet normal -0.290243 -0.0142585 0.956847
    outer loop
      vertex 5.83152 0 9.66925
      vertex 6.28358 0.451322 9.8131
      vertex 5.80344 0.571589 9.66925
    endloop
  endfacet
  facet normal -0.144721 0.131168 0.98074
    outer loop
      vertex 4.12351 -4.12351 9.66925
      vertex 4.50783 -3.69948 9.66925
      vertex 2.72218 -2.23404 9.20976
    endloop
  endfacet
  facet normal 0.0659016 0.072711 0.995173
    outer loop
      vertex -2.23404 -2.72218 9.20976
      vertex -0.832705 -0.832705 8.97891
      vertex -2.4901 -2.4901 9.20976
    endloop
  endfacet
  facet normal 0.131168 0.144721 0.98074
    outer loop
      vertex -2.23404 -2.72218 9.20976
      vertex -2.4901 -2.4901 9.20976
      vertex -4.12351 -4.12351 9.66925
    endloop
  endfacet
  facet normal -0.0584577 -0.07882 0.995173
    outer loop
      vertex 2.23404 2.72218 9.20976
      vertex 1.95646 2.92805 9.20976
      vertex 0.654252 0.979158 8.97891
    endloop
  endfacet
  facet normal 0.233421 0.173113 0.956842
    outer loop
      vertex -5.14025 -3.65422 9.81534
      vertex -4.50783 -3.69948 9.66925
      vertex -4.84873 -3.23982 9.66925
    endloop
  endfacet
  facet normal 0.23342 0.173092 0.956846
    outer loop
      vertex -4.50783 -3.69948 9.66925
      vertex -5.14025 -3.65422 9.81534
      vertex -4.77375 -3.91772 9.7736
    endloop
  endfacet
  facet normal 0.233114 0.173341 0.956876
    outer loop
      vertex -5.14025 -3.65422 9.81534
      vertex -4.84873 -3.23982 9.66925
      vertex -5.15057 -3.6468 9.81651
    endloop
  endfacet
  facet normal 0.0980139 0.00481463 0.995173
    outer loop
      vertex -1.17195 -0.115427 8.97891
      vertex -1.17762 0 8.97891
      vertex -3.52153 0 9.20976
    endloop
  endfacet
  facet normal 0.116347 0.156884 0.98074
    outer loop
      vertex -3.69948 -4.50783 9.66925
      vertex -3.18538 -4.73362 9.64438
      vertex -2.23404 -2.72218 9.20976
    endloop
  endfacet
  facet normal 0.11634 0.156869 0.980743
    outer loop
      vertex -3.18538 -4.73362 9.64438
      vertex -3.69948 -4.50783 9.66925
      vertex -3.60678 -4.57658 9.66925
    endloop
  endfacet
  facet normal 0.173166 0.233491 0.956815
    outer loop
      vertex -3.60678 -4.57658 9.66925
      vertex -3.69948 -4.50783 9.66925
      vertex -3.7157 -4.5276 9.67701
    endloop
  endfacet
  facet normal 0.0657998 0.183903 0.98074
    outer loop
      vertex -1.34763 -3.25347 9.20976
      vertex -2.03222 -5.05493 9.59349
      vertex -1.02225 -3.36989 9.20976
    endloop
  endfacet
  facet normal 0.0657729 0.183913 0.98074
    outer loop
      vertex -2.03222 -5.05493 9.59349
      vertex -1.34763 -3.25347 9.20976
      vertex -2.08924 -5.04387 9.59524
    endloop
  endfacet
  facet normal 0.0419572 0.0887104 0.995173
    outer loop
      vertex -1.34763 -3.25347 9.20976
      vertex -0.555128 -1.03857 8.97891
      vertex -1.66004 -3.10571 9.20976
    endloop
  endfacet
  facet normal 0.193205 0.0286592 0.98074
    outer loop
      vertex -5.71947 -1.13767 9.66925
      vertex -3.45387 -0.687016 9.20976
      vertex -5.80344 -0.571589 9.66925
    endloop
  endfacet
  facet normal 0.233446 0.173082 0.956841
    outer loop
      vertex -5.15057 -3.6468 9.81651
      vertex -4.84873 -3.23982 9.66925
      vertex -5.29857 -3.54039 9.83337
    endloop
  endfacet
  facet normal 0.0923937 -0.0330648 0.995173
    outer loop
      vertex -1.12692 0.341846 8.97891
      vertex -1.08798 0.450657 8.97891
      vertex -3.25347 1.34763 9.20976
    endloop
  endfacet
  facet normal 0.0504485 0.0841717 0.995173
    outer loop
      vertex -1.66004 -3.10571 9.20976
      vertex -0.555128 -1.03857 8.97891
      vertex -1.95646 -2.92805 9.20976
    endloop
  endfacet
  facet normal -0.0659016 -0.072711 0.995173
    outer loop
      vertex 2.4901 2.4901 9.20976
      vertex 2.23404 2.72218 9.20976
      vertex 0.832705 0.832705 8.97891
    endloop
  endfacet
  facet normal 0.07882 -0.0584577 0.995173
    outer loop
      vertex -0.979158 0.654252 8.97891
      vertex -2.72218 2.23404 9.20976
      vertex -2.92805 1.95646 9.20976
    endloop
  endfacet
  facet normal 0.0788209 -0.0584567 0.995173
    outer loop
      vertex -0.979158 0.654252 8.97891
      vertex -0.910316 0.747076 8.97891
      vertex -2.72218 2.23404 9.20976
    endloop
  endfacet
  facet normal 0.308002 -0.22783 0.923703
    outer loop
      vertex -6.25006 5.1293 10.3529
      vertex -6.28888 5.16115 10.3737
      vertex -6.29004 5.13931 10.3687
    endloop
  endfacet
  facet normal 0.144721 -0.131168 0.98074
    outer loop
      vertex -2.72218 2.23404 9.20976
      vertex -4.12351 4.12351 9.66925
      vertex -4.50783 3.69948 9.66925
    endloop
  endfacet
  facet normal 0.287459 0.0426564 0.956843
    outer loop
      vertex -6.2308 -0.773713 9.80665
      vertex -5.80344 -0.571589 9.66925
      vertex -6.23918 -0.614505 9.80207
    endloop
  endfacet
  facet normal 0.173103 -0.233402 0.956848
    outer loop
      vertex -3.23982 4.84873 9.66925
      vertex -4.49198 6.72273 10.3529
      vertex -5.1293 6.25006 10.3529
    endloop
  endfacet
  facet normal 0.173101 -0.233405 0.956848
    outer loop
      vertex -3.69948 4.50783 9.66925
      vertex -3.23982 4.84873 9.66925
      vertex -5.1293 6.25006 10.3529
    endloop
  endfacet
  facet normal 0.287459 -0.0426404 0.956843
    outer loop
      vertex -5.71947 1.13767 9.66925
      vertex -6.29529 0.804212 9.82738
      vertex -5.80344 0.571589 9.66925
    endloop
  endfacet
  facet normal 0.287461 -0.0426442 0.956843
    outer loop
      vertex -6.29529 0.804212 9.82738
      vertex -5.71947 1.13767 9.66925
      vertex -6.30859 1.25486 9.85146
    endloop
  endfacet
  facet normal 0.287463 -0.0426298 0.956842
    outer loop
      vertex -6.28983 0.619494 9.81751
      vertex -5.80344 0.571589 9.66925
      vertex -6.29529 0.804212 9.82738
    endloop
  endfacet
  facet normal 0.257444 -0.283775 0.923685
    outer loop
      vertex -5.567 6.67193 10.6045
      vertex -5.1293 6.25006 10.3529
      vertex -5.51134 6.71559 10.6024
    endloop
  endfacet
  facet normal 0.257259 -0.283962 0.923679
    outer loop
      vertex -5.57572 6.66403 10.6045
      vertex -5.1293 6.25006 10.3529
      vertex -5.567 6.67193 10.6045
    endloop
  endfacet
  facet normal 0.257111 -0.284118 0.923672
    outer loop
      vertex -5.70608 6.54086 10.6029
      vertex -5.1293 6.25006 10.3529
      vertex -5.57572 6.66403 10.6045
    endloop
  endfacet
  facet normal 0.258042 -0.282481 0.923915
    outer loop
      vertex -5.71392 6.53239 10.6025
      vertex -5.1293 6.25006 10.3529
      vertex -5.70608 6.54086 10.6029
    endloop
  endfacet
  facet normal 0.261555 -0.27605 0.92487
    outer loop
      vertex -5.1293 6.25006 10.3529
      vertex -5.71392 6.53239 10.6025
      vertex -5.71754 6.52829 10.6023
    endloop
  endfacet
  facet normal 0.0504485 -0.0841717 0.995173
    outer loop
      vertex -0.555128 1.03857 8.97891
      vertex -1.66004 3.10571 9.20976
      vertex -1.95646 2.92805 9.20976
    endloop
  endfacet
  facet normal 0.100416 -0.167529 0.98074
    outer loop
      vertex -1.95646 2.92805 9.20976
      vertex -2.74896 5.14295 9.66925
      vertex -3.23982 4.84873 9.66925
    endloop
  endfacet
  facet normal -0.0788209 -0.0584567 0.995173
    outer loop
      vertex 0.979158 0.654252 8.97891
      vertex 2.72218 2.23404 9.20976
      vertex 0.910316 0.747076 8.97891
    endloop
  endfacet
  facet normal 0.131168 -0.144721 0.98074
    outer loop
      vertex -2.23404 2.72218 9.20976
      vertex -3.69948 4.50783 9.66925
      vertex -4.12351 4.12351 9.66925
    endloop
  endfacet
  facet normal 0.116349 -0.156882 0.98074
    outer loop
      vertex -2.23404 2.72218 9.20976
      vertex -3.23982 4.84873 9.66925
      vertex -3.69948 4.50783 9.66925
    endloop
  endfacet
  facet normal 0.215337 0.195142 0.956844
    outer loop
      vertex -4.24568 -4.24568 9.72166
      vertex -4.12351 -4.12351 9.66925
      vertex -4.30453 -4.20913 9.72745
    endloop
  endfacet
  facet normal 0.195074 0.215404 0.956842
    outer loop
      vertex -4.19423 -4.27304 9.71733
      vertex -4.12351 -4.12351 9.66925
      vertex -4.24568 -4.24568 9.72166
    endloop
  endfacet
  facet normal -0.0706233 -0.281869 0.95685
    outer loop
      vertex 2.01999 7.19153 10.168
      vertex 1.6928 5.58042 9.66925
      vertex 2.18103 7.18988 10.1794
    endloop
  endfacet
  facet normal -0.070604 -0.281873 0.95685
    outer loop
      vertex 1.6928 5.58042 9.66925
      vertex 2.01999 7.19153 10.168
      vertex 1.13767 5.71947 9.66925
    endloop
  endfacet
  facet normal -0.0474577 -0.189466 0.98074
    outer loop
      vertex 1.6928 5.58042 9.66925
      vertex 1.13767 5.71947 9.66925
      vertex 0.687016 3.45387 9.20976
    endloop
  endfacet
  facet normal 0.0095837 -0.195083 0.98074
    outer loop
      vertex 0 3.52153 9.20976
      vertex 0 5.83152 9.66925
      vertex -0.571589 5.80344 9.66925
    endloop
  endfacet
  facet normal -0.0095837 -0.195083 0.98074
    outer loop
      vertex 0.571589 5.80344 9.66925
      vertex 0 5.83152 9.66925
      vertex 0 3.52153 9.20976
    endloop
  endfacet
  facet normal -0.257278 -0.283926 0.923685
    outer loop
      vertex 5.71721 5.71721 10.3529
      vertex 6.05091 6.06841 10.5538
      vertex 6.04574 6.0783 10.5554
    endloop
  endfacet
  facet normal -0.257187 -0.284008 0.923685
    outer loop
      vertex 5.71721 5.71721 10.3529
      vertex 6.04574 6.0783 10.5554
      vertex 5.95271 6.23312 10.5771
    endloop
  endfacet
  facet normal -0.258785 -0.283194 0.923489
    outer loop
      vertex 5.71721 5.71721 10.3529
      vertex 5.95271 6.23312 10.5771
      vertex 5.94664 6.24258 10.5783
    endloop
  endfacet
  facet normal -0.257227 -0.28396 0.923689
    outer loop
      vertex 5.71721 5.71721 10.3529
      vertex 5.94664 6.24258 10.5783
      vertex 5.84001 6.38829 10.5934
    endloop
  endfacet
  facet normal -0.257825 -0.282152 0.924076
    outer loop
      vertex 5.1293 6.25006 10.3529
      vertex 5.84001 6.38829 10.5934
      vertex 5.83305 6.39727 10.5942
    endloop
  endfacet
  facet normal -0.257308 -0.283952 0.923669
    outer loop
      vertex 5.1293 6.25006 10.3529
      vertex 5.83305 6.39727 10.5942
      vertex 5.71754 6.52829 10.6023
    endloop
  endfacet
  facet normal -0.25944 -0.281883 0.923706
    outer loop
      vertex 6.05091 6.06841 10.5538
      vertex 5.71721 5.71721 10.3529
      vertex 6.05661 6.05661 10.5518
    endloop
  endfacet
  facet normal -0.25734 -0.283931 0.923666
    outer loop
      vertex 5.84001 6.38829 10.5934
      vertex 5.1293 6.25006 10.3529
      vertex 5.71721 5.71721 10.3529
    endloop
  endfacet
  facet normal -0.149393 -0.249246 0.956848
    outer loop
      vertex 4.49198 6.72273 10.3529
      vertex 3.81141 7.13065 10.3529
      vertex 2.74896 5.14295 9.66925
    endloop
  endfacet
  facet normal -0.24935 -0.149245 0.956844
    outer loop
      vertex 4.84873 3.23982 9.66925
      vertex 6.33281 4.06177 10.1842
      vertex 6.32715 4.22766 10.2086
    endloop
  endfacet
  facet normal -0.24926 -0.149406 0.956842
    outer loop
      vertex 6.33281 4.06177 10.1842
      vertex 4.84873 3.23982 9.66925
      vertex 5.14295 2.74896 9.66925
    endloop
  endfacet
  facet normal -0.308002 -0.22783 0.923703
    outer loop
      vertex 6.29004 5.13931 10.3687
      vertex 6.28888 5.16115 10.3737
      vertex 6.25006 5.1293 10.3529
    endloop
  endfacet
  facet normal -0.0970703 0.0143967 0.995173
    outer loop
      vertex 3.45387 -0.687016 9.20976
      vertex 3.50457 -0.34517 9.20976
      vertex 1.17195 -0.115427 8.97891
    endloop
  endfacet
  facet normal -0.0887104 0.0419572 0.995173
    outer loop
      vertex 3.10571 -1.66004 9.20976
      vertex 3.25347 -1.34763 9.20976
      vertex 1.03857 -0.555128 8.97891
    endloop
  endfacet
  facet normal -0.273621 -0.0978991 0.956842
    outer loop
      vertex 6.32842 2.27785 9.94301
      vertex 6.33347 2.62341 9.97981
      vertex 5.38763 2.23163 9.66925
    endloop
  endfacet
  facet normal -0.197261 -0.329656 0.923263
    outer loop
      vertex 3.85363 7.16196 10.3731
      vertex 3.82854 7.16269 10.368
      vertex 3.81141 7.13065 10.3529
    endloop
  endfacet
  facet normal -0.162975 -0.347972 0.923231
    outer loop
      vertex 3.82854 7.16269 10.368
      vertex 3.813 7.16307 10.3654
      vertex 3.81141 7.13065 10.3529
    endloop
  endfacet
  facet normal -0.24926 0.149398 0.956844
    outer loop
      vertex 5.61941 -3.27466 9.87545
      vertex 5.81829 -3.10994 9.90154
      vertex 5.14295 -2.74896 9.66925
    endloop
  endfacet
  facet normal -0.0661173 0.183716 0.980753
    outer loop
      vertex 1.02225 -3.36989 9.20976
      vertex 2.02578 -5.05618 9.59329
      vertex 2.03222 -5.05493 9.59349
    endloop
  endfacet
  facet normal -0.0657981 0.183902 0.98074
    outer loop
      vertex 2.02578 -5.05618 9.59329
      vertex 1.02225 -3.36989 9.20976
      vertex 1.53735 -5.06796 9.56273
    endloop
  endfacet
  facet normal -0.287461 -0.0426442 0.956843
    outer loop
      vertex 5.71947 1.13767 9.66925
      vertex 6.29529 0.804212 9.82738
      vertex 6.30859 1.25486 9.85146
    endloop
  endfacet
  facet normal -0.287459 -0.0426404 0.956843
    outer loop
      vertex 6.29529 0.804212 9.82738
      vertex 5.71947 1.13767 9.66925
      vertex 5.80344 0.571589 9.66925
    endloop
  endfacet
  facet normal -0.287463 -0.0426298 0.956842
    outer loop
      vertex 6.28983 0.619494 9.81751
      vertex 6.29529 0.804212 9.82738
      vertex 5.80344 0.571589 9.66925
    endloop
  endfacet
  facet normal -0.095191 0.0238464 0.995173
    outer loop
      vertex 3.36989 -1.02225 9.20976
      vertex 3.45387 -0.687016 9.20976
      vertex 1.12692 -0.341846 8.97891
    endloop
  endfacet
  facet normal -0.262695 0.124287 0.956841
    outer loop
      vertex 5.14295 -2.74896 9.66925
      vertex 6.02119 -2.91667 9.93215
      vertex 6.0552 -2.88428 9.93728
    endloop
  endfacet
  facet normal -0.26269 0.124308 0.956839
    outer loop
      vertex 6.02119 -2.91667 9.93215
      vertex 5.14295 -2.74896 9.66925
      vertex 6.00262 -2.93436 9.92935
    endloop
  endfacet
  facet normal -0.262627 0.124503 0.956831
    outer loop
      vertex 5.14295 -2.74896 9.66925
      vertex 5.95131 -2.98324 9.92161
      vertex 5.96094 -2.97407 9.92306
    endloop
  endfacet
  facet normal -0.262719 0.124189 0.956847
    outer loop
      vertex 6.00262 -2.93436 9.92935
      vertex 5.14295 -2.74896 9.66925
      vertex 5.96094 -2.97407 9.92306
    endloop
  endfacet
  facet normal -0.262707 0.124242 0.956843
    outer loop
      vertex 5.95131 -2.98324 9.92161
      vertex 5.14295 -2.74896 9.66925
      vertex 5.81829 -3.10994 9.90154
    endloop
  endfacet
  facet normal -0.233114 0.173341 0.956876
    outer loop
      vertex 4.84873 -3.23982 9.66925
      vertex 5.14025 -3.65422 9.81534
      vertex 5.15057 -3.6468 9.81651
    endloop
  endfacet
  facet normal -0.233421 0.173113 0.956842
    outer loop
      vertex 4.50783 -3.69948 9.66925
      vertex 5.14025 -3.65422 9.81534
      vertex 4.84873 -3.23982 9.66925
    endloop
  endfacet
  facet normal -0.23342 0.173092 0.956846
    outer loop
      vertex 5.14025 -3.65422 9.81534
      vertex 4.50783 -3.69948 9.66925
      vertex 4.77375 -3.91772 9.7736
    endloop
  endfacet
  facet normal -0.28188 0.0706379 0.956846
    outer loop
      vertex 6.19518 -1.4228 9.83044
      vertex 6.20654 -1.23456 9.81989
      vertex 5.71947 -1.13767 9.66925
    endloop
  endfacet
  facet normal -0.10041 0.167531 0.98074
    outer loop
      vertex 2.66123 -4.89774 9.61838
      vertex 3.16738 -4.74032 9.64331
      vertex 1.95646 -2.92805 9.20976
    endloop
  endfacet
  facet normal -0.100414 0.167529 0.98074
    outer loop
      vertex 1.95646 -2.92805 9.20976
      vertex 2.62407 -4.9093 9.61655
      vertex 2.66123 -4.89774 9.61838
    endloop
  endfacet
  facet normal -0.10041 0.167531 0.98074
    outer loop
      vertex 2.62407 -4.9093 9.61655
      vertex 1.95646 -2.92805 9.20976
      vertex 1.66004 -3.10571 9.20976
    endloop
  endfacet
  facet normal -0.156881 0.116352 0.98074
    outer loop
      vertex 4.84873 -3.23982 9.66925
      vertex 2.92805 -1.95646 9.20976
      vertex 2.72218 -2.23404 9.20976
    endloop
  endfacet
  facet normal -0.195182 0.21535 0.956833
    outer loop
      vertex 3.69948 -4.50783 9.66925
      vertex 4.19423 -4.27304 9.71733
      vertex 4.12351 -4.12351 9.66925
    endloop
  endfacet
  facet normal -0.195208 0.215407 0.956814
    outer loop
      vertex 4.19423 -4.27304 9.71733
      vertex 3.69948 -4.50783 9.66925
      vertex 3.7157 -4.5276 9.67701
    endloop
  endfacet
  facet normal 0.195182 0.21535 0.956833
    outer loop
      vertex -4.19423 -4.27304 9.71733
      vertex -3.69948 -4.50783 9.66925
      vertex -4.12351 -4.12351 9.66925
    endloop
  endfacet
  facet normal 0.195208 0.215407 0.956814
    outer loop
      vertex -3.69948 -4.50783 9.66925
      vertex -4.19423 -4.27304 9.71733
      vertex -3.7157 -4.5276 9.67701
    endloop
  endfacet
  facet normal 0.131168 0.144721 0.98074
    outer loop
      vertex -3.69948 -4.50783 9.66925
      vertex -2.23404 -2.72218 9.20976
      vertex -4.12351 -4.12351 9.66925
    endloop
  endfacet
  facet normal 0.0584567 -0.0788209 0.995173
    outer loop
      vertex -0.747076 0.910316 8.97891
      vertex -0.654252 0.979158 8.97891
      vertex -2.23404 2.72218 9.20976
    endloop
  endfacet
  facet normal -0.0659022 0.0727105 0.995173
    outer loop
      vertex 2.23404 -2.72218 9.20976
      vertex 0.832705 -0.832705 8.97891
      vertex 0.747076 -0.910316 8.97891
    endloop
  endfacet
  facet normal 0.00958553 0.195085 0.98074
    outer loop
      vertex -0.34517 -3.50457 9.20976
      vertex -0.391084 -5.08283 9.52415
      vertex 0 -3.52153 9.20976
    endloop
  endfacet
  facet normal 0.00954458 0.195086 0.98074
    outer loop
      vertex -0.391084 -5.08283 9.52415
      vertex -0.34517 -3.50457 9.20976
      vertex -0.500577 -5.08245 9.52514
    endloop
  endfacet
  facet normal -0.00481594 0.098014 0.995173
    outer loop
      vertex 0.34517 -3.50457 9.20976
      vertex 0.115427 -1.17195 8.97891
      vertex 0 -3.52153 9.20976
    endloop
  endfacet
  facet normal -0.00481463 -0.0980139 0.995173
    outer loop
      vertex 0.115427 1.17195 8.97891
      vertex 0 3.52153 9.20976
      vertex 0 1.17762 8.97891
    endloop
  endfacet
  facet normal -0.0095859 0.195085 0.98074
    outer loop
      vertex 0.391084 -5.08283 9.52415
      vertex 0 -3.52153 9.20976
      vertex 0 -5.0842 9.5206
    endloop
  endfacet
  facet normal -0.00954458 0.195086 0.98074
    outer loop
      vertex 0.34517 -3.50457 9.20976
      vertex 0.391084 -5.08283 9.52415
      vertex 0.500577 -5.08245 9.52514
    endloop
  endfacet
  facet normal -0.00958553 0.195085 0.98074
    outer loop
      vertex 0.391084 -5.08283 9.52415
      vertex 0.34517 -3.50457 9.20976
      vertex 0 -3.52153 9.20976
    endloop
  endfacet
  facet normal -0.07882 -0.0584577 0.995173
    outer loop
      vertex 2.92805 1.95646 9.20976
      vertex 2.72218 2.23404 9.20976
      vertex 0.979158 0.654252 8.97891
    endloop
  endfacet
  facet normal 0.0923963 0.0330591 0.995173
    outer loop
      vertex -3.25347 -1.34763 9.20976
      vertex -1.12692 -0.341846 8.97891
      vertex -3.36989 -1.02225 9.20976
    endloop
  endfacet
  facet normal 0.0238464 -0.095191 0.995173
    outer loop
      vertex -0.341846 1.12692 8.97891
      vertex -0.687016 3.45387 9.20976
      vertex -1.02225 3.36989 9.20976
    endloop
  endfacet
  facet normal -0.00481463 0.0980139 0.995173
    outer loop
      vertex 0.115427 -1.17195 8.97891
      vertex 0 -1.17762 8.97891
      vertex 0 -3.52153 9.20976
    endloop
  endfacet
  facet normal 0.156881 -0.116352 0.98074
    outer loop
      vertex -2.92805 1.95646 9.20976
      vertex -2.72218 2.23404 9.20976
      vertex -4.84873 3.23982 9.66925
    endloop
  endfacet
  facet normal 0.189466 0.0474577 0.98074
    outer loop
      vertex -5.58042 -1.6928 9.66925
      vertex -3.45387 -0.687016 9.20976
      vertex -5.71947 -1.13767 9.66925
    endloop
  endfacet
  facet normal 0.0584577 -0.07882 0.995173
    outer loop
      vertex -0.654252 0.979158 8.97891
      vertex -1.95646 2.92805 9.20976
      vertex -2.23404 2.72218 9.20976
    endloop
  endfacet
  facet normal 0.0835094 -0.176565 0.98074
    outer loop
      vertex -1.34763 3.25347 9.20976
      vertex -2.23163 5.38763 9.66925
      vertex -2.74896 5.14295 9.66925
    endloop
  endfacet
  facet normal 0.0705346 -0.281912 0.956844
    outer loop
      vertex -1.13767 5.71947 9.66925
      vertex -1.43168 7.19753 10.1264
      vertex -2.01999 7.19153 10.168
    endloop
  endfacet
  facet normal 0.0330648 -0.0923937 0.995173
    outer loop
      vertex -0.450657 1.08798 8.97891
      vertex -0.341846 1.12692 8.97891
      vertex -1.34763 3.25347 9.20976
    endloop
  endfacet
  facet normal 0.0951914 -0.0238439 0.995173
    outer loop
      vertex -1.155 0.229743 8.97891
      vertex -1.12692 0.341846 8.97891
      vertex -3.45387 0.687016 9.20976
    endloop
  endfacet
  facet normal -0.0970713 0.0143931 0.995173
    outer loop
      vertex 3.45387 -0.687016 9.20976
      vertex 1.17195 -0.115427 8.97891
      vertex 1.155 -0.229743 8.97891
    endloop
  endfacet
  facet normal -0.173101 -0.233405 0.956848
    outer loop
      vertex 3.69948 4.50783 9.66925
      vertex 5.1293 6.25006 10.3529
      vertex 3.23982 4.84873 9.66925
    endloop
  endfacet
  facet normal -0.0659016 0.072711 0.995173
    outer loop
      vertex 2.23404 -2.72218 9.20976
      vertex 2.4901 -2.4901 9.20976
      vertex 0.832705 -0.832705 8.97891
    endloop
  endfacet
  facet normal -0.0951914 -0.0238439 0.995173
    outer loop
      vertex 1.155 0.229743 8.97891
      vertex 3.45387 0.687016 9.20976
      vertex 1.12692 0.341846 8.97891
    endloop
  endfacet
  facet normal 0.281896 0.0706098 0.956843
    outer loop
      vertex -6.19518 -1.4228 9.83044
      vertex -5.58042 -1.6928 9.66925
      vertex -5.71947 -1.13767 9.66925
    endloop
  endfacet
  facet normal 0.281892 0.0706004 0.956845
    outer loop
      vertex -5.58042 -1.6928 9.66925
      vertex -6.19518 -1.4228 9.83044
      vertex -6.16814 -1.87108 9.85555
    endloop
  endfacet
  facet normal 0.149393 -0.249246 0.956848
    outer loop
      vertex -2.74896 5.14295 9.66925
      vertex -3.81141 7.13065 10.3529
      vertex -4.49198 6.72273 10.3529
    endloop
  endfacet
  facet normal 0.228669 -0.307545 0.923648
    outer loop
      vertex -5.41614 6.78851 10.6032
      vertex -5.1293 6.25006 10.3529
      vertex -5.28492 6.87136 10.5983
    endloop
  endfacet
  facet normal 0.228163 -0.307829 0.923679
    outer loop
      vertex -5.4258 6.78135 10.6032
      vertex -5.1293 6.25006 10.3529
      vertex -5.41614 6.78851 10.6032
    endloop
  endfacet
  facet normal 0.228057 -0.307891 0.923685
    outer loop
      vertex -5.1293 6.25006 10.3529
      vertex -5.4258 6.78135 10.6032
      vertex -5.51134 6.71559 10.6024
    endloop
  endfacet
  facet normal 0.257308 -0.283952 0.923669
    outer loop
      vertex -5.83305 6.39727 10.5942
      vertex -5.1293 6.25006 10.3529
      vertex -5.71754 6.52829 10.6023
    endloop
  endfacet
  facet normal 0.257825 -0.282152 0.924076
    outer loop
      vertex -5.84001 6.38829 10.5934
      vertex -5.1293 6.25006 10.3529
      vertex -5.83305 6.39727 10.5942
    endloop
  endfacet
  facet normal 0.25734 -0.283931 0.923666
    outer loop
      vertex -5.1293 6.25006 10.3529
      vertex -5.84001 6.38829 10.5934
      vertex -5.71721 5.71721 10.3529
    endloop
  endfacet
  facet normal 0.257227 -0.28396 0.923689
    outer loop
      vertex -5.94664 6.24258 10.5783
      vertex -5.71721 5.71721 10.3529
      vertex -5.84001 6.38829 10.5934
    endloop
  endfacet
  facet normal 0.258785 -0.283194 0.923489
    outer loop
      vertex -5.95271 6.23312 10.5771
      vertex -5.71721 5.71721 10.3529
      vertex -5.94664 6.24258 10.5783
    endloop
  endfacet
  facet normal 0.257187 -0.284008 0.923685
    outer loop
      vertex -6.04574 6.0783 10.5554
      vertex -5.71721 5.71721 10.3529
      vertex -5.95271 6.23312 10.5771
    endloop
  endfacet
  facet normal 0.257278 -0.283926 0.923685
    outer loop
      vertex -6.05091 6.06841 10.5538
      vertex -5.71721 5.71721 10.3529
      vertex -6.04574 6.0783 10.5554
    endloop
  endfacet
  facet normal 0.25944 -0.281883 0.923706
    outer loop
      vertex -5.71721 5.71721 10.3529
      vertex -6.05091 6.06841 10.5538
      vertex -6.05661 6.05661 10.5518
    endloop
  endfacet
  facet normal 0.220412 -0.313149 0.923773
    outer loop
      vertex -4.74672 7.09153 10.5387
      vertex -4.49198 6.72273 10.3529
      vertex -4.73973 7.0935 10.5377
    endloop
  endfacet
  facet normal 0.228185 -0.307744 0.923702
    outer loop
      vertex -4.91267 7.04382 10.5638
      vertex -4.49198 6.72273 10.3529
      vertex -4.74672 7.09153 10.5387
    endloop
  endfacet
  facet normal 0.227322 -0.308786 0.923567
    outer loop
      vertex -4.92462 7.03921 10.5652
      vertex -4.49198 6.72273 10.3529
      vertex -4.91267 7.04382 10.5638
    endloop
  endfacet
  facet normal 0.228244 -0.307632 0.923725
    outer loop
      vertex -5.08702 6.97517 10.584
      vertex -4.49198 6.72273 10.3529
      vertex -4.92462 7.03921 10.5652
    endloop
  endfacet
  facet normal 0.234075 -0.307588 0.922279
    outer loop
      vertex -5.1293 6.25006 10.3529
      vertex -5.08702 6.97517 10.584
      vertex -5.09824 6.96963 10.585
    endloop
  endfacet
  facet normal 0.228208 -0.307702 0.92371
    outer loop
      vertex -5.08702 6.97517 10.584
      vertex -5.1293 6.25006 10.3529
      vertex -4.49198 6.72273 10.3529
    endloop
  endfacet
  facet normal 0.228056 -0.307793 0.923718
    outer loop
      vertex -5.25541 6.88979 10.5972
      vertex -5.1293 6.25006 10.3529
      vertex -5.09824 6.96963 10.585
    endloop
  endfacet
  facet normal 0.224383 -0.308739 0.924301
    outer loop
      vertex -5.26585 6.8834 10.5976
      vertex -5.1293 6.25006 10.3529
      vertex -5.25541 6.88979 10.5972
    endloop
  endfacet
  facet normal 0.228174 -0.307697 0.92372
    outer loop
      vertex -5.1293 6.25006 10.3529
      vertex -5.26585 6.8834 10.5976
      vertex -5.28492 6.87136 10.5983
    endloop
  endfacet
  facet normal 0.282338 -0.259003 0.92369
    outer loop
      vertex -6.28849 5.16765 10.3754
      vertex -6.25006 5.1293 10.3529
      vertex -6.28579 5.20483 10.385
    endloop
  endfacet
  facet normal 0.282789 -0.258545 0.92368
    outer loop
      vertex -6.25006 5.1293 10.3529
      vertex -6.28849 5.16765 10.3754
      vertex -6.28888 5.16115 10.3737
    endloop
  endfacet
  facet normal 0.156882 -0.116349 0.98074
    outer loop
      vertex -2.72218 2.23404 9.20976
      vertex -4.50783 3.69948 9.66925
      vertex -4.84873 3.23982 9.66925
    endloop
  endfacet
  facet normal 0.167531 -0.10041 0.98074
    outer loop
      vertex -3.10571 1.66004 9.20976
      vertex -2.92805 1.95646 9.20976
      vertex -5.14295 2.74896 9.66925
    endloop
  endfacet
  facet normal 0.281899 -0.0706029 0.956843
    outer loop
      vertex -6.30859 1.25486 9.85146
      vertex -5.71947 1.13767 9.66925
      vertex -6.31385 1.49393 9.87065
    endloop
  endfacet
  facet normal 0.0286592 -0.193205 0.98074
    outer loop
      vertex -0.687016 3.45387 9.20976
      vertex -0.571589 5.80344 9.66925
      vertex -1.13767 5.71947 9.66925
    endloop
  endfacet
  facet normal 0.0657987 -0.183901 0.98074
    outer loop
      vertex -1.02225 3.36989 9.20976
      vertex -1.6928 5.58042 9.66925
      vertex -2.23163 5.38763 9.66925
    endloop
  endfacet
  facet normal 0.0887104 0.0419572 0.995173
    outer loop
      vertex -3.10571 -1.66004 9.20976
      vertex -1.03857 -0.555128 8.97891
      vertex -3.25347 -1.34763 9.20976
    endloop
  endfacet
  facet normal -0.0504485 0.0841717 0.995173
    outer loop
      vertex 1.66004 -3.10571 9.20976
      vertex 1.95646 -2.92805 9.20976
      vertex 0.555128 -1.03857 8.97891
    endloop
  endfacet
  facet normal -0.282688 -0.255218 0.924636
    outer loop
      vertex 5.71721 5.71721 10.3529
      vertex 6.27569 5.34389 10.4206
      vertex 6.2745 5.35499 10.4233
    endloop
  endfacet
  facet normal -0.285882 -0.25709 0.923134
    outer loop
      vertex 6.27569 5.34389 10.4206
      vertex 6.25006 5.1293 10.3529
      vertex 6.28579 5.20483 10.385
    endloop
  endfacet
  facet normal -0.283906 -0.257275 0.923692
    outer loop
      vertex 5.71721 5.71721 10.3529
      vertex 6.2745 5.35499 10.4233
      vertex 6.24506 5.53073 10.4632
    endloop
  endfacet
  facet normal -0.282915 -0.253705 0.924983
    outer loop
      vertex 5.71721 5.71721 10.3529
      vertex 6.24506 5.53073 10.4632
      vertex 6.24285 5.54158 10.4655
    endloop
  endfacet
  facet normal -0.283934 -0.257655 0.923578
    outer loop
      vertex 5.71721 5.71721 10.3529
      vertex 6.24285 5.54158 10.4655
      vertex 6.19706 5.71499 10.4998
    endloop
  endfacet
  facet normal -0.284356 -0.25186 0.925045
    outer loop
      vertex 5.71721 5.71721 10.3529
      vertex 6.19706 5.71499 10.4998
      vertex 6.19387 5.72557 10.5017
    endloop
  endfacet
  facet normal -0.283836 -0.25736 0.92369
    outer loop
      vertex 5.71721 5.71721 10.3529
      vertex 6.19387 5.72557 10.5017
      vertex 6.13217 5.89483 10.5299
    endloop
  endfacet
  facet normal -0.283543 -0.257967 0.923611
    outer loop
      vertex 5.71721 5.71721 10.3529
      vertex 6.13217 5.89483 10.5299
      vertex 6.12802 5.90512 10.5315
    endloop
  endfacet
  facet normal -0.283764 -0.257535 0.923663
    outer loop
      vertex 5.71721 5.71721 10.3529
      vertex 6.12802 5.90512 10.5315
      vertex 6.05661 6.05661 10.5518
    endloop
  endfacet
  facet normal -0.284057 -0.257454 0.923596
    outer loop
      vertex 6.27569 5.34389 10.4206
      vertex 5.71721 5.71721 10.3529
      vertex 6.25006 5.1293 10.3529
    endloop
  endfacet
  facet normal -0.116349 -0.156882 0.98074
    outer loop
      vertex 3.69948 4.50783 9.66925
      vertex 3.23982 4.84873 9.66925
      vertex 2.23404 2.72218 9.20976
    endloop
  endfacet
  facet normal -0.262705 -0.124231 0.956845
    outer loop
      vertex 5.14295 2.74896 9.66925
      vertex 6.33347 2.62341 9.97981
      vertex 6.33572 2.92589 10.0197
    endloop
  endfacet
  facet normal -0.262706 -0.124251 0.956842
    outer loop
      vertex 6.33347 2.62341 9.97981
      vertex 5.14295 2.74896 9.66925
      vertex 5.38763 2.23163 9.66925
    endloop
  endfacet
  facet normal -0.183901 -0.0657992 0.98074
    outer loop
      vertex 3.36989 1.02225 9.20976
      vertex 5.38763 2.23163 9.66925
      vertex 3.25347 1.34763 9.20976
    endloop
  endfacet
  facet normal -0.2491 -0.149558 0.95686
    outer loop
      vertex 5.14295 2.74896 9.66925
      vertex 6.33945 3.86709 10.1555
      vertex 6.33281 4.06177 10.1842
    endloop
  endfacet
  facet normal -0.24928 -0.149358 0.956845
    outer loop
      vertex 6.33945 3.86709 10.1555
      vertex 5.14295 2.74896 9.66925
      vertex 6.33917 3.38836 10.0807
    endloop
  endfacet
  facet normal -0.193205 0.0286546 0.98074
    outer loop
      vertex 5.80344 -0.571589 9.66925
      vertex 3.50457 -0.34517 9.20976
      vertex 3.45387 -0.687016 9.20976
    endloop
  endfacet
  facet normal -0.098014 0.00481594 0.995173
    outer loop
      vertex 3.50457 -0.34517 9.20976
      vertex 3.52153 0 9.20976
      vertex 1.17195 -0.115427 8.97891
    endloop
  endfacet
  facet normal 0.0841709 0.0504495 0.995173
    outer loop
      vertex -0.979158 -0.654252 8.97891
      vertex -1.03857 -0.555128 8.97891
      vertex -2.92805 -1.95646 9.20976
    endloop
  endfacet
  facet normal 0.0584567 0.0788209 0.995173
    outer loop
      vertex -0.654252 -0.979158 8.97891
      vertex -0.747076 -0.910316 8.97891
      vertex -2.23404 -2.72218 9.20976
    endloop
  endfacet
  facet normal -0.281896 -0.0706144 0.956843
    outer loop
      vertex 5.58042 1.6928 9.66925
      vertex 6.31385 1.49393 9.87065
      vertex 6.32317 1.91811 9.9047
    endloop
  endfacet
  facet normal -0.281895 -0.0706096 0.956843
    outer loop
      vertex 6.31385 1.49393 9.87065
      vertex 5.58042 1.6928 9.66925
      vertex 5.71947 1.13767 9.66925
    endloop
  endfacet
  facet normal -0.193205 -0.0286546 0.98074
    outer loop
      vertex 3.50457 0.34517 9.20976
      vertex 5.80344 0.571589 9.66925
      vertex 3.45387 0.687016 9.20976
    endloop
  endfacet
  facet normal -0.197127 -0.328563 0.923681
    outer loop
      vertex 4.49198 6.72273 10.3529
      vertex 4.73402 7.09507 10.537
      vertex 4.56465 7.12528 10.5116
    endloop
  endfacet
  facet normal -0.196591 -0.328687 0.923751
    outer loop
      vertex 4.49198 6.72273 10.3529
      vertex 4.56465 7.12528 10.5116
      vertex 4.55134 7.12762 10.5096
    endloop
  endfacet
  facet normal -0.202612 -0.325029 0.923745
    outer loop
      vertex 4.73402 7.09507 10.537
      vertex 4.49198 6.72273 10.3529
      vertex 4.73973 7.0935 10.5377
    endloop
  endfacet
  facet normal -0.197105 -0.328584 0.923679
    outer loop
      vertex 4.45969 7.13509 10.4927
      vertex 4.49198 6.72273 10.3529
      vertex 4.55134 7.12762 10.5096
    endloop
  endfacet
  facet normal -0.196822 -0.328582 0.923739
    outer loop
      vertex 4.28454 7.14892 10.4603
      vertex 4.49198 6.72273 10.3529
      vertex 4.45969 7.13509 10.4927
    endloop
  endfacet
  facet normal -0.199713 -0.32973 0.92271
    outer loop
      vertex 4.27553 7.14962 10.4586
      vertex 4.49198 6.72273 10.3529
      vertex 4.28454 7.14892 10.4603
    endloop
  endfacet
  facet normal -0.196741 -0.330285 0.923149
    outer loop
      vertex 3.81141 7.13065 10.3529
      vertex 4.27553 7.14962 10.4586
      vertex 3.85363 7.16196 10.3731
    endloop
  endfacet
  facet normal -0.19694 -0.328573 0.923718
    outer loop
      vertex 4.27553 7.14962 10.4586
      vertex 3.81141 7.13065 10.3529
      vertex 4.49198 6.72273 10.3529
    endloop
  endfacet
  facet normal -0.224383 -0.308739 0.924301
    outer loop
      vertex 5.1293 6.25006 10.3529
      vertex 5.26585 6.8834 10.5976
      vertex 5.25541 6.88979 10.5972
    endloop
  endfacet
  facet normal -0.228174 -0.307697 0.92372
    outer loop
      vertex 5.26585 6.8834 10.5976
      vertex 5.1293 6.25006 10.3529
      vertex 5.28492 6.87136 10.5983
    endloop
  endfacet
  facet normal -0.228056 -0.307793 0.923718
    outer loop
      vertex 5.09824 6.96963 10.585
      vertex 5.1293 6.25006 10.3529
      vertex 5.25541 6.88979 10.5972
    endloop
  endfacet
  facet normal -0.234075 -0.307588 0.922279
    outer loop
      vertex 5.08702 6.97517 10.584
      vertex 5.1293 6.25006 10.3529
      vertex 5.09824 6.96963 10.585
    endloop
  endfacet
  facet normal -0.228244 -0.307632 0.923725
    outer loop
      vertex 4.49198 6.72273 10.3529
      vertex 5.08702 6.97517 10.584
      vertex 4.92462 7.03921 10.5652
    endloop
  endfacet
  facet normal -0.227322 -0.308786 0.923567
    outer loop
      vertex 4.49198 6.72273 10.3529
      vertex 4.92462 7.03921 10.5652
      vertex 4.91267 7.04382 10.5638
    endloop
  endfacet
  facet normal -0.228185 -0.307744 0.923702
    outer loop
      vertex 4.49198 6.72273 10.3529
      vertex 4.91267 7.04382 10.5638
      vertex 4.74672 7.09153 10.5387
    endloop
  endfacet
  facet normal -0.220412 -0.313149 0.923773
    outer loop
      vertex 4.49198 6.72273 10.3529
      vertex 4.74672 7.09153 10.5387
      vertex 4.73973 7.0935 10.5377
    endloop
  endfacet
  facet normal -0.228208 -0.307702 0.92371
    outer loop
      vertex 5.08702 6.97517 10.584
      vertex 4.49198 6.72273 10.3529
      vertex 5.1293 6.25006 10.3529
    endloop
  endfacet
  facet normal -0.0474551 0.189465 0.98074
    outer loop
      vertex 1.0099 -5.07711 9.53897
      vertex 1.45113 -5.06945 9.55884
      vertex 0.687016 -3.45387 9.20976
    endloop
  endfacet
  facet normal -0.195083 0.0095837 0.98074
    outer loop
      vertex 5.80344 -0.571589 9.66925
      vertex 5.83152 0 9.66925
      vertex 3.52153 0 9.20976
    endloop
  endfacet
  facet normal -0.195083 -0.0095837 0.98074
    outer loop
      vertex 5.83152 0 9.66925
      vertex 5.80344 0.571589 9.66925
      vertex 3.52153 0 9.20976
    endloop
  endfacet
  facet normal -0.131168 0.144721 0.98074
    outer loop
      vertex 3.69948 -4.50783 9.66925
      vertex 4.12351 -4.12351 9.66925
      vertex 2.23404 -2.72218 9.20976
    endloop
  endfacet
  facet normal -0.131168 0.144721 0.98074
    outer loop
      vertex 4.12351 -4.12351 9.66925
      vertex 2.4901 -2.4901 9.20976
      vertex 2.23404 -2.72218 9.20976
    endloop
  endfacet
  facet normal -0.262738 0.124235 0.956836
    outer loop
      vertex 6.12298 -2.53622 9.9107
      vertex 6.0552 -2.88428 9.93728
      vertex 6.09999 -2.84162 9.94404
    endloop
  endfacet
  facet normal -0.262718 0.124231 0.956842
    outer loop
      vertex 5.38763 -2.23163 9.66925
      vertex 6.0552 -2.88428 9.93728
      vertex 6.12298 -2.53622 9.9107
    endloop
  endfacet
  facet normal -0.262702 0.124249 0.956844
    outer loop
      vertex 6.0552 -2.88428 9.93728
      vertex 5.38763 -2.23163 9.66925
      vertex 5.14295 -2.74896 9.66925
    endloop
  endfacet
  facet normal -0.273611 0.0979326 0.956842
    outer loop
      vertex 6.12298 -2.53622 9.9107
      vertex 6.14115 -2.26865 9.88851
      vertex 5.38763 -2.23163 9.66925
    endloop
  endfacet
  facet normal 0.098014 -0.00481594 0.995173
    outer loop
      vertex -1.17195 0.115427 8.97891
      vertex -3.50457 0.34517 9.20976
      vertex -3.52153 0 9.20976
    endloop
  endfacet
  facet normal -0.215313 0.195156 0.956846
    outer loop
      vertex 4.50783 -3.69948 9.66925
      vertex 4.30453 -4.20913 9.72745
      vertex 4.77375 -3.91772 9.7736
    endloop
  endfacet
  facet normal -0.215327 0.195162 0.956842
    outer loop
      vertex 4.30453 -4.20913 9.72745
      vertex 4.50783 -3.69948 9.66925
      vertex 4.12351 -4.12351 9.66925
    endloop
  endfacet
  facet normal -0.215337 0.195142 0.956844
    outer loop
      vertex 4.24568 -4.24568 9.72166
      vertex 4.30453 -4.20913 9.72745
      vertex 4.12351 -4.12351 9.66925
    endloop
  endfacet
  facet normal -0.0286584 0.193204 0.98074
    outer loop
      vertex 1.0099 -5.07711 9.53897
      vertex 0.687016 -3.45387 9.20976
      vertex 0.607064 -5.08133 9.52803
    endloop
  endfacet
  facet normal 0.0657981 0.183902 0.98074
    outer loop
      vertex -1.02225 -3.36989 9.20976
      vertex -2.02578 -5.05618 9.59329
      vertex -1.53735 -5.06796 9.56273
    endloop
  endfacet
  facet normal 0.0661173 0.183716 0.980753
    outer loop
      vertex -2.02578 -5.05618 9.59329
      vertex -1.02225 -3.36989 9.20976
      vertex -2.03222 -5.05493 9.59349
    endloop
  endfacet
  facet normal -0.0330648 0.0923937 0.995173
    outer loop
      vertex 1.34763 -3.25347 9.20976
      vertex 0.450657 -1.08798 8.97891
      vertex 0.341846 -1.12692 8.97891
    endloop
  endfacet
  facet normal 0.116351 0.156879 0.98074
    outer loop
      vertex -2.23404 -2.72218 9.20976
      vertex -3.16738 -4.74032 9.64331
      vertex -1.95646 -2.92805 9.20976
    endloop
  endfacet
  facet normal 0.116642 0.156742 0.980728
    outer loop
      vertex -3.16738 -4.74032 9.64331
      vertex -2.23404 -2.72218 9.20976
      vertex -3.18538 -4.73362 9.64438
    endloop
  endfacet
  facet normal -0.0143967 -0.0970703 0.995173
    outer loop
      vertex 0.687016 3.45387 9.20976
      vertex 0.34517 3.50457 9.20976
      vertex 0.115427 1.17195 8.97891
    endloop
  endfacet
  facet normal -0.0238464 -0.095191 0.995173
    outer loop
      vertex 1.02225 3.36989 9.20976
      vertex 0.687016 3.45387 9.20976
      vertex 0.341846 1.12692 8.97891
    endloop
  endfacet
  facet normal 0.07882 0.0584577 0.995173
    outer loop
      vertex -2.72218 -2.23404 9.20976
      vertex -0.979158 -0.654252 8.97891
      vertex -2.92805 -1.95646 9.20976
    endloop
  endfacet
  facet normal 0.00481463 -0.0980139 0.995173
    outer loop
      vertex 0 1.17762 8.97891
      vertex 0 3.52153 9.20976
      vertex -0.115427 1.17195 8.97891
    endloop
  endfacet
  facet normal 0.098014 0.00481594 0.995173
    outer loop
      vertex -3.50457 -0.34517 9.20976
      vertex -1.17195 -0.115427 8.97891
      vertex -3.52153 0 9.20976
    endloop
  endfacet
  facet normal 0.0970703 0.0143967 0.995173
    outer loop
      vertex -3.45387 -0.687016 9.20976
      vertex -1.17195 -0.115427 8.97891
      vertex -3.50457 -0.34517 9.20976
    endloop
  endfacet
  facet normal 0.195083 -0.00958543 0.98074
    outer loop
      vertex -3.52153 0 9.20976
      vertex -3.50457 0.34517 9.20976
      vertex -5.80344 0.571589 9.66925
    endloop
  endfacet
  facet normal 0.193205 -0.0286546 0.98074
    outer loop
      vertex -3.50457 0.34517 9.20976
      vertex -3.45387 0.687016 9.20976
      vertex -5.80344 0.571589 9.66925
    endloop
  endfacet
  facet normal 0.290243 -0.0142585 0.956847
    outer loop
      vertex -6.28358 0.451322 9.8131
      vertex -5.83152 0 9.66925
      vertex -5.80344 0.571589 9.66925
    endloop
  endfacet
  facet normal 0.29026 -0.01424 0.956842
    outer loop
      vertex -5.83152 0 9.66925
      vertex -6.28358 0.451322 9.8131
      vertex -6.26679 0 9.80129
    endloop
  endfacet
  facet normal 0.195083 0.00958543 0.98074
    outer loop
      vertex -3.50457 -0.34517 9.20976
      vertex -3.52153 0 9.20976
      vertex -5.80344 -0.571589 9.66925
    endloop
  endfacet
  facet normal 0.10041 -0.167531 0.98074
    outer loop
      vertex -1.95646 2.92805 9.20976
      vertex -1.66004 3.10571 9.20976
      vertex -2.74896 5.14295 9.66925
    endloop
  endfacet
  facet normal 0.0835096 -0.176565 0.98074
    outer loop
      vertex -1.66004 3.10571 9.20976
      vertex -1.34763 3.25347 9.20976
      vertex -2.74896 5.14295 9.66925
    endloop
  endfacet
  facet normal 0.00481463 0.0980139 0.995173
    outer loop
      vertex 0 -3.52153 9.20976
      vertex 0 -1.17762 8.97891
      vertex -0.115427 -1.17195 8.97891
    endloop
  endfacet
  facet normal 0.0727105 -0.0659022 0.995173
    outer loop
      vertex -0.910316 0.747076 8.97891
      vertex -0.832705 0.832705 8.97891
      vertex -2.72218 2.23404 9.20976
    endloop
  endfacet
  facet normal -0.00958543 -0.195083 0.98074
    outer loop
      vertex 0.34517 3.50457 9.20976
      vertex 0.571589 5.80344 9.66925
      vertex 0 3.52153 9.20976
    endloop
  endfacet
  facet normal -0.0286546 -0.193205 0.98074
    outer loop
      vertex 0.687016 3.45387 9.20976
      vertex 0.571589 5.80344 9.66925
      vertex 0.34517 3.50457 9.20976
    endloop
  endfacet
  facet normal -0.0923937 0.0330648 0.995173
    outer loop
      vertex 3.25347 -1.34763 9.20976
      vertex 1.12692 -0.341846 8.97891
      vertex 1.08798 -0.450657 8.97891
    endloop
  endfacet
  facet normal 0.0970703 -0.0143967 0.995173
    outer loop
      vertex -1.17195 0.115427 8.97891
      vertex -3.45387 0.687016 9.20976
      vertex -3.50457 0.34517 9.20976
    endloop
  endfacet
  facet normal -0.100416 -0.167529 0.98074
    outer loop
      vertex 3.23982 4.84873 9.66925
      vertex 2.74896 5.14295 9.66925
      vertex 1.95646 2.92805 9.20976
    endloop
  endfacet
  facet normal -0.10041 -0.167531 0.98074
    outer loop
      vertex 1.95646 2.92805 9.20976
      vertex 2.74896 5.14295 9.66925
      vertex 1.66004 3.10571 9.20976
    endloop
  endfacet
  facet normal -0.0143931 0.0970713 0.995173
    outer loop
      vertex 0.687016 -3.45387 9.20976
      vertex 0.229743 -1.155 8.97891
      vertex 0.115427 -1.17195 8.97891
    endloop
  endfacet
  facet normal -0.072711 -0.0659016 0.995173
    outer loop
      vertex 2.72218 2.23404 9.20976
      vertex 2.4901 2.4901 9.20976
      vertex 0.832705 0.832705 8.97891
    endloop
  endfacet
  facet normal -0.116352 -0.156881 0.98074
    outer loop
      vertex 2.23404 2.72218 9.20976
      vertex 3.23982 4.84873 9.66925
      vertex 1.95646 2.92805 9.20976
    endloop
  endfacet
  facet normal -0.215312 -0.195147 0.956848
    outer loop
      vertex 6.25006 5.1293 10.3529
      vertex 5.71721 5.71721 10.3529
      vertex 4.12351 4.12351 9.66925
    endloop
  endfacet
  facet normal -0.167531 -0.10041 0.98074
    outer loop
      vertex 3.10571 1.66004 9.20976
      vertex 5.14295 2.74896 9.66925
      vertex 2.92805 1.95646 9.20976
    endloop
  endfacet
  facet normal -0.095191 -0.0238464 0.995173
    outer loop
      vertex 3.45387 0.687016 9.20976
      vertex 3.36989 1.02225 9.20976
      vertex 1.12692 0.341846 8.97891
    endloop
  endfacet
  facet normal -0.193205 -0.0286592 0.98074
    outer loop
      vertex 5.80344 0.571589 9.66925
      vertex 5.71947 1.13767 9.66925
      vertex 3.45387 0.687016 9.20976
    endloop
  endfacet
  facet normal -0.195083 -0.00958543 0.98074
    outer loop
      vertex 3.52153 0 9.20976
      vertex 5.80344 0.571589 9.66925
      vertex 3.50457 0.34517 9.20976
    endloop
  endfacet
  facet normal -0.0330648 -0.0923937 0.995173
    outer loop
      vertex 0.450657 1.08798 8.97891
      vertex 1.34763 3.25347 9.20976
      vertex 0.341846 1.12692 8.97891
    endloop
  endfacet
  facet normal 0.290253 -0.0143044 0.956843
    outer loop
      vertex -6.28358 0.451322 9.8131
      vertex -5.80344 0.571589 9.66925
      vertex -6.28983 0.619494 9.81751
    endloop
  endfacet
  facet normal 0.290247 0.0142587 0.956846
    outer loop
      vertex -5.83152 0 9.66925
      vertex -6.24609 -0.460711 9.80187
      vertex -5.80344 -0.571589 9.66925
    endloop
  endfacet
  facet normal 0.29026 0.0142461 0.956842
    outer loop
      vertex -6.24609 -0.460711 9.80187
      vertex -5.83152 0 9.66925
      vertex -6.26679 0 9.80129
    endloop
  endfacet
  facet normal 0.197261 -0.329656 0.923263
    outer loop
      vertex -3.81141 7.13065 10.3529
      vertex -3.82854 7.16269 10.368
      vertex -3.85363 7.16196 10.3731
    endloop
  endfacet
  facet normal 0.283764 -0.257535 0.923663
    outer loop
      vertex -6.12802 5.90512 10.5315
      vertex -5.71721 5.71721 10.3529
      vertex -6.05661 6.05661 10.5518
    endloop
  endfacet
  facet normal 0.283543 -0.257967 0.923611
    outer loop
      vertex -6.13217 5.89483 10.5299
      vertex -5.71721 5.71721 10.3529
      vertex -6.12802 5.90512 10.5315
    endloop
  endfacet
  facet normal 0.283836 -0.25736 0.92369
    outer loop
      vertex -6.19387 5.72557 10.5017
      vertex -5.71721 5.71721 10.3529
      vertex -6.13217 5.89483 10.5299
    endloop
  endfacet
  facet normal 0.284356 -0.25186 0.925045
    outer loop
      vertex -6.19706 5.71499 10.4998
      vertex -5.71721 5.71721 10.3529
      vertex -6.19387 5.72557 10.5017
    endloop
  endfacet
  facet normal 0.283934 -0.257655 0.923578
    outer loop
      vertex -6.24285 5.54158 10.4655
      vertex -5.71721 5.71721 10.3529
      vertex -6.19706 5.71499 10.4998
    endloop
  endfacet
  facet normal 0.282915 -0.253705 0.924983
    outer loop
      vertex -6.24506 5.53073 10.4632
      vertex -5.71721 5.71721 10.3529
      vertex -6.24285 5.54158 10.4655
    endloop
  endfacet
  facet normal 0.283906 -0.257275 0.923692
    outer loop
      vertex -6.2745 5.35499 10.4233
      vertex -5.71721 5.71721 10.3529
      vertex -6.24506 5.53073 10.4632
    endloop
  endfacet
  facet normal 0.282688 -0.255218 0.924636
    outer loop
      vertex -6.27569 5.34389 10.4206
      vertex -5.71721 5.71721 10.3529
      vertex -6.2745 5.35499 10.4233
    endloop
  endfacet
  facet normal 0.284057 -0.257454 0.923596
    outer loop
      vertex -5.71721 5.71721 10.3529
      vertex -6.27569 5.34389 10.4206
      vertex -6.25006 5.1293 10.3529
    endloop
  endfacet
  facet normal 0.285882 -0.25709 0.923134
    outer loop
      vertex -6.25006 5.1293 10.3529
      vertex -6.27569 5.34389 10.4206
      vertex -6.28579 5.20483 10.385
    endloop
  endfacet
  facet normal 0.176565 -0.0835094 0.98074
    outer loop
      vertex -3.25347 1.34763 9.20976
      vertex -5.14295 2.74896 9.66925
      vertex -5.38763 2.23163 9.66925
    endloop
  endfacet
  facet normal 0.215312 -0.195148 0.956848
    outer loop
      vertex -4.50783 3.69948 9.66925
      vertex -4.12351 4.12351 9.66925
      vertex -6.25006 5.1293 10.3529
    endloop
  endfacet
  facet normal 0.30785 -0.228324 0.923632
    outer loop
      vertex -6.25006 5.1293 10.3529
      vertex -6.29004 5.13931 10.3687
      vertex -6.2937 5.07046 10.3529
    endloop
  endfacet
  facet normal 0.27362 -0.0978994 0.956843
    outer loop
      vertex -5.38763 2.23163 9.66925
      vertex -6.32317 1.91811 9.9047
      vertex -5.58042 1.6928 9.66925
    endloop
  endfacet
  facet normal 0.273621 -0.0979043 0.956842
    outer loop
      vertex -6.32317 1.91811 9.9047
      vertex -5.38763 2.23163 9.66925
      vertex -6.32842 2.27785 9.94301
    endloop
  endfacet
  facet normal 0.183901 -0.0657987 0.98074
    outer loop
      vertex -3.36989 1.02225 9.20976
      vertex -5.38763 2.23163 9.66925
      vertex -5.58042 1.6928 9.66925
    endloop
  endfacet
  facet normal 0.2491 -0.149558 0.95686
    outer loop
      vertex -6.33945 3.86709 10.1555
      vertex -5.14295 2.74896 9.66925
      vertex -6.33281 4.06177 10.1842
    endloop
  endfacet
  facet normal 0.24928 -0.149358 0.956845
    outer loop
      vertex -5.14295 2.74896 9.66925
      vertex -6.33945 3.86709 10.1555
      vertex -6.33917 3.38836 10.0807
    endloop
  endfacet
  facet normal -0.0238464 0.095191 0.995173
    outer loop
      vertex 0.687016 -3.45387 9.20976
      vertex 1.02225 -3.36989 9.20976
      vertex 0.341846 -1.12692 8.97891
    endloop
  endfacet
  facet normal 0.183901 -0.0657992 0.98074
    outer loop
      vertex -3.36989 1.02225 9.20976
      vertex -3.25347 1.34763 9.20976
      vertex -5.38763 2.23163 9.66925
    endloop
  endfacet
  facet normal 0.070604 -0.281873 0.95685
    outer loop
      vertex -2.01999 7.19153 10.168
      vertex -1.6928 5.58042 9.66925
      vertex -1.13767 5.71947 9.66925
    endloop
  endfacet
  facet normal 0.0706233 -0.281869 0.95685
    outer loop
      vertex -1.6928 5.58042 9.66925
      vertex -2.01999 7.19153 10.168
      vertex -2.18103 7.18988 10.1794
    endloop
  endfacet
  facet normal 0.0657992 -0.183901 0.98074
    outer loop
      vertex -1.34763 3.25347 9.20976
      vertex -1.02225 3.36989 9.20976
      vertex -2.23163 5.38763 9.66925
    endloop
  endfacet
  facet normal 0.0659022 0.0727105 0.995173
    outer loop
      vertex -0.747076 -0.910316 8.97891
      vertex -0.832705 -0.832705 8.97891
      vertex -2.23404 -2.72218 9.20976
    endloop
  endfacet
  facet normal -0.0659022 -0.0727105 0.995173
    outer loop
      vertex 0.832705 0.832705 8.97891
      vertex 2.23404 2.72218 9.20976
      vertex 0.747076 0.910316 8.97891
    endloop
  endfacet
  facet normal -0.0887108 0.0419561 0.995173
    outer loop
      vertex 3.25347 -1.34763 9.20976
      vertex 1.08798 -0.450657 8.97891
      vertex 1.03857 -0.555128 8.97891
    endloop
  endfacet
  facet normal 0.273614 0.0978974 0.956845
    outer loop
      vertex -5.58042 -1.6928 9.66925
      vertex -6.14115 -2.26865 9.88851
      vertex -5.38763 -2.23163 9.66925
    endloop
  endfacet
  facet normal 0.273611 0.0979007 0.956845
    outer loop
      vertex -6.14115 -2.26865 9.88851
      vertex -5.58042 -1.6928 9.66925
      vertex -6.16814 -1.87108 9.85555
    endloop
  endfacet
  facet normal 0.273611 0.0979326 0.956842
    outer loop
      vertex -6.12298 -2.53622 9.9107
      vertex -5.38763 -2.23163 9.66925
      vertex -6.14115 -2.26865 9.88851
    endloop
  endfacet
  facet normal -0.144721 -0.131168 0.98074
    outer loop
      vertex 4.50783 3.69948 9.66925
      vertex 4.12351 4.12351 9.66925
      vertex 2.72218 2.23404 9.20976
    endloop
  endfacet
  facet normal -0.215312 -0.195148 0.956848
    outer loop
      vertex 4.50783 3.69948 9.66925
      vertex 6.25006 5.1293 10.3529
      vertex 4.12351 4.12351 9.66925
    endloop
  endfacet
  facet normal 0.0887108 0.0419561 0.995173
    outer loop
      vertex -1.03857 -0.555128 8.97891
      vertex -1.08798 -0.450657 8.97891
      vertex -3.25347 -1.34763 9.20976
    endloop
  endfacet
  facet normal 0.00481594 0.098014 0.995173
    outer loop
      vertex 0 -3.52153 9.20976
      vertex -0.115427 -1.17195 8.97891
      vertex -0.34517 -3.50457 9.20976
    endloop
  endfacet
  facet normal 0.0143967 0.0970703 0.995173
    outer loop
      vertex -0.34517 -3.50457 9.20976
      vertex -0.115427 -1.17195 8.97891
      vertex -0.687016 -3.45387 9.20976
    endloop
  endfacet
  facet normal -0.173103 -0.233402 0.956848
    outer loop
      vertex 5.1293 6.25006 10.3529
      vertex 4.49198 6.72273 10.3529
      vertex 3.23982 4.84873 9.66925
    endloop
  endfacet
  facet normal -0.149396 -0.249243 0.956848
    outer loop
      vertex 3.23982 4.84873 9.66925
      vertex 4.49198 6.72273 10.3529
      vertex 2.74896 5.14295 9.66925
    endloop
  endfacet
  facet normal -0.167529 0.100416 0.98074
    outer loop
      vertex 4.84873 -3.23982 9.66925
      vertex 5.14295 -2.74896 9.66925
      vertex 2.92805 -1.95646 9.20976
    endloop
  endfacet
  facet normal -0.249244 0.149413 0.956845
    outer loop
      vertex 5.14295 -2.74896 9.66925
      vertex 5.29857 -3.54039 9.83337
      vertex 5.61941 -3.27466 9.87545
    endloop
  endfacet
  facet normal -0.249264 0.149408 0.956841
    outer loop
      vertex 5.29857 -3.54039 9.83337
      vertex 5.14295 -2.74896 9.66925
      vertex 4.84873 -3.23982 9.66925
    endloop
  endfacet
  facet normal -0.183901 0.0657992 0.98074
    outer loop
      vertex 5.38763 -2.23163 9.66925
      vertex 3.36989 -1.02225 9.20976
      vertex 3.25347 -1.34763 9.20976
    endloop
  endfacet
  facet normal -0.189466 0.0474577 0.98074
    outer loop
      vertex 5.58042 -1.6928 9.66925
      vertex 5.71947 -1.13767 9.66925
      vertex 3.45387 -0.687016 9.20976
    endloop
  endfacet
  facet normal -0.281896 0.0706098 0.956843
    outer loop
      vertex 5.58042 -1.6928 9.66925
      vertex 6.19518 -1.4228 9.83044
      vertex 5.71947 -1.13767 9.66925
    endloop
  endfacet
  facet normal -0.281892 0.0706004 0.956845
    outer loop
      vertex 6.19518 -1.4228 9.83044
      vertex 5.58042 -1.6928 9.66925
      vertex 6.16814 -1.87108 9.85555
    endloop
  endfacet
  facet normal -0.273611 0.0979007 0.956845
    outer loop
      vertex 5.58042 -1.6928 9.66925
      vertex 6.14115 -2.26865 9.88851
      vertex 6.16814 -1.87108 9.85555
    endloop
  endfacet
  facet normal -0.273614 0.0978974 0.956845
    outer loop
      vertex 6.14115 -2.26865 9.88851
      vertex 5.58042 -1.6928 9.66925
      vertex 5.38763 -2.23163 9.66925
    endloop
  endfacet
  facet normal -0.189463 -0.0474627 0.98074
    outer loop
      vertex 3.45387 0.687016 9.20976
      vertex 5.58042 1.6928 9.66925
      vertex 3.36989 1.02225 9.20976
    endloop
  endfacet
  facet normal -0.0923963 -0.0330591 0.995173
    outer loop
      vertex 3.36989 1.02225 9.20976
      vertex 3.25347 1.34763 9.20976
      vertex 1.12692 0.341846 8.97891
    endloop
  endfacet
  facet normal -0.0657729 0.183913 0.98074
    outer loop
      vertex 1.34763 -3.25347 9.20976
      vertex 2.03222 -5.05493 9.59349
      vertex 2.08924 -5.04387 9.59524
    endloop
  endfacet
  facet normal -0.0657998 0.183903 0.98074
    outer loop
      vertex 2.03222 -5.05493 9.59349
      vertex 1.34763 -3.25347 9.20976
      vertex 1.02225 -3.36989 9.20976
    endloop
  endfacet
  facet normal -0.0727105 0.0659022 0.995173
    outer loop
      vertex 2.72218 -2.23404 9.20976
      vertex 0.910316 -0.747076 8.97891
      vertex 0.832705 -0.832705 8.97891
    endloop
  endfacet
  facet normal 0.0238439 0.0951914 0.995173
    outer loop
      vertex -0.229743 -1.155 8.97891
      vertex -0.341846 -1.12692 8.97891
      vertex -0.687016 -3.45387 9.20976
    endloop
  endfacet
  facet normal 0.0238464 0.095191 0.995173
    outer loop
      vertex -0.687016 -3.45387 9.20976
      vertex -0.341846 -1.12692 8.97891
      vertex -1.02225 -3.36989 9.20976
    endloop
  endfacet
  facet normal -0.072711 0.0659016 0.995173
    outer loop
      vertex 2.4901 -2.4901 9.20976
      vertex 2.72218 -2.23404 9.20976
      vertex 0.832705 -0.832705 8.97891
    endloop
  endfacet
  facet normal -0.144721 0.131168 0.98074
    outer loop
      vertex 4.12351 -4.12351 9.66925
      vertex 2.72218 -2.23404 9.20976
      vertex 2.4901 -2.4901 9.20976
    endloop
  endfacet
  facet normal 0.0474623 0.189462 0.98074
    outer loop
      vertex -1.02225 -3.36989 9.20976
      vertex -1.45113 -5.06945 9.55884
      vertex -0.687016 -3.45387 9.20976
    endloop
  endfacet
  facet normal 0.0475221 0.189446 0.98074
    outer loop
      vertex -1.45113 -5.06945 9.55884
      vertex -1.02225 -3.36989 9.20976
      vertex -1.53735 -5.06796 9.56273
    endloop
  endfacet
  facet normal 0.0474551 0.189465 0.98074
    outer loop
      vertex -1.0099 -5.07711 9.53897
      vertex -0.687016 -3.45387 9.20976
      vertex -1.45113 -5.06945 9.55884
    endloop
  endfacet
  facet normal 0.0286584 0.193204 0.98074
    outer loop
      vertex -0.607064 -5.08133 9.52803
      vertex -0.687016 -3.45387 9.20976
      vertex -1.0099 -5.07711 9.53897
    endloop
  endfacet
  facet normal -0.0143967 0.0970703 0.995173
    outer loop
      vertex 0.34517 -3.50457 9.20976
      vertex 0.687016 -3.45387 9.20976
      vertex 0.115427 -1.17195 8.97891
    endloop
  endfacet
  facet normal -0.0286545 0.193204 0.98074
    outer loop
      vertex 0.34517 -3.50457 9.20976
      vertex 0.607064 -5.08133 9.52803
      vertex 0.687016 -3.45387 9.20976
    endloop
  endfacet
  facet normal -0.0286488 0.193205 0.98074
    outer loop
      vertex 0.607064 -5.08133 9.52803
      vertex 0.34517 -3.50457 9.20976
      vertex 0.500577 -5.08245 9.52514
    endloop
  endfacet
  facet normal 0.0923963 -0.0330591 0.995173
    outer loop
      vertex -1.12692 0.341846 8.97891
      vertex -3.25347 1.34763 9.20976
      vertex -3.36989 1.02225 9.20976
    endloop
  endfacet
  facet normal 0.0659022 -0.0727105 0.995173
    outer loop
      vertex -0.832705 0.832705 8.97891
      vertex -0.747076 0.910316 8.97891
      vertex -2.23404 2.72218 9.20976
    endloop
  endfacet
  facet normal 0.0835104 0.176567 0.98074
    outer loop
      vertex -1.66004 -3.10571 9.20976
      vertex -2.58329 -4.91956 9.61493
      vertex -1.34763 -3.25347 9.20976
    endloop
  endfacet
  facet normal 0.0833977 0.176624 0.980739
    outer loop
      vertex -2.58329 -4.91956 9.61493
      vertex -1.66004 -3.10571 9.20976
      vertex -2.62407 -4.9093 9.61655
    endloop
  endfacet
  facet normal 0.10041 0.167531 0.98074
    outer loop
      vertex -1.95646 -2.92805 9.20976
      vertex -2.62407 -4.9093 9.61655
      vertex -1.66004 -3.10571 9.20976
    endloop
  endfacet
  facet normal 0.100414 0.167529 0.98074
    outer loop
      vertex -2.62407 -4.9093 9.61655
      vertex -1.95646 -2.92805 9.20976
      vertex -2.66123 -4.89774 9.61838
    endloop
  endfacet
  facet normal 0.0727105 0.0659022 0.995173
    outer loop
      vertex -0.832705 -0.832705 8.97891
      vertex -0.910316 -0.747076 8.97891
      vertex -2.72218 -2.23404 9.20976
    endloop
  endfacet
  facet normal 0.0788209 0.0584567 0.995173
    outer loop
      vertex -0.910316 -0.747076 8.97891
      vertex -0.979158 -0.654252 8.97891
      vertex -2.72218 -2.23404 9.20976
    endloop
  endfacet
  facet normal 0.144721 0.131168 0.98074
    outer loop
      vertex -2.4901 -2.4901 9.20976
      vertex -2.72218 -2.23404 9.20976
      vertex -4.12351 -4.12351 9.66925
    endloop
  endfacet
  facet normal 0.072711 0.0659016 0.995173
    outer loop
      vertex -2.4901 -2.4901 9.20976
      vertex -0.832705 -0.832705 8.97891
      vertex -2.72218 -2.23404 9.20976
    endloop
  endfacet
  facet normal -0.0584567 0.0788209 0.995173
    outer loop
      vertex 2.23404 -2.72218 9.20976
      vertex 0.747076 -0.910316 8.97891
      vertex 0.654252 -0.979158 8.97891
    endloop
  endfacet
  facet normal 0.00481594 -0.098014 0.995173
    outer loop
      vertex -0.115427 1.17195 8.97891
      vertex 0 3.52153 9.20976
      vertex -0.34517 3.50457 9.20976
    endloop
  endfacet
  facet normal 0.167531 0.10041 0.98074
    outer loop
      vertex -2.92805 -1.95646 9.20976
      vertex -3.10571 -1.66004 9.20976
      vertex -5.14295 -2.74896 9.66925
    endloop
  endfacet
  facet normal 0.176565 0.0835096 0.98074
    outer loop
      vertex -3.10571 -1.66004 9.20976
      vertex -3.25347 -1.34763 9.20976
      vertex -5.14295 -2.74896 9.66925
    endloop
  endfacet
  facet normal 0.28188 0.0706379 0.956846
    outer loop
      vertex -6.19518 -1.4228 9.83044
      vertex -5.71947 -1.13767 9.66925
      vertex -6.20654 -1.23456 9.81989
    endloop
  endfacet
  facet normal 0.287465 0.0426414 0.956841
    outer loop
      vertex -6.2308 -0.773713 9.80665
      vertex -5.71947 -1.13767 9.66925
      vertex -5.80344 -0.571589 9.66925
    endloop
  endfacet
  facet normal 0.287453 0.0426221 0.956846
    outer loop
      vertex -5.71947 -1.13767 9.66925
      vertex -6.2308 -0.773713 9.80665
      vertex -6.20654 -1.23456 9.81989
    endloop
  endfacet
  facet normal -0.0143931 -0.0970713 0.995173
    outer loop
      vertex 0.229743 1.155 8.97891
      vertex 0.687016 3.45387 9.20976
      vertex 0.115427 1.17195 8.97891
    endloop
  endfacet
  facet normal 0.193205 0.0286546 0.98074
    outer loop
      vertex -3.45387 -0.687016 9.20976
      vertex -3.50457 -0.34517 9.20976
      vertex -5.80344 -0.571589 9.66925
    endloop
  endfacet
  facet normal -0.0504485 -0.0841717 0.995173
    outer loop
      vertex 1.95646 2.92805 9.20976
      vertex 1.66004 3.10571 9.20976
      vertex 0.555128 1.03857 8.97891
    endloop
  endfacet
  facet normal -0.0419561 0.0887108 0.995173
    outer loop
      vertex 1.34763 -3.25347 9.20976
      vertex 0.555128 -1.03857 8.97891
      vertex 0.450657 -1.08798 8.97891
    endloop
  endfacet
  facet normal 0.095191 -0.0238464 0.995173
    outer loop
      vertex -1.12692 0.341846 8.97891
      vertex -3.36989 1.02225 9.20976
      vertex -3.45387 0.687016 9.20976
    endloop
  endfacet
  facet normal -0.0238439 0.0951914 0.995173
    outer loop
      vertex 0.687016 -3.45387 9.20976
      vertex 0.341846 -1.12692 8.97891
      vertex 0.229743 -1.155 8.97891
    endloop
  endfacet
  facet normal 0.0841717 0.0504485 0.995173
    outer loop
      vertex -2.92805 -1.95646 9.20976
      vertex -1.03857 -0.555128 8.97891
      vertex -3.10571 -1.66004 9.20976
    endloop
  endfacet
  facet normal -0.0657987 -0.183901 0.98074
    outer loop
      vertex 2.23163 5.38763 9.66925
      vertex 1.6928 5.58042 9.66925
      vertex 1.02225 3.36989 9.20976
    endloop
  endfacet
  facet normal -0.0330591 -0.0923963 0.995173
    outer loop
      vertex 1.34763 3.25347 9.20976
      vertex 1.02225 3.36989 9.20976
      vertex 0.341846 1.12692 8.97891
    endloop
  endfacet
  facet normal -0.0978883 -0.273616 0.956845
    outer loop
      vertex 2.9735 7.17865 10.2573
      vertex 2.32007 7.18791 10.1931
      vertex 2.23163 5.38763 9.66925
    endloop
  endfacet
  facet normal -0.124914 -0.262607 0.956783
    outer loop
      vertex 2.9735 7.17865 10.2573
      vertex 2.74896 5.14295 9.66925
      vertex 3.05072 7.17726 10.267
    endloop
  endfacet
  facet normal -0.124247 -0.262698 0.956845
    outer loop
      vertex 2.74896 5.14295 9.66925
      vertex 2.9735 7.17865 10.2573
      vertex 2.23163 5.38763 9.66925
    endloop
  endfacet
  facet normal -0.0419572 -0.0887104 0.995173
    outer loop
      vertex 1.66004 3.10571 9.20976
      vertex 1.34763 3.25347 9.20976
      vertex 0.555128 1.03857 8.97891
    endloop
  endfacet
  facet normal -0.0835096 -0.176565 0.98074
    outer loop
      vertex 1.66004 3.10571 9.20976
      vertex 2.74896 5.14295 9.66925
      vertex 1.34763 3.25347 9.20976
    endloop
  endfacet
  facet normal 0.0143967 -0.0970703 0.995173
    outer loop
      vertex -0.115427 1.17195 8.97891
      vertex -0.34517 3.50457 9.20976
      vertex -0.687016 3.45387 9.20976
    endloop
  endfacet
  facet normal -0.0887108 -0.0419561 0.995173
    outer loop
      vertex 1.08798 0.450657 8.97891
      vertex 3.25347 1.34763 9.20976
      vertex 1.03857 0.555128 8.97891
    endloop
  endfacet
  facet normal -0.189466 -0.0474577 0.98074
    outer loop
      vertex 5.71947 1.13767 9.66925
      vertex 5.58042 1.6928 9.66925
      vertex 3.45387 0.687016 9.20976
    endloop
  endfacet
  facet normal 0.0923937 0.0330648 0.995173
    outer loop
      vertex -1.08798 -0.450657 8.97891
      vertex -1.12692 -0.341846 8.97891
      vertex -3.25347 -1.34763 9.20976
    endloop
  endfacet
  facet normal -0.098014 -0.00481594 0.995173
    outer loop
      vertex 3.52153 0 9.20976
      vertex 3.50457 0.34517 9.20976
      vertex 1.17195 0.115427 8.97891
    endloop
  endfacet
  facet normal -0.0980139 -0.00481463 0.995173
    outer loop
      vertex 1.17762 0 8.97891
      vertex 3.52153 0 9.20976
      vertex 1.17195 0.115427 8.97891
    endloop
  endfacet
  facet normal -0.0970703 -0.0143967 0.995173
    outer loop
      vertex 3.50457 0.34517 9.20976
      vertex 3.45387 0.687016 9.20976
      vertex 1.17195 0.115427 8.97891
    endloop
  endfacet
  facet normal -0.0970713 -0.0143931 0.995173
    outer loop
      vertex 1.17195 0.115427 8.97891
      vertex 3.45387 0.687016 9.20976
      vertex 1.155 0.229743 8.97891
    endloop
  endfacet
  facet normal 0.195083 -0.0095837 0.98074
    outer loop
      vertex -3.52153 0 9.20976
      vertex -5.80344 0.571589 9.66925
      vertex -5.83152 0 9.66925
    endloop
  endfacet
  facet normal 0.195083 0.0095837 0.98074
    outer loop
      vertex -5.80344 -0.571589 9.66925
      vertex -3.52153 0 9.20976
      vertex -5.83152 0 9.66925
    endloop
  endfacet
  facet normal 0.24935 -0.149245 0.956844
    outer loop
      vertex -6.33281 4.06177 10.1842
      vertex -4.84873 3.23982 9.66925
      vertex -6.32715 4.22766 10.2086
    endloop
  endfacet
  facet normal 0.24926 -0.149406 0.956842
    outer loop
      vertex -4.84873 3.23982 9.66925
      vertex -6.33281 4.06177 10.1842
      vertex -5.14295 2.74896 9.66925
    endloop
  endfacet
  facet normal 0.167529 -0.100416 0.98074
    outer loop
      vertex -2.92805 1.95646 9.20976
      vertex -4.84873 3.23982 9.66925
      vertex -5.14295 2.74896 9.66925
    endloop
  endfacet
  facet normal 0.273621 -0.0978991 0.956842
    outer loop
      vertex -6.32842 2.27785 9.94301
      vertex -5.38763 2.23163 9.66925
      vertex -6.33347 2.62341 9.97981
    endloop
  endfacet
  facet normal 0.281895 -0.0706096 0.956843
    outer loop
      vertex -5.58042 1.6928 9.66925
      vertex -6.31385 1.49393 9.87065
      vertex -5.71947 1.13767 9.66925
    endloop
  endfacet
  facet normal 0.281896 -0.0706144 0.956843
    outer loop
      vertex -6.31385 1.49393 9.87065
      vertex -5.58042 1.6928 9.66925
      vertex -6.32317 1.91811 9.9047
    endloop
  endfacet
  facet normal 0.0474627 -0.189463 0.98074
    outer loop
      vertex -1.02225 3.36989 9.20976
      vertex -0.687016 3.45387 9.20976
      vertex -1.6928 5.58042 9.66925
    endloop
  endfacet
  facet normal 0.0474577 -0.189466 0.98074
    outer loop
      vertex -0.687016 3.45387 9.20976
      vertex -1.13767 5.71947 9.66925
      vertex -1.6928 5.58042 9.66925
    endloop
  endfacet
  facet normal 0.0887104 -0.0419572 0.995173
    outer loop
      vertex -1.03857 0.555128 8.97891
      vertex -3.10571 1.66004 9.20976
      vertex -3.25347 1.34763 9.20976
    endloop
  endfacet
  facet normal 0.131168 -0.144721 0.98074
    outer loop
      vertex -2.4901 2.4901 9.20976
      vertex -2.23404 2.72218 9.20976
      vertex -4.12351 4.12351 9.66925
    endloop
  endfacet
  facet normal 0.0659016 -0.072711 0.995173
    outer loop
      vertex -0.832705 0.832705 8.97891
      vertex -2.23404 2.72218 9.20976
      vertex -2.4901 2.4901 9.20976
    endloop
  endfacet
  facet normal 0.0887108 -0.0419561 0.995173
    outer loop
      vertex -1.08798 0.450657 8.97891
      vertex -1.03857 0.555128 8.97891
      vertex -3.25347 1.34763 9.20976
    endloop
  endfacet
  facet normal -0.0504495 -0.0841709 0.995173
    outer loop
      vertex 0.654252 0.979158 8.97891
      vertex 1.95646 2.92805 9.20976
      vertex 0.555128 1.03857 8.97891
    endloop
  endfacet
  facet normal -0.195148 -0.215312 0.956848
    outer loop
      vertex 4.12351 4.12351 9.66925
      vertex 5.1293 6.25006 10.3529
      vertex 3.69948 4.50783 9.66925
    endloop
  endfacet
  facet normal -0.131168 -0.144721 0.98074
    outer loop
      vertex 4.12351 4.12351 9.66925
      vertex 3.69948 4.50783 9.66925
      vertex 2.23404 2.72218 9.20976
    endloop
  endfacet
  facet normal -0.233405 -0.173101 0.956848
    outer loop
      vertex 4.84873 3.23982 9.66925
      vertex 6.25006 5.1293 10.3529
      vertex 4.50783 3.69948 9.66925
    endloop
  endfacet
  facet normal -0.156882 -0.116349 0.98074
    outer loop
      vertex 4.84873 3.23982 9.66925
      vertex 4.50783 3.69948 9.66925
      vertex 2.72218 2.23404 9.20976
    endloop
  endfacet
  facet normal 0.0841717 -0.0504485 0.995173
    outer loop
      vertex -1.03857 0.555128 8.97891
      vertex -2.92805 1.95646 9.20976
      vertex -3.10571 1.66004 9.20976
    endloop
  endfacet
  facet normal -0.189463 0.0474627 0.98074
    outer loop
      vertex 5.58042 -1.6928 9.66925
      vertex 3.45387 -0.687016 9.20976
      vertex 3.36989 -1.02225 9.20976
    endloop
  endfacet
  facet normal -0.183901 0.0657987 0.98074
    outer loop
      vertex 5.38763 -2.23163 9.66925
      vertex 5.58042 -1.6928 9.66925
      vertex 3.36989 -1.02225 9.20976
    endloop
  endfacet
  facet normal 0.0504495 0.0841709 0.995173
    outer loop
      vertex -0.555128 -1.03857 8.97891
      vertex -0.654252 -0.979158 8.97891
      vertex -1.95646 -2.92805 9.20976
    endloop
  endfacet
  facet normal 0.0584577 0.07882 0.995173
    outer loop
      vertex -1.95646 -2.92805 9.20976
      vertex -0.654252 -0.979158 8.97891
      vertex -2.23404 -2.72218 9.20976
    endloop
  endfacet
  facet normal -0.0419561 -0.0887108 0.995173
    outer loop
      vertex 0.555128 1.03857 8.97891
      vertex 1.34763 3.25347 9.20976
      vertex 0.450657 1.08798 8.97891
    endloop
  endfacet
  facet normal -0.0833977 0.176624 0.980739
    outer loop
      vertex 1.66004 -3.10571 9.20976
      vertex 2.58329 -4.91956 9.61493
      vertex 2.62407 -4.9093 9.61655
    endloop
  endfacet
  facet normal -0.0835104 0.176567 0.98074
    outer loop
      vertex 2.58329 -4.91956 9.61493
      vertex 1.66004 -3.10571 9.20976
      vertex 1.34763 -3.25347 9.20976
    endloop
  endfacet
  facet normal -0.0419572 0.0887104 0.995173
    outer loop
      vertex 1.34763 -3.25347 9.20976
      vertex 1.66004 -3.10571 9.20976
      vertex 0.555128 -1.03857 8.97891
    endloop
  endfacet
  facet normal 0.0330648 0.0923937 0.995173
    outer loop
      vertex -0.341846 -1.12692 8.97891
      vertex -0.450657 -1.08798 8.97891
      vertex -1.34763 -3.25347 9.20976
    endloop
  endfacet
  facet normal 0.0419561 0.0887108 0.995173
    outer loop
      vertex -0.450657 -1.08798 8.97891
      vertex -0.555128 -1.03857 8.97891
      vertex -1.34763 -3.25347 9.20976
    endloop
  endfacet
  facet normal 0.0841709 -0.0504495 0.995173
    outer loop
      vertex -1.03857 0.555128 8.97891
      vertex -0.979158 0.654252 8.97891
      vertex -2.92805 1.95646 9.20976
    endloop
  endfacet
  facet normal 0.0970713 -0.0143931 0.995173
    outer loop
      vertex -1.17195 0.115427 8.97891
      vertex -1.155 0.229743 8.97891
      vertex -3.45387 0.687016 9.20976
    endloop
  endfacet
  facet normal -0.0238439 -0.0951914 0.995173
    outer loop
      vertex 0.341846 1.12692 8.97891
      vertex 0.687016 3.45387 9.20976
      vertex 0.229743 1.155 8.97891
    endloop
  endfacet
  facet normal -0.07882 0.0584577 0.995173
    outer loop
      vertex 2.72218 -2.23404 9.20976
      vertex 2.92805 -1.95646 9.20976
      vertex 0.979158 -0.654252 8.97891
    endloop
  endfacet
  facet normal 0.0504495 -0.0841709 0.995173
    outer loop
      vertex -0.654252 0.979158 8.97891
      vertex -0.555128 1.03857 8.97891
      vertex -1.95646 2.92805 9.20976
    endloop
  endfacet
  facet normal -0.0841709 0.0504495 0.995173
    outer loop
      vertex 2.92805 -1.95646 9.20976
      vertex 1.03857 -0.555128 8.97891
      vertex 0.979158 -0.654252 8.97891
    endloop
  endfacet
  facet normal -0.0504495 0.0841709 0.995173
    outer loop
      vertex 1.95646 -2.92805 9.20976
      vertex 0.654252 -0.979158 8.97891
      vertex 0.555128 -1.03857 8.97891
    endloop
  endfacet
  facet normal -0.176565 -0.0835096 0.98074
    outer loop
      vertex 3.25347 1.34763 9.20976
      vertex 5.14295 2.74896 9.66925
      vertex 3.10571 1.66004 9.20976
    endloop
  endfacet
  facet normal -0.0887104 -0.0419572 0.995173
    outer loop
      vertex 3.25347 1.34763 9.20976
      vertex 3.10571 1.66004 9.20976
      vertex 1.03857 0.555128 8.97891
    endloop
  endfacet
  facet normal 0.176565 -0.0835096 0.98074
    outer loop
      vertex -3.25347 1.34763 9.20976
      vertex -3.10571 1.66004 9.20976
      vertex -5.14295 2.74896 9.66925
    endloop
  endfacet
  facet normal 0.233379 -0.173091 0.956856
    outer loop
      vertex -6.32715 4.22766 10.2086
      vertex -6.25006 5.1293 10.3529
      vertex -6.2937 5.07046 10.3529
    endloop
  endfacet
  facet normal 0.233417 -0.173092 0.956847
    outer loop
      vertex -6.25006 5.1293 10.3529
      vertex -6.32715 4.22766 10.2086
      vertex -4.84873 3.23982 9.66925
    endloop
  endfacet
  facet normal 0.189463 -0.0474627 0.98074
    outer loop
      vertex -3.45387 0.687016 9.20976
      vertex -3.36989 1.02225 9.20976
      vertex -5.58042 1.6928 9.66925
    endloop
  endfacet
  facet normal 0.189466 -0.0474577 0.98074
    outer loop
      vertex -3.45387 0.687016 9.20976
      vertex -5.58042 1.6928 9.66925
      vertex -5.71947 1.13767 9.66925
    endloop
  endfacet
  facet normal 0.0143931 -0.0970713 0.995173
    outer loop
      vertex -0.229743 1.155 8.97891
      vertex -0.115427 1.17195 8.97891
      vertex -0.687016 3.45387 9.20976
    endloop
  endfacet
  facet normal 0.0238439 -0.0951914 0.995173
    outer loop
      vertex -0.341846 1.12692 8.97891
      vertex -0.229743 1.155 8.97891
      vertex -0.687016 3.45387 9.20976
    endloop
  endfacet
  facet normal -0.0584567 -0.0788209 0.995173
    outer loop
      vertex 0.747076 0.910316 8.97891
      vertex 2.23404 2.72218 9.20976
      vertex 0.654252 0.979158 8.97891
    endloop
  endfacet
  facet normal -0.0584577 0.07882 0.995173
    outer loop
      vertex 1.95646 -2.92805 9.20976
      vertex 2.23404 -2.72218 9.20976
      vertex 0.654252 -0.979158 8.97891
    endloop
  endfacet
  facet normal 0.0951914 0.0238439 0.995173
    outer loop
      vertex -1.12692 -0.341846 8.97891
      vertex -1.155 -0.229743 8.97891
      vertex -3.45387 -0.687016 9.20976
    endloop
  endfacet
  facet normal 0.0970713 0.0143931 0.995173
    outer loop
      vertex -1.155 -0.229743 8.97891
      vertex -1.17195 -0.115427 8.97891
      vertex -3.45387 -0.687016 9.20976
    endloop
  endfacet
  facet normal 0 0 1
    outer loop
      vertex 1.17195 0.115427 8.97891
      vertex 1.17195 -0.115427 8.97891
      vertex 1.17762 0 8.97891
    endloop
  endfacet
  facet normal 0 0 1
    outer loop
      vertex 1.155 0.229743 8.97891
      vertex 1.17195 -0.115427 8.97891
      vertex 1.17195 0.115427 8.97891
    endloop
  endfacet
  facet normal 0 0 1
    outer loop
      vertex 1.155 0.229743 8.97891
      vertex 1.155 -0.229743 8.97891
      vertex 1.17195 -0.115427 8.97891
    endloop
  endfacet
  facet normal 0 0 1
    outer loop
      vertex 1.12692 0.341846 8.97891
      vertex 1.155 -0.229743 8.97891
      vertex 1.155 0.229743 8.97891
    endloop
  endfacet
  facet normal 0 0 1
    outer loop
      vertex 1.12692 0.341846 8.97891
      vertex 1.12692 -0.341846 8.97891
      vertex 1.155 -0.229743 8.97891
    endloop
  endfacet
  facet normal 0 0 1
    outer loop
      vertex 1.08798 0.450657 8.97891
      vertex 1.12692 -0.341846 8.97891
      vertex 1.12692 0.341846 8.97891
    endloop
  endfacet
  facet normal 0 0 1
    outer loop
      vertex 1.08798 0.450657 8.97891
      vertex 1.08798 -0.450657 8.97891
      vertex 1.12692 -0.341846 8.97891
    endloop
  endfacet
  facet normal 0 0 1
    outer loop
      vertex 1.03857 0.555128 8.97891
      vertex 1.08798 -0.450657 8.97891
      vertex 1.08798 0.450657 8.97891
    endloop
  endfacet
  facet normal 0 0 1
    outer loop
      vertex 1.03857 0.555128 8.97891
      vertex 1.03857 -0.555128 8.97891
      vertex 1.08798 -0.450657 8.97891
    endloop
  endfacet
  facet normal 0 0 1
    outer loop
      vertex 0.979158 0.654252 8.97891
      vertex 1.03857 -0.555128 8.97891
      vertex 1.03857 0.555128 8.97891
    endloop
  endfacet
  facet normal 0 0 1
    outer loop
      vertex 0.979158 0.654252 8.97891
      vertex 0.979158 -0.654252 8.97891
      vertex 1.03857 -0.555128 8.97891
    endloop
  endfacet
  facet normal 0 0 1
    outer loop
      vertex 0.910316 0.747076 8.97891
      vertex 0.979158 -0.654252 8.97891
      vertex 0.979158 0.654252 8.97891
    endloop
  endfacet
  facet normal 0 0 1
    outer loop
      vertex 0.910316 0.747076 8.97891
      vertex 0.910316 -0.747076 8.97891
      vertex 0.979158 -0.654252 8.97891
    endloop
  endfacet
  facet normal 0 0 1
    outer loop
      vertex 0.832705 0.832705 8.97891
      vertex 0.910316 -0.747076 8.97891
      vertex 0.910316 0.747076 8.97891
    endloop
  endfacet
  facet normal 0 0 1
    outer loop
      vertex 0.832705 0.832705 8.97891
      vertex 0.832705 -0.832705 8.97891
      vertex 0.910316 -0.747076 8.97891
    endloop
  endfacet
  facet normal 0 0 1
    outer loop
      vertex 0.747076 0.910316 8.97891
      vertex 0.832705 -0.832705 8.97891
      vertex 0.832705 0.832705 8.97891
    endloop
  endfacet
  facet normal 0 0 1
    outer loop
      vertex 0.747076 0.910316 8.97891
      vertex 0.747076 -0.910316 8.97891
      vertex 0.832705 -0.832705 8.97891
    endloop
  endfacet
  facet normal 0 0 1
    outer loop
      vertex 0.654252 0.979158 8.97891
      vertex 0.747076 -0.910316 8.97891
      vertex 0.747076 0.910316 8.97891
    endloop
  endfacet
  facet normal 0 0 1
    outer loop
      vertex 0.654252 0.979158 8.97891
      vertex 0.654252 -0.979158 8.97891
      vertex 0.747076 -0.910316 8.97891
    endloop
  endfacet
  facet normal 0 0 1
    outer loop
      vertex 0.555128 1.03857 8.97891
      vertex 0.654252 -0.979158 8.97891
      vertex 0.654252 0.979158 8.97891
    endloop
  endfacet
  facet normal 0 0 1
    outer loop
      vertex 0.555128 1.03857 8.97891
      vertex 0.555128 -1.03857 8.97891
      vertex 0.654252 -0.979158 8.97891
    endloop
  endfacet
  facet normal 0 0 1
    outer loop
      vertex 0.450657 1.08798 8.97891
      vertex 0.555128 -1.03857 8.97891
      vertex 0.555128 1.03857 8.97891
    endloop
  endfacet
  facet normal 0 0 1
    outer loop
      vertex 0.450657 1.08798 8.97891
      vertex 0.450657 -1.08798 8.97891
      vertex 0.555128 -1.03857 8.97891
    endloop
  endfacet
  facet normal 0 0 1
    outer loop
      vertex 0.341846 1.12692 8.97891
      vertex 0.450657 -1.08798 8.97891
      vertex 0.450657 1.08798 8.97891
    endloop
  endfacet
  facet normal 0 0 1
    outer loop
      vertex 0.341846 1.12692 8.97891
      vertex 0.341846 -1.12692 8.97891
      vertex 0.450657 -1.08798 8.97891
    endloop
  endfacet
  facet normal 0 0 1
    outer loop
      vertex 0.229743 1.155 8.97891
      vertex 0.341846 -1.12692 8.97891
      vertex 0.341846 1.12692 8.97891
    endloop
  endfacet
  facet normal 0 0 1
    outer loop
      vertex 0.229743 1.155 8.97891
      vertex 0.229743 -1.155 8.97891
      vertex 0.341846 -1.12692 8.97891
    endloop
  endfacet
  facet normal 0 0 1
    outer loop
      vertex 0.115427 1.17195 8.97891
      vertex 0.229743 -1.155 8.97891
      vertex 0.229743 1.155 8.97891
    endloop
  endfacet
  facet normal 0 0 1
    outer loop
      vertex 0.115427 1.17195 8.97891
      vertex 0.115427 -1.17195 8.97891
      vertex 0.229743 -1.155 8.97891
    endloop
  endfacet
  facet normal 0 0 1
    outer loop
      vertex 0 1.17762 8.97891
      vertex 0.115427 -1.17195 8.97891
      vertex 0.115427 1.17195 8.97891
    endloop
  endfacet
  facet normal 0 0 1
    outer loop
      vertex 0 1.17762 8.97891
      vertex 0 -1.17762 8.97891
      vertex 0.115427 -1.17195 8.97891
    endloop
  endfacet
  facet normal -0 0 1
    outer loop
      vertex -0.115427 1.17195 8.97891
      vertex 0 -1.17762 8.97891
      vertex 0 1.17762 8.97891
    endloop
  endfacet
  facet normal 0 0 1
    outer loop
      vertex -0.115427 1.17195 8.97891
      vertex -0.115427 -1.17195 8.97891
      vertex 0 -1.17762 8.97891
    endloop
  endfacet
  facet normal -0 0 1
    outer loop
      vertex -0.229743 1.155 8.97891
      vertex -0.115427 -1.17195 8.97891
      vertex -0.115427 1.17195 8.97891
    endloop
  endfacet
  facet normal 0 0 1
    outer loop
      vertex -0.229743 1.155 8.97891
      vertex -0.229743 -1.155 8.97891
      vertex -0.115427 -1.17195 8.97891
    endloop
  endfacet
  facet normal -0 0 1
    outer loop
      vertex -0.341846 1.12692 8.97891
      vertex -0.229743 -1.155 8.97891
      vertex -0.229743 1.155 8.97891
    endloop
  endfacet
  facet normal 0 0 1
    outer loop
      vertex -0.341846 1.12692 8.97891
      vertex -0.341846 -1.12692 8.97891
      vertex -0.229743 -1.155 8.97891
    endloop
  endfacet
  facet normal -0 0 1
    outer loop
      vertex -0.450657 1.08798 8.97891
      vertex -0.341846 -1.12692 8.97891
      vertex -0.341846 1.12692 8.97891
    endloop
  endfacet
  facet normal 0 0 1
    outer loop
      vertex -0.450657 1.08798 8.97891
      vertex -0.450657 -1.08798 8.97891
      vertex -0.341846 -1.12692 8.97891
    endloop
  endfacet
  facet normal -0 0 1
    outer loop
      vertex -0.555128 1.03857 8.97891
      vertex -0.450657 -1.08798 8.97891
      vertex -0.450657 1.08798 8.97891
    endloop
  endfacet
  facet normal 0 0 1
    outer loop
      vertex -0.555128 1.03857 8.97891
      vertex -0.555128 -1.03857 8.97891
      vertex -0.450657 -1.08798 8.97891
    endloop
  endfacet
  facet normal -0 0 1
    outer loop
      vertex -0.654252 0.979158 8.97891
      vertex -0.555128 -1.03857 8.97891
      vertex -0.555128 1.03857 8.97891
    endloop
  endfacet
  facet normal 0 0 1
    outer loop
      vertex -0.654252 0.979158 8.97891
      vertex -0.654252 -0.979158 8.97891
      vertex -0.555128 -1.03857 8.97891
    endloop
  endfacet
  facet normal -0 0 1
    outer loop
      vertex -0.747076 0.910316 8.97891
      vertex -0.654252 -0.979158 8.97891
      vertex -0.654252 0.979158 8.97891
    endloop
  endfacet
  facet normal 0 0 1
    outer loop
      vertex -0.747076 0.910316 8.97891
      vertex -0.747076 -0.910316 8.97891
      vertex -0.654252 -0.979158 8.97891
    endloop
  endfacet
  facet normal -0 0 1
    outer loop
      vertex -0.832705 0.832705 8.97891
      vertex -0.747076 -0.910316 8.97891
      vertex -0.747076 0.910316 8.97891
    endloop
  endfacet
  facet normal 0 0 1
    outer loop
      vertex -0.832705 0.832705 8.97891
      vertex -0.832705 -0.832705 8.97891
      vertex -0.747076 -0.910316 8.97891
    endloop
  endfacet
  facet normal -0 0 1
    outer loop
      vertex -0.910316 0.747076 8.97891
      vertex -0.832705 -0.832705 8.97891
      vertex -0.832705 0.832705 8.97891
    endloop
  endfacet
  facet normal 0 0 1
    outer loop
      vertex -0.910316 0.747076 8.97891
      vertex -0.910316 -0.747076 8.97891
      vertex -0.832705 -0.832705 8.97891
    endloop
  endfacet
  facet normal -0 0 1
    outer loop
      vertex -0.979158 0.654252 8.97891
      vertex -0.910316 -0.747076 8.97891
      vertex -0.910316 0.747076 8.97891
    endloop
  endfacet
  facet normal 0 0 1
    outer loop
      vertex -0.979158 0.654252 8.97891
      vertex -0.979158 -0.654252 8.97891
      vertex -0.910316 -0.747076 8.97891
    endloop
  endfacet
  facet normal -0 0 1
    outer loop
      vertex -1.03857 0.555128 8.97891
      vertex -0.979158 -0.654252 8.97891
      vertex -0.979158 0.654252 8.97891
    endloop
  endfacet
  facet normal 0 0 1
    outer loop
      vertex -1.03857 0.555128 8.97891
      vertex -1.03857 -0.555128 8.97891
      vertex -0.979158 -0.654252 8.97891
    endloop
  endfacet
  facet normal -0 0 1
    outer loop
      vertex -1.08798 0.450657 8.97891
      vertex -1.03857 -0.555128 8.97891
      vertex -1.03857 0.555128 8.97891
    endloop
  endfacet
  facet normal 0 0 1
    outer loop
      vertex -1.08798 0.450657 8.97891
      vertex -1.08798 -0.450657 8.97891
      vertex -1.03857 -0.555128 8.97891
    endloop
  endfacet
  facet normal -0 0 1
    outer loop
      vertex -1.12692 0.341846 8.97891
      vertex -1.08798 -0.450657 8.97891
      vertex -1.08798 0.450657 8.97891
    endloop
  endfacet
  facet normal 0 0 1
    outer loop
      vertex -1.12692 0.341846 8.97891
      vertex -1.12692 -0.341846 8.97891
      vertex -1.08798 -0.450657 8.97891
    endloop
  endfacet
  facet normal -0 0 1
    outer loop
      vertex -1.155 0.229743 8.97891
      vertex -1.12692 -0.341846 8.97891
      vertex -1.12692 0.341846 8.97891
    endloop
  endfacet
  facet normal 0 0 1
    outer loop
      vertex -1.155 0.229743 8.97891
      vertex -1.155 -0.229743 8.97891
      vertex -1.12692 -0.341846 8.97891
    endloop
  endfacet
  facet normal -0 0 1
    outer loop
      vertex -1.17195 0.115427 8.97891
      vertex -1.155 -0.229743 8.97891
      vertex -1.155 0.229743 8.97891
    endloop
  endfacet
  facet normal 0 0 1
    outer loop
      vertex -1.17195 0.115427 8.97891
      vertex -1.17195 -0.115427 8.97891
      vertex -1.155 -0.229743 8.97891
    endloop
  endfacet
  facet normal 0 -0 1
    outer loop
      vertex -1.17195 -0.115427 8.97891
      vertex -1.17195 0.115427 8.97891
      vertex -1.17762 0 8.97891
    endloop
  endfacet
  facet normal 0.262706 -0.124251 0.956842
    outer loop
      vertex -5.14295 2.74896 9.66925
      vertex -6.33347 2.62341 9.97981
      vertex -5.38763 2.23163 9.66925
    endloop
  endfacet
  facet normal 0.262705 -0.124231 0.956845
    outer loop
      vertex -6.33347 2.62341 9.97981
      vertex -5.14295 2.74896 9.66925
      vertex -6.33572 2.92589 10.0197
    endloop
  endfacet
  facet normal 0.262702 -0.124248 0.956844
    outer loop
      vertex -6.33572 2.92589 10.0197
      vertex -5.14295 2.74896 9.66925
      vertex -6.33917 3.38836 10.0807
    endloop
  endfacet
endsolid OpenSCAD_Model
