solid OpenSCAD_Model
  facet normal 0.970019 -0.24303 0
    outer loop
      vertex 8.5311 -7.46446 0.4
      vertex 8.56926 -7.31215 0
      vertex 8.56926 -7.31215 0.4
    endloop
  endfacet
  facet normal 0.970019 -0.24303 0
    outer loop
      vertex 8.56926 -7.31215 0
      vertex 8.5311 -7.46446 0.4
      vertex 8.5311 -7.46446 0
    endloop
  endfacet
  facet normal -0.671512 -0.740994 0
    outer loop
      vertex -8.13138 -8.13138 0
      vertex -8.01503 -8.23682 0.4
      vertex -8.13138 -8.13138 0.4
    endloop
  endfacet
  facet normal -0.671512 -0.740994 -0
    outer loop
      vertex -8.01503 -8.23682 0.4
      vertex -8.13138 -8.13138 0
      vertex -8.01503 -8.23682 0
    endloop
  endfacet
  facet normal 0.0491022 0.998794 -0
    outer loop
      vertex 7.15683 8.5923 0
      vertex 7 8.60001 0.4
      vertex 7.15683 8.5923 0.4
    endloop
  endfacet
  facet normal 0.0491022 0.998794 0
    outer loop
      vertex 7 8.60001 0.4
      vertex 7.15683 8.5923 0
      vertex 7 8.60001 0
    endloop
  endfacet
  facet normal 0.427569 0.903983 -0
    outer loop
      vertex 7.75424 8.41107 0
      vertex 7.61229 8.47821 0.4
      vertex 7.75424 8.41107 0.4
    endloop
  endfacet
  facet normal 0.427569 0.903983 0
    outer loop
      vertex 7.61229 8.47821 0.4
      vertex 7.75424 8.41107 0
      vertex 7.61229 8.47821 0
    endloop
  endfacet
  facet normal -1 0 0
    outer loop
      vertex -8.60001 -7 0
      vertex -8.60001 7 0.4
      vertex -8.60001 7 0
    endloop
  endfacet
  facet normal -1 -0 0
    outer loop
      vertex -8.60001 7 0.4
      vertex -8.60001 -7 0
      vertex -8.60001 -7 0.4
    endloop
  endfacet
  facet normal -0.252101 0.835691 0.48792
    outer loop
      vertex -4.68056 4.70473 8.39205
      vertex -7.46446 8.5311 0.4
      vertex -4.86536 4.6403 8.40692
    endloop
  endfacet
  facet normal -0.803206 0.595701 0
    outer loop
      vertex -8.33035 7.88892 0
      vertex -8.23682 8.01503 0.4
      vertex -8.23682 8.01503 0
    endloop
  endfacet
  facet normal -0.803206 0.595701 0
    outer loop
      vertex -8.23682 8.01503 0.4
      vertex -8.33035 7.88892 0
      vertex -8.33035 7.88892 0.4
    endloop
  endfacet
  facet normal 0.427569 -0.903983 0
    outer loop
      vertex 7.61229 -8.47821 0
      vertex 7.75424 -8.41107 0.4
      vertex 7.61229 -8.47821 0.4
    endloop
  endfacet
  facet normal 0.427569 -0.903983 0
    outer loop
      vertex 7.75424 -8.41107 0.4
      vertex 7.61229 -8.47821 0
      vertex 7.75424 -8.41107 0
    endloop
  endfacet
  facet normal 0.671512 0.740994 -0
    outer loop
      vertex 8.13138 8.13138 0
      vertex 8.01503 8.23682 0.4
      vertex 8.13138 8.13138 0.4
    endloop
  endfacet
  facet normal 0.671512 0.740994 0
    outer loop
      vertex 8.01503 8.23682 0.4
      vertex 8.13138 8.13138 0
      vertex 8.01503 8.23682 0
    endloop
  endfacet
  facet normal -0.514084 -0.85774 0
    outer loop
      vertex -7.88892 -8.33035 0
      vertex -7.75424 -8.41107 0.4
      vertex -7.88892 -8.33035 0.4
    endloop
  endfacet
  facet normal -0.514084 -0.85774 -0
    outer loop
      vertex -7.75424 -8.41107 0.4
      vertex -7.88892 -8.33035 0
      vertex -7.75424 -8.41107 0
    endloop
  endfacet
  facet normal -0.146733 -0.989176 0
    outer loop
      vertex -7.31215 -8.56926 0
      vertex -7.15683 -8.5923 0.4
      vertex -7.31215 -8.56926 0.4
    endloop
  endfacet
  facet normal -0.146733 -0.989176 -0
    outer loop
      vertex -7.15683 -8.5923 0.4
      vertex -7.31215 -8.56926 0
      vertex -7.15683 -8.5923 0
    endloop
  endfacet
  facet normal 0 -1 0
    outer loop
      vertex -7 -8.60001 0
      vertex 7 -8.60001 0.4
      vertex -7 -8.60001 0.4
    endloop
  endfacet
  facet normal 0 -1 -0
    outer loop
      vertex 7 -8.60001 0.4
      vertex -7 -8.60001 0
      vertex 7 -8.60001 0
    endloop
  endfacet
  facet normal -0.595701 0.803206 0
    outer loop
      vertex -7.88892 8.33035 0
      vertex -8.01503 8.23682 0.4
      vertex -7.88892 8.33035 0.4
    endloop
  endfacet
  facet normal -0.595701 0.803206 0
    outer loop
      vertex -8.01503 8.23682 0.4
      vertex -7.88892 8.33035 0
      vertex -8.01503 8.23682 0
    endloop
  endfacet
  facet normal -0.427569 -0.903983 0
    outer loop
      vertex -7.75424 -8.41107 0
      vertex -7.61229 -8.47821 0.4
      vertex -7.75424 -8.41107 0.4
    endloop
  endfacet
  facet normal -0.427569 -0.903983 -0
    outer loop
      vertex -7.61229 -8.47821 0.4
      vertex -7.75424 -8.41107 0
      vertex -7.61229 -8.47821 0
    endloop
  endfacet
  facet normal -0.905839 -0.324044 0.272858
    outer loop
      vertex -8.5311 -7.46446 0.4
      vertex -6.20001 -6.06679 9.79866
      vertex -6.20583 -6.05239 9.79644
    endloop
  endfacet
  facet normal -0.905825 -0.324082 0.27286
    outer loop
      vertex -6.20001 -6.06679 9.79866
      vertex -8.5311 -7.46446 0.4
      vertex -8.47821 -7.61229 0.4
    endloop
  endfacet
  facet normal 0.514084 -0.85774 0
    outer loop
      vertex 7.75424 -8.41107 0
      vertex 7.88892 -8.33035 0.4
      vertex 7.75424 -8.41107 0.4
    endloop
  endfacet
  facet normal 0.514084 -0.85774 0
    outer loop
      vertex 7.88892 -8.33035 0.4
      vertex 7.75424 -8.41107 0
      vertex 7.88892 -8.33035 0
    endloop
  endfacet
  facet normal 0.803206 -0.595701 0
    outer loop
      vertex 8.23682 -8.01503 0.4
      vertex 8.33035 -7.88892 0
      vertex 8.33035 -7.88892 0.4
    endloop
  endfacet
  facet normal 0.803206 -0.595701 0
    outer loop
      vertex 8.33035 -7.88892 0
      vertex 8.23682 -8.01503 0.4
      vertex 8.23682 -8.01503 0
    endloop
  endfacet
  facet normal 0.903983 -0.427569 0
    outer loop
      vertex 8.41107 -7.75424 0.4
      vertex 8.47821 -7.61229 0
      vertex 8.47821 -7.61229 0.4
    endloop
  endfacet
  facet normal 0.903983 -0.427569 0
    outer loop
      vertex 8.47821 -7.61229 0
      vertex 8.41107 -7.75424 0.4
      vertex 8.41107 -7.75424 0
    endloop
  endfacet
  facet normal 1 -0 0
    outer loop
      vertex 8.60001 -7 0.4
      vertex 8.60001 7 0
      vertex 8.60001 7 0.4
    endloop
  endfacet
  facet normal 1 0 0
    outer loop
      vertex 8.60001 7 0
      vertex 8.60001 -7 0.4
      vertex 8.60001 -7 0
    endloop
  endfacet
  facet normal 0.238613 -0.951136 0.195969
    outer loop
      vertex 7.31215 -8.56926 0.4
      vertex 4.75364 -7.27342 9.80462
      vertex 4.74057 -7.27701 9.80311
    endloop
  endfacet
  facet normal 0.238321 -0.951223 0.195902
    outer loop
      vertex 4.75364 -7.27342 9.80462
      vertex 7.31215 -8.56926 0.4
      vertex 7.46446 -8.5311 0.4
    endloop
  endfacet
  facet normal -0.941553 -0.336865 0
    outer loop
      vertex -8.47821 -7.61229 0
      vertex -8.5311 -7.46446 0.4
      vertex -8.5311 -7.46446 0
    endloop
  endfacet
  facet normal -0.941553 -0.336865 0
    outer loop
      vertex -8.5311 -7.46446 0.4
      vertex -8.47821 -7.61229 0
      vertex -8.47821 -7.61229 0.4
    endloop
  endfacet
  facet normal 0.971636 6.94353e-06 0.236483
    outer loop
      vertex 8.60001 -7 0.4
      vertex 6.42093 -3.71537 9.35306
      vertex 6.40568 -4.14218 9.41573
    endloop
  endfacet
  facet normal 0.971638 4.59548e-05 0.236472
    outer loop
      vertex 8.60001 -7 0.4
      vertex 6.40568 -4.14218 9.41573
      vertex 6.40087 -4.27692 9.43552
    endloop
  endfacet
  facet normal 0.971635 -1.80613e-06 0.236485
    outer loop
      vertex 8.60001 -7 0.4
      vertex 6.40087 -4.27692 9.43552
      vertex 6.37229 -4.9645 9.55294
    endloop
  endfacet
  facet normal 0.971635 -5.62322e-06 0.236486
    outer loop
      vertex 8.60001 -7 0.4
      vertex 6.37229 -4.9645 9.55294
      vertex 6.36157 -5.15723 9.59698
    endloop
  endfacet
  facet normal 0.97163 -0.000105416 0.236505
    outer loop
      vertex 8.60001 -7 0.4
      vertex 6.36157 -5.15723 9.59698
      vertex 6.35818 -5.21803 9.61088
    endloop
  endfacet
  facet normal 0.971636 2.69236e-05 0.236481
    outer loop
      vertex 8.60001 -7 0.4
      vertex 6.35818 -5.21803 9.61088
      vertex 6.3504 -5.34144 9.64286
    endloop
  endfacet
  facet normal 0.971634 -2.44293e-05 0.236489
    outer loop
      vertex 8.60001 -7 0.4
      vertex 6.3504 -5.34144 9.64286
      vertex 6.34002 -5.50597 9.68549
    endloop
  endfacet
  facet normal 0.971635 0 0.236486
    outer loop
      vertex 6.42093 -3.71537 9.35306
      vertex 8.60001 -7 0.4
      vertex 8.60001 7 0.4
    endloop
  endfacet
  facet normal 0.941553 -0.336865 0
    outer loop
      vertex 8.47821 -7.61229 0.4
      vertex 8.5311 -7.46446 0
      vertex 8.5311 -7.46446 0.4
    endloop
  endfacet
  facet normal 0.941553 -0.336865 0
    outer loop
      vertex 8.5311 -7.46446 0
      vertex 8.47821 -7.61229 0.4
      vertex 8.47821 -7.61229 0
    endloop
  endfacet
  facet normal 0.336865 0.941553 -0
    outer loop
      vertex 7.61229 8.47821 0
      vertex 7.46446 8.5311 0.4
      vertex 7.61229 8.47821 0.4
    endloop
  endfacet
  facet normal 0.336865 0.941553 0
    outer loop
      vertex 7.46446 8.5311 0.4
      vertex 7.61229 8.47821 0
      vertex 7.46446 8.5311 0
    endloop
  endfacet
  facet normal 0.989176 -0.146733 0
    outer loop
      vertex 8.56926 -7.31215 0.4
      vertex 8.5923 -7.15683 0
      vertex 8.5923 -7.15683 0.4
    endloop
  endfacet
  facet normal 0.989176 -0.146733 0
    outer loop
      vertex 8.5923 -7.15683 0
      vertex 8.56926 -7.31215 0.4
      vertex 8.56926 -7.31215 0
    endloop
  endfacet
  facet normal 0.595701 0.803206 -0
    outer loop
      vertex 8.01503 8.23682 0
      vertex 7.88892 8.33035 0.4
      vertex 8.01503 8.23682 0.4
    endloop
  endfacet
  facet normal 0.595701 0.803206 0
    outer loop
      vertex 7.88892 8.33035 0.4
      vertex 8.01503 8.23682 0
      vertex 7.88892 8.33035 0
    endloop
  endfacet
  facet normal 0.998794 0.0491022 0
    outer loop
      vertex 8.60001 7 0.4
      vertex 8.5923 7.15683 0
      vertex 8.5923 7.15683 0.4
    endloop
  endfacet
  facet normal 0.998794 0.0491022 0
    outer loop
      vertex 8.5923 7.15683 0
      vertex 8.60001 7 0.4
      vertex 8.60001 7 0
    endloop
  endfacet
  facet normal 0.514084 0.85774 -0
    outer loop
      vertex 7.88892 8.33035 0
      vertex 7.75424 8.41107 0.4
      vertex 7.88892 8.33035 0.4
    endloop
  endfacet
  facet normal 0.514084 0.85774 0
    outer loop
      vertex 7.75424 8.41107 0.4
      vertex 7.88892 8.33035 0
      vertex 7.75424 8.41107 0
    endloop
  endfacet
  facet normal -0.868592 -0.410738 0.277205
    outer loop
      vertex -8.47821 -7.61229 0.4
      vertex -6.12005 -6.2381 9.8252
      vertex -6.12736 -6.22416 9.82295
    endloop
  endfacet
  facet normal -0.868556 -0.410813 0.277207
    outer loop
      vertex -6.12005 -6.2381 9.8252
      vertex -8.47821 -7.61229 0.4
      vertex -8.41107 -7.75424 0.4
    endloop
  endfacet
  facet normal -0.24303 -0.970019 0
    outer loop
      vertex -7.46446 -8.5311 0
      vertex -7.31215 -8.56926 0.4
      vertex -7.46446 -8.5311 0.4
    endloop
  endfacet
  facet normal -0.24303 -0.970019 -0
    outer loop
      vertex -7.31215 -8.56926 0.4
      vertex -7.46446 -8.5311 0
      vertex -7.31215 -8.56926 0
    endloop
  endfacet
  facet normal 0.85774 0.514084 0
    outer loop
      vertex 8.41107 7.75424 0.4
      vertex 8.33035 7.88892 0
      vertex 8.33035 7.88892 0.4
    endloop
  endfacet
  facet normal 0.85774 0.514084 0
    outer loop
      vertex 8.33035 7.88892 0
      vertex 8.41107 7.75424 0.4
      vertex 8.41107 7.75424 0
    endloop
  endfacet
  facet normal -0.998794 0.0491022 0
    outer loop
      vertex -8.60001 7 0
      vertex -8.5923 7.15683 0.4
      vertex -8.5923 7.15683 0
    endloop
  endfacet
  facet normal -0.998794 0.0491022 0
    outer loop
      vertex -8.5923 7.15683 0.4
      vertex -8.60001 7 0
      vertex -8.60001 7 0.4
    endloop
  endfacet
  facet normal 0 1 -0
    outer loop
      vertex 7 8.60001 0
      vertex -7 8.60001 0.4
      vertex 7 8.60001 0.4
    endloop
  endfacet
  facet normal 0 1 0
    outer loop
      vertex -7 8.60001 0.4
      vertex 7 8.60001 0
      vertex -7 8.60001 0
    endloop
  endfacet
  facet normal 0.513196 -0.821195 0.249537
    outer loop
      vertex 5.50441 -6.9411 9.8758
      vertex 5.36124 -7.03211 9.87074
      vertex 7.88892 -8.33035 0.4
    endloop
  endfacet
  facet normal -0.514084 0.85774 0
    outer loop
      vertex -7.75424 8.41107 0
      vertex -7.88892 8.33035 0.4
      vertex -7.75424 8.41107 0.4
    endloop
  endfacet
  facet normal -0.514084 0.85774 0
    outer loop
      vertex -7.88892 8.33035 0.4
      vertex -7.75424 8.41107 0
      vertex -7.88892 8.33035 0
    endloop
  endfacet
  facet normal -0.0379836 0.896109 0.442205
    outer loop
      vertex -4.09999 4.78864 8.37267
      vertex -7 8.60001 0.4
      vertex -4.29602 4.77926 8.37484
    endloop
  endfacet
  facet normal 0.803206 0.595701 0
    outer loop
      vertex 8.33035 7.88892 0.4
      vertex 8.23682 8.01503 0
      vertex 8.23682 8.01503 0.4
    endloop
  endfacet
  facet normal 0.803206 0.595701 0
    outer loop
      vertex 8.23682 8.01503 0
      vertex 8.33035 7.88892 0.4
      vertex 8.33035 7.88892 0
    endloop
  endfacet
  facet normal 0.813184 0.384623 0.436803
    outer loop
      vertex 8.41107 7.75424 0.4
      vertex 6.01387 3.40558 8.69198
      vertex 8.47821 7.61229 0.4
    endloop
  endfacet
  facet normal 0.24303 0.970019 -0
    outer loop
      vertex 7.46446 8.5311 0
      vertex 7.31215 8.56926 0.4
      vertex 7.46446 8.5311 0.4
    endloop
  endfacet
  facet normal 0.24303 0.970019 0
    outer loop
      vertex 7.31215 8.56926 0.4
      vertex 7.46446 8.5311 0
      vertex 7.31215 8.56926 0
    endloop
  endfacet
  facet normal 0.146733 0.989176 -0
    outer loop
      vertex 7.31215 8.56926 0
      vertex 7.15683 8.5923 0.4
      vertex 7.31215 8.56926 0.4
    endloop
  endfacet
  facet normal 0.146733 0.989176 0
    outer loop
      vertex 7.15683 8.5923 0.4
      vertex 7.31215 8.56926 0
      vertex 7.15683 8.5923 0
    endloop
  endfacet
  facet normal 0.146733 -0.989176 0
    outer loop
      vertex 7.15683 -8.5923 0
      vertex 7.31215 -8.56926 0.4
      vertex 7.15683 -8.5923 0.4
    endloop
  endfacet
  facet normal 0.146733 -0.989176 0
    outer loop
      vertex 7.31215 -8.56926 0.4
      vertex 7.15683 -8.5923 0
      vertex 7.31215 -8.56926 0
    endloop
  endfacet
  facet normal -0.000517518 0.225047 0.974348
    outer loop
      vertex -6.06155 3.22008 8.7348
      vertex -6.09036 3.0309 8.77848
      vertex -6.01387 3.40558 8.69198
    endloop
  endfacet
  facet normal -0.0491022 -0.998794 0
    outer loop
      vertex -7.15683 -8.5923 0
      vertex -7 -8.60001 0.4
      vertex -7.15683 -8.5923 0.4
    endloop
  endfacet
  facet normal -0.0491022 -0.998794 -0
    outer loop
      vertex -7 -8.60001 0.4
      vertex -7.15683 -8.5923 0
      vertex -7 -8.60001 0
    endloop
  endfacet
  facet normal -0.989176 0.146733 0
    outer loop
      vertex -8.5923 7.15683 0
      vertex -8.56926 7.31215 0.4
      vertex -8.56926 7.31215 0
    endloop
  endfacet
  facet normal -0.989176 0.146733 0
    outer loop
      vertex -8.56926 7.31215 0.4
      vertex -8.5923 7.15683 0
      vertex -8.5923 7.15683 0.4
    endloop
  endfacet
  facet normal -0.336865 -0.941553 0
    outer loop
      vertex -7.61229 -8.47821 0
      vertex -7.46446 -8.5311 0.4
      vertex -7.61229 -8.47821 0.4
    endloop
  endfacet
  facet normal -0.336865 -0.941553 -0
    outer loop
      vertex -7.46446 -8.5311 0.4
      vertex -7.61229 -8.47821 0
      vertex -7.46446 -8.5311 0
    endloop
  endfacet
  facet normal 0.71244 -0.646026 0.274006
    outer loop
      vertex 5.78902 -6.69626 9.87379
      vertex 8.23682 -8.01503 0.4
      vertex 5.80025 -6.68413 9.87319
    endloop
  endfacet
  facet normal 0.712631 -0.645808 0.274024
    outer loop
      vertex 8.23682 -8.01503 0.4
      vertex 5.78902 -6.69626 9.87379
      vertex 8.13138 -8.13138 0.4
    endloop
  endfacet
  facet normal -0.740994 0.671512 0
    outer loop
      vertex -8.23682 8.01503 0
      vertex -8.13138 8.13138 0.4
      vertex -8.13138 8.13138 0
    endloop
  endfacet
  facet normal -0.740994 0.671512 0
    outer loop
      vertex -8.13138 8.13138 0.4
      vertex -8.23682 8.01503 0
      vertex -8.23682 8.01503 0.4
    endloop
  endfacet
  facet normal -0.595701 -0.803206 0
    outer loop
      vertex -8.01503 -8.23682 0
      vertex -7.88892 -8.33035 0.4
      vertex -8.01503 -8.23682 0.4
    endloop
  endfacet
  facet normal -0.595701 -0.803206 -0
    outer loop
      vertex -7.88892 -8.33035 0.4
      vertex -8.01503 -8.23682 0
      vertex -7.88892 -8.33035 0
    endloop
  endfacet
  facet normal -0.740994 -0.671512 0
    outer loop
      vertex -8.13138 -8.13138 0
      vertex -8.23682 -8.01503 0.4
      vertex -8.23682 -8.01503 0
    endloop
  endfacet
  facet normal -0.740994 -0.671512 0
    outer loop
      vertex -8.23682 -8.01503 0.4
      vertex -8.13138 -8.13138 0
      vertex -8.13138 -8.13138 0.4
    endloop
  endfacet
  facet normal -0.989176 -0.146733 0
    outer loop
      vertex -8.56926 -7.31215 0
      vertex -8.5923 -7.15683 0.4
      vertex -8.5923 -7.15683 0
    endloop
  endfacet
  facet normal -0.989176 -0.146733 0
    outer loop
      vertex -8.5923 -7.15683 0.4
      vertex -8.56926 -7.31215 0
      vertex -8.56926 -7.31215 0.4
    endloop
  endfacet
  facet normal 0.998794 -0.0491022 0
    outer loop
      vertex 8.5923 -7.15683 0.4
      vertex 8.60001 -7 0
      vertex 8.60001 -7 0.4
    endloop
  endfacet
  facet normal 0.998794 -0.0491022 0
    outer loop
      vertex 8.60001 -7 0
      vertex 8.5923 -7.15683 0.4
      vertex 8.5923 -7.15683 0
    endloop
  endfacet
  facet normal -0.24303 0.970019 0
    outer loop
      vertex -7.31215 8.56926 0
      vertex -7.46446 8.5311 0.4
      vertex -7.31215 8.56926 0.4
    endloop
  endfacet
  facet normal -0.24303 0.970019 0
    outer loop
      vertex -7.46446 8.5311 0.4
      vertex -7.31215 8.56926 0
      vertex -7.46446 8.5311 0
    endloop
  endfacet
  facet normal -0.903983 -0.427569 0
    outer loop
      vertex -8.41107 -7.75424 0
      vertex -8.47821 -7.61229 0.4
      vertex -8.47821 -7.61229 0
    endloop
  endfacet
  facet normal -0.903983 -0.427569 0
    outer loop
      vertex -8.47821 -7.61229 0.4
      vertex -8.41107 -7.75424 0
      vertex -8.41107 -7.75424 0.4
    endloop
  endfacet
  facet normal -0.85774 0.514084 0
    outer loop
      vertex -8.41107 7.75424 0
      vertex -8.33035 7.88892 0.4
      vertex -8.33035 7.88892 0
    endloop
  endfacet
  facet normal -0.85774 0.514084 0
    outer loop
      vertex -8.33035 7.88892 0.4
      vertex -8.41107 7.75424 0
      vertex -8.41107 7.75424 0.4
    endloop
  endfacet
  facet normal 0 0.224951 0.97437
    outer loop
      vertex 4.49017 4.75119 8.38132
      vertex 4.43623 3.0309 8.77848
      vertex 6.09036 3.0309 8.77848
    endloop
  endfacet
  facet normal -6.29072e-06 0.224951 0.97437
    outer loop
      vertex 4.49017 4.75119 8.38132
      vertex 4.42138 3.0377 8.77691
      vertex 4.43623 3.0309 8.77848
    endloop
  endfacet
  facet normal 1.14002e-05 0.22495 0.97437
    outer loop
      vertex 4.49017 4.75119 8.38132
      vertex 3.9592 3.24923 8.72808
      vertex 4.42138 3.0377 8.77691
    endloop
  endfacet
  facet normal -2.27775e-05 0.224962 0.974368
    outer loop
      vertex 4.49017 4.75119 8.38132
      vertex 3.58686 3.39992 8.69328
      vertex 3.9592 3.24923 8.72808
    endloop
  endfacet
  facet normal 2.50738e-05 0.224932 0.974375
    outer loop
      vertex 4.49017 4.75119 8.38132
      vertex 3.45378 3.45378 8.68085
      vertex 3.58686 3.39992 8.69328
    endloop
  endfacet
  facet normal 7.9336e-06 0.224945 0.974372
    outer loop
      vertex 4.49017 4.75119 8.38132
      vertex 3.29578 3.50962 8.66796
      vertex 3.45378 3.45378 8.68085
    endloop
  endfacet
  facet normal -4.1531e-07 0.224952 0.97437
    outer loop
      vertex 4.49017 4.75119 8.38132
      vertex 2.97369 3.62345 8.64168
      vertex 3.29578 3.50962 8.66796
    endloop
  endfacet
  facet normal -1.59875e-05 0.224972 0.974365
    outer loop
      vertex 4.49017 4.75119 8.38132
      vertex 2.69965 3.70663 8.62247
      vertex 2.97369 3.62345 8.64168
    endloop
  endfacet
  facet normal 2.23789e-06 0.224942 0.974372
    outer loop
      vertex 4.49017 4.75119 8.38132
      vertex 2.51429 3.7629 8.60948
      vertex 2.69965 3.70663 8.62247
    endloop
  endfacet
  facet normal 5.03855e-06 0.224937 0.974373
    outer loop
      vertex 4.49017 4.75119 8.38132
      vertex 2.27683 3.82342 8.59551
      vertex 2.51429 3.7629 8.60948
    endloop
  endfacet
  facet normal 1.93974e-05 0.224905 0.974381
    outer loop
      vertex 4.49017 4.75119 8.38132
      vertex 2.07162 3.87573 8.58344
      vertex 2.27683 3.82342 8.59551
    endloop
  endfacet
  facet normal -1.18254e-05 0.224986 0.974362
    outer loop
      vertex 4.49017 4.75119 8.38132
      vertex 1.8441 3.92288 8.57255
      vertex 2.07162 3.87573 8.58344
    endloop
  endfacet
  facet normal -8.14764e-06 0.224975 0.974364
    outer loop
      vertex 4.49017 4.75119 8.38132
      vertex 1.64224 3.96471 8.56289
      vertex 1.8441 3.92288 8.57255
    endloop
  endfacet
  facet normal -6.405e-06 0.224969 0.974366
    outer loop
      vertex 4.49017 4.75119 8.38132
      vertex 1.40187 4.00325 8.55399
      vertex 1.64224 3.96471 8.56289
    endloop
  endfacet
  facet normal 3.56256e-06 0.22493 0.974375
    outer loop
      vertex 4.49017 4.75119 8.38132
      vertex 1.22307 4.03193 8.54737
      vertex 1.40187 4.00325 8.55399
    endloop
  endfacet
  facet normal 8.79371e-06 0.224908 0.97438
    outer loop
      vertex 4.49017 4.75119 8.38132
      vertex 0.973869 4.06036 8.54081
      vertex 1.22307 4.03193 8.54737
    endloop
  endfacet
  facet normal 9.81002e-06 0.224903 0.974381
    outer loop
      vertex 4.49017 4.75119 8.38132
      vertex 0.811345 4.07891 8.53653
      vertex 0.973869 4.06036 8.54081
    endloop
  endfacet
  facet normal 8.4396e-06 0.22491 0.97438
    outer loop
      vertex 4.49017 4.75119 8.38132
      vertex 0.655788 4.08953 8.53408
      vertex 0.811345 4.07891 8.53653
    endloop
  endfacet
  facet normal -1.63748e-05 0.225046 0.974348
    outer loop
      vertex 4.49017 4.75119 8.38132
      vertex 0.404474 4.1067 8.53011
      vertex 0.655788 4.08953 8.53408
    endloop
  endfacet
  facet normal 1.97316e-05 0.224829 0.974398
    outer loop
      vertex 4.49017 4.75119 8.38132
      vertex 0.148037 4.11253 8.52877
      vertex 0.404474 4.1067 8.53011
    endloop
  endfacet
  facet normal -2.43086e-05 0.225113 0.974333
    outer loop
      vertex 4.49017 4.75119 8.38132
      vertex 0 4.11589 8.52799
      vertex 0.148037 4.11253 8.52877
    endloop
  endfacet
  facet normal -0 0.22495 0.97437
    outer loop
      vertex -4.49017 4.75119 8.38132
      vertex 0 4.11589 8.52799
      vertex 4.49017 4.75119 8.38132
    endloop
  endfacet
  facet normal 2.43086e-05 0.225113 0.974333
    outer loop
      vertex 0 4.11589 8.52799
      vertex -4.49017 4.75119 8.38132
      vertex -0.148037 4.11253 8.52877
    endloop
  endfacet
  facet normal -1.97316e-05 0.224829 0.974398
    outer loop
      vertex -0.148037 4.11253 8.52877
      vertex -4.49017 4.75119 8.38132
      vertex -0.404474 4.1067 8.53011
    endloop
  endfacet
  facet normal 1.63748e-05 0.225046 0.974348
    outer loop
      vertex -0.404474 4.1067 8.53011
      vertex -4.49017 4.75119 8.38132
      vertex -0.655788 4.08953 8.53408
    endloop
  endfacet
  facet normal -8.4396e-06 0.22491 0.97438
    outer loop
      vertex -0.655788 4.08953 8.53408
      vertex -4.49017 4.75119 8.38132
      vertex -0.811345 4.07891 8.53653
    endloop
  endfacet
  facet normal -9.81002e-06 0.224903 0.974381
    outer loop
      vertex -0.811345 4.07891 8.53653
      vertex -4.49017 4.75119 8.38132
      vertex -0.973869 4.06036 8.54081
    endloop
  endfacet
  facet normal 8.14764e-06 0.224975 0.974364
    outer loop
      vertex -4.49017 4.75119 8.38132
      vertex -1.8441 3.92288 8.57255
      vertex -1.64224 3.96471 8.56289
    endloop
  endfacet
  facet normal -8.79371e-06 0.224908 0.97438
    outer loop
      vertex -0.973869 4.06036 8.54081
      vertex -4.49017 4.75119 8.38132
      vertex -1.22307 4.03193 8.54737
    endloop
  endfacet
  facet normal -3.56256e-06 0.22493 0.974375
    outer loop
      vertex -4.49017 4.75119 8.38132
      vertex -1.40187 4.00325 8.55399
      vertex -1.22307 4.03193 8.54737
    endloop
  endfacet
  facet normal 6.405e-06 0.224969 0.974366
    outer loop
      vertex -4.49017 4.75119 8.38132
      vertex -1.64224 3.96471 8.56289
      vertex -1.40187 4.00325 8.55399
    endloop
  endfacet
  facet normal 1.18254e-05 0.224986 0.974362
    outer loop
      vertex -1.8441 3.92288 8.57255
      vertex -4.49017 4.75119 8.38132
      vertex -2.07162 3.87573 8.58344
    endloop
  endfacet
  facet normal -1.93974e-05 0.224905 0.974381
    outer loop
      vertex -4.49017 4.75119 8.38132
      vertex -2.27683 3.82342 8.59551
      vertex -2.07162 3.87573 8.58344
    endloop
  endfacet
  facet normal -5.03855e-06 0.224937 0.974373
    outer loop
      vertex -4.49017 4.75119 8.38132
      vertex -2.51429 3.7629 8.60948
      vertex -2.27683 3.82342 8.59551
    endloop
  endfacet
  facet normal -2.23789e-06 0.224942 0.974372
    outer loop
      vertex -4.49017 4.75119 8.38132
      vertex -2.69965 3.70663 8.62247
      vertex -2.51429 3.7629 8.60948
    endloop
  endfacet
  facet normal 1.59875e-05 0.224972 0.974365
    outer loop
      vertex -4.49017 4.75119 8.38132
      vertex -2.97369 3.62345 8.64168
      vertex -2.69965 3.70663 8.62247
    endloop
  endfacet
  facet normal 4.1531e-07 0.224952 0.97437
    outer loop
      vertex -4.49017 4.75119 8.38132
      vertex -3.29578 3.50962 8.66796
      vertex -2.97369 3.62345 8.64168
    endloop
  endfacet
  facet normal -7.9336e-06 0.224945 0.974372
    outer loop
      vertex -4.49017 4.75119 8.38132
      vertex -3.45378 3.45378 8.68085
      vertex -3.29578 3.50962 8.66796
    endloop
  endfacet
  facet normal -2.50738e-05 0.224932 0.974375
    outer loop
      vertex -4.49017 4.75119 8.38132
      vertex -3.58686 3.39992 8.69328
      vertex -3.45378 3.45378 8.68085
    endloop
  endfacet
  facet normal 2.27775e-05 0.224962 0.974368
    outer loop
      vertex -4.49017 4.75119 8.38132
      vertex -3.9592 3.24923 8.72808
      vertex -3.58686 3.39992 8.69328
    endloop
  endfacet
  facet normal -1.14002e-05 0.22495 0.97437
    outer loop
      vertex -4.49017 4.75119 8.38132
      vertex -4.42138 3.0377 8.77691
      vertex -3.9592 3.24923 8.72808
    endloop
  endfacet
  facet normal 6.29072e-06 0.224951 0.97437
    outer loop
      vertex -4.49017 4.75119 8.38132
      vertex -4.43623 3.0309 8.77848
      vertex -4.42138 3.0377 8.77691
    endloop
  endfacet
  facet normal 0 0.224951 0.97437
    outer loop
      vertex -4.43623 3.0309 8.77848
      vertex -4.49017 4.75119 8.38132
      vertex -6.09036 3.0309 8.77848
    endloop
  endfacet
  facet normal 0.24303 -0.970019 0
    outer loop
      vertex 7.31215 -8.56926 0
      vertex 7.46446 -8.5311 0.4
      vertex 7.31215 -8.56926 0.4
    endloop
  endfacet
  facet normal 0.24303 -0.970019 0
    outer loop
      vertex 7.46446 -8.5311 0.4
      vertex 7.31215 -8.56926 0
      vertex 7.46446 -8.5311 0
    endloop
  endfacet
  facet normal -0.970019 -0.24303 0
    outer loop
      vertex -8.5311 -7.46446 0
      vertex -8.56926 -7.31215 0.4
      vertex -8.56926 -7.31215 0
    endloop
  endfacet
  facet normal -0.970019 -0.24303 0
    outer loop
      vertex -8.56926 -7.31215 0.4
      vertex -8.5311 -7.46446 0
      vertex -8.5311 -7.46446 0.4
    endloop
  endfacet
  facet normal 0.771812 -0.571965 0.277782
    outer loop
      vertex 5.91311 -6.55411 9.86467
      vertex 8.33035 -7.88892 0.4
      vertex 5.92305 -6.54127 9.86349
    endloop
  endfacet
  facet normal 0.771598 -0.572259 0.277769
    outer loop
      vertex 8.33035 -7.88892 0.4
      vertex 5.91311 -6.55411 9.86467
      vertex 8.23682 -8.01503 0.4
    endloop
  endfacet
  facet normal 0.968772 -0.0473015 0.2434
    outer loop
      vertex 6.33837 -5.52093 9.68915
      vertex 8.60001 -7 0.4
      vertex 6.34002 -5.50597 9.68549
    endloop
  endfacet
  facet normal 0.968745 -0.047625 0.243445
    outer loop
      vertex 8.60001 -7 0.4
      vertex 6.33837 -5.52093 9.68915
      vertex 8.5923 -7.15683 0.4
    endloop
  endfacet
  facet normal -0.968772 -0.0473015 0.2434
    outer loop
      vertex -8.60001 -7 0.4
      vertex -6.33837 -5.52093 9.68915
      vertex -6.34002 -5.50597 9.68549
    endloop
  endfacet
  facet normal -0.968745 -0.047625 0.243445
    outer loop
      vertex -6.33837 -5.52093 9.68915
      vertex -8.60001 -7 0.4
      vertex -8.5923 -7.15683 0.4
    endloop
  endfacet
  facet normal 0.905839 -0.324044 0.272858
    outer loop
      vertex 6.20001 -6.06679 9.79866
      vertex 8.5311 -7.46446 0.4
      vertex 6.20583 -6.05239 9.79644
    endloop
  endfacet
  facet normal 0.905825 -0.324082 0.27286
    outer loop
      vertex 8.5311 -7.46446 0.4
      vertex 6.20001 -6.06679 9.79866
      vertex 8.47821 -7.61229 0.4
    endloop
  endfacet
  facet normal -0.671512 0.740994 0
    outer loop
      vertex -8.01503 8.23682 0
      vertex -8.13138 8.13138 0.4
      vertex -8.01503 8.23682 0.4
    endloop
  endfacet
  facet normal -0.671512 0.740994 0
    outer loop
      vertex -8.13138 8.13138 0.4
      vertex -8.01503 8.23682 0
      vertex -8.13138 8.13138 0
    endloop
  endfacet
  facet normal 0.048996 -0.987662 0.148736
    outer loop
      vertex 7 -8.60001 0.4
      vertex 4.39087 -7.3222 9.74462
      vertex 4.37668 -7.3233 9.74199
    endloop
  endfacet
  facet normal 0.0485569 -0.987702 0.148619
    outer loop
      vertex 4.39087 -7.3222 9.74462
      vertex 7 -8.60001 0.4
      vertex 7.15683 -8.5923 0.4
    endloop
  endfacet
  facet normal -1.97893e-05 0.224921 0.974377
    outer loop
      vertex 5.36877 4.34629 8.4748
      vertex 5.21114 4.46021 8.4485
      vertex 5.76292 3.92256 8.57262
    endloop
  endfacet
  facet normal 0.903983 0.427569 0
    outer loop
      vertex 8.47821 7.61229 0.4
      vertex 8.41107 7.75424 0
      vertex 8.41107 7.75424 0.4
    endloop
  endfacet
  facet normal 0.903983 0.427569 0
    outer loop
      vertex 8.41107 7.75424 0
      vertex 8.47821 7.61229 0.4
      vertex 8.47821 7.61229 0
    endloop
  endfacet
  facet normal 0.740994 0.671512 0
    outer loop
      vertex 8.23682 8.01503 0.4
      vertex 8.13138 8.13138 0
      vertex 8.13138 8.13138 0.4
    endloop
  endfacet
  facet normal 0.740994 0.671512 0
    outer loop
      vertex 8.13138 8.13138 0
      vertex 8.23682 8.01503 0.4
      vertex 8.23682 8.01503 0
    endloop
  endfacet
  facet normal 0.941553 0.336865 0
    outer loop
      vertex 8.5311 7.46446 0.4
      vertex 8.47821 7.61229 0
      vertex 8.47821 7.61229 0.4
    endloop
  endfacet
  facet normal 0.941553 0.336865 0
    outer loop
      vertex 8.47821 7.61229 0
      vertex 8.5311 7.46446 0.4
      vertex 8.5311 7.46446 0
    endloop
  endfacet
  facet normal 0.897286 0.22442 0.38015
    outer loop
      vertex 8.56926 7.31215 0.4
      vertex 6.06155 3.22008 8.7348
      vertex 6.09036 3.0309 8.77848
    endloop
  endfacet
  facet normal 0.111885 0.880299 0.461037
    outer loop
      vertex 7.15683 8.5923 0.4
      vertex 4.29602 4.77926 8.37484
      vertex 4.49017 4.75119 8.38132
    endloop
  endfacet
  facet normal 0.415778 -0.879204 0.232657
    outer loop
      vertex 7.61229 -8.47821 0.4
      vertex 5.19643 -7.11773 9.85855
      vertex 5.1805 -7.12561 9.85724
    endloop
  endfacet
  facet normal 0.415835 -0.879174 0.232668
    outer loop
      vertex 5.19643 -7.11773 9.85855
      vertex 7.61229 -8.47821 0.4
      vertex 7.75424 -8.41107 0.4
    endloop
  endfacet
  facet normal -1.05718e-05 0.224942 0.974372
    outer loop
      vertex 5.94775 3.58565 8.65041
      vertex 4.49017 4.75119 8.38132
      vertex 6.09036 3.0309 8.77848
    endloop
  endfacet
  facet normal 0.970019 0.24303 0
    outer loop
      vertex 8.56926 7.31215 0.4
      vertex 8.5311 7.46446 0
      vertex 8.5311 7.46446 0.4
    endloop
  endfacet
  facet normal 0.970019 0.24303 0
    outer loop
      vertex 8.5311 7.46446 0
      vertex 8.56926 7.31215 0.4
      vertex 8.56926 7.31215 0
    endloop
  endfacet
  facet normal -0.85774 -0.514084 0
    outer loop
      vertex -8.33035 -7.88892 0
      vertex -8.41107 -7.75424 0.4
      vertex -8.41107 -7.75424 0
    endloop
  endfacet
  facet normal -0.85774 -0.514084 0
    outer loop
      vertex -8.41107 -7.75424 0.4
      vertex -8.33035 -7.88892 0
      vertex -8.33035 -7.88892 0.4
    endloop
  endfacet
  facet normal -0.998794 -0.0491022 0
    outer loop
      vertex -8.5923 -7.15683 0
      vertex -8.60001 -7 0.4
      vertex -8.60001 -7 0
    endloop
  endfacet
  facet normal -0.998794 -0.0491022 0
    outer loop
      vertex -8.60001 -7 0.4
      vertex -8.5923 -7.15683 0
      vertex -8.5923 -7.15683 0.4
    endloop
  endfacet
  facet normal 0.336865 -0.941553 0
    outer loop
      vertex 7.46446 -8.5311 0
      vertex 7.61229 -8.47821 0.4
      vertex 7.46446 -8.5311 0.4
    endloop
  endfacet
  facet normal 0.336865 -0.941553 0
    outer loop
      vertex 7.61229 -8.47821 0.4
      vertex 7.46446 -8.5311 0
      vertex 7.61229 -8.47821 0
    endloop
  endfacet
  facet normal 0.336842 -0.916064 0.217632
    outer loop
      vertex 5.1805 -7.12561 9.85724
      vertex 5.02541 -7.18689 9.83934
      vertex 7.61229 -8.47821 0.4
    endloop
  endfacet
  facet normal -0.512039 0.696095 0.503257
    outer loop
      vertex -5.36877 4.34629 8.4748
      vertex -7.88892 8.33035 0.4
      vertex -5.51421 4.21787 8.50445
    endloop
  endfacet
  facet normal 0.671512 -0.740994 0
    outer loop
      vertex 8.01503 -8.23682 0
      vertex 8.13138 -8.13138 0.4
      vertex 8.01503 -8.23682 0.4
    endloop
  endfacet
  facet normal 0.671512 -0.740994 0
    outer loop
      vertex 8.13138 -8.13138 0.4
      vertex 8.01503 -8.23682 0
      vertex 8.13138 -8.13138 0
    endloop
  endfacet
  facet normal -0.129913 0.875786 0.464889
    outer loop
      vertex -7.15683 8.5923 0.4
      vertex -7.31215 8.56926 0.4
      vertex -4.49017 4.75119 8.38132
    endloop
  endfacet
  facet normal 0.989176 0.146733 0
    outer loop
      vertex 8.5923 7.15683 0.4
      vertex 8.56926 7.31215 0
      vertex 8.56926 7.31215 0.4
    endloop
  endfacet
  facet normal 0.989176 0.146733 0
    outer loop
      vertex 8.56926 7.31215 0
      vertex 8.5923 7.15683 0.4
      vertex 8.5923 7.15683 0
    endloop
  endfacet
  facet normal -0.427569 0.903983 0
    outer loop
      vertex -7.61229 8.47821 0
      vertex -7.75424 8.41107 0.4
      vertex -7.61229 8.47821 0.4
    endloop
  endfacet
  facet normal -0.427569 0.903983 0
    outer loop
      vertex -7.75424 8.41107 0.4
      vertex -7.61229 8.47821 0
      vertex -7.75424 8.41107 0
    endloop
  endfacet
  facet normal 0.129913 0.875786 0.464889
    outer loop
      vertex 7.15683 8.5923 0.4
      vertex 4.49017 4.75119 8.38132
      vertex 7.31215 8.56926 0.4
    endloop
  endfacet
  facet normal -0.803206 -0.595701 0
    outer loop
      vertex -8.23682 -8.01503 0
      vertex -8.33035 -7.88892 0.4
      vertex -8.33035 -7.88892 0
    endloop
  endfacet
  facet normal -0.803206 -0.595701 0
    outer loop
      vertex -8.33035 -7.88892 0.4
      vertex -8.23682 -8.01503 0
      vertex -8.23682 -8.01503 0.4
    endloop
  endfacet
  facet normal 0.0491022 -0.998794 0
    outer loop
      vertex 7 -8.60001 0
      vertex 7.15683 -8.5923 0.4
      vertex 7 -8.60001 0.4
    endloop
  endfacet
  facet normal 0.0491022 -0.998794 0
    outer loop
      vertex 7.15683 -8.5923 0.4
      vertex 7 -8.60001 0
      vertex 7.15683 -8.5923 0
    endloop
  endfacet
  facet normal -0.634759 0.596525 0.491161
    outer loop
      vertex -5.64601 4.07616 8.53716
      vertex -8.13138 8.13138 0.4
      vertex -5.76292 3.92256 8.57262
    endloop
  endfacet
  facet normal -0.945483 0.0732597 0.317325
    outer loop
      vertex -6.16331 1.22596 9.00652
      vertex -6.09999 2.8399 8.82258
      vertex -8.5923 7.15683 0.4
    endloop
  endfacet
  facet normal -0.945436 0.0732888 0.317458
    outer loop
      vertex -6.09999 2.8399 8.82258
      vertex -6.10506 1.85195 9.03556
      vertex -6.09999 1.90163 9.03919
    endloop
  endfacet
  facet normal -0.945496 0.0732523 0.317288
    outer loop
      vertex -6.09999 2.8399 8.82258
      vertex -6.14764 1.39431 9.01433
      vertex -6.10506 1.85195 9.03556
    endloop
  endfacet
  facet normal -0.945436 0.0732735 0.317463
    outer loop
      vertex -6.09999 2.8399 8.82258
      vertex -6.16331 1.22596 9.00652
      vertex -6.14764 1.39431 9.01433
    endloop
  endfacet
  facet normal -0.945484 0.0732543 0.317322
    outer loop
      vertex -8.5923 7.15683 0.4
      vertex -6.20241 0.760287 8.99752
      vertex -6.16331 1.22596 9.00652
    endloop
  endfacet
  facet normal -0.945473 0.0732926 0.317347
    outer loop
      vertex -8.5923 7.15683 0.4
      vertex -6.21486 0.612109 8.99465
      vertex -6.20241 0.760287 8.99752
    endloop
  endfacet
  facet normal -0.945486 0.0732513 0.317319
    outer loop
      vertex -8.5923 7.15683 0.4
      vertex -6.22581 0.465791 8.9958
      vertex -6.21486 0.612109 8.99465
    endloop
  endfacet
  facet normal -0.945485 0.0732537 0.317321
    outer loop
      vertex -8.5923 7.15683 0.4
      vertex -6.26068 0 8.99943
      vertex -6.22581 0.465791 8.9958
    endloop
  endfacet
  facet normal -0.945481 0.0732642 0.317328
    outer loop
      vertex -8.5923 7.15683 0.4
      vertex -6.29026 -0.449647 9.01511
      vertex -6.26068 0 8.99943
    endloop
  endfacet
  facet normal -0.945481 0.0732641 0.317328
    outer loop
      vertex -8.5923 7.15683 0.4
      vertex -6.30151 -0.620644 9.02107
      vertex -6.29026 -0.449647 9.01511
    endloop
  endfacet
  facet normal -0.945478 0.0732748 0.317337
    outer loop
      vertex -8.5923 7.15683 0.4
      vertex -6.3124 -0.812306 9.03288
      vertex -6.30151 -0.620644 9.02107
    endloop
  endfacet
  facet normal -0.945482 0.0732629 0.317327
    outer loop
      vertex -8.5923 7.15683 0.4
      vertex -6.33787 -1.26068 9.06051
      vertex -6.3124 -0.812306 9.03288
    endloop
  endfacet
  facet normal -0.945486 0.073251 0.317317
    outer loop
      vertex -8.5923 7.15683 0.4
      vertex -6.3501 -1.51566 9.08293
      vertex -6.33787 -1.26068 9.06051
    endloop
  endfacet
  facet normal -0.945482 0.0732626 0.317327
    outer loop
      vertex -8.5923 7.15683 0.4
      vertex -6.37009 -1.93234 9.11957
      vertex -6.3501 -1.51566 9.08293
    endloop
  endfacet
  facet normal -0.945481 0.0732645 0.317329
    outer loop
      vertex -8.5923 7.15683 0.4
      vertex -6.3838 -2.28057 9.15912
      vertex -6.37009 -1.93234 9.11957
    endloop
  endfacet
  facet normal -0.945488 0.0732489 0.317314
    outer loop
      vertex -8.5923 7.15683 0.4
      vertex -6.39835 -2.65028 9.20111
      vertex -6.3838 -2.28057 9.15912
    endloop
  endfacet
  facet normal -0.945473 0.0732844 0.31735
    outer loop
      vertex -8.5923 7.15683 0.4
      vertex -6.40724 -2.9365 9.24072
      vertex -6.39835 -2.65028 9.20111
    endloop
  endfacet
  facet normal -0.945485 0.0732552 0.317319
    outer loop
      vertex -8.5923 7.15683 0.4
      vertex -6.42265 -3.43298 9.30942
      vertex -6.40724 -2.9365 9.24072
    endloop
  endfacet
  facet normal -0.945483 0.0732592 0.317324
    outer loop
      vertex -6.42265 -3.43298 9.30942
      vertex -8.5923 7.15683 0.4
      vertex -6.42521 -3.54403 9.32743
    endloop
  endfacet
  facet normal -0.336865 0.941553 0
    outer loop
      vertex -7.46446 8.5311 0
      vertex -7.61229 8.47821 0.4
      vertex -7.46446 8.5311 0.4
    endloop
  endfacet
  facet normal -0.336865 0.941553 0
    outer loop
      vertex -7.61229 8.47821 0.4
      vertex -7.46446 8.5311 0
      vertex -7.61229 8.47821 0
    endloop
  endfacet
  facet normal 0.634759 0.596525 0.491161
    outer loop
      vertex 8.13138 8.13138 0.4
      vertex 5.64601 4.07616 8.53716
      vertex 5.76292 3.92256 8.57262
    endloop
  endfacet
  facet normal -0.000294423 0.225127 0.974329
    outer loop
      vertex -5.86383 3.75853 8.61049
      vertex -5.94775 3.58565 8.65041
      vertex -5.76292 3.92256 8.57262
    endloop
  endfacet
  facet normal -0.111885 0.880299 0.461037
    outer loop
      vertex -4.29602 4.77926 8.37484
      vertex -7.15683 8.5923 0.4
      vertex -4.49017 4.75119 8.38132
    endloop
  endfacet
  facet normal 0.750861 0.471321 0.462671
    outer loop
      vertex 8.33035 7.88892 0.4
      vertex 5.86383 3.75853 8.61049
      vertex 5.94775 3.58565 8.65041
    endloop
  endfacet
  facet normal -0.941553 0.336865 0
    outer loop
      vertex -8.5311 7.46446 0
      vertex -8.47821 7.61229 0.4
      vertex -8.47821 7.61229 0
    endloop
  endfacet
  facet normal -0.941553 0.336865 0
    outer loop
      vertex -8.47821 7.61229 0.4
      vertex -8.5311 7.46446 0
      vertex -8.5311 7.46446 0.4
    endloop
  endfacet
  facet normal -0.970019 0.24303 0
    outer loop
      vertex -8.56926 7.31215 0
      vertex -8.5311 7.46446 0.4
      vertex -8.5311 7.46446 0
    endloop
  endfacet
  facet normal -0.970019 0.24303 0
    outer loop
      vertex -8.5311 7.46446 0.4
      vertex -8.56926 7.31215 0
      vertex -8.56926 7.31215 0.4
    endloop
  endfacet
  facet normal 0.85774 -0.514084 0
    outer loop
      vertex 8.33035 -7.88892 0.4
      vertex 8.41107 -7.75424 0
      vertex 8.41107 -7.75424 0.4
    endloop
  endfacet
  facet normal 0.85774 -0.514084 0
    outer loop
      vertex 8.41107 -7.75424 0
      vertex 8.33035 -7.88892 0.4
      vertex 8.33035 -7.88892 0
    endloop
  endfacet
  facet normal 0.595701 -0.803206 0
    outer loop
      vertex 7.88892 -8.33035 0
      vertex 8.01503 -8.23682 0.4
      vertex 7.88892 -8.33035 0.4
    endloop
  endfacet
  facet normal 0.595701 -0.803206 0
    outer loop
      vertex 8.01503 -8.23682 0.4
      vertex 7.88892 -8.33035 0
      vertex 8.01503 -8.23682 0
    endloop
  endfacet
  facet normal 0.740994 -0.671512 0
    outer loop
      vertex 8.13138 -8.13138 0.4
      vertex 8.23682 -8.01503 0
      vertex 8.23682 -8.01503 0.4
    endloop
  endfacet
  facet normal 0.740994 -0.671512 0
    outer loop
      vertex 8.23682 -8.01503 0
      vertex 8.13138 -8.13138 0.4
      vertex 8.13138 -8.13138 0
    endloop
  endfacet
  facet normal -0.647021 -0.713969 0.267605
    outer loop
      vertex -8.01503 -8.23682 0.4
      vertex -5.66527 -6.81463 9.87569
      vertex -8.13138 -8.13138 0.4
    endloop
  endfacet
  facet normal -0.647028 -0.713962 0.267606
    outer loop
      vertex -5.66527 -6.81463 9.87569
      vertex -8.01503 -8.23682 0.4
      vertex -5.65279 -6.82594 9.87569
    endloop
  endfacet
  facet normal -0.804762 0.397313 0.441023
    outer loop
      vertex -5.94775 3.58565 8.65041
      vertex -8.41107 7.75424 0.4
      vertex -6.01387 3.40558 8.69198
    endloop
  endfacet
  facet normal 0.183048 0.860092 0.476168
    outer loop
      vertex 7.31215 8.56926 0.4
      vertex 4.49017 4.75119 8.38132
      vertex 4.68056 4.70473 8.39205
    endloop
  endfacet
  facet normal -0.146733 0.989176 0
    outer loop
      vertex -7.15683 8.5923 0
      vertex -7.31215 8.56926 0.4
      vertex -7.15683 8.5923 0.4
    endloop
  endfacet
  facet normal -0.146733 0.989176 0
    outer loop
      vertex -7.31215 8.56926 0.4
      vertex -7.15683 8.5923 0
      vertex -7.31215 8.56926 0
    endloop
  endfacet
  facet normal -0.0491022 0.998794 0
    outer loop
      vertex -7 8.60001 0
      vertex -7.15683 8.5923 0.4
      vertex -7 8.60001 0.4
    endloop
  endfacet
  facet normal -0.0491022 0.998794 0
    outer loop
      vertex -7.15683 8.5923 0.4
      vertex -7 8.60001 0
      vertex -7.15683 8.5923 0
    endloop
  endfacet
  facet normal -0.858455 0.307135 0.410759
    outer loop
      vertex -8.47821 7.61229 0.4
      vertex -8.5311 7.46446 0.4
      vertex -6.06155 3.22008 8.7348
    endloop
  endfacet
  facet normal -0.903983 0.427569 0
    outer loop
      vertex -8.47821 7.61229 0
      vertex -8.41107 7.75424 0.4
      vertex -8.41107 7.75424 0
    endloop
  endfacet
  facet normal -0.903983 0.427569 0
    outer loop
      vertex -8.41107 7.75424 0.4
      vertex -8.47821 7.61229 0
      vertex -8.47821 7.61229 0.4
    endloop
  endfacet
  facet normal -0.0489053 -0.98767 0.148718
    outer loop
      vertex -4.55905 -7.30917 9.77585
      vertex -7.15683 -8.5923 0.4
      vertex -4.39087 -7.3222 9.74462
    endloop
  endfacet
  facet normal -0.328919 -0.919345 0.21591
    outer loop
      vertex -7.46446 -8.5311 0.4
      vertex -5.02541 -7.18689 9.83934
      vertex -7.61229 -8.47821 0.4
    endloop
  endfacet
  facet normal -0.329298 -0.919192 0.215986
    outer loop
      vertex -5.02541 -7.18689 9.83934
      vertex -7.46446 -8.5311 0.4
      vertex -5.00855 -7.1934 9.83734
    endloop
  endfacet
  facet normal -3.28056e-05 0.224951 0.97437
    outer loop
      vertex -5.98161 2.00323 9.01574
      vertex -6.09036 3.0309 8.77848
      vertex -6.0866 1.91312 9.03654
    endloop
  endfacet
  facet normal 0.000708126 0.224944 0.974371
    outer loop
      vertex 6.09999 2.8399 8.82258
      vertex 6.09168 1.90876 9.03755
      vertex 6.09999 1.90163 9.03919
    endloop
  endfacet
  facet normal -0.000369655 0.224954 0.974369
    outer loop
      vertex 6.09168 1.90876 9.03755
      vertex 6.09999 2.8399 8.82258
      vertex 6.09036 3.0309 8.77848
    endloop
  endfacet
  facet normal -5.38015e-05 0.224957 0.974369
    outer loop
      vertex -6.01387 3.40558 8.69198
      vertex -6.09036 3.0309 8.77848
      vertex -5.94775 3.58565 8.65041
    endloop
  endfacet
  facet normal 0 0 -1
    outer loop
      vertex 6.73146 -6.45557 0
      vertex 8.60001 -7 0
      vertex 8.5923 -7.15683 0
    endloop
  endfacet
  facet normal 0 0 -1
    outer loop
      vertex 8.60001 -7 0
      vertex 6.89999 -5.89999 0
      vertex 8.60001 7 0
    endloop
  endfacet
  facet normal 0 0 -1
    outer loop
      vertex 6.73146 -6.45557 0
      vertex 8.5923 -7.15683 0
      vertex 8.56926 -7.31215 0
    endloop
  endfacet
  facet normal 0 0 -1
    outer loop
      vertex 6.89999 5.89999 0
      vertex 8.60001 7 0
      vertex 6.89999 -5.89999 0
    endloop
  endfacet
  facet normal 0 0 -1
    outer loop
      vertex 6.673 -6.53439 0
      vertex 8.56926 -7.31215 0
      vertex 8.5311 -7.46446 0
    endloop
  endfacet
  facet normal 0 0 -1
    outer loop
      vertex 6.89517 5.99802 0
      vertex 8.60001 7 0
      vertex 6.89999 5.89999 0
    endloop
  endfacet
  facet normal 0 0 -1
    outer loop
      vertex 6.673 -6.53439 0
      vertex 8.5311 -7.46446 0
      vertex 8.47821 -7.61229 0
    endloop
  endfacet
  facet normal 0 0 -1
    outer loop
      vertex 6.88078 6.09508 0
      vertex 8.60001 7 0
      vertex 6.89517 5.99802 0
    endloop
  endfacet
  facet normal 0 0 -1
    outer loop
      vertex 6.673 -6.53439 0
      vertex 8.47821 -7.61229 0
      vertex 8.41107 -7.75424 0
    endloop
  endfacet
  facet normal 0 0 -1
    outer loop
      vertex 6.85693 6.19028 0
      vertex 8.60001 7 0
      vertex 6.88078 6.09508 0
    endloop
  endfacet
  facet normal 0 0 -1
    outer loop
      vertex 6.673 -6.53439 0
      vertex 8.41107 -7.75424 0
      vertex 8.33035 -7.88892 0
    endloop
  endfacet
  facet normal 0 0 -1
    outer loop
      vertex 6.82387 6.28268 0
      vertex 8.60001 7 0
      vertex 6.85693 6.19028 0
    endloop
  endfacet
  facet normal 0 0 -1
    outer loop
      vertex 6.6071 -6.6071 0
      vertex 8.33035 -7.88892 0
      vertex 8.23682 -8.01503 0
    endloop
  endfacet
  facet normal 0 0 -1
    outer loop
      vertex 6.78192 6.37138 0
      vertex 8.60001 7 0
      vertex 6.82387 6.28268 0
    endloop
  endfacet
  facet normal 0 0 -1
    outer loop
      vertex 6.6071 -6.6071 0
      vertex 8.23682 -8.01503 0
      vertex 8.13138 -8.13138 0
    endloop
  endfacet
  facet normal 0 0 -1
    outer loop
      vertex 6.73146 6.45557 0
      vertex 8.60001 7 0
      vertex 6.78192 6.37138 0
    endloop
  endfacet
  facet normal 0 0 -1
    outer loop
      vertex 6.6071 -6.6071 0
      vertex 8.13138 -8.13138 0
      vertex 8.01503 -8.23682 0
    endloop
  endfacet
  facet normal -0 0 -1
    outer loop
      vertex 8.60001 7 0
      vertex 6.73146 6.45557 0
      vertex 8.5923 7.15683 0
    endloop
  endfacet
  facet normal 0 0 -1
    outer loop
      vertex 6.6071 -6.6071 0
      vertex 8.01503 -8.23682 0
      vertex 7.88892 -8.33035 0
    endloop
  endfacet
  facet normal -0 0 -1
    outer loop
      vertex 8.5923 7.15683 0
      vertex 6.73146 6.45557 0
      vertex 8.56926 7.31215 0
    endloop
  endfacet
  facet normal 0 0 -1
    outer loop
      vertex 6.53439 -6.673 0
      vertex 7.88892 -8.33035 0
      vertex 7.75424 -8.41107 0
    endloop
  endfacet
  facet normal 0 0 -1
    outer loop
      vertex 6.673 6.53439 0
      vertex 8.56926 7.31215 0
      vertex 6.73146 6.45557 0
    endloop
  endfacet
  facet normal 0 0 -1
    outer loop
      vertex 6.53439 -6.673 0
      vertex 7.75424 -8.41107 0
      vertex 7.61229 -8.47821 0
    endloop
  endfacet
  facet normal -0 0 -1
    outer loop
      vertex 8.56926 7.31215 0
      vertex 6.673 6.53439 0
      vertex 8.5311 7.46446 0
    endloop
  endfacet
  facet normal 0 0 -1
    outer loop
      vertex 6.53439 -6.673 0
      vertex 7.61229 -8.47821 0
      vertex 7.46446 -8.5311 0
    endloop
  endfacet
  facet normal -0 0 -1
    outer loop
      vertex 8.5311 7.46446 0
      vertex 6.673 6.53439 0
      vertex 8.47821 7.61229 0
    endloop
  endfacet
  facet normal 0 0 -1
    outer loop
      vertex 6.53439 -6.673 0
      vertex 7.46446 -8.5311 0
      vertex 7.31215 -8.56926 0
    endloop
  endfacet
  facet normal -0 0 -1
    outer loop
      vertex 8.47821 7.61229 0
      vertex 6.673 6.53439 0
      vertex 8.41107 7.75424 0
    endloop
  endfacet
  facet normal 0 0 -1
    outer loop
      vertex 6.45557 -6.73146 0
      vertex 7.31215 -8.56926 0
      vertex 7.15683 -8.5923 0
    endloop
  endfacet
  facet normal -0 0 -1
    outer loop
      vertex 8.41107 7.75424 0
      vertex 6.673 6.53439 0
      vertex 8.33035 7.88892 0
    endloop
  endfacet
  facet normal 0 0 -1
    outer loop
      vertex 6.45557 -6.73146 0
      vertex 7.15683 -8.5923 0
      vertex 7 -8.60001 0
    endloop
  endfacet
  facet normal 0 0 -1
    outer loop
      vertex 6.6071 6.6071 0
      vertex 8.33035 7.88892 0
      vertex 6.673 6.53439 0
    endloop
  endfacet
  facet normal -0 0 -1
    outer loop
      vertex 8.33035 7.88892 0
      vertex 6.6071 6.6071 0
      vertex 8.23682 8.01503 0
    endloop
  endfacet
  facet normal 0 0 -1
    outer loop
      vertex 8.60001 -7 0
      vertex 6.89517 -5.99802 0
      vertex 6.89999 -5.89999 0
    endloop
  endfacet
  facet normal 0 0 -1
    outer loop
      vertex 8.60001 -7 0
      vertex 6.88078 -6.09508 0
      vertex 6.89517 -5.99802 0
    endloop
  endfacet
  facet normal 0 0 -1
    outer loop
      vertex 8.60001 -7 0
      vertex 6.85693 -6.19028 0
      vertex 6.88078 -6.09508 0
    endloop
  endfacet
  facet normal 0 0 -1
    outer loop
      vertex 8.60001 -7 0
      vertex 6.82387 -6.28268 0
      vertex 6.85693 -6.19028 0
    endloop
  endfacet
  facet normal 0 0 -1
    outer loop
      vertex 8.60001 -7 0
      vertex 6.78192 -6.37138 0
      vertex 6.82387 -6.28268 0
    endloop
  endfacet
  facet normal 0 0 -1
    outer loop
      vertex 8.60001 -7 0
      vertex 6.73146 -6.45557 0
      vertex 6.78192 -6.37138 0
    endloop
  endfacet
  facet normal 0 0 -1
    outer loop
      vertex 8.56926 -7.31215 0
      vertex 6.673 -6.53439 0
      vertex 6.73146 -6.45557 0
    endloop
  endfacet
  facet normal 0 0 -1
    outer loop
      vertex 8.33035 -7.88892 0
      vertex 6.6071 -6.6071 0
      vertex 6.673 -6.53439 0
    endloop
  endfacet
  facet normal 0 0 -1
    outer loop
      vertex 7.88892 -8.33035 0
      vertex 6.53439 -6.673 0
      vertex 6.6071 -6.6071 0
    endloop
  endfacet
  facet normal 0 0 -1
    outer loop
      vertex 7.31215 -8.56926 0
      vertex 6.45557 -6.73146 0
      vertex 6.53439 -6.673 0
    endloop
  endfacet
  facet normal 0 0 -1
    outer loop
      vertex 7 -8.60001 0
      vertex 6.37138 -6.78192 0
      vertex 6.45557 -6.73146 0
    endloop
  endfacet
  facet normal 0 0 -1
    outer loop
      vertex 7 -8.60001 0
      vertex 6.28268 -6.82387 0
      vertex 6.37138 -6.78192 0
    endloop
  endfacet
  facet normal 0 0 -1
    outer loop
      vertex 7 -8.60001 0
      vertex 6.19028 -6.85693 0
      vertex 6.28268 -6.82387 0
    endloop
  endfacet
  facet normal 0 0 -1
    outer loop
      vertex 7 -8.60001 0
      vertex 6.09508 -6.88078 0
      vertex 6.19028 -6.85693 0
    endloop
  endfacet
  facet normal 0 0 -1
    outer loop
      vertex 7 -8.60001 0
      vertex 5.99802 -6.89517 0
      vertex 6.09508 -6.88078 0
    endloop
  endfacet
  facet normal 0 0 -1
    outer loop
      vertex 7 -8.60001 0
      vertex 5.89999 -6.89999 0
      vertex 5.99802 -6.89517 0
    endloop
  endfacet
  facet normal 0 0 -1
    outer loop
      vertex 7 -8.60001 0
      vertex -5.89999 -6.89999 0
      vertex 5.89999 -6.89999 0
    endloop
  endfacet
  facet normal 0 0 -1
    outer loop
      vertex -7 -8.60001 0
      vertex -5.89999 -6.89999 0
      vertex 7 -8.60001 0
    endloop
  endfacet
  facet normal 0 0 -1
    outer loop
      vertex -8.23682 -8.01503 0
      vertex -6.6071 -6.6071 0
      vertex -8.13138 -8.13138 0
    endloop
  endfacet
  facet normal 0 0 -1
    outer loop
      vertex -8.13138 -8.13138 0
      vertex -6.6071 -6.6071 0
      vertex -8.01503 -8.23682 0
    endloop
  endfacet
  facet normal 0 0 -1
    outer loop
      vertex -8.01503 -8.23682 0
      vertex -6.6071 -6.6071 0
      vertex -7.88892 -8.33035 0
    endloop
  endfacet
  facet normal -0 0 -1
    outer loop
      vertex -6.53439 -6.673 0
      vertex -7.88892 -8.33035 0
      vertex -6.6071 -6.6071 0
    endloop
  endfacet
  facet normal 0 0 -1
    outer loop
      vertex -7.88892 -8.33035 0
      vertex -6.53439 -6.673 0
      vertex -7.75424 -8.41107 0
    endloop
  endfacet
  facet normal 0 0 -1
    outer loop
      vertex -7.75424 -8.41107 0
      vertex -6.53439 -6.673 0
      vertex -7.61229 -8.47821 0
    endloop
  endfacet
  facet normal 0 0 -1
    outer loop
      vertex -7.61229 -8.47821 0
      vertex -6.53439 -6.673 0
      vertex -7.46446 -8.5311 0
    endloop
  endfacet
  facet normal 0 0 -1
    outer loop
      vertex -7.46446 -8.5311 0
      vertex -6.53439 -6.673 0
      vertex -7.31215 -8.56926 0
    endloop
  endfacet
  facet normal -0 0 -1
    outer loop
      vertex -6.45557 -6.73146 0
      vertex -7.31215 -8.56926 0
      vertex -6.53439 -6.673 0
    endloop
  endfacet
  facet normal 0 0 -1
    outer loop
      vertex -7.31215 -8.56926 0
      vertex -6.45557 -6.73146 0
      vertex -7.15683 -8.5923 0
    endloop
  endfacet
  facet normal 0 0 -1
    outer loop
      vertex -7.15683 -8.5923 0
      vertex -6.45557 -6.73146 0
      vertex -7 -8.60001 0
    endloop
  endfacet
  facet normal -0 0 -1
    outer loop
      vertex -6.37138 -6.78192 0
      vertex -7 -8.60001 0
      vertex -6.45557 -6.73146 0
    endloop
  endfacet
  facet normal -0 0 -1
    outer loop
      vertex -6.28268 -6.82387 0
      vertex -7 -8.60001 0
      vertex -6.37138 -6.78192 0
    endloop
  endfacet
  facet normal -0 0 -1
    outer loop
      vertex -6.19028 -6.85693 0
      vertex -7 -8.60001 0
      vertex -6.28268 -6.82387 0
    endloop
  endfacet
  facet normal -0 0 -1
    outer loop
      vertex -6.09508 -6.88078 0
      vertex -7 -8.60001 0
      vertex -6.19028 -6.85693 0
    endloop
  endfacet
  facet normal -0 0 -1
    outer loop
      vertex -5.99802 -6.89517 0
      vertex -7 -8.60001 0
      vertex -6.09508 -6.88078 0
    endloop
  endfacet
  facet normal -0 0 -1
    outer loop
      vertex -5.89999 -6.89999 0
      vertex -7 -8.60001 0
      vertex -5.99802 -6.89517 0
    endloop
  endfacet
  facet normal -0 0 -1
    outer loop
      vertex 8.23682 8.01503 0
      vertex 6.6071 6.6071 0
      vertex 8.13138 8.13138 0
    endloop
  endfacet
  facet normal -0 0 -1
    outer loop
      vertex 8.13138 8.13138 0
      vertex 6.6071 6.6071 0
      vertex 8.01503 8.23682 0
    endloop
  endfacet
  facet normal -0 0 -1
    outer loop
      vertex 8.01503 8.23682 0
      vertex 6.6071 6.6071 0
      vertex 7.88892 8.33035 0
    endloop
  endfacet
  facet normal 0 0 -1
    outer loop
      vertex 6.53439 6.673 0
      vertex 7.88892 8.33035 0
      vertex 6.6071 6.6071 0
    endloop
  endfacet
  facet normal -0 0 -1
    outer loop
      vertex 7.88892 8.33035 0
      vertex 6.53439 6.673 0
      vertex 7.75424 8.41107 0
    endloop
  endfacet
  facet normal -0 0 -1
    outer loop
      vertex 7.75424 8.41107 0
      vertex 6.53439 6.673 0
      vertex 7.61229 8.47821 0
    endloop
  endfacet
  facet normal -0 0 -1
    outer loop
      vertex 7.61229 8.47821 0
      vertex 6.53439 6.673 0
      vertex 7.46446 8.5311 0
    endloop
  endfacet
  facet normal -0 0 -1
    outer loop
      vertex 7.46446 8.5311 0
      vertex 6.53439 6.673 0
      vertex 7.31215 8.56926 0
    endloop
  endfacet
  facet normal 0 0 -1
    outer loop
      vertex 6.45557 6.73146 0
      vertex 7.31215 8.56926 0
      vertex 6.53439 6.673 0
    endloop
  endfacet
  facet normal -0 0 -1
    outer loop
      vertex 7.31215 8.56926 0
      vertex 6.45557 6.73146 0
      vertex 7.15683 8.5923 0
    endloop
  endfacet
  facet normal -0 0 -1
    outer loop
      vertex 7.15683 8.5923 0
      vertex 6.45557 6.73146 0
      vertex 7 8.60001 0
    endloop
  endfacet
  facet normal 0 0 -1
    outer loop
      vertex 6.37138 6.78192 0
      vertex 7 8.60001 0
      vertex 6.45557 6.73146 0
    endloop
  endfacet
  facet normal 0 0 -1
    outer loop
      vertex 6.28268 6.82387 0
      vertex 7 8.60001 0
      vertex 6.37138 6.78192 0
    endloop
  endfacet
  facet normal 0 0 -1
    outer loop
      vertex 6.19028 6.85693 0
      vertex 7 8.60001 0
      vertex 6.28268 6.82387 0
    endloop
  endfacet
  facet normal 0 0 -1
    outer loop
      vertex 6.09508 6.88078 0
      vertex 7 8.60001 0
      vertex 6.19028 6.85693 0
    endloop
  endfacet
  facet normal 0 0 -1
    outer loop
      vertex 5.99802 6.89517 0
      vertex 7 8.60001 0
      vertex 6.09508 6.88078 0
    endloop
  endfacet
  facet normal 0 0 -1
    outer loop
      vertex 5.89999 6.89999 0
      vertex 7 8.60001 0
      vertex 5.99802 6.89517 0
    endloop
  endfacet
  facet normal 0 0 -1
    outer loop
      vertex -5.89999 6.89999 0
      vertex 7 8.60001 0
      vertex 5.89999 6.89999 0
    endloop
  endfacet
  facet normal 0 0 -1
    outer loop
      vertex -7 8.60001 0
      vertex -5.89999 6.89999 0
      vertex -5.99802 6.89517 0
    endloop
  endfacet
  facet normal 0 0 -1
    outer loop
      vertex -5.89999 6.89999 0
      vertex -7 8.60001 0
      vertex 7 8.60001 0
    endloop
  endfacet
  facet normal 0 0 -1
    outer loop
      vertex -6.09508 6.88078 0
      vertex -7 8.60001 0
      vertex -5.99802 6.89517 0
    endloop
  endfacet
  facet normal 0 0 -1
    outer loop
      vertex -6.19028 6.85693 0
      vertex -7 8.60001 0
      vertex -6.09508 6.88078 0
    endloop
  endfacet
  facet normal 0 0 -1
    outer loop
      vertex -6.28268 6.82387 0
      vertex -7 8.60001 0
      vertex -6.19028 6.85693 0
    endloop
  endfacet
  facet normal 0 0 -1
    outer loop
      vertex -6.37138 6.78192 0
      vertex -7 8.60001 0
      vertex -6.28268 6.82387 0
    endloop
  endfacet
  facet normal 0 0 -1
    outer loop
      vertex -6.45557 6.73146 0
      vertex -7 8.60001 0
      vertex -6.37138 6.78192 0
    endloop
  endfacet
  facet normal 0 0 -1
    outer loop
      vertex -7.31215 8.56926 0
      vertex -6.45557 6.73146 0
      vertex -6.53439 6.673 0
    endloop
  endfacet
  facet normal 0 0 -1
    outer loop
      vertex -7.88892 8.33035 0
      vertex -6.53439 6.673 0
      vertex -6.6071 6.6071 0
    endloop
  endfacet
  facet normal 0 0 -1
    outer loop
      vertex -8.33035 7.88892 0
      vertex -6.6071 6.6071 0
      vertex -6.673 6.53439 0
    endloop
  endfacet
  facet normal 0 0 -1
    outer loop
      vertex -8.56926 7.31215 0
      vertex -6.673 6.53439 0
      vertex -6.73146 6.45557 0
    endloop
  endfacet
  facet normal 0 0 -1
    outer loop
      vertex -8.60001 7 0
      vertex -6.73146 6.45557 0
      vertex -6.78192 6.37138 0
    endloop
  endfacet
  facet normal 0 0 -1
    outer loop
      vertex -8.60001 7 0
      vertex -6.78192 6.37138 0
      vertex -6.82387 6.28268 0
    endloop
  endfacet
  facet normal 0 0 -1
    outer loop
      vertex -8.60001 7 0
      vertex -6.82387 6.28268 0
      vertex -6.85693 6.19028 0
    endloop
  endfacet
  facet normal 0 0 -1
    outer loop
      vertex -8.60001 7 0
      vertex -6.85693 6.19028 0
      vertex -6.88078 6.09508 0
    endloop
  endfacet
  facet normal 0 0 -1
    outer loop
      vertex -8.60001 7 0
      vertex -6.88078 6.09508 0
      vertex -6.89517 5.99802 0
    endloop
  endfacet
  facet normal 0 0 -1
    outer loop
      vertex -8.60001 7 0
      vertex -6.89517 5.99802 0
      vertex -6.89999 5.89999 0
    endloop
  endfacet
  facet normal -0 0 -1
    outer loop
      vertex -6.89999 -5.89999 0
      vertex -8.60001 -7 0
      vertex -6.89999 5.89999 0
    endloop
  endfacet
  facet normal 0 0 -1
    outer loop
      vertex -8.33035 -7.88892 0
      vertex -6.6071 -6.6071 0
      vertex -8.23682 -8.01503 0
    endloop
  endfacet
  facet normal 0 0 -1
    outer loop
      vertex -8.60001 7 0
      vertex -6.89999 5.89999 0
      vertex -8.60001 -7 0
    endloop
  endfacet
  facet normal -0 0 -1
    outer loop
      vertex -6.6071 -6.6071 0
      vertex -8.33035 -7.88892 0
      vertex -6.673 -6.53439 0
    endloop
  endfacet
  facet normal 0 0 -1
    outer loop
      vertex -6.73146 6.45557 0
      vertex -8.60001 7 0
      vertex -8.5923 7.15683 0
    endloop
  endfacet
  facet normal 0 0 -1
    outer loop
      vertex -8.41107 -7.75424 0
      vertex -6.673 -6.53439 0
      vertex -8.33035 -7.88892 0
    endloop
  endfacet
  facet normal 0 0 -1
    outer loop
      vertex -6.45557 6.73146 0
      vertex -7.15683 8.5923 0
      vertex -7 8.60001 0
    endloop
  endfacet
  facet normal 0 0 -1
    outer loop
      vertex -8.47821 -7.61229 0
      vertex -6.673 -6.53439 0
      vertex -8.41107 -7.75424 0
    endloop
  endfacet
  facet normal 0 0 -1
    outer loop
      vertex -6.45557 6.73146 0
      vertex -7.31215 8.56926 0
      vertex -7.15683 8.5923 0
    endloop
  endfacet
  facet normal 0 0 -1
    outer loop
      vertex -8.5311 -7.46446 0
      vertex -6.673 -6.53439 0
      vertex -8.47821 -7.61229 0
    endloop
  endfacet
  facet normal 0 0 -1
    outer loop
      vertex -6.53439 6.673 0
      vertex -7.46446 8.5311 0
      vertex -7.31215 8.56926 0
    endloop
  endfacet
  facet normal 0 0 -1
    outer loop
      vertex -8.56926 -7.31215 0
      vertex -6.673 -6.53439 0
      vertex -8.5311 -7.46446 0
    endloop
  endfacet
  facet normal 0 0 -1
    outer loop
      vertex -6.53439 6.673 0
      vertex -7.61229 8.47821 0
      vertex -7.46446 8.5311 0
    endloop
  endfacet
  facet normal -0 0 -1
    outer loop
      vertex -6.673 -6.53439 0
      vertex -8.56926 -7.31215 0
      vertex -6.73146 -6.45557 0
    endloop
  endfacet
  facet normal 0 0 -1
    outer loop
      vertex -6.53439 6.673 0
      vertex -7.75424 8.41107 0
      vertex -7.61229 8.47821 0
    endloop
  endfacet
  facet normal 0 0 -1
    outer loop
      vertex -8.5923 -7.15683 0
      vertex -6.73146 -6.45557 0
      vertex -8.56926 -7.31215 0
    endloop
  endfacet
  facet normal 0 0 -1
    outer loop
      vertex -6.53439 6.673 0
      vertex -7.88892 8.33035 0
      vertex -7.75424 8.41107 0
    endloop
  endfacet
  facet normal 0 0 -1
    outer loop
      vertex -8.60001 -7 0
      vertex -6.73146 -6.45557 0
      vertex -8.5923 -7.15683 0
    endloop
  endfacet
  facet normal 0 0 -1
    outer loop
      vertex -6.6071 6.6071 0
      vertex -8.01503 8.23682 0
      vertex -7.88892 8.33035 0
    endloop
  endfacet
  facet normal -0 0 -1
    outer loop
      vertex -6.73146 -6.45557 0
      vertex -8.60001 -7 0
      vertex -6.78192 -6.37138 0
    endloop
  endfacet
  facet normal 0 0 -1
    outer loop
      vertex -6.6071 6.6071 0
      vertex -8.13138 8.13138 0
      vertex -8.01503 8.23682 0
    endloop
  endfacet
  facet normal -0 0 -1
    outer loop
      vertex -6.78192 -6.37138 0
      vertex -8.60001 -7 0
      vertex -6.82387 -6.28268 0
    endloop
  endfacet
  facet normal 0 0 -1
    outer loop
      vertex -6.6071 6.6071 0
      vertex -8.23682 8.01503 0
      vertex -8.13138 8.13138 0
    endloop
  endfacet
  facet normal -0 0 -1
    outer loop
      vertex -6.82387 -6.28268 0
      vertex -8.60001 -7 0
      vertex -6.85693 -6.19028 0
    endloop
  endfacet
  facet normal 0 0 -1
    outer loop
      vertex -6.6071 6.6071 0
      vertex -8.33035 7.88892 0
      vertex -8.23682 8.01503 0
    endloop
  endfacet
  facet normal -0 0 -1
    outer loop
      vertex -6.85693 -6.19028 0
      vertex -8.60001 -7 0
      vertex -6.88078 -6.09508 0
    endloop
  endfacet
  facet normal 0 0 -1
    outer loop
      vertex -6.673 6.53439 0
      vertex -8.41107 7.75424 0
      vertex -8.33035 7.88892 0
    endloop
  endfacet
  facet normal -0 0 -1
    outer loop
      vertex -6.88078 -6.09508 0
      vertex -8.60001 -7 0
      vertex -6.89517 -5.99802 0
    endloop
  endfacet
  facet normal 0 0 -1
    outer loop
      vertex -6.673 6.53439 0
      vertex -8.47821 7.61229 0
      vertex -8.41107 7.75424 0
    endloop
  endfacet
  facet normal -0 0 -1
    outer loop
      vertex -6.89517 -5.99802 0
      vertex -8.60001 -7 0
      vertex -6.89999 -5.89999 0
    endloop
  endfacet
  facet normal 0 0 -1
    outer loop
      vertex -6.673 6.53439 0
      vertex -8.5311 7.46446 0
      vertex -8.47821 7.61229 0
    endloop
  endfacet
  facet normal 0 0 -1
    outer loop
      vertex -6.673 6.53439 0
      vertex -8.56926 7.31215 0
      vertex -8.5311 7.46446 0
    endloop
  endfacet
  facet normal 0 0 -1
    outer loop
      vertex -6.73146 6.45557 0
      vertex -8.5923 7.15683 0
      vertex -8.56926 7.31215 0
    endloop
  endfacet
  facet normal -0.415835 -0.879174 0.232668
    outer loop
      vertex -7.61229 -8.47821 0.4
      vertex -5.19643 -7.11773 9.85855
      vertex -7.75424 -8.41107 0.4
    endloop
  endfacet
  facet normal -0.415778 -0.879204 0.232657
    outer loop
      vertex -5.19643 -7.11773 9.85855
      vertex -7.61229 -8.47821 0.4
      vertex -5.1805 -7.12561 9.85724
    endloop
  endfacet
  facet normal -0.144511 -0.974198 0.173363
    outer loop
      vertex -7.15683 -8.5923 0.4
      vertex -4.57273 -7.30678 9.77791
      vertex -7.31215 -8.56926 0.4
    endloop
  endfacet
  facet normal -0.144122 -0.974273 0.173266
    outer loop
      vertex -4.57273 -7.30678 9.77791
      vertex -7.15683 -8.5923 0.4
      vertex -4.55905 -7.30917 9.77585
    endloop
  endfacet
  facet normal -9.38118e-05 0.224964 0.974367
    outer loop
      vertex 6.09036 3.0309 8.77848
      vertex 5.91785 2.05795 9.0031
      vertex 5.98161 2.00323 9.01574
    endloop
  endfacet
  facet normal 0.144122 -0.974273 0.173266
    outer loop
      vertex 7.15683 -8.5923 0.4
      vertex 4.57273 -7.30678 9.77791
      vertex 4.55905 -7.30917 9.77585
    endloop
  endfacet
  facet normal 0.144511 -0.974198 0.173363
    outer loop
      vertex 4.57273 -7.30678 9.77791
      vertex 7.15683 -8.5923 0.4
      vertex 7.31215 -8.56926 0.4
    endloop
  endfacet
  facet normal 0.0489053 -0.98767 0.148718
    outer loop
      vertex 4.55905 -7.30917 9.77585
      vertex 4.39087 -7.3222 9.74462
      vertex 7.15683 -8.5923 0.4
    endloop
  endfacet
  facet normal 0.945436 0.0732888 0.317458
    outer loop
      vertex 6.10506 1.85195 9.03556
      vertex 6.09999 2.8399 8.82258
      vertex 6.09999 1.90163 9.03919
    endloop
  endfacet
  facet normal 0.945496 0.0732523 0.317288
    outer loop
      vertex 6.14764 1.39431 9.01433
      vertex 6.09999 2.8399 8.82258
      vertex 6.10506 1.85195 9.03556
    endloop
  endfacet
  facet normal 0.945436 0.0732735 0.317463
    outer loop
      vertex 6.16331 1.22596 9.00652
      vertex 6.09999 2.8399 8.82258
      vertex 6.14764 1.39431 9.01433
    endloop
  endfacet
  facet normal 0.945483 0.0732597 0.317325
    outer loop
      vertex 6.09999 2.8399 8.82258
      vertex 6.16331 1.22596 9.00652
      vertex 8.5923 7.15683 0.4
    endloop
  endfacet
  facet normal 0.945484 0.0732543 0.317322
    outer loop
      vertex 6.20241 0.760287 8.99752
      vertex 8.5923 7.15683 0.4
      vertex 6.16331 1.22596 9.00652
    endloop
  endfacet
  facet normal 0.945473 0.0732926 0.317347
    outer loop
      vertex 6.21486 0.612109 8.99465
      vertex 8.5923 7.15683 0.4
      vertex 6.20241 0.760287 8.99752
    endloop
  endfacet
  facet normal 0.945486 0.0732513 0.317319
    outer loop
      vertex 6.22581 0.465791 8.9958
      vertex 8.5923 7.15683 0.4
      vertex 6.21486 0.612109 8.99465
    endloop
  endfacet
  facet normal 0.945485 0.0732537 0.317321
    outer loop
      vertex 6.26068 0 8.99943
      vertex 8.5923 7.15683 0.4
      vertex 6.22581 0.465791 8.9958
    endloop
  endfacet
  facet normal 0.945481 0.0732642 0.317328
    outer loop
      vertex 6.29026 -0.449647 9.01511
      vertex 8.5923 7.15683 0.4
      vertex 6.26068 0 8.99943
    endloop
  endfacet
  facet normal 0.945481 0.0732641 0.317328
    outer loop
      vertex 6.30151 -0.620644 9.02107
      vertex 8.5923 7.15683 0.4
      vertex 6.29026 -0.449647 9.01511
    endloop
  endfacet
  facet normal 0.945478 0.0732748 0.317337
    outer loop
      vertex 6.3124 -0.812306 9.03288
      vertex 8.5923 7.15683 0.4
      vertex 6.30151 -0.620644 9.02107
    endloop
  endfacet
  facet normal 0.945482 0.0732629 0.317327
    outer loop
      vertex 6.33787 -1.26068 9.06051
      vertex 8.5923 7.15683 0.4
      vertex 6.3124 -0.812306 9.03288
    endloop
  endfacet
  facet normal 0.945486 0.073251 0.317317
    outer loop
      vertex 6.3501 -1.51566 9.08293
      vertex 8.5923 7.15683 0.4
      vertex 6.33787 -1.26068 9.06051
    endloop
  endfacet
  facet normal 0.945482 0.0732626 0.317327
    outer loop
      vertex 6.37009 -1.93234 9.11957
      vertex 8.5923 7.15683 0.4
      vertex 6.3501 -1.51566 9.08293
    endloop
  endfacet
  facet normal 0.945481 0.0732645 0.317329
    outer loop
      vertex 6.3838 -2.28057 9.15912
      vertex 8.5923 7.15683 0.4
      vertex 6.37009 -1.93234 9.11957
    endloop
  endfacet
  facet normal 0.945488 0.0732489 0.317314
    outer loop
      vertex 6.39835 -2.65028 9.20111
      vertex 8.5923 7.15683 0.4
      vertex 6.3838 -2.28057 9.15912
    endloop
  endfacet
  facet normal 0.945473 0.0732844 0.31735
    outer loop
      vertex 6.40724 -2.9365 9.24072
      vertex 8.5923 7.15683 0.4
      vertex 6.39835 -2.65028 9.20111
    endloop
  endfacet
  facet normal 0.945485 0.0732552 0.317319
    outer loop
      vertex 6.42265 -3.43298 9.30942
      vertex 8.5923 7.15683 0.4
      vertex 6.40724 -2.9365 9.24072
    endloop
  endfacet
  facet normal 0.945483 0.0732592 0.317324
    outer loop
      vertex 8.5923 7.15683 0.4
      vertex 6.42265 -3.43298 9.30942
      vertex 6.42521 -3.54403 9.32743
    endloop
  endfacet
  facet normal -0.498169 -0.831186 0.246896
    outer loop
      vertex -7.75424 -8.41107 0.4
      vertex -5.36124 -7.03211 9.87074
      vertex -7.88892 -8.33035 0.4
    endloop
  endfacet
  facet normal -0.498551 -0.830938 0.246957
    outer loop
      vertex -5.36124 -7.03211 9.87074
      vertex -7.75424 -8.41107 0.4
      vertex -5.34634 -7.04124 9.8701
    endloop
  endfacet
  facet normal -0.897143 0.224772 0.38028
    outer loop
      vertex -8.5311 7.46446 0.4
      vertex -8.56926 7.31215 0.4
      vertex -6.06155 3.22008 8.7348
    endloop
  endfacet
  facet normal 0.000137179 0.224817 0.974401
    outer loop
      vertex -5.51421 4.21787 8.50445
      vertex -5.76292 3.92256 8.57262
      vertex -5.36877 4.34629 8.4748
    endloop
  endfacet
  facet normal -0.044003 0.89507 0.443749
    outer loop
      vertex -7 8.60001 0.4
      vertex -7.15683 8.5923 0.4
      vertex -4.29602 4.77926 8.37484
    endloop
  endfacet
  facet normal -3.42769e-05 0.22471 0.974426
    outer loop
      vertex 4.29602 4.77926 8.37484
      vertex 4.09999 4.78864 8.37267
      vertex 4.49017 4.75119 8.38132
    endloop
  endfacet
  facet normal -0.931971 0.125517 0.340111
    outer loop
      vertex -6.09036 3.0309 8.77848
      vertex -8.5923 7.15683 0.4
      vertex -6.09999 2.8399 8.82258
    endloop
  endfacet
  facet normal -5.093e-05 -0.990788 0.135422
    outer loop
      vertex -7 -8.60001 0.4
      vertex -3.82161 -7.33825 9.63258
      vertex -3.92115 -7.33595 9.64937
    endloop
  endfacet
  facet normal 5.60484e-06 -0.990791 0.135403
    outer loop
      vertex -7 -8.60001 0.4
      vertex -3.07691 -7.35379 9.51883
      vertex -3.34946 -7.34913 9.55294
    endloop
  endfacet
  facet normal 4.44754e-06 -0.990791 0.135403
    outer loop
      vertex -7 -8.60001 0.4
      vertex -2.12475 -7.36631 9.42727
      vertex -2.23422 -7.36525 9.43503
    endloop
  endfacet
  facet normal -1.58935e-05 -0.990789 0.135417
    outer loop
      vertex -0.17716 -7.37809 9.34104
      vertex -7 -8.60001 0.4
      vertex 0 -7.37844 9.3385
    endloop
  endfacet
  facet normal 7.45762e-06 -0.990791 0.1354
    outer loop
      vertex -0.726573 -7.37702 9.3489
      vertex -7 -8.60001 0.4
      vertex -0.17716 -7.37809 9.34104
    endloop
  endfacet
  facet normal -4.75916e-06 -0.99079 0.135408
    outer loop
      vertex -1.31421 -7.37358 9.37405
      vertex -7 -8.60001 0.4
      vertex -0.726573 -7.37702 9.3489
    endloop
  endfacet
  facet normal 6.64741e-06 -0.990791 0.135401
    outer loop
      vertex -1.46652 -7.37269 9.38057
      vertex -7 -8.60001 0.4
      vertex -1.31421 -7.37358 9.37405
    endloop
  endfacet
  facet normal 3.18087e-06 -0.990791 0.135403
    outer loop
      vertex -2.12475 -7.36631 9.42727
      vertex -7 -8.60001 0.4
      vertex -1.46652 -7.37269 9.38057
    endloop
  endfacet
  facet normal 2.3306e-05 -0.990792 0.135393
    outer loop
      vertex -2.32872 -7.36398 9.44434
      vertex -7 -8.60001 0.4
      vertex -2.23422 -7.36525 9.43503
    endloop
  endfacet
  facet normal -6.21884e-06 -0.99079 0.135408
    outer loop
      vertex -3.04626 -7.35432 9.51499
      vertex -7 -8.60001 0.4
      vertex -2.32872 -7.36398 9.44434
    endloop
  endfacet
  facet normal -0.000159756 -0.990781 0.135473
    outer loop
      vertex -3.07691 -7.35379 9.51883
      vertex -7 -8.60001 0.4
      vertex -3.04626 -7.35432 9.51499
    endloop
  endfacet
  facet normal 7.75398e-06 -0.990791 0.135403
    outer loop
      vertex -3.82161 -7.33825 9.63258
      vertex -7 -8.60001 0.4
      vertex -3.34946 -7.34913 9.55294
    endloop
  endfacet
  facet normal 2.53181e-05 -0.990791 0.135398
    outer loop
      vertex -4.0822 -7.33148 9.68211
      vertex -7 -8.60001 0.4
      vertex -3.92115 -7.33595 9.64937
    endloop
  endfacet
  facet normal 1.08739e-05 -0.990791 0.135402
    outer loop
      vertex -7 -8.60001 0.4
      vertex -4.0822 -7.33148 9.68211
      vertex -4.37668 -7.3233 9.74199
    endloop
  endfacet
  facet normal -7.75398e-06 -0.990791 0.135403
    outer loop
      vertex 7 -8.60001 0.4
      vertex 3.82161 -7.33825 9.63258
      vertex 3.34946 -7.34913 9.55294
    endloop
  endfacet
  facet normal 0.000159756 -0.990781 0.135473
    outer loop
      vertex 7 -8.60001 0.4
      vertex 3.07691 -7.35379 9.51883
      vertex 3.04626 -7.35432 9.51499
    endloop
  endfacet
  facet normal -3.18087e-06 -0.990791 0.135403
    outer loop
      vertex 7 -8.60001 0.4
      vertex 2.12475 -7.36631 9.42727
      vertex 1.46652 -7.37269 9.38057
    endloop
  endfacet
  facet normal 0 -0.99079 0.135405
    outer loop
      vertex 7 -8.60001 0.4
      vertex 0 -7.37844 9.3385
      vertex -7 -8.60001 0.4
    endloop
  endfacet
  facet normal 1.58935e-05 -0.990789 0.135417
    outer loop
      vertex 0 -7.37844 9.3385
      vertex 7 -8.60001 0.4
      vertex 0.17716 -7.37809 9.34104
    endloop
  endfacet
  facet normal -7.45762e-06 -0.990791 0.1354
    outer loop
      vertex 0.17716 -7.37809 9.34104
      vertex 7 -8.60001 0.4
      vertex 0.726573 -7.37702 9.3489
    endloop
  endfacet
  facet normal 4.75916e-06 -0.99079 0.135408
    outer loop
      vertex 0.726573 -7.37702 9.3489
      vertex 7 -8.60001 0.4
      vertex 1.31421 -7.37358 9.37405
    endloop
  endfacet
  facet normal -6.64741e-06 -0.990791 0.135401
    outer loop
      vertex 1.31421 -7.37358 9.37405
      vertex 7 -8.60001 0.4
      vertex 1.46652 -7.37269 9.38057
    endloop
  endfacet
  facet normal -4.44754e-06 -0.990791 0.135403
    outer loop
      vertex 2.12475 -7.36631 9.42727
      vertex 7 -8.60001 0.4
      vertex 2.23422 -7.36525 9.43503
    endloop
  endfacet
  facet normal -2.3306e-05 -0.990792 0.135393
    outer loop
      vertex 2.23422 -7.36525 9.43503
      vertex 7 -8.60001 0.4
      vertex 2.32872 -7.36398 9.44434
    endloop
  endfacet
  facet normal 6.21884e-06 -0.99079 0.135408
    outer loop
      vertex 2.32872 -7.36398 9.44434
      vertex 7 -8.60001 0.4
      vertex 3.04626 -7.35432 9.51499
    endloop
  endfacet
  facet normal -5.60484e-06 -0.990791 0.135403
    outer loop
      vertex 3.07691 -7.35379 9.51883
      vertex 7 -8.60001 0.4
      vertex 3.34946 -7.34913 9.55294
    endloop
  endfacet
  facet normal 5.093e-05 -0.990788 0.135422
    outer loop
      vertex 3.82161 -7.33825 9.63258
      vertex 7 -8.60001 0.4
      vertex 3.92115 -7.33595 9.64937
    endloop
  endfacet
  facet normal -2.53181e-05 -0.990791 0.135398
    outer loop
      vertex 3.92115 -7.33595 9.64937
      vertex 7 -8.60001 0.4
      vertex 4.0822 -7.33148 9.68211
    endloop
  endfacet
  facet normal -1.08739e-05 -0.990791 0.135402
    outer loop
      vertex 4.0822 -7.33148 9.68211
      vertex 7 -8.60001 0.4
      vertex 4.37668 -7.3233 9.74199
    endloop
  endfacet
  facet normal 0.37012 0.782523 0.500668
    outer loop
      vertex 7.61229 8.47821 0.4
      vertex 5.04279 4.55853 8.4258
      vertex 7.75424 8.41107 0.4
    endloop
  endfacet
  facet normal -0 0.22505 0.974347
    outer loop
      vertex -4.09999 4.78864 8.37267
      vertex 4.49017 4.75119 8.38132
      vertex 4.09999 4.78864 8.37267
    endloop
  endfacet
  facet normal 0 0.22505 0.974347
    outer loop
      vertex 4.49017 4.75119 8.38132
      vertex -4.09999 4.78864 8.37267
      vertex -4.49017 4.75119 8.38132
    endloop
  endfacet
  facet normal -0.646366 0.585757 0.488979
    outer loop
      vertex -8.13138 8.13138 0.4
      vertex -8.23682 8.01503 0.4
      vertex -5.76292 3.92256 8.57262
    endloop
  endfacet
  facet normal 3.0583e-05 0.22491 0.974379
    outer loop
      vertex -5.21114 4.46021 8.4485
      vertex -5.76292 3.92256 8.57262
      vertex -4.86536 4.6403 8.40692
    endloop
  endfacet
  facet normal -0.0485569 -0.987702 0.148619
    outer loop
      vertex -7 -8.60001 0.4
      vertex -4.39087 -7.3222 9.74462
      vertex -7.15683 -8.5923 0.4
    endloop
  endfacet
  facet normal -0.048996 -0.987662 0.148736
    outer loop
      vertex -4.39087 -7.3222 9.74462
      vertex -7 -8.60001 0.4
      vertex -4.37668 -7.3233 9.74199
    endloop
  endfacet
  facet normal 0.70646 0.523949 0.475807
    outer loop
      vertex 8.23682 8.01503 0.4
      vertex 5.86383 3.75853 8.61049
      vertex 8.33035 7.88892 0.4
    endloop
  endfacet
  facet normal -0.888196 -0.367533 0.275731
    outer loop
      vertex -6.15825 -6.15825 9.8113
      vertex -8.47821 -7.61229 0.4
      vertex -6.12736 -6.22416 9.82295
    endloop
  endfacet
  facet normal -0.88823 -0.367453 0.275727
    outer loop
      vertex -8.47821 -7.61229 0.4
      vertex -6.15825 -6.15825 9.8113
      vertex -6.20001 -6.06679 9.79866
    endloop
  endfacet
  facet normal -0.336842 -0.916064 0.217632
    outer loop
      vertex -5.1805 -7.12561 9.85724
      vertex -7.61229 -8.47821 0.4
      vertex -5.02541 -7.18689 9.83934
    endloop
  endfacet
  facet normal -0.444025 0.740849 0.503969
    outer loop
      vertex -7.75424 8.41107 0.4
      vertex -7.88892 8.33035 0.4
      vertex -5.21114 4.46021 8.4485
    endloop
  endfacet
  facet normal -0.935019 -0.234682 0.265828
    outer loop
      vertex -8.56926 -7.31215 0.4
      vertex -6.26306 -5.88873 9.76844
      vertex -6.26751 -5.87407 9.76573
    endloop
  endfacet
  facet normal -0.935127 -0.234288 0.265795
    outer loop
      vertex -6.26306 -5.88873 9.76844
      vertex -8.56926 -7.31215 0.4
      vertex -8.5311 -7.46446 0.4
    endloop
  endfacet
  facet normal -0.319202 0.807251 0.496443
    outer loop
      vertex -4.86536 4.6403 8.40692
      vertex -7.61229 8.47821 0.4
      vertex -5.04279 4.55853 8.4258
    endloop
  endfacet
  facet normal -0.427384 -0.873008 0.234948
    outer loop
      vertex -5.32961 -7.04977 9.86881
      vertex -7.75424 -8.41107 0.4
      vertex -5.19643 -7.11773 9.85855
    endloop
  endfacet
  facet normal -0.427084 -0.873169 0.234894
    outer loop
      vertex -7.75424 -8.41107 0.4
      vertex -5.32961 -7.04977 9.86881
      vertex -5.34634 -7.04124 9.8701
    endloop
  endfacet
  facet normal -0.242836 -0.94985 0.197019
    outer loop
      vertex -4.84323 -7.2484 9.81482
      vertex -7.46446 -8.5311 0.4
      vertex -4.75364 -7.27342 9.80462
    endloop
  endfacet
  facet normal -0.242969 -0.949809 0.197051
    outer loop
      vertex -7.46446 -8.5311 0.4
      vertex -4.84323 -7.2484 9.81482
      vertex -4.91868 -7.22673 9.82624
    endloop
  endfacet
  facet normal -0.238321 -0.951223 0.195902
    outer loop
      vertex -7.31215 -8.56926 0.4
      vertex -4.75364 -7.27342 9.80462
      vertex -7.46446 -8.5311 0.4
    endloop
  endfacet
  facet normal -0.238613 -0.951136 0.195969
    outer loop
      vertex -4.75364 -7.27342 9.80462
      vertex -7.31215 -8.56926 0.4
      vertex -4.74057 -7.27701 9.80311
    endloop
  endfacet
  facet normal 3.42769e-05 0.22471 0.974426
    outer loop
      vertex -4.29602 4.77926 8.37484
      vertex -4.49017 4.75119 8.38132
      vertex -4.09999 4.78864 8.37267
    endloop
  endfacet
  facet normal -3.0583e-05 0.22491 0.974379
    outer loop
      vertex 5.21114 4.46021 8.4485
      vertex 4.86536 4.6403 8.40692
      vertex 5.76292 3.92256 8.57262
    endloop
  endfacet
  facet normal 0.964217 -0.0891791 0.249664
    outer loop
      vertex 6.33837 -5.52093 9.68915
      vertex 6.31239 -5.69133 9.72862
      vertex 8.5923 -7.15683 0.4
    endloop
  endfacet
  facet normal 0.956326 0.0470144 0.288497
    outer loop
      vertex 6.42521 -3.54403 9.32743
      vertex 8.60001 7 0.4
      vertex 8.5923 7.15683 0.4
    endloop
  endfacet
  facet normal 0.956315 0.0470436 0.288529
    outer loop
      vertex 8.60001 7 0.4
      vertex 6.42521 -3.54403 9.32743
      vertex 6.42526 -3.56915 9.33136
    endloop
  endfacet
  facet normal -0.71244 -0.646026 0.274006
    outer loop
      vertex -8.23682 -8.01503 0.4
      vertex -5.78902 -6.69626 9.87379
      vertex -5.80025 -6.68413 9.87319
    endloop
  endfacet
  facet normal -0.712631 -0.645808 0.274024
    outer loop
      vertex -5.78902 -6.69626 9.87379
      vertex -8.23682 -8.01503 0.4
      vertex -8.13138 -8.13138 0.4
    endloop
  endfacet
  facet normal -0.146609 -0.973785 0.17392
    outer loop
      vertex -4.74057 -7.27701 9.80311
      vertex -7.31215 -8.56926 0.4
      vertex -4.57273 -7.30678 9.77791
    endloop
  endfacet
  facet normal -0.316443 -0.924305 0.213365
    outer loop
      vertex -5.00855 -7.1934 9.83734
      vertex -7.46446 -8.5311 0.4
      vertex -4.91868 -7.22673 9.82624
    endloop
  endfacet
  facet normal -0.37012 0.782523 0.500668
    outer loop
      vertex -7.61229 8.47821 0.4
      vertex -7.75424 8.41107 0.4
      vertex -5.04279 4.55853 8.4258
    endloop
  endfacet
  facet normal 0.000369655 0.224954 0.974369
    outer loop
      vertex -6.09999 2.8399 8.82258
      vertex -6.09168 1.90876 9.03755
      vertex -6.09036 3.0309 8.77848
    endloop
  endfacet
  facet normal -0.000708126 0.224944 0.974371
    outer loop
      vertex -6.09168 1.90876 9.03755
      vertex -6.09999 2.8399 8.82258
      vertex -6.09999 1.90163 9.03919
    endloop
  endfacet
  facet normal 0.044003 0.89507 0.443749
    outer loop
      vertex 7 8.60001 0.4
      vertex 4.29602 4.77926 8.37484
      vertex 7.15683 8.5923 0.4
    endloop
  endfacet
  facet normal 9.38118e-05 0.224964 0.974367
    outer loop
      vertex -5.91785 2.05795 9.0031
      vertex -6.09036 3.0309 8.77848
      vertex -5.98161 2.00323 9.01574
    endloop
  endfacet
  facet normal 0.88823 -0.367453 0.275727
    outer loop
      vertex 6.15825 -6.15825 9.8113
      vertex 8.47821 -7.61229 0.4
      vertex 6.20001 -6.06679 9.79866
    endloop
  endfacet
  facet normal 0.888196 -0.367533 0.275731
    outer loop
      vertex 8.47821 -7.61229 0.4
      vertex 6.15825 -6.15825 9.8113
      vertex 6.12736 -6.22416 9.82295
    endloop
  endfacet
  facet normal 0.922398 -0.276394 0.269795
    outer loop
      vertex 6.26306 -5.88873 9.76844
      vertex 6.20583 -6.05239 9.79644
      vertex 8.5311 -7.46446 0.4
    endloop
  endfacet
  facet normal 0.667683 -0.693693 0.270165
    outer loop
      vertex 5.78902 -6.69626 9.87379
      vertex 5.66527 -6.81463 9.87569
      vertex 8.13138 -8.13138 0.4
    endloop
  endfacet
  facet normal -0.762295 0.456879 0.45844
    outer loop
      vertex -8.33035 7.88892 0.4
      vertex -8.41107 7.75424 0.4
      vertex -5.94775 3.58565 8.65041
    endloop
  endfacet
  facet normal -0.667683 -0.693693 0.270165
    outer loop
      vertex -5.78902 -6.69626 9.87379
      vertex -8.13138 -8.13138 0.4
      vertex -5.66527 -6.81463 9.87569
    endloop
  endfacet
  facet normal -0.845355 -0.455691 0.278786
    outer loop
      vertex -6.12005 -6.2381 9.8252
      vertex -8.41107 -7.75424 0.4
      vertex -6.03245 -6.38746 9.84669
    endloop
  endfacet
  facet normal -0.823849 -0.493479 0.278839
    outer loop
      vertex -8.41107 -7.75424 0.4
      vertex -6.02382 -6.40089 9.84842
      vertex -6.03245 -6.38746 9.84669
    endloop
  endfacet
  facet normal -0.823721 -0.493694 0.278837
    outer loop
      vertex -6.02382 -6.40089 9.84842
      vertex -8.41107 -7.75424 0.4
      vertex -8.33035 -7.88892 0.4
    endloop
  endfacet
  facet normal -0.771812 -0.571965 0.277782
    outer loop
      vertex -8.33035 -7.88892 0.4
      vertex -5.91311 -6.55411 9.86467
      vertex -5.92305 -6.54127 9.86349
    endloop
  endfacet
  facet normal -0.771598 -0.572259 0.277769
    outer loop
      vertex -5.91311 -6.55411 9.86467
      vertex -8.33035 -7.88892 0.4
      vertex -8.23682 -8.01503 0.4
    endloop
  endfacet
  facet normal -0.000652954 0.224953 0.974369
    outer loop
      vertex 6.09036 3.0309 8.77848
      vertex 6.0866 1.91312 9.03654
      vertex 6.09168 1.90876 9.03755
    endloop
  endfacet
  facet normal 0.646366 0.585757 0.488979
    outer loop
      vertex 8.13138 8.13138 0.4
      vertex 5.76292 3.92256 8.57262
      vertex 8.23682 8.01503 0.4
    endloop
  endfacet
  facet normal 0.0379836 0.896109 0.442205
    outer loop
      vertex 7 8.60001 0.4
      vertex 4.09999 4.78864 8.37267
      vertex 4.29602 4.77926 8.37484
    endloop
  endfacet
  facet normal 0.582293 0.642543 0.498069
    outer loop
      vertex 8.01503 8.23682 0.4
      vertex 5.64601 4.07616 8.53716
      vertex 8.13138 8.13138 0.4
    endloop
  endfacet
  facet normal 5.53549e-06 0.224961 0.974368
    outer loop
      vertex 4.86536 4.6403 8.40692
      vertex 4.49017 4.75119 8.38132
      vertex 5.94775 3.58565 8.65041
    endloop
  endfacet
  facet normal 0.969458 0.00767151 0.245137
    outer loop
      vertex 6.42526 -3.56915 9.33136
      vertex 6.42093 -3.71537 9.35306
      vertex 8.60001 7 0.4
    endloop
  endfacet
  facet normal 0.823849 -0.493479 0.278839
    outer loop
      vertex 6.02382 -6.40089 9.84842
      vertex 8.41107 -7.75424 0.4
      vertex 6.03245 -6.38746 9.84669
    endloop
  endfacet
  facet normal 0.823721 -0.493694 0.278837
    outer loop
      vertex 8.41107 -7.75424 0.4
      vertex 6.02382 -6.40089 9.84842
      vertex 8.33035 -7.88892 0.4
    endloop
  endfacet
  facet normal 0.734712 -0.61968 0.276033
    outer loop
      vertex 5.87208 -6.60138 9.86776
      vertex 8.23682 -8.01503 0.4
      vertex 5.91311 -6.55411 9.86467
    endloop
  endfacet
  facet normal 0.73473 -0.619659 0.276034
    outer loop
      vertex 8.23682 -8.01503 0.4
      vertex 5.87208 -6.60138 9.86776
      vertex 5.80025 -6.68413 9.87319
    endloop
  endfacet
  facet normal 0.146609 -0.973785 0.17392
    outer loop
      vertex 4.74057 -7.27701 9.80311
      vertex 4.57273 -7.30678 9.77791
      vertex 7.31215 -8.56926 0.4
    endloop
  endfacet
  facet normal -0.593571 -0.761177 0.261309
    outer loop
      vertex -5.65279 -6.82594 9.87569
      vertex -8.01503 -8.23682 0.4
      vertex -5.62195 -6.85036 9.87461
    endloop
  endfacet
  facet normal -0.593612 -0.761143 0.261315
    outer loop
      vertex -5.51822 -6.93085 9.8758
      vertex -5.62195 -6.85036 9.87461
      vertex -8.01503 -8.23682 0.4
    endloop
  endfacet
  facet normal -0.575444 -0.775893 0.258561
    outer loop
      vertex -7.88892 -8.33035 0.4
      vertex -5.51822 -6.93085 9.8758
      vertex -8.01503 -8.23682 0.4
    endloop
  endfacet
  facet normal -0.57572 -0.775677 0.258597
    outer loop
      vertex -5.51822 -6.93085 9.8758
      vertex -7.88892 -8.33035 0.4
      vertex -5.50441 -6.9411 9.8758
    endloop
  endfacet
  facet normal 1.03256e-05 0.224946 0.974371
    outer loop
      vertex 6.09036 3.0309 8.77848
      vertex 5.69775 2.24686 8.95949
      vertex 5.91785 2.05795 9.0031
    endloop
  endfacet
  facet normal 1.08282e-05 0.224946 0.974371
    outer loop
      vertex 6.09036 3.0309 8.77848
      vertex 5.60877 2.32323 8.94186
      vertex 5.69775 2.24686 8.95949
    endloop
  endfacet
  facet normal 1.59165e-06 0.224952 0.97437
    outer loop
      vertex 6.09036 3.0309 8.77848
      vertex 5.19555 2.63774 8.86925
      vertex 5.60877 2.32323 8.94186
    endloop
  endfacet
  facet normal -3.42187e-06 0.224963 0.974367
    outer loop
      vertex 6.09036 3.0309 8.77848
      vertex 5.08098 2.70301 8.85418
      vertex 5.19555 2.63774 8.86925
    endloop
  endfacet
  facet normal -4.99325e-05 0.225099 0.974336
    outer loop
      vertex 6.09036 3.0309 8.77848
      vertex 5.06936 2.70963 8.85265
      vertex 5.08098 2.70301 8.85418
    endloop
  endfacet
  facet normal -3.90413e-05 0.225066 0.974344
    outer loop
      vertex 6.09036 3.0309 8.77848
      vertex 5.05442 2.71729 8.85088
      vertex 5.06936 2.70963 8.85265
    endloop
  endfacet
  facet normal -5.97326e-07 0.224945 0.974371
    outer loop
      vertex 6.09036 3.0309 8.77848
      vertex 4.49548 3.00378 8.78474
      vertex 5.05442 2.71729 8.85088
    endloop
  endfacet
  facet normal 0 0.224912 0.974379
    outer loop
      vertex 4.49548 3.00378 8.78474
      vertex 6.09036 3.0309 8.77848
      vertex 4.43623 3.0309 8.77848
    endloop
  endfacet
  facet normal 5.97326e-07 0.224945 0.974371
    outer loop
      vertex -6.09036 3.0309 8.77848
      vertex -5.05442 2.71729 8.85088
      vertex -4.49548 3.00378 8.78474
    endloop
  endfacet
  facet normal 4.99325e-05 0.225099 0.974336
    outer loop
      vertex -6.09036 3.0309 8.77848
      vertex -5.08098 2.70301 8.85418
      vertex -5.06936 2.70963 8.85265
    endloop
  endfacet
  facet normal -1.03256e-05 0.224946 0.974371
    outer loop
      vertex -5.69775 2.24686 8.95949
      vertex -6.09036 3.0309 8.77848
      vertex -5.91785 2.05795 9.0031
    endloop
  endfacet
  facet normal -1.08282e-05 0.224946 0.974371
    outer loop
      vertex -5.60877 2.32323 8.94186
      vertex -6.09036 3.0309 8.77848
      vertex -5.69775 2.24686 8.95949
    endloop
  endfacet
  facet normal -1.59165e-06 0.224952 0.97437
    outer loop
      vertex -5.19555 2.63774 8.86925
      vertex -6.09036 3.0309 8.77848
      vertex -5.60877 2.32323 8.94186
    endloop
  endfacet
  facet normal 3.42187e-06 0.224963 0.974367
    outer loop
      vertex -5.08098 2.70301 8.85418
      vertex -6.09036 3.0309 8.77848
      vertex -5.19555 2.63774 8.86925
    endloop
  endfacet
  facet normal 3.90413e-05 0.225066 0.974344
    outer loop
      vertex -5.05442 2.71729 8.85088
      vertex -6.09036 3.0309 8.77848
      vertex -5.06936 2.70963 8.85265
    endloop
  endfacet
  facet normal -0 0.224912 0.974379
    outer loop
      vertex -6.09036 3.0309 8.77848
      vertex -4.49548 3.00378 8.78474
      vertex -4.43623 3.0309 8.77848
    endloop
  endfacet
  facet normal 5.38015e-05 0.224957 0.974369
    outer loop
      vertex 6.01387 3.40558 8.69198
      vertex 5.94775 3.58565 8.65041
      vertex 6.09036 3.0309 8.77848
    endloop
  endfacet
  facet normal 0.000517518 0.225047 0.974348
    outer loop
      vertex 6.06155 3.22008 8.7348
      vertex 6.01387 3.40558 8.69198
      vertex 6.09036 3.0309 8.77848
    endloop
  endfacet
  facet normal 2.71739e-05 0.224917 0.974378
    outer loop
      vertex -5.04279 4.55853 8.4258
      vertex -5.21114 4.46021 8.4485
      vertex -4.86536 4.6403 8.40692
    endloop
  endfacet
  facet normal -0.384757 0.774671 0.501844
    outer loop
      vertex -5.04279 4.55853 8.4258
      vertex -7.75424 8.41107 0.4
      vertex -5.21114 4.46021 8.4485
    endloop
  endfacet
  facet normal 0.854172 0.315046 0.413686
    outer loop
      vertex 8.47821 7.61229 0.4
      vertex 6.01387 3.40558 8.69198
      vertex 6.06155 3.22008 8.7348
    endloop
  endfacet
  facet normal 3.28056e-05 0.224951 0.97437
    outer loop
      vertex 6.09036 3.0309 8.77848
      vertex 5.98161 2.00323 9.01574
      vertex 6.0866 1.91312 9.03654
    endloop
  endfacet
  facet normal 0 0.902207 0.431304
    outer loop
      vertex 7 8.60001 0.4
      vertex -4.09999 4.78864 8.37267
      vertex 4.09999 4.78864 8.37267
    endloop
  endfacet
  facet normal 0 0.902207 0.431304
    outer loop
      vertex -4.09999 4.78864 8.37267
      vertex 7 8.60001 0.4
      vertex -7 8.60001 0.4
    endloop
  endfacet
  facet normal 0.514825 0.694158 0.50309
    outer loop
      vertex 7.88892 8.33035 0.4
      vertex 5.51421 4.21787 8.50445
      vertex 8.01503 8.23682 0.4
    endloop
  endfacet
  facet normal 0.384757 0.774671 0.501844
    outer loop
      vertex 7.75424 8.41107 0.4
      vertex 5.04279 4.55853 8.4258
      vertex 5.21114 4.46021 8.4485
    endloop
  endfacet
  facet normal 0.935019 -0.234682 0.265828
    outer loop
      vertex 6.26306 -5.88873 9.76844
      vertex 8.56926 -7.31215 0.4
      vertex 6.26751 -5.87407 9.76573
    endloop
  endfacet
  facet normal 0.935127 -0.234288 0.265795
    outer loop
      vertex 8.56926 -7.31215 0.4
      vertex 6.26306 -5.88873 9.76844
      vertex 8.5311 -7.46446 0.4
    endloop
  endfacet
  facet normal 0.794065 -0.540069 0.278901
    outer loop
      vertex 6.02382 -6.40089 9.84842
      vertex 5.92305 -6.54127 9.86349
      vertex 8.33035 -7.88892 0.4
    endloop
  endfacet
  facet normal 0.57572 -0.775677 0.258597
    outer loop
      vertex 7.88892 -8.33035 0.4
      vertex 5.51822 -6.93085 9.8758
      vertex 5.50441 -6.9411 9.8758
    endloop
  endfacet
  facet normal 0.575444 -0.775893 0.258561
    outer loop
      vertex 5.51822 -6.93085 9.8758
      vertex 7.88892 -8.33035 0.4
      vertex 8.01503 -8.23682 0.4
    endloop
  endfacet
  facet normal 0.293053 0.819098 0.493151
    outer loop
      vertex 7.46446 8.5311 0.4
      vertex 4.86536 4.6403 8.40692
      vertex 7.61229 8.47821 0.4
    endloop
  endfacet
  facet normal 0.242969 -0.949809 0.197051
    outer loop
      vertex 4.84323 -7.2484 9.81482
      vertex 7.46446 -8.5311 0.4
      vertex 4.91868 -7.22673 9.82624
    endloop
  endfacet
  facet normal 0.242836 -0.94985 0.197019
    outer loop
      vertex 7.46446 -8.5311 0.4
      vertex 4.84323 -7.2484 9.81482
      vertex 4.75364 -7.27342 9.80462
    endloop
  endfacet
  facet normal -0.513196 -0.821195 0.249537
    outer loop
      vertex -5.50441 -6.9411 9.8758
      vertex -7.88892 -8.33035 0.4
      vertex -5.36124 -7.03211 9.87074
    endloop
  endfacet
  facet normal 0.316443 -0.924305 0.213365
    outer loop
      vertex 5.00855 -7.1934 9.83734
      vertex 4.91868 -7.22673 9.82624
      vertex 7.46446 -8.5311 0.4
    endloop
  endfacet
  facet normal 0.329298 -0.919192 0.215986
    outer loop
      vertex 7.46446 -8.5311 0.4
      vertex 5.02541 -7.18689 9.83934
      vertex 5.00855 -7.1934 9.83734
    endloop
  endfacet
  facet normal 0.328919 -0.919345 0.21591
    outer loop
      vertex 5.02541 -7.18689 9.83934
      vertex 7.46446 -8.5311 0.4
      vertex 7.61229 -8.47821 0.4
    endloop
  endfacet
  facet normal 0.947747 -0.183345 0.261073
    outer loop
      vertex 6.30933 -5.70618 9.73182
      vertex 6.26751 -5.87407 9.76573
      vertex 8.56926 -7.31215 0.4
    endloop
  endfacet
  facet normal 0.956213 -0.141876 0.255986
    outer loop
      vertex 6.30933 -5.70618 9.73182
      vertex 8.5923 -7.15683 0.4
      vertex 6.31239 -5.69133 9.72862
    endloop
  endfacet
  facet normal 0.956218 -0.141844 0.255983
    outer loop
      vertex 8.5923 -7.15683 0.4
      vertex 6.30933 -5.70618 9.73182
      vertex 8.56926 -7.31215 0.4
    endloop
  endfacet
  facet normal -0.956326 0.0470144 0.288497
    outer loop
      vertex -8.60001 7 0.4
      vertex -6.42521 -3.54403 9.32743
      vertex -8.5923 7.15683 0.4
    endloop
  endfacet
  facet normal -0.956315 0.0470436 0.288529
    outer loop
      vertex -6.42521 -3.54403 9.32743
      vertex -8.60001 7 0.4
      vertex -6.42526 -3.56915 9.33136
    endloop
  endfacet
  facet normal -0.922398 -0.276394 0.269795
    outer loop
      vertex -6.26306 -5.88873 9.76844
      vertex -8.5311 -7.46446 0.4
      vertex -6.20583 -6.05239 9.79644
    endloop
  endfacet
  facet normal -5.53549e-06 0.224961 0.974368
    outer loop
      vertex -4.86536 4.6403 8.40692
      vertex -5.94775 3.58565 8.65041
      vertex -4.49017 4.75119 8.38132
    endloop
  endfacet
  facet normal -0.813184 0.384623 0.436803
    outer loop
      vertex -8.41107 7.75424 0.4
      vertex -8.47821 7.61229 0.4
      vertex -6.01387 3.40558 8.69198
    endloop
  endfacet
  facet normal 1.05718e-05 0.224942 0.974372
    outer loop
      vertex -5.94775 3.58565 8.65041
      vertex -6.09036 3.0309 8.77848
      vertex -4.49017 4.75119 8.38132
    endloop
  endfacet
  facet normal -0.73473 -0.619659 0.276034
    outer loop
      vertex -5.87208 -6.60138 9.86776
      vertex -8.23682 -8.01503 0.4
      vertex -5.80025 -6.68413 9.87319
    endloop
  endfacet
  facet normal -0.734712 -0.61968 0.276033
    outer loop
      vertex -8.23682 -8.01503 0.4
      vertex -5.87208 -6.60138 9.86776
      vertex -5.91311 -6.55411 9.86467
    endloop
  endfacet
  facet normal -0.514825 0.694158 0.50309
    outer loop
      vertex -7.88892 8.33035 0.4
      vertex -8.01503 8.23682 0.4
      vertex -5.51421 4.21787 8.50445
    endloop
  endfacet
  facet normal -0.000206835 0.225092 0.974337
    outer loop
      vertex -5.64601 4.07616 8.53716
      vertex -5.76292 3.92256 8.57262
      vertex -5.51421 4.21787 8.50445
    endloop
  endfacet
  facet normal -0.21303 0.850278 0.481295
    outer loop
      vertex -7.31215 8.56926 0.4
      vertex -7.46446 8.5311 0.4
      vertex -4.68056 4.70473 8.39205
    endloop
  endfacet
  facet normal -0.293053 0.819098 0.493151
    outer loop
      vertex -7.46446 8.5311 0.4
      vertex -7.61229 8.47821 0.4
      vertex -4.86536 4.6403 8.40692
    endloop
  endfacet
  facet normal 0.804762 0.397313 0.441023
    outer loop
      vertex 8.41107 7.75424 0.4
      vertex 5.94775 3.58565 8.65041
      vertex 6.01387 3.40558 8.69198
    endloop
  endfacet
  facet normal 0.762295 0.456879 0.45844
    outer loop
      vertex 8.33035 7.88892 0.4
      vertex 5.94775 3.58565 8.65041
      vertex 8.41107 7.75424 0.4
    endloop
  endfacet
  facet normal 0.897143 0.224772 0.38028
    outer loop
      vertex 8.5311 7.46446 0.4
      vertex 6.06155 3.22008 8.7348
      vertex 8.56926 7.31215 0.4
    endloop
  endfacet
  facet normal 0.858455 0.307135 0.410759
    outer loop
      vertex 8.47821 7.61229 0.4
      vertex 6.06155 3.22008 8.7348
      vertex 8.5311 7.46446 0.4
    endloop
  endfacet
  facet normal 0.845355 -0.455691 0.278786
    outer loop
      vertex 6.12005 -6.2381 9.8252
      vertex 6.03245 -6.38746 9.84669
      vertex 8.41107 -7.75424 0.4
    endloop
  endfacet
  facet normal 0.868592 -0.410738 0.277205
    outer loop
      vertex 6.12005 -6.2381 9.8252
      vertex 8.47821 -7.61229 0.4
      vertex 6.12736 -6.22416 9.82295
    endloop
  endfacet
  facet normal 0.868556 -0.410813 0.277207
    outer loop
      vertex 8.47821 -7.61229 0.4
      vertex 6.12005 -6.2381 9.8252
      vertex 8.41107 -7.75424 0.4
    endloop
  endfacet
  facet normal -4.02265e-05 0.224995 0.97436
    outer loop
      vertex -5.76292 3.92256 8.57262
      vertex -5.94775 3.58565 8.65041
      vertex -4.86536 4.6403 8.40692
    endloop
  endfacet
  facet normal -0.750861 0.471321 0.462671
    outer loop
      vertex -5.86383 3.75853 8.61049
      vertex -8.33035 7.88892 0.4
      vertex -5.94775 3.58565 8.65041
    endloop
  endfacet
  facet normal 0.427084 -0.873169 0.234894
    outer loop
      vertex 5.32961 -7.04977 9.86881
      vertex 7.75424 -8.41107 0.4
      vertex 5.34634 -7.04124 9.8701
    endloop
  endfacet
  facet normal 0.427384 -0.873008 0.234948
    outer loop
      vertex 7.75424 -8.41107 0.4
      vertex 5.32961 -7.04977 9.86881
      vertex 5.19643 -7.11773 9.85855
    endloop
  endfacet
  facet normal 0.498551 -0.830938 0.246957
    outer loop
      vertex 7.75424 -8.41107 0.4
      vertex 5.36124 -7.03211 9.87074
      vertex 5.34634 -7.04124 9.8701
    endloop
  endfacet
  facet normal 0.498169 -0.831186 0.246896
    outer loop
      vertex 5.36124 -7.03211 9.87074
      vertex 7.75424 -8.41107 0.4
      vertex 7.88892 -8.33035 0.4
    endloop
  endfacet
  facet normal -0.969458 0.00767151 0.245137
    outer loop
      vertex -6.42526 -3.56915 9.33136
      vertex -8.60001 7 0.4
      vertex -6.42093 -3.71537 9.35306
    endloop
  endfacet
  facet normal -0.971635 0 0.236486
    outer loop
      vertex -8.60001 -7 0.4
      vertex -6.42093 -3.71537 9.35306
      vertex -8.60001 7 0.4
    endloop
  endfacet
  facet normal -0.971636 6.94353e-06 0.236483
    outer loop
      vertex -6.42093 -3.71537 9.35306
      vertex -8.60001 -7 0.4
      vertex -6.40568 -4.14218 9.41573
    endloop
  endfacet
  facet normal -0.971638 4.59548e-05 0.236472
    outer loop
      vertex -6.40568 -4.14218 9.41573
      vertex -8.60001 -7 0.4
      vertex -6.40087 -4.27692 9.43552
    endloop
  endfacet
  facet normal -0.971635 -1.80613e-06 0.236485
    outer loop
      vertex -6.40087 -4.27692 9.43552
      vertex -8.60001 -7 0.4
      vertex -6.37229 -4.9645 9.55294
    endloop
  endfacet
  facet normal -0.971635 -5.62322e-06 0.236486
    outer loop
      vertex -6.37229 -4.9645 9.55294
      vertex -8.60001 -7 0.4
      vertex -6.36157 -5.15723 9.59698
    endloop
  endfacet
  facet normal -0.97163 -0.000105416 0.236505
    outer loop
      vertex -6.36157 -5.15723 9.59698
      vertex -8.60001 -7 0.4
      vertex -6.35818 -5.21803 9.61088
    endloop
  endfacet
  facet normal -0.971636 2.69236e-05 0.236481
    outer loop
      vertex -6.35818 -5.21803 9.61088
      vertex -8.60001 -7 0.4
      vertex -6.3504 -5.34144 9.64286
    endloop
  endfacet
  facet normal -0.971634 -2.44293e-05 0.236489
    outer loop
      vertex -6.3504 -5.34144 9.64286
      vertex -8.60001 -7 0.4
      vertex -6.34002 -5.50597 9.68549
    endloop
  endfacet
  facet normal -0.794065 -0.540069 0.278901
    outer loop
      vertex -6.02382 -6.40089 9.84842
      vertex -8.33035 -7.88892 0.4
      vertex -5.92305 -6.54127 9.86349
    endloop
  endfacet
  facet normal 0.000652954 0.224953 0.974369
    outer loop
      vertex -6.09036 3.0309 8.77848
      vertex -6.09168 1.90876 9.03755
      vertex -6.0866 1.91312 9.03654
    endloop
  endfacet
  facet normal -0.854172 0.315046 0.413686
    outer loop
      vertex -6.01387 3.40558 8.69198
      vertex -8.47821 7.61229 0.4
      vertex -6.06155 3.22008 8.7348
    endloop
  endfacet
  facet normal -0.574087 0.649133 0.499049
    outer loop
      vertex -5.51421 4.21787 8.50445
      vertex -8.01503 8.23682 0.4
      vertex -5.64601 4.07616 8.53716
    endloop
  endfacet
  facet normal -0.582293 0.642543 0.498069
    outer loop
      vertex -8.01503 8.23682 0.4
      vertex -8.13138 8.13138 0.4
      vertex -5.64601 4.07616 8.53716
    endloop
  endfacet
  facet normal 1.97893e-05 0.224921 0.974377
    outer loop
      vertex -5.36877 4.34629 8.4748
      vertex -5.76292 3.92256 8.57262
      vertex -5.21114 4.46021 8.4485
    endloop
  endfacet
  facet normal -0.449037 0.737713 0.504128
    outer loop
      vertex -5.21114 4.46021 8.4485
      vertex -7.88892 8.33035 0.4
      vertex -5.36877 4.34629 8.4748
    endloop
  endfacet
  facet normal 0.000125401 0.22454 0.974465
    outer loop
      vertex -4.68056 4.70473 8.39205
      vertex -4.86536 4.6403 8.40692
      vertex -4.49017 4.75119 8.38132
    endloop
  endfacet
  facet normal -0.183048 0.860092 0.476168
    outer loop
      vertex -4.49017 4.75119 8.38132
      vertex -7.31215 8.56926 0.4
      vertex -4.68056 4.70473 8.39205
    endloop
  endfacet
  facet normal 0.000294423 0.225127 0.974329
    outer loop
      vertex 5.86383 3.75853 8.61049
      vertex 5.76292 3.92256 8.57262
      vertex 5.94775 3.58565 8.65041
    endloop
  endfacet
  facet normal 0.693876 0.537501 0.479196
    outer loop
      vertex 8.23682 8.01503 0.4
      vertex 5.76292 3.92256 8.57262
      vertex 5.86383 3.75853 8.61049
    endloop
  endfacet
  facet normal -0.897286 0.22442 0.38015
    outer loop
      vertex -6.06155 3.22008 8.7348
      vertex -8.56926 7.31215 0.4
      vertex -6.09036 3.0309 8.77848
    endloop
  endfacet
  facet normal -0.928421 0.137721 0.34506
    outer loop
      vertex -8.56926 7.31215 0.4
      vertex -8.5923 7.15683 0.4
      vertex -6.09036 3.0309 8.77848
    endloop
  endfacet
  facet normal -0.693876 0.537501 0.479196
    outer loop
      vertex -5.76292 3.92256 8.57262
      vertex -8.23682 8.01503 0.4
      vertex -5.86383 3.75853 8.61049
    endloop
  endfacet
  facet normal -0.70646 0.523949 0.475807
    outer loop
      vertex -8.23682 8.01503 0.4
      vertex -8.33035 7.88892 0.4
      vertex -5.86383 3.75853 8.61049
    endloop
  endfacet
  facet normal 0.593571 -0.761177 0.261309
    outer loop
      vertex 5.65279 -6.82594 9.87569
      vertex 5.62195 -6.85036 9.87461
      vertex 8.01503 -8.23682 0.4
    endloop
  endfacet
  facet normal 0.593612 -0.761143 0.261315
    outer loop
      vertex 5.51822 -6.93085 9.8758
      vertex 8.01503 -8.23682 0.4
      vertex 5.62195 -6.85036 9.87461
    endloop
  endfacet
  facet normal 0.647028 -0.713962 0.267606
    outer loop
      vertex 8.01503 -8.23682 0.4
      vertex 5.66527 -6.81463 9.87569
      vertex 5.65279 -6.82594 9.87569
    endloop
  endfacet
  facet normal 0.647021 -0.713969 0.267605
    outer loop
      vertex 5.66527 -6.81463 9.87569
      vertex 8.01503 -8.23682 0.4
      vertex 8.13138 -8.13138 0.4
    endloop
  endfacet
  facet normal -0.964217 -0.0891791 0.249664
    outer loop
      vertex -6.33837 -5.52093 9.68915
      vertex -8.5923 -7.15683 0.4
      vertex -6.31239 -5.69133 9.72862
    endloop
  endfacet
  facet normal -0.956213 -0.141876 0.255986
    outer loop
      vertex -8.5923 -7.15683 0.4
      vertex -6.30933 -5.70618 9.73182
      vertex -6.31239 -5.69133 9.72862
    endloop
  endfacet
  facet normal -0.956218 -0.141844 0.255983
    outer loop
      vertex -6.30933 -5.70618 9.73182
      vertex -8.5923 -7.15683 0.4
      vertex -8.56926 -7.31215 0.4
    endloop
  endfacet
  facet normal 0.449037 0.737713 0.504128
    outer loop
      vertex 7.88892 8.33035 0.4
      vertex 5.21114 4.46021 8.4485
      vertex 5.36877 4.34629 8.4748
    endloop
  endfacet
  facet normal 0.444025 0.740849 0.503969
    outer loop
      vertex 7.75424 8.41107 0.4
      vertex 5.21114 4.46021 8.4485
      vertex 7.88892 8.33035 0.4
    endloop
  endfacet
  facet normal 0.931971 0.125517 0.340111
    outer loop
      vertex 8.5923 7.15683 0.4
      vertex 6.09036 3.0309 8.77848
      vertex 6.09999 2.8399 8.82258
    endloop
  endfacet
  facet normal 0.928421 0.137721 0.34506
    outer loop
      vertex 8.56926 7.31215 0.4
      vertex 6.09036 3.0309 8.77848
      vertex 8.5923 7.15683 0.4
    endloop
  endfacet
  facet normal -0.947747 -0.183345 0.261073
    outer loop
      vertex -6.30933 -5.70618 9.73182
      vertex -8.56926 -7.31215 0.4
      vertex -6.26751 -5.87407 9.76573
    endloop
  endfacet
  facet normal 4.02265e-05 0.224995 0.97436
    outer loop
      vertex 5.76292 3.92256 8.57262
      vertex 4.86536 4.6403 8.40692
      vertex 5.94775 3.58565 8.65041
    endloop
  endfacet
  facet normal -0.000125401 0.22454 0.974465
    outer loop
      vertex 4.68056 4.70473 8.39205
      vertex 4.49017 4.75119 8.38132
      vertex 4.86536 4.6403 8.40692
    endloop
  endfacet
  facet normal 0.000206835 0.225092 0.974337
    outer loop
      vertex 5.64601 4.07616 8.53716
      vertex 5.51421 4.21787 8.50445
      vertex 5.76292 3.92256 8.57262
    endloop
  endfacet
  facet normal 0.574087 0.649133 0.499049
    outer loop
      vertex 8.01503 8.23682 0.4
      vertex 5.51421 4.21787 8.50445
      vertex 5.64601 4.07616 8.53716
    endloop
  endfacet
  facet normal -2.71739e-05 0.224917 0.974378
    outer loop
      vertex 5.04279 4.55853 8.4258
      vertex 4.86536 4.6403 8.40692
      vertex 5.21114 4.46021 8.4485
    endloop
  endfacet
  facet normal 0.319202 0.807251 0.496443
    outer loop
      vertex 7.61229 8.47821 0.4
      vertex 4.86536 4.6403 8.40692
      vertex 5.04279 4.55853 8.4258
    endloop
  endfacet
  facet normal -0.000137179 0.224817 0.974401
    outer loop
      vertex 5.51421 4.21787 8.50445
      vertex 5.36877 4.34629 8.4748
      vertex 5.76292 3.92256 8.57262
    endloop
  endfacet
  facet normal 0.512039 0.696095 0.503257
    outer loop
      vertex 7.88892 8.33035 0.4
      vertex 5.36877 4.34629 8.4748
      vertex 5.51421 4.21787 8.50445
    endloop
  endfacet
  facet normal 0.252101 0.835691 0.48792
    outer loop
      vertex 7.46446 8.5311 0.4
      vertex 4.68056 4.70473 8.39205
      vertex 4.86536 4.6403 8.40692
    endloop
  endfacet
  facet normal 0.21303 0.850278 0.481295
    outer loop
      vertex 7.31215 8.56926 0.4
      vertex 4.68056 4.70473 8.39205
      vertex 7.46446 8.5311 0.4
    endloop
  endfacet
  facet normal -0.0480122 0.976479 -0.210197
    outer loop
      vertex 5.99802 -6.89517 0
      vertex 5.89999 -6.89999 0
      vertex 3.09999 -5.17288 8.66294
    endloop
  endfacet
  facet normal -0.640582 -0.580585 -0.50257
    outer loop
      vertex 6.6071 6.6071 0
      vertex 6.673 6.53439 0
      vertex 4.1049 3.04097 7.30904
    endloop
  endfacet
  facet normal -0.0489594 0.976369 -0.210492
    outer loop
      vertex 3.22742 -5.16671 8.66192
      vertex 5.99802 -6.89517 0
      vertex 3.09999 -5.17288 8.66294
    endloop
  endfacet
  facet normal 0.192763 -0.858197 -0.475753
    outer loop
      vertex -3.35361 3.48529 7.2358
      vertex -3.47736 3.4547 7.24084
      vertex -6.09508 6.88078 0
    endloop
  endfacet
  facet normal -0.948815 0.0928799 -0.301867
    outer loop
      vertex 4.39374 -4.01592 8.47223
      vertex 6.89517 -5.99802 0
      vertex 4.37502 -4.14043 8.49276
    endloop
  endfacet
  facet normal 0.142466 0.960928 -0.237319
    outer loop
      vertex -3.22742 -5.16671 8.66192
      vertex -5.99802 -6.89517 0
      vertex -6.09508 -6.88078 0
    endloop
  endfacet
  facet normal 0.000688929 -0.162638 -0.986686
    outer loop
      vertex 4.39999 2.22724 7.44316
      vertex 4.39999 -3.89019 8.45151
      vertex 4.39374 -4.01592 8.47223
    endloop
  endfacet
  facet normal -0.0441494 -0.897919 -0.437942
    outer loop
      vertex 5.89999 6.89999 0
      vertex 5.99802 6.89517 0
      vertex 3.22742 3.50377 7.23275
    endloop
  endfacet
  facet normal -0.323126 0.903111 -0.282809
    outer loop
      vertex 6.28268 -6.82387 0
      vertex 6.19028 -6.85693 0
      vertex 3.47736 -5.11765 8.65383
    endloop
  endfacet
  facet normal 0.407718 0.862088 -0.30095
    outer loop
      vertex -3.59747 -5.07525 8.64685
      vertex -6.28268 -6.82387 0
      vertex -6.37138 -6.78192 0
    endloop
  endfacet
  facet normal -0.401563 -0.762728 -0.506944
    outer loop
      vertex 6.37138 6.78192 0
      vertex 3.82224 3.29377 7.26737
      vertex 3.7128 3.35848 7.2567
    endloop
  endfacet
  facet normal 0.925388 -0.105971 -0.363905
    outer loop
      vertex -4.39374 2.35297 7.42244
      vertex -4.39999 2.22724 7.44316
      vertex -6.89517 5.99802 0
    endloop
  endfacet
  facet normal -0.117937 -0.880961 -0.458256
    outer loop
      vertex 5.99802 6.89517 0
      vertex 3.35361 3.48529 7.2358
      vertex 3.22742 3.50377 7.23275
    endloop
  endfacet
  facet normal -0.000567378 -0.163105 -0.986609
    outer loop
      vertex -4.01923 -4.79719 8.60101
      vertex -4.1049 -4.70392 8.58564
      vertex -4.18091 -4.60282 8.56897
    endloop
  endfacet
  facet normal 0 -0.162747 -0.986668
    outer loop
      vertex -3.09999 -5.17288 8.66294
      vertex 3.47736 -5.11765 8.65383
      vertex 3.09999 -5.17288 8.66294
    endloop
  endfacet
  facet normal -0 -0.162747 -0.986668
    outer loop
      vertex 3.47736 -5.11765 8.65383
      vertex -3.09999 -5.17288 8.66294
      vertex -3.47736 -5.11765 8.65383
    endloop
  endfacet
  facet normal 0.00024246 -0.163105 -0.986609
    outer loop
      vertex 3.82224 -4.95672 8.62731
      vertex 3.59747 -5.07525 8.64685
      vertex 3.47736 -5.11765 8.65383
    endloop
  endfacet
  facet normal 0.000123447 -0.162614 -0.98669
    outer loop
      vertex 3.28411 0.323456 7.75697
      vertex 4.18091 -4.60282 8.56897
      vertex 3.3 0 7.81028
    endloop
  endfacet
  facet normal -5.38148e-05 -0.162647 -0.986684
    outer loop
      vertex 4.18091 -4.60282 8.56897
      vertex 3.28411 -0.323456 7.8636
      vertex 3.3 0 7.81028
    endloop
  endfacet
  facet normal 1.85363e-05 -0.162632 -0.986687
    outer loop
      vertex 4.18091 -4.60282 8.56897
      vertex 3.23659 -0.643798 7.9164
      vertex 3.28411 -0.323456 7.8636
    endloop
  endfacet
  facet normal 1.35175e-06 -0.162636 -0.986686
    outer loop
      vertex 4.18091 -4.60282 8.56897
      vertex 3.1579 -0.957939 7.96818
      vertex 3.23659 -0.643798 7.9164
    endloop
  endfacet
  facet normal -5.8949e-06 -0.162638 -0.986686
    outer loop
      vertex 4.18091 -4.60282 8.56897
      vertex 3.0488 -1.26285 8.01844
      vertex 3.1579 -0.957939 7.96818
    endloop
  endfacet
  facet normal -1.71382e-05 -0.162642 -0.986685
    outer loop
      vertex 4.18091 -4.60282 8.56897
      vertex 2.91034 -1.55561 8.0667
      vertex 3.0488 -1.26285 8.01844
    endloop
  endfacet
  facet normal 1.63605e-05 -0.162628 -0.986687
    outer loop
      vertex 4.18091 -4.60282 8.56897
      vertex 2.74385 -1.83338 8.11248
      vertex 2.91034 -1.55561 8.0667
    endloop
  endfacet
  facet normal -1.23958e-05 -0.162643 -0.986685
    outer loop
      vertex 4.18091 -4.60282 8.56897
      vertex 2.55093 -2.0935 8.15536
      vertex 2.74385 -1.83338 8.11248
    endloop
  endfacet
  facet normal 2.22595e-06 -0.162634 -0.986687
    outer loop
      vertex 4.18091 -4.60282 8.56897
      vertex 2.33345 -2.33345 8.19491
      vertex 2.55093 -2.0935 8.15536
    endloop
  endfacet
  facet normal -6.61637e-06 -0.162641 -0.986685
    outer loop
      vertex 4.18091 -4.60282 8.56897
      vertex 2.0935 -2.55093 8.23076
      vertex 2.33345 -2.33345 8.19491
    endloop
  endfacet
  facet normal -2.76985e-06 -0.162637 -0.986686
    outer loop
      vertex 4.18091 -4.60282 8.56897
      vertex 1.83338 -2.74385 8.26256
      vertex 2.0935 -2.55093 8.23076
    endloop
  endfacet
  facet normal 4.42016e-06 -0.162628 -0.986687
    outer loop
      vertex 4.18091 -4.60282 8.56897
      vertex 1.55561 -2.91034 8.29
      vertex 1.83338 -2.74385 8.26256
    endloop
  endfacet
  facet normal 4.35641e-06 -0.162628 -0.986687
    outer loop
      vertex 4.18091 -4.60282 8.56897
      vertex 1.26285 -3.0488 8.31282
      vertex 1.55561 -2.91034 8.29
    endloop
  endfacet
  facet normal -1.35196e-05 -0.162661 -0.986682
    outer loop
      vertex 4.18091 -4.60282 8.56897
      vertex 0.957939 -3.1579 8.33081
      vertex 1.26285 -3.0488 8.31282
    endloop
  endfacet
  facet normal 2.76123e-07 -0.162631 -0.986687
    outer loop
      vertex 4.18091 -4.60282 8.56897
      vertex 0.643798 -3.23659 8.34378
      vertex 0.957939 -3.1579 8.33081
    endloop
  endfacet
  facet normal 5.61624e-06 -0.162617 -0.986689
    outer loop
      vertex 4.18091 -4.60282 8.56897
      vertex 0.323456 -3.28411 8.35161
      vertex 0.643798 -3.23659 8.34378
    endloop
  endfacet
  facet normal -2.36599e-06 -0.16264 -0.986685
    outer loop
      vertex 4.18091 -4.60282 8.56897
      vertex 0 -3.3 8.35423
      vertex 0.323456 -3.28411 8.35161
    endloop
  endfacet
  facet normal 0 -0.162633 -0.986687
    outer loop
      vertex -4.18091 -4.60282 8.56897
      vertex 0 -3.3 8.35423
      vertex 4.18091 -4.60282 8.56897
    endloop
  endfacet
  facet normal 2.36599e-06 -0.16264 -0.986685
    outer loop
      vertex 0 -3.3 8.35423
      vertex -4.18091 -4.60282 8.56897
      vertex -0.323456 -3.28411 8.35161
    endloop
  endfacet
  facet normal -5.61624e-06 -0.162617 -0.986689
    outer loop
      vertex -0.323456 -3.28411 8.35161
      vertex -4.18091 -4.60282 8.56897
      vertex -0.643798 -3.23659 8.34378
    endloop
  endfacet
  facet normal 5.60574e-06 -0.162637 -0.986686
    outer loop
      vertex -3.28411 0.323456 7.75697
      vertex -4.18091 -4.60282 8.56897
      vertex -3.35361 3.48529 7.2358
    endloop
  endfacet
  facet normal 5.38148e-05 -0.162647 -0.986684
    outer loop
      vertex -3.28411 -0.323456 7.8636
      vertex -4.18091 -4.60282 8.56897
      vertex -3.3 0 7.81028
    endloop
  endfacet
  facet normal -1.85363e-05 -0.162632 -0.986687
    outer loop
      vertex -3.23659 -0.643798 7.9164
      vertex -4.18091 -4.60282 8.56897
      vertex -3.28411 -0.323456 7.8636
    endloop
  endfacet
  facet normal -1.35175e-06 -0.162636 -0.986686
    outer loop
      vertex -3.1579 -0.957939 7.96818
      vertex -4.18091 -4.60282 8.56897
      vertex -3.23659 -0.643798 7.9164
    endloop
  endfacet
  facet normal 5.8949e-06 -0.162638 -0.986686
    outer loop
      vertex -3.0488 -1.26285 8.01844
      vertex -4.18091 -4.60282 8.56897
      vertex -3.1579 -0.957939 7.96818
    endloop
  endfacet
  facet normal 1.71382e-05 -0.162642 -0.986685
    outer loop
      vertex -2.91034 -1.55561 8.0667
      vertex -4.18091 -4.60282 8.56897
      vertex -3.0488 -1.26285 8.01844
    endloop
  endfacet
  facet normal -1.63605e-05 -0.162628 -0.986687
    outer loop
      vertex -2.74385 -1.83338 8.11248
      vertex -4.18091 -4.60282 8.56897
      vertex -2.91034 -1.55561 8.0667
    endloop
  endfacet
  facet normal 1.23958e-05 -0.162643 -0.986685
    outer loop
      vertex -2.55093 -2.0935 8.15536
      vertex -4.18091 -4.60282 8.56897
      vertex -2.74385 -1.83338 8.11248
    endloop
  endfacet
  facet normal -2.22595e-06 -0.162634 -0.986687
    outer loop
      vertex -2.33345 -2.33345 8.19491
      vertex -4.18091 -4.60282 8.56897
      vertex -2.55093 -2.0935 8.15536
    endloop
  endfacet
  facet normal 6.61637e-06 -0.162641 -0.986685
    outer loop
      vertex -2.0935 -2.55093 8.23076
      vertex -4.18091 -4.60282 8.56897
      vertex -2.33345 -2.33345 8.19491
    endloop
  endfacet
  facet normal 2.76985e-06 -0.162637 -0.986686
    outer loop
      vertex -1.83338 -2.74385 8.26256
      vertex -4.18091 -4.60282 8.56897
      vertex -2.0935 -2.55093 8.23076
    endloop
  endfacet
  facet normal -4.42016e-06 -0.162628 -0.986687
    outer loop
      vertex -1.55561 -2.91034 8.29
      vertex -4.18091 -4.60282 8.56897
      vertex -1.83338 -2.74385 8.26256
    endloop
  endfacet
  facet normal -4.35641e-06 -0.162628 -0.986687
    outer loop
      vertex -1.26285 -3.0488 8.31282
      vertex -4.18091 -4.60282 8.56897
      vertex -1.55561 -2.91034 8.29
    endloop
  endfacet
  facet normal 1.35196e-05 -0.162661 -0.986682
    outer loop
      vertex -0.957939 -3.1579 8.33081
      vertex -4.18091 -4.60282 8.56897
      vertex -1.26285 -3.0488 8.31282
    endloop
  endfacet
  facet normal -2.76123e-07 -0.162631 -0.986687
    outer loop
      vertex -0.643798 -3.23659 8.34378
      vertex -4.18091 -4.60282 8.56897
      vertex -0.957939 -3.1579 8.33081
    endloop
  endfacet
  facet normal -5.60574e-06 -0.162637 -0.986686
    outer loop
      vertex 4.18091 -4.60282 8.56897
      vertex 3.28411 0.323456 7.75697
      vertex 3.35361 3.48529 7.2358
    endloop
  endfacet
  facet normal -4.464e-05 -0.162636 -0.986686
    outer loop
      vertex 3.23659 0.643798 7.70417
      vertex 3.35361 3.48529 7.2358
      vertex 3.28411 0.323456 7.75697
    endloop
  endfacet
  facet normal -6.68664e-06 -0.162638 -0.986686
    outer loop
      vertex 3.1579 0.957939 7.65239
      vertex 3.35361 3.48529 7.2358
      vertex 3.23659 0.643798 7.70417
    endloop
  endfacet
  facet normal 5.25917e-06 -0.162638 -0.986686
    outer loop
      vertex 3.0488 1.26285 7.60213
      vertex 3.35361 3.48529 7.2358
      vertex 3.1579 0.957939 7.65239
    endloop
  endfacet
  facet normal 2.03414e-05 -0.16264 -0.986685
    outer loop
      vertex 2.91034 1.55561 7.55387
      vertex 3.35361 3.48529 7.2358
      vertex 3.0488 1.26285 7.60213
    endloop
  endfacet
  facet normal 2.16327e-05 -0.162641 -0.986685
    outer loop
      vertex 2.74385 1.83338 7.50808
      vertex 3.35361 3.48529 7.2358
      vertex 2.91034 1.55561 7.55387
    endloop
  endfacet
  facet normal -1.67279e-05 -0.162627 -0.986688
    outer loop
      vertex 2.55093 2.0935 7.46521
      vertex 3.35361 3.48529 7.2358
      vertex 2.74385 1.83338 7.50808
    endloop
  endfacet
  facet normal -3.25715e-06 -0.162635 -0.986686
    outer loop
      vertex 2.33345 2.33345 7.42566
      vertex 3.35361 3.48529 7.2358
      vertex 2.55093 2.0935 7.46521
    endloop
  endfacet
  facet normal 5.36901e-06 -0.162642 -0.986685
    outer loop
      vertex 2.0935 2.55093 7.38981
      vertex 3.35361 3.48529 7.2358
      vertex 2.33345 2.33345 7.42566
    endloop
  endfacet
  facet normal 2.10836e-06 -0.162638 -0.986686
    outer loop
      vertex 1.83338 2.74385 7.35801
      vertex 3.35361 3.48529 7.2358
      vertex 2.0935 2.55093 7.38981
    endloop
  endfacet
  facet normal -3.50202e-06 -0.162626 -0.986688
    outer loop
      vertex 1.55561 2.91034 7.33057
      vertex 3.35361 3.48529 7.2358
      vertex 1.83338 2.74385 7.35801
    endloop
  endfacet
  facet normal 1.00597e-05 -0.162668 -0.986681
    outer loop
      vertex 1.26285 3.0488 7.30774
      vertex 3.35361 3.48529 7.2358
      vertex 1.55561 2.91034 7.33057
    endloop
  endfacet
  facet normal -1.54016e-06 -0.162614 -0.98669
    outer loop
      vertex 0.957939 3.1579 7.28976
      vertex 3.35361 3.48529 7.2358
      vertex 1.26285 3.0488 7.30774
    endloop
  endfacet
  facet normal 4.60221e-07 -0.162628 -0.986687
    outer loop
      vertex 0.643798 3.23659 7.27679
      vertex 3.35361 3.48529 7.2358
      vertex 0.957939 3.1579 7.28976
    endloop
  endfacet
  facet normal -2.47952e-06 -0.162597 -0.986693
    outer loop
      vertex 0.323456 3.28411 7.26896
      vertex 3.35361 3.48529 7.2358
      vertex 0.643798 3.23659 7.27679
    endloop
  endfacet
  facet normal 1.56165e-06 -0.162656 -0.986683
    outer loop
      vertex 0 3.3 7.26634
      vertex 3.35361 3.48529 7.2358
      vertex 0.323456 3.28411 7.26896
    endloop
  endfacet
  facet normal -1.56165e-06 -0.162656 -0.986683
    outer loop
      vertex -3.35361 3.48529 7.2358
      vertex 0 3.3 7.26634
      vertex -0.323456 3.28411 7.26896
    endloop
  endfacet
  facet normal 0 -0.162628 -0.986687
    outer loop
      vertex 0 3.3 7.26634
      vertex -3.35361 3.48529 7.2358
      vertex 3.35361 3.48529 7.2358
    endloop
  endfacet
  facet normal 2.47952e-06 -0.162597 -0.986693
    outer loop
      vertex -0.643798 3.23659 7.27679
      vertex -3.35361 3.48529 7.2358
      vertex -0.323456 3.28411 7.26896
    endloop
  endfacet
  facet normal -4.60221e-07 -0.162628 -0.986687
    outer loop
      vertex -0.957939 3.1579 7.28976
      vertex -3.35361 3.48529 7.2358
      vertex -0.643798 3.23659 7.27679
    endloop
  endfacet
  facet normal 1.54016e-06 -0.162614 -0.98669
    outer loop
      vertex -1.26285 3.0488 7.30774
      vertex -3.35361 3.48529 7.2358
      vertex -0.957939 3.1579 7.28976
    endloop
  endfacet
  facet normal -1.00597e-05 -0.162668 -0.986681
    outer loop
      vertex -1.55561 2.91034 7.33057
      vertex -3.35361 3.48529 7.2358
      vertex -1.26285 3.0488 7.30774
    endloop
  endfacet
  facet normal 3.50202e-06 -0.162626 -0.986688
    outer loop
      vertex -1.83338 2.74385 7.35801
      vertex -3.35361 3.48529 7.2358
      vertex -1.55561 2.91034 7.33057
    endloop
  endfacet
  facet normal -2.10836e-06 -0.162638 -0.986686
    outer loop
      vertex -2.0935 2.55093 7.38981
      vertex -3.35361 3.48529 7.2358
      vertex -1.83338 2.74385 7.35801
    endloop
  endfacet
  facet normal -5.36901e-06 -0.162642 -0.986685
    outer loop
      vertex -2.33345 2.33345 7.42566
      vertex -3.35361 3.48529 7.2358
      vertex -2.0935 2.55093 7.38981
    endloop
  endfacet
  facet normal 3.25715e-06 -0.162635 -0.986686
    outer loop
      vertex -2.55093 2.0935 7.46521
      vertex -3.35361 3.48529 7.2358
      vertex -2.33345 2.33345 7.42566
    endloop
  endfacet
  facet normal 1.67279e-05 -0.162627 -0.986688
    outer loop
      vertex -2.74385 1.83338 7.50808
      vertex -3.35361 3.48529 7.2358
      vertex -2.55093 2.0935 7.46521
    endloop
  endfacet
  facet normal -2.16327e-05 -0.162641 -0.986685
    outer loop
      vertex -2.91034 1.55561 7.55387
      vertex -3.35361 3.48529 7.2358
      vertex -2.74385 1.83338 7.50808
    endloop
  endfacet
  facet normal -2.03414e-05 -0.16264 -0.986685
    outer loop
      vertex -3.0488 1.26285 7.60213
      vertex -3.35361 3.48529 7.2358
      vertex -2.91034 1.55561 7.55387
    endloop
  endfacet
  facet normal -5.25917e-06 -0.162638 -0.986686
    outer loop
      vertex -3.1579 0.957939 7.65239
      vertex -3.35361 3.48529 7.2358
      vertex -3.0488 1.26285 7.60213
    endloop
  endfacet
  facet normal 6.68664e-06 -0.162638 -0.986686
    outer loop
      vertex -3.23659 0.643798 7.70417
      vertex -3.35361 3.48529 7.2358
      vertex -3.1579 0.957939 7.65239
    endloop
  endfacet
  facet normal 4.464e-05 -0.162636 -0.986686
    outer loop
      vertex -3.28411 0.323456 7.75697
      vertex -3.35361 3.48529 7.2358
      vertex -3.23659 0.643798 7.70417
    endloop
  endfacet
  facet normal -0.000123447 -0.162614 -0.98669
    outer loop
      vertex -4.18091 -4.60282 8.56897
      vertex -3.28411 0.323456 7.75697
      vertex -3.3 0 7.81028
    endloop
  endfacet
  facet normal 0.948815 0.0928799 -0.301867
    outer loop
      vertex -4.39374 -4.01592 8.47223
      vertex -4.37502 -4.14043 8.49276
      vertex -6.89517 -5.99802 0
    endloop
  endfacet
  facet normal -0.937645 -0.0565321 -0.342968
    outer loop
      vertex 4.39999 2.22724 7.44316
      vertex 6.89517 5.99802 0
      vertex 4.39999 -3.89019 8.45151
    endloop
  endfacet
  facet normal -4.65704e-05 -0.162608 -0.986691
    outer loop
      vertex 4.18091 -4.60282 8.56897
      vertex 4.01923 -4.79719 8.60101
      vertex 3.82224 -4.95672 8.62731
    endloop
  endfacet
  facet normal 0.954976 0.0469549 -0.292942
    outer loop
      vertex -4.39374 -4.01592 8.47223
      vertex -6.89517 -5.99802 0
      vertex -6.89999 -5.89999 0
    endloop
  endfacet
  facet normal 0.776641 0.526998 -0.345112
    outer loop
      vertex -4.18091 -4.60282 8.56897
      vertex -4.1049 -4.70392 8.58564
      vertex -6.73146 -6.45557 0
    endloop
  endfacet
  facet normal 8.67751e-05 -0.162558 -0.986699
    outer loop
      vertex 4.1049 3.04097 7.30904
      vertex 4.30104 2.7181 7.36225
      vertex 3.9247 3.21878 7.27973
    endloop
  endfacet
  facet normal 0.000205079 -0.162355 -0.986732
    outer loop
      vertex 3.82224 3.29377 7.26737
      vertex 3.9247 3.21878 7.27973
      vertex 3.7128 3.35848 7.2567
    endloop
  endfacet
  facet normal 0.24161 0.933927 -0.263447
    outer loop
      vertex -3.47736 -5.11765 8.65383
      vertex -3.35361 -5.14824 8.65888
      vertex -6.19028 -6.85693 0
    endloop
  endfacet
  facet normal -0.847371 -0.303183 -0.435939
    outer loop
      vertex 6.82387 6.28268 0
      vertex 6.85693 6.19028 0
      vertex 4.34401 2.59959 7.38179
    endloop
  endfacet
  facet normal 0.942031 -0.0463184 -0.332313
    outer loop
      vertex -6.89517 5.99802 0
      vertex -4.39999 -3.89019 8.45151
      vertex -6.89999 5.89999 0
    endloop
  endfacet
  facet normal 0.000610462 -0.163246 -0.986585
    outer loop
      vertex -4.01923 3.13424 7.29366
      vertex -3.9247 3.21878 7.27973
      vertex -4.1049 3.04097 7.30904
    endloop
  endfacet
  facet normal -8.29196e-05 -0.1626 -0.986692
    outer loop
      vertex -4.39374 2.35297 7.42244
      vertex -4.37502 2.47748 7.40192
      vertex -4.39999 2.22724 7.44316
    endloop
  endfacet
  facet normal 1.34003e-05 -0.162675 -0.98668
    outer loop
      vertex 4.34401 -4.26253 8.51288
      vertex 4.30104 -4.38105 8.53242
      vertex 4.24649 -4.49484 8.55118
    endloop
  endfacet
  facet normal 0.000175378 -0.163573 -0.986531
    outer loop
      vertex 3.47736 -5.11765 8.65383
      vertex 3.35361 -5.14824 8.65888
      vertex 3.22742 -5.16671 8.66192
    endloop
  endfacet
  facet normal 0.146268 0.960086 -0.238412
    outer loop
      vertex -3.35361 -5.14824 8.65888
      vertex -3.22742 -5.16671 8.66192
      vertex -6.09508 -6.88078 0
    endloop
  endfacet
  facet normal -0.333741 0.898445 -0.28533
    outer loop
      vertex 3.59747 -5.07525 8.64685
      vertex 6.28268 -6.82387 0
      vertex 3.47736 -5.11765 8.65383
    endloop
  endfacet
  facet normal 0.000320301 -0.162751 -0.986667
    outer loop
      vertex 4.39374 -4.01592 8.47223
      vertex 4.24649 -4.49484 8.55118
      vertex 4.18091 -4.60282 8.56897
    endloop
  endfacet
  facet normal -1.21564e-06 -0.162637 -0.986686
    outer loop
      vertex 4.30104 2.7181 7.36225
      vertex 4.39374 -4.01592 8.47223
      vertex 4.18091 -4.60282 8.56897
    endloop
  endfacet
  facet normal -0.753955 0.559201 -0.344742
    outer loop
      vertex 6.73146 -6.45557 0
      vertex 6.673 -6.53439 0
      vertex 4.1049 -4.70392 8.58564
    endloop
  endfacet
  facet normal 0.0480122 0.976479 -0.210197
    outer loop
      vertex -3.09999 -5.17288 8.66294
      vertex -5.89999 -6.89999 0
      vertex -5.99802 -6.89517 0
    endloop
  endfacet
  facet normal 0.292925 -0.8187 -0.493888
    outer loop
      vertex -6.19028 6.85693 0
      vertex -3.59747 3.4123 7.24783
      vertex -6.28268 6.82387 0
    endloop
  endfacet
  facet normal -0.529914 -0.676747 -0.511082
    outer loop
      vertex 6.53439 6.673 0
      vertex 4.01923 3.13424 7.29366
      vertex 3.9247 3.21878 7.27973
    endloop
  endfacet
  facet normal -0.130129 -0.877713 -0.46118
    outer loop
      vertex 5.99802 6.89517 0
      vertex 6.09508 6.88078 0
      vertex 3.35361 3.48529 7.2358
    endloop
  endfacet
  facet normal -0.850055 0.402027 -0.340266
    outer loop
      vertex 6.82387 -6.28268 0
      vertex 6.78192 -6.37138 0
      vertex 4.24649 -4.49484 8.55118
    endloop
  endfacet
  facet normal 0.958926 0 -0.283655
    outer loop
      vertex -6.89999 5.89999 0
      vertex -4.39999 -3.89019 8.45151
      vertex -6.89999 -5.89999 0
    endloop
  endfacet
  facet normal 0.958869 0.000887392 -0.283849
    outer loop
      vertex -4.39999 -3.89019 8.45151
      vertex -4.39374 -4.01592 8.47223
      vertex -6.89999 -5.89999 0
    endloop
  endfacet
  facet normal 0 -0.90545 -0.424452
    outer loop
      vertex -5.89999 6.89999 0
      vertex 3.09999 3.50994 7.23173
      vertex -3.09999 3.50994 7.23173
    endloop
  endfacet
  facet normal 0 -0.90545 -0.424452
    outer loop
      vertex 3.09999 3.50994 7.23173
      vertex -5.89999 6.89999 0
      vertex 5.89999 6.89999 0
    endloop
  endfacet
  facet normal -7.58957e-06 -0.162637 -0.986686
    outer loop
      vertex -4.30104 2.7181 7.36225
      vertex -4.39374 -4.01592 8.47223
      vertex -4.39999 2.22724 7.44316
    endloop
  endfacet
  facet normal -0.234553 0.936245 -0.261593
    outer loop
      vertex 6.19028 -6.85693 0
      vertex 6.09508 -6.88078 0
      vertex 3.35361 -5.14824 8.65888
    endloop
  endfacet
  facet normal -0.24161 0.933927 -0.263447
    outer loop
      vertex 3.47736 -5.11765 8.65383
      vertex 6.19028 -6.85693 0
      vertex 3.35361 -5.14824 8.65888
    endloop
  endfacet
  facet normal -2.63771e-05 -0.162572 -0.986697
    outer loop
      vertex 3.47736 -5.11765 8.65383
      vertex 3.22742 -5.16671 8.66192
      vertex 3.09999 -5.17288 8.66294
    endloop
  endfacet
  facet normal 0.583052 0.741994 -0.330902
    outer loop
      vertex -3.9247 -4.88172 8.61495
      vertex -3.82224 -4.95672 8.62731
      vertex -6.53439 -6.673 0
    endloop
  endfacet
  facet normal 4.65704e-05 -0.162608 -0.986691
    outer loop
      vertex -3.82224 -4.95672 8.62731
      vertex -4.01923 -4.79719 8.60101
      vertex -4.18091 -4.60282 8.56897
    endloop
  endfacet
  facet normal 0 0.9807 -0.19552
    outer loop
      vertex 5.89999 -6.89999 0
      vertex -3.09999 -5.17288 8.66294
      vertex 3.09999 -5.17288 8.66294
    endloop
  endfacet
  facet normal 0 0.9807 -0.19552
    outer loop
      vertex -3.09999 -5.17288 8.66294
      vertex 5.89999 -6.89999 0
      vertex -5.89999 -6.89999 0
    endloop
  endfacet
  facet normal -0.925388 -0.105971 -0.363905
    outer loop
      vertex 6.89517 5.99802 0
      vertex 4.39999 2.22724 7.44316
      vertex 4.39374 2.35297 7.42244
    endloop
  endfacet
  facet normal 7.46629e-06 -0.162637 -0.986686
    outer loop
      vertex -3.35361 3.48529 7.2358
      vertex -4.18091 -4.60282 8.56897
      vertex -4.30104 2.7181 7.36225
    endloop
  endfacet
  facet normal 1.21564e-06 -0.162637 -0.986686
    outer loop
      vertex -4.30104 2.7181 7.36225
      vertex -4.18091 -4.60282 8.56897
      vertex -4.39374 -4.01592 8.47223
    endloop
  endfacet
  facet normal -0.562789 0.758793 -0.327874
    outer loop
      vertex 6.53439 -6.673 0
      vertex 6.45557 -6.73146 0
      vertex 3.82224 -4.95672 8.62731
    endloop
  endfacet
  facet normal -0.719116 0.603858 -0.343842
    outer loop
      vertex 4.1049 -4.70392 8.58564
      vertex 6.673 -6.53439 0
      vertex 4.01923 -4.79719 8.60101
    endloop
  endfacet
  facet normal -0.000139082 -0.162613 -0.98669
    outer loop
      vertex 4.39374 -4.01592 8.47223
      vertex 4.34401 -4.26253 8.51288
      vertex 4.24649 -4.49484 8.55118
    endloop
  endfacet
  facet normal -0.649882 -0.571219 -0.501361
    outer loop
      vertex 6.673 6.53439 0
      vertex 4.18091 2.93987 7.3257
      vertex 4.1049 3.04097 7.30904
    endloop
  endfacet
  facet normal 0.000984434 -0.162834 -0.986653
    outer loop
      vertex 4.39374 -4.01592 8.47223
      vertex 4.37502 -4.14043 8.49276
      vertex 4.34401 -4.26253 8.51288
    endloop
  endfacet
  facet normal 0.82688 0.445687 -0.342976
    outer loop
      vertex -4.24649 -4.49484 8.55118
      vertex -4.18091 -4.60282 8.56897
      vertex -6.78192 -6.37138 0
    endloop
  endfacet
  facet normal -0.958926 -0 -0.283655
    outer loop
      vertex 6.89999 5.89999 0
      vertex 6.89999 -5.89999 0
      vertex 4.39999 -3.89019 8.45151
    endloop
  endfacet
  facet normal 0.562789 0.758793 -0.327874
    outer loop
      vertex -3.82224 -4.95672 8.62731
      vertex -6.45557 -6.73146 0
      vertex -6.53439 -6.673 0
    endloop
  endfacet
  facet normal -0.000175378 -0.163573 -0.986531
    outer loop
      vertex -3.22742 -5.16671 8.66192
      vertex -3.35361 -5.14824 8.65888
      vertex -3.47736 -5.11765 8.65383
    endloop
  endfacet
  facet normal -0.903933 0.273522 -0.328772
    outer loop
      vertex 4.34401 -4.26253 8.51288
      vertex 6.85693 -6.19028 0
      vertex 4.30104 -4.38105 8.53242
    endloop
  endfacet
  facet normal 0.487753 0.813791 -0.315978
    outer loop
      vertex -3.7128 -5.02142 8.63797
      vertex -6.37138 -6.78192 0
      vertex -6.45557 -6.73146 0
    endloop
  endfacet
  facet normal 0.918006 0.229984 -0.323067
    outer loop
      vertex -4.34401 -4.26253 8.51288
      vertex -6.85693 -6.19028 0
      vertex -6.88078 -6.09508 0
    endloop
  endfacet
  facet normal -0.805362 0.4827 -0.344083
    outer loop
      vertex 6.78192 -6.37138 0
      vertex 6.73146 -6.45557 0
      vertex 4.18091 -4.60282 8.56897
    endloop
  endfacet
  facet normal 0.512025 -0.690349 -0.511124
    outer loop
      vertex -6.45557 6.73146 0
      vertex -3.9247 3.21878 7.27973
      vertex -6.53439 6.673 0
    endloop
  endfacet
  facet normal 2.98147e-05 -0.162702 -0.986675
    outer loop
      vertex -3.7128 3.35848 7.2567
      vertex -3.35361 3.48529 7.2358
      vertex -3.9247 3.21878 7.27973
    endloop
  endfacet
  facet normal -0.512025 -0.690349 -0.511124
    outer loop
      vertex 6.45557 6.73146 0
      vertex 6.53439 6.673 0
      vertex 3.9247 3.21878 7.27973
    endloop
  endfacet
  facet normal -2.98147e-05 -0.162702 -0.986675
    outer loop
      vertex 3.7128 3.35848 7.2567
      vertex 3.9247 3.21878 7.27973
      vertex 3.35361 3.48529 7.2358
    endloop
  endfacet
  facet normal -0.000610462 -0.163246 -0.986585
    outer loop
      vertex 4.01923 3.13424 7.29366
      vertex 4.1049 3.04097 7.30904
      vertex 3.9247 3.21878 7.27973
    endloop
  endfacet
  facet normal -0.264786 -0.83079 -0.489568
    outer loop
      vertex 6.19028 6.85693 0
      vertex 3.59747 3.4123 7.24783
      vertex 3.47736 3.4547 7.24084
    endloop
  endfacet
  facet normal 0.753955 0.559201 -0.344742
    outer loop
      vertex -4.1049 -4.70392 8.58564
      vertex -6.673 -6.53439 0
      vertex -6.73146 -6.45557 0
    endloop
  endfacet
  facet normal 0 -0.162906 -0.986642
    outer loop
      vertex 3.35361 3.48529 7.2358
      vertex -3.09999 3.50994 7.23173
      vertex 3.09999 3.50994 7.23173
    endloop
  endfacet
  facet normal 0 -0.162906 -0.986642
    outer loop
      vertex -3.09999 3.50994 7.23173
      vertex 3.35361 3.48529 7.2358
      vertex -3.35361 3.48529 7.2358
    endloop
  endfacet
  facet normal -1.94666e-05 -0.162711 -0.986674
    outer loop
      vertex -3.22742 3.50377 7.23275
      vertex -3.09999 3.50994 7.23173
      vertex -3.35361 3.48529 7.2358
    endloop
  endfacet
  facet normal 0.0400169 -0.898681 -0.436773
    outer loop
      vertex -3.09999 3.50994 7.23173
      vertex -3.22742 3.50377 7.23275
      vertex -5.89999 6.89999 0
    endloop
  endfacet
  facet normal -8.67751e-05 -0.162558 -0.986699
    outer loop
      vertex -4.1049 3.04097 7.30904
      vertex -3.9247 3.21878 7.27973
      vertex -4.30104 2.7181 7.36225
    endloop
  endfacet
  facet normal -1.31137e-05 -0.162612 -0.98669
    outer loop
      vertex -3.9247 3.21878 7.27973
      vertex -3.35361 3.48529 7.2358
      vertex -4.30104 2.7181 7.36225
    endloop
  endfacet
  facet normal 0.847371 -0.303183 -0.435939
    outer loop
      vertex -6.82387 6.28268 0
      vertex -4.34401 2.59959 7.38179
      vertex -6.85693 6.19028 0
    endloop
  endfacet
  facet normal -0.000303951 -0.162579 -0.986696
    outer loop
      vertex -4.37502 2.47748 7.40192
      vertex -4.30104 2.7181 7.36225
      vertex -4.39999 2.22724 7.44316
    endloop
  endfacet
  facet normal 0.000445325 -0.163199 -0.986593
    outer loop
      vertex 4.01923 -4.79719 8.60101
      vertex 3.9247 -4.88172 8.61495
      vertex 3.82224 -4.95672 8.62731
    endloop
  endfacet
  facet normal -4.95115e-05 -0.162702 -0.986675
    outer loop
      vertex -3.47736 -5.11765 8.65383
      vertex -3.82224 -4.95672 8.62731
      vertex -4.18091 -4.60282 8.56897
    endloop
  endfacet
  facet normal -0.00024246 -0.163105 -0.986609
    outer loop
      vertex -3.47736 -5.11765 8.65383
      vertex -3.59747 -5.07525 8.64685
      vertex -3.82224 -4.95672 8.62731
    endloop
  endfacet
  facet normal -0.696205 0.630999 -0.342255
    outer loop
      vertex 6.673 -6.53439 0
      vertex 6.6071 -6.6071 0
      vertex 4.01923 -4.79719 8.60101
    endloop
  endfacet
  facet normal 0.903933 0.273522 -0.328772
    outer loop
      vertex -4.34401 -4.26253 8.51288
      vertex -4.30104 -4.38105 8.53242
      vertex -6.85693 -6.19028 0
    endloop
  endfacet
  facet normal 0.940582 0.13945 -0.309611
    outer loop
      vertex -4.37502 -4.14043 8.49276
      vertex -6.88078 -6.09508 0
      vertex -6.89517 -5.99802 0
    endloop
  endfacet
  facet normal 0.000444939 -0.161836 -0.986818
    outer loop
      vertex -3.59747 -5.07525 8.64685
      vertex -3.7128 -5.02142 8.63797
      vertex -3.82224 -4.95672 8.62731
    endloop
  endfacet
  facet normal -0.82688 0.445687 -0.342976
    outer loop
      vertex 4.24649 -4.49484 8.55118
      vertex 6.78192 -6.37138 0
      vertex 4.18091 -4.60282 8.56897
    endloop
  endfacet
  facet normal 4.95115e-05 -0.162702 -0.986675
    outer loop
      vertex 4.18091 -4.60282 8.56897
      vertex 3.82224 -4.95672 8.62731
      vertex 3.47736 -5.11765 8.65383
    endloop
  endfacet
  facet normal 1.31137e-05 -0.162612 -0.98669
    outer loop
      vertex 3.9247 3.21878 7.27973
      vertex 4.30104 2.7181 7.36225
      vertex 3.35361 3.48529 7.2358
    endloop
  endfacet
  facet normal 0.916725 -0.135913 -0.375689
    outer loop
      vertex -6.88078 6.09508 0
      vertex -4.39374 2.35297 7.42244
      vertex -6.89517 5.99802 0
    endloop
  endfacet
  facet normal 0.719116 0.603858 -0.343842
    outer loop
      vertex -4.1049 -4.70392 8.58564
      vertex -4.01923 -4.79719 8.60101
      vertex -6.673 -6.53439 0
    endloop
  endfacet
  facet normal -0.776641 0.526998 -0.345112
    outer loop
      vertex 4.18091 -4.60282 8.56897
      vertex 6.73146 -6.45557 0
      vertex 4.1049 -4.70392 8.58564
    endloop
  endfacet
  facet normal 0.632362 0.697709 -0.336631
    outer loop
      vertex -3.9247 -4.88172 8.61495
      vertex -6.53439 -6.673 0
      vertex -6.6071 -6.6071 0
    endloop
  endfacet
  facet normal 0.0489594 0.976369 -0.210492
    outer loop
      vertex -3.22742 -5.16671 8.66192
      vertex -3.09999 -5.17288 8.66294
      vertex -5.99802 -6.89517 0
    endloop
  endfacet
  facet normal 0.50514 0.801863 -0.319138
    outer loop
      vertex -3.82224 -4.95672 8.62731
      vertex -3.7128 -5.02142 8.63797
      vertex -6.45557 -6.73146 0
    endloop
  endfacet
  facet normal -0.000984434 -0.162834 -0.986653
    outer loop
      vertex -4.34401 -4.26253 8.51288
      vertex -4.37502 -4.14043 8.49276
      vertex -4.39374 -4.01592 8.47223
    endloop
  endfacet
  facet normal -0.292925 -0.8187 -0.493888
    outer loop
      vertex 6.19028 6.85693 0
      vertex 6.28268 6.82387 0
      vertex 3.59747 3.4123 7.24783
    endloop
  endfacet
  facet normal -0.918006 0.229984 -0.323067
    outer loop
      vertex 6.88078 -6.09508 0
      vertex 6.85693 -6.19028 0
      vertex 4.34401 -4.26253 8.51288
    endloop
  endfacet
  facet normal 0.894048 -0.200445 -0.400626
    outer loop
      vertex -4.37502 2.47748 7.40192
      vertex -4.39374 2.35297 7.42244
      vertex -6.88078 6.09508 0
    endloop
  endfacet
  facet normal 0.466823 -0.721998 -0.510681
    outer loop
      vertex -3.82224 3.29377 7.26737
      vertex -3.9247 3.21878 7.27973
      vertex -6.45557 6.73146 0
    endloop
  endfacet
  facet normal 0.213218 -0.851085 -0.479783
    outer loop
      vertex -6.09508 6.88078 0
      vertex -3.47736 3.4547 7.24084
      vertex -6.19028 6.85693 0
    endloop
  endfacet
  facet normal 0.334373 -0.798914 -0.499931
    outer loop
      vertex -3.59747 3.4123 7.24783
      vertex -3.7128 3.35848 7.2567
      vertex -6.28268 6.82387 0
    endloop
  endfacet
  facet normal 0.401563 -0.762728 -0.506944
    outer loop
      vertex -3.7128 3.35848 7.2567
      vertex -3.82224 3.29377 7.26737
      vertex -6.37138 6.78192 0
    endloop
  endfacet
  facet normal -0.000205079 -0.162355 -0.986732
    outer loop
      vertex -3.82224 3.29377 7.26737
      vertex -3.7128 3.35848 7.2567
      vertex -3.9247 3.21878 7.27973
    endloop
  endfacet
  facet normal 7.58957e-06 -0.162637 -0.986686
    outer loop
      vertex 4.39999 2.22724 7.44316
      vertex 4.39374 -4.01592 8.47223
      vertex 4.30104 2.7181 7.36225
    endloop
  endfacet
  facet normal -0.916725 -0.135913 -0.375689
    outer loop
      vertex 6.88078 6.09508 0
      vertex 6.89517 5.99802 0
      vertex 4.39374 2.35297 7.42244
    endloop
  endfacet
  facet normal -8.03576e-05 -0.162884 -0.986645
    outer loop
      vertex 3.47736 3.4547 7.24084
      vertex 3.59747 3.4123 7.24783
      vertex 3.35361 3.48529 7.2358
    endloop
  endfacet
  facet normal -0.0400169 -0.898681 -0.436773
    outer loop
      vertex 5.89999 6.89999 0
      vertex 3.22742 3.50377 7.23275
      vertex 3.09999 3.50994 7.23173
    endloop
  endfacet
  facet normal 1.94666e-05 -0.162711 -0.986674
    outer loop
      vertex 3.22742 3.50377 7.23275
      vertex 3.35361 3.48529 7.2358
      vertex 3.09999 3.50994 7.23173
    endloop
  endfacet
  facet normal 0.760001 -0.442739 -0.475795
    outer loop
      vertex -4.24649 2.83189 7.3435
      vertex -4.30104 2.7181 7.36225
      vertex -6.78192 6.37138 0
    endloop
  endfacet
  facet normal 0.529914 -0.676747 -0.511082
    outer loop
      vertex -3.9247 3.21878 7.27973
      vertex -4.01923 3.13424 7.29366
      vertex -6.53439 6.673 0
    endloop
  endfacet
  facet normal 0.937645 -0.0565321 -0.342968
    outer loop
      vertex -4.39999 2.22724 7.44316
      vertex -4.39999 -3.89019 8.45151
      vertex -6.89517 5.99802 0
    endloop
  endfacet
  facet normal -0.000688929 -0.162638 -0.986686
    outer loop
      vertex -4.39999 2.22724 7.44316
      vertex -4.39374 -4.01592 8.47223
      vertex -4.39999 -3.89019 8.45151
    endloop
  endfacet
  facet normal -0.000265554 -0.16259 -0.986694
    outer loop
      vertex -4.34401 2.59959 7.38179
      vertex -4.30104 2.7181 7.36225
      vertex -4.37502 2.47748 7.40192
    endloop
  endfacet
  facet normal 0.578118 -0.637859 -0.508838
    outer loop
      vertex -6.53439 6.673 0
      vertex -4.01923 3.13424 7.29366
      vertex -6.6071 6.6071 0
    endloop
  endfacet
  facet normal -0.146268 0.960086 -0.238412
    outer loop
      vertex 3.35361 -5.14824 8.65888
      vertex 6.09508 -6.88078 0
      vertex 3.22742 -5.16671 8.66192
    endloop
  endfacet
  facet normal -0.142466 0.960928 -0.237319
    outer loop
      vertex 6.09508 -6.88078 0
      vertex 5.99802 -6.89517 0
      vertex 3.22742 -5.16671 8.66192
    endloop
  endfacet
  facet normal -0.422051 0.854093 -0.30397
    outer loop
      vertex 3.7128 -5.02142 8.63797
      vertex 6.37138 -6.78192 0
      vertex 3.59747 -5.07525 8.64685
    endloop
  endfacet
  facet normal -0.487753 0.813791 -0.315978
    outer loop
      vertex 6.45557 -6.73146 0
      vertex 6.37138 -6.78192 0
      vertex 3.7128 -5.02142 8.63797
    endloop
  endfacet
  facet normal -0.583052 0.741994 -0.330902
    outer loop
      vertex 3.9247 -4.88172 8.61495
      vertex 6.53439 -6.673 0
      vertex 3.82224 -4.95672 8.62731
    endloop
  endfacet
  facet normal 0.699134 -0.51854 -0.492268
    outer loop
      vertex -6.673 6.53439 0
      vertex -4.18091 2.93987 7.3257
      vertex -6.73146 6.45557 0
    endloop
  endfacet
  facet normal -0.654376 0.675866 -0.339111
    outer loop
      vertex 4.01923 -4.79719 8.60101
      vertex 6.6071 -6.6071 0
      vertex 3.9247 -4.88172 8.61495
    endloop
  endfacet
  facet normal -0.632362 0.697709 -0.336631
    outer loop
      vertex 6.6071 -6.6071 0
      vertex 6.53439 -6.673 0
      vertex 3.9247 -4.88172 8.61495
    endloop
  endfacet
  facet normal 0.930427 0.184085 -0.316887
    outer loop
      vertex -4.37502 -4.14043 8.49276
      vertex -4.34401 -4.26253 8.51288
      vertex -6.88078 -6.09508 0
    endloop
  endfacet
  facet normal 0.805362 0.4827 -0.344083
    outer loop
      vertex -4.18091 -4.60282 8.56897
      vertex -6.73146 -6.45557 0
      vertex -6.78192 -6.37138 0
    endloop
  endfacet
  facet normal -0.000320301 -0.162751 -0.986667
    outer loop
      vertex -4.18091 -4.60282 8.56897
      vertex -4.24649 -4.49484 8.55118
      vertex -4.39374 -4.01592 8.47223
    endloop
  endfacet
  facet normal 2.63771e-05 -0.162572 -0.986697
    outer loop
      vertex -3.09999 -5.17288 8.66294
      vertex -3.22742 -5.16671 8.66192
      vertex -3.47736 -5.11765 8.65383
    endloop
  endfacet
  facet normal 0.422051 0.854093 -0.30397
    outer loop
      vertex -3.7128 -5.02142 8.63797
      vertex -3.59747 -5.07525 8.64685
      vertex -6.37138 -6.78192 0
    endloop
  endfacet
  facet normal 0.000567378 -0.163105 -0.986609
    outer loop
      vertex 4.18091 -4.60282 8.56897
      vertex 4.1049 -4.70392 8.58564
      vertex 4.01923 -4.79719 8.60101
    endloop
  endfacet
  facet normal 0 -0.162637 -0.986686
    outer loop
      vertex -3.47736 -5.11765 8.65383
      vertex 4.18091 -4.60282 8.56897
      vertex 3.47736 -5.11765 8.65383
    endloop
  endfacet
  facet normal -0 -0.162637 -0.986686
    outer loop
      vertex 4.18091 -4.60282 8.56897
      vertex -3.47736 -5.11765 8.65383
      vertex -4.18091 -4.60282 8.56897
    endloop
  endfacet
  facet normal -0.954976 0.0469549 -0.292942
    outer loop
      vertex 6.89999 -5.89999 0
      vertex 6.89517 -5.99802 0
      vertex 4.39374 -4.01592 8.47223
    endloop
  endfacet
  facet normal -0.958869 0.000887392 -0.283849
    outer loop
      vertex 4.39999 -3.89019 8.45151
      vertex 6.89999 -5.89999 0
      vertex 4.39374 -4.01592 8.47223
    endloop
  endfacet
  facet normal -0.803099 -0.37982 -0.459096
    outer loop
      vertex 6.78192 6.37138 0
      vertex 6.82387 6.28268 0
      vertex 4.30104 2.7181 7.36225
    endloop
  endfacet
  facet normal -0.942031 -0.0463184 -0.332313
    outer loop
      vertex 6.89517 5.99802 0
      vertex 6.89999 5.89999 0
      vertex 4.39999 -3.89019 8.45151
    endloop
  endfacet
  facet normal 0.803099 -0.37982 -0.459096
    outer loop
      vertex -6.78192 6.37138 0
      vertex -4.30104 2.7181 7.36225
      vertex -6.82387 6.28268 0
    endloop
  endfacet
  facet normal -0.000445325 -0.163199 -0.986593
    outer loop
      vertex -3.82224 -4.95672 8.62731
      vertex -3.9247 -4.88172 8.61495
      vertex -4.01923 -4.79719 8.60101
    endloop
  endfacet
  facet normal 0.654376 0.675866 -0.339111
    outer loop
      vertex -4.01923 -4.79719 8.60101
      vertex -3.9247 -4.88172 8.61495
      vertex -6.6071 -6.6071 0
    endloop
  endfacet
  facet normal 0.809882 -0.368855 -0.456112
    outer loop
      vertex -4.30104 2.7181 7.36225
      vertex -4.34401 2.59959 7.38179
      vertex -6.82387 6.28268 0
    endloop
  endfacet
  facet normal 0.854965 -0.28821 -0.431241
    outer loop
      vertex -4.34401 2.59959 7.38179
      vertex -4.37502 2.47748 7.40192
      vertex -6.85693 6.19028 0
    endloop
  endfacet
  facet normal 0.44238 -0.738089 -0.509435
    outer loop
      vertex -6.37138 6.78192 0
      vertex -3.82224 3.29377 7.26737
      vertex -6.45557 6.73146 0
    endloop
  endfacet
  facet normal 0.369335 -0.780931 -0.503725
    outer loop
      vertex -6.28268 6.82387 0
      vertex -3.7128 3.35848 7.2567
      vertex -6.37138 6.78192 0
    endloop
  endfacet
  facet normal -6.981e-06 -0.1626 -0.986692
    outer loop
      vertex -3.59747 3.4123 7.24783
      vertex -3.35361 3.48529 7.2358
      vertex -3.7128 3.35848 7.2567
    endloop
  endfacet
  facet normal -0.590983 -0.626603 -0.508043
    outer loop
      vertex 6.6071 6.6071 0
      vertex 4.1049 3.04097 7.30904
      vertex 4.01923 3.13424 7.29366
    endloop
  endfacet
  facet normal -0.578118 -0.637859 -0.508838
    outer loop
      vertex 6.53439 6.673 0
      vertex 6.6071 6.6071 0
      vertex 4.01923 3.13424 7.29366
    endloop
  endfacet
  facet normal -0.854965 -0.28821 -0.431241
    outer loop
      vertex 6.85693 6.19028 0
      vertex 4.37502 2.47748 7.40192
      vertex 4.34401 2.59959 7.38179
    endloop
  endfacet
  facet normal 6.981e-06 -0.1626 -0.986692
    outer loop
      vertex 3.59747 3.4123 7.24783
      vertex 3.7128 3.35848 7.2567
      vertex 3.35361 3.48529 7.2358
    endloop
  endfacet
  facet normal -0.334373 -0.798914 -0.499931
    outer loop
      vertex 6.28268 6.82387 0
      vertex 3.7128 3.35848 7.2567
      vertex 3.59747 3.4123 7.24783
    endloop
  endfacet
  facet normal -0.369335 -0.780931 -0.503725
    outer loop
      vertex 6.28268 6.82387 0
      vertex 6.37138 6.78192 0
      vertex 3.7128 3.35848 7.2567
    endloop
  endfacet
  facet normal -0.213218 -0.851085 -0.479783
    outer loop
      vertex 6.09508 6.88078 0
      vertex 6.19028 6.85693 0
      vertex 3.47736 3.4547 7.24084
    endloop
  endfacet
  facet normal -0.192763 -0.858197 -0.475753
    outer loop
      vertex 6.09508 6.88078 0
      vertex 3.47736 3.4547 7.24084
      vertex 3.35361 3.48529 7.2358
    endloop
  endfacet
  facet normal -0.407718 0.862088 -0.30095
    outer loop
      vertex 6.37138 -6.78192 0
      vertex 6.28268 -6.82387 0
      vertex 3.59747 -5.07525 8.64685
    endloop
  endfacet
  facet normal -0.50514 0.801863 -0.319138
    outer loop
      vertex 3.82224 -4.95672 8.62731
      vertex 6.45557 -6.73146 0
      vertex 3.7128 -5.02142 8.63797
    endloop
  endfacet
  facet normal -0.000444939 -0.161836 -0.986818
    outer loop
      vertex 3.82224 -4.95672 8.62731
      vertex 3.7128 -5.02142 8.63797
      vertex 3.59747 -5.07525 8.64685
    endloop
  endfacet
  facet normal -1.34003e-05 -0.162675 -0.98668
    outer loop
      vertex -4.24649 -4.49484 8.55118
      vertex -4.30104 -4.38105 8.53242
      vertex -4.34401 -4.26253 8.51288
    endloop
  endfacet
  facet normal 0.000139082 -0.162613 -0.98669
    outer loop
      vertex -4.24649 -4.49484 8.55118
      vertex -4.34401 -4.26253 8.51288
      vertex -4.39374 -4.01592 8.47223
    endloop
  endfacet
  facet normal 0.323126 0.903111 -0.282809
    outer loop
      vertex -3.47736 -5.11765 8.65383
      vertex -6.19028 -6.85693 0
      vertex -6.28268 -6.82387 0
    endloop
  endfacet
  facet normal 0.333741 0.898445 -0.28533
    outer loop
      vertex -3.59747 -5.07525 8.64685
      vertex -3.47736 -5.11765 8.65383
      vertex -6.28268 -6.82387 0
    endloop
  endfacet
  facet normal -7.46629e-06 -0.162637 -0.986686
    outer loop
      vertex 4.30104 2.7181 7.36225
      vertex 4.18091 -4.60282 8.56897
      vertex 3.35361 3.48529 7.2358
    endloop
  endfacet
  facet normal -0.894048 -0.200445 -0.400626
    outer loop
      vertex 6.88078 6.09508 0
      vertex 4.39374 2.35297 7.42244
      vertex 4.37502 2.47748 7.40192
    endloop
  endfacet
  facet normal -0.809882 -0.368855 -0.456112
    outer loop
      vertex 6.82387 6.28268 0
      vertex 4.34401 2.59959 7.38179
      vertex 4.30104 2.7181 7.36225
    endloop
  endfacet
  facet normal 0.000199891 -0.162491 -0.98671
    outer loop
      vertex 4.24649 2.83189 7.3435
      vertex 4.30104 2.7181 7.36225
      vertex 4.1049 3.04097 7.30904
    endloop
  endfacet
  facet normal 0.000265554 -0.16259 -0.986694
    outer loop
      vertex 4.34401 2.59959 7.38179
      vertex 4.37502 2.47748 7.40192
      vertex 4.30104 2.7181 7.36225
    endloop
  endfacet
  facet normal -0.885526 -0.221847 -0.408201
    outer loop
      vertex 6.85693 6.19028 0
      vertex 6.88078 6.09508 0
      vertex 4.37502 2.47748 7.40192
    endloop
  endfacet
  facet normal 0.696205 0.630999 -0.342255
    outer loop
      vertex -4.01923 -4.79719 8.60101
      vertex -6.6071 -6.6071 0
      vertex -6.673 -6.53439 0
    endloop
  endfacet
  facet normal 0.885526 -0.221847 -0.408201
    outer loop
      vertex -6.85693 6.19028 0
      vertex -4.37502 2.47748 7.40192
      vertex -6.88078 6.09508 0
    endloop
  endfacet
  facet normal -0.000199891 -0.162491 -0.98671
    outer loop
      vertex -4.24649 2.83189 7.3435
      vertex -4.1049 3.04097 7.30904
      vertex -4.30104 2.7181 7.36225
    endloop
  endfacet
  facet normal 0.000396054 -0.162884 -0.986645
    outer loop
      vertex -4.18091 2.93987 7.3257
      vertex -4.1049 3.04097 7.30904
      vertex -4.24649 2.83189 7.3435
    endloop
  endfacet
  facet normal 0.649882 -0.571219 -0.501361
    outer loop
      vertex -4.1049 3.04097 7.30904
      vertex -4.18091 2.93987 7.3257
      vertex -6.673 6.53439 0
    endloop
  endfacet
  facet normal 0.130129 -0.877713 -0.46118
    outer loop
      vertex -5.99802 6.89517 0
      vertex -3.35361 3.48529 7.2358
      vertex -6.09508 6.88078 0
    endloop
  endfacet
  facet normal 0.117937 -0.880961 -0.458256
    outer loop
      vertex -3.22742 3.50377 7.23275
      vertex -3.35361 3.48529 7.2358
      vertex -5.99802 6.89517 0
    endloop
  endfacet
  facet normal 0.0441494 -0.897919 -0.437942
    outer loop
      vertex -5.89999 6.89999 0
      vertex -3.22742 3.50377 7.23275
      vertex -5.99802 6.89517 0
    endloop
  endfacet
  facet normal 0.264786 -0.83079 -0.489568
    outer loop
      vertex -3.47736 3.4547 7.24084
      vertex -3.59747 3.4123 7.24783
      vertex -6.19028 6.85693 0
    endloop
  endfacet
  facet normal 8.03576e-05 -0.162884 -0.986645
    outer loop
      vertex -3.47736 3.4547 7.24084
      vertex -3.35361 3.48529 7.2358
      vertex -3.59747 3.4123 7.24783
    endloop
  endfacet
  facet normal -0.466823 -0.721998 -0.510681
    outer loop
      vertex 6.45557 6.73146 0
      vertex 3.9247 3.21878 7.27973
      vertex 3.82224 3.29377 7.26737
    endloop
  endfacet
  facet normal -0.44238 -0.738089 -0.509435
    outer loop
      vertex 6.37138 6.78192 0
      vertex 6.45557 6.73146 0
      vertex 3.82224 3.29377 7.26737
    endloop
  endfacet
  facet normal -0.869308 0.361095 -0.337511
    outer loop
      vertex 4.30104 -4.38105 8.53242
      vertex 6.82387 -6.28268 0
      vertex 4.24649 -4.49484 8.55118
    endloop
  endfacet
  facet normal -0.887722 0.31762 -0.333266
    outer loop
      vertex 6.85693 -6.19028 0
      vertex 6.82387 -6.28268 0
      vertex 4.30104 -4.38105 8.53242
    endloop
  endfacet
  facet normal 0.234553 0.936245 -0.261593
    outer loop
      vertex -3.35361 -5.14824 8.65888
      vertex -6.09508 -6.88078 0
      vertex -6.19028 -6.85693 0
    endloop
  endfacet
  facet normal -0.930427 0.184085 -0.316887
    outer loop
      vertex 4.37502 -4.14043 8.49276
      vertex 6.88078 -6.09508 0
      vertex 4.34401 -4.26253 8.51288
    endloop
  endfacet
  facet normal -0.940582 0.13945 -0.309611
    outer loop
      vertex 6.89517 -5.99802 0
      vertex 6.88078 -6.09508 0
      vertex 4.37502 -4.14043 8.49276
    endloop
  endfacet
  facet normal -0.699134 -0.51854 -0.492268
    outer loop
      vertex 6.673 6.53439 0
      vertex 6.73146 6.45557 0
      vertex 4.18091 2.93987 7.3257
    endloop
  endfacet
  facet normal -0.000396054 -0.162884 -0.986645
    outer loop
      vertex 4.18091 2.93987 7.3257
      vertex 4.24649 2.83189 7.3435
      vertex 4.1049 3.04097 7.30904
    endloop
  endfacet
  facet normal 0.000303951 -0.162579 -0.986696
    outer loop
      vertex 4.37502 2.47748 7.40192
      vertex 4.39999 2.22724 7.44316
      vertex 4.30104 2.7181 7.36225
    endloop
  endfacet
  facet normal 8.29196e-05 -0.1626 -0.986692
    outer loop
      vertex 4.39374 2.35297 7.42244
      vertex 4.39999 2.22724 7.44316
      vertex 4.37502 2.47748 7.40192
    endloop
  endfacet
  facet normal -0.753485 -0.451608 -0.47782
    outer loop
      vertex 6.73146 6.45557 0
      vertex 6.78192 6.37138 0
      vertex 4.24649 2.83189 7.3435
    endloop
  endfacet
  facet normal 0.850055 0.402027 -0.340266
    outer loop
      vertex -4.24649 -4.49484 8.55118
      vertex -6.78192 -6.37138 0
      vertex -6.82387 -6.28268 0
    endloop
  endfacet
  facet normal 0.640582 -0.580585 -0.50257
    outer loop
      vertex -6.6071 6.6071 0
      vertex -4.1049 3.04097 7.30904
      vertex -6.673 6.53439 0
    endloop
  endfacet
  facet normal 0.590983 -0.626603 -0.508043
    outer loop
      vertex -4.01923 3.13424 7.29366
      vertex -4.1049 3.04097 7.30904
      vertex -6.6071 6.6071 0
    endloop
  endfacet
  facet normal 0.706491 -0.509969 -0.490716
    outer loop
      vertex -4.18091 2.93987 7.3257
      vertex -4.24649 2.83189 7.3435
      vertex -6.73146 6.45557 0
    endloop
  endfacet
  facet normal -0.760001 -0.442739 -0.475795
    outer loop
      vertex 6.78192 6.37138 0
      vertex 4.30104 2.7181 7.36225
      vertex 4.24649 2.83189 7.3435
    endloop
  endfacet
  facet normal -0.706491 -0.509969 -0.490716
    outer loop
      vertex 6.73146 6.45557 0
      vertex 4.24649 2.83189 7.3435
      vertex 4.18091 2.93987 7.3257
    endloop
  endfacet
  facet normal 0.869308 0.361095 -0.337511
    outer loop
      vertex -4.30104 -4.38105 8.53242
      vertex -4.24649 -4.49484 8.55118
      vertex -6.82387 -6.28268 0
    endloop
  endfacet
  facet normal 0.887722 0.31762 -0.333266
    outer loop
      vertex -4.30104 -4.38105 8.53242
      vertex -6.82387 -6.28268 0
      vertex -6.85693 -6.19028 0
    endloop
  endfacet
  facet normal 0.753485 -0.451608 -0.47782
    outer loop
      vertex -6.73146 6.45557 0
      vertex -4.24649 2.83189 7.3435
      vertex -6.78192 6.37138 0
    endloop
  endfacet
  facet normal 0.989176 0.146736 -0
    outer loop
      vertex 3.28411 0.323456 0
      vertex 3.23659 0.643798 7.70417
      vertex 3.28411 0.323456 7.75697
    endloop
  endfacet
  facet normal 0.989176 0.146736 0
    outer loop
      vertex 3.23659 0.643798 7.70417
      vertex 3.28411 0.323456 0
      vertex 3.23659 0.643798 0
    endloop
  endfacet
  facet normal 0.998796 0.0490665 -0
    outer loop
      vertex 3.3 0 0
      vertex 3.28411 0.323456 7.75697
      vertex 3.3 0 7.81028
    endloop
  endfacet
  facet normal 0.998796 0.0490665 0
    outer loop
      vertex 3.28411 0.323456 7.75697
      vertex 3.3 0 0
      vertex 3.28411 0.323456 0
    endloop
  endfacet
  facet normal 0.97003 0.242985 -0
    outer loop
      vertex 3.23659 0.643798 0
      vertex 3.1579 0.957939 7.65239
      vertex 3.23659 0.643798 7.70417
    endloop
  endfacet
  facet normal 0.97003 0.242985 0
    outer loop
      vertex 3.1579 0.957939 7.65239
      vertex 3.23659 0.643798 0
      vertex 3.1579 0.957939 0
    endloop
  endfacet
  facet normal -0.97003 -0.242985 0
    outer loop
      vertex -3.1579 -0.957939 0
      vertex -3.23659 -0.643798 7.9164
      vertex -3.23659 -0.643798 0
    endloop
  endfacet
  facet normal -0.97003 -0.242985 0
    outer loop
      vertex -3.23659 -0.643798 7.9164
      vertex -3.1579 -0.957939 0
      vertex -3.1579 -0.957939 7.96818
    endloop
  endfacet
  facet normal 0.514105 -0.857727 0
    outer loop
      vertex 1.55561 -2.91034 0
      vertex 1.83338 -2.74385 8.26256
      vertex 1.55561 -2.91034 8.29
    endloop
  endfacet
  facet normal 0.514105 -0.857727 0
    outer loop
      vertex 1.83338 -2.74385 8.26256
      vertex 1.55561 -2.91034 0
      vertex 1.83338 -2.74385 0
    endloop
  endfacet
  facet normal 0.740948 -0.671562 0
    outer loop
      vertex 2.33345 -2.33345 0
      vertex 2.55093 -2.0935 8.15536
      vertex 2.33345 -2.33345 8.19491
    endloop
  endfacet
  facet normal 0.740948 -0.671562 0
    outer loop
      vertex 2.55093 -2.0935 8.15536
      vertex 2.33345 -2.33345 0
      vertex 2.55093 -2.0935 0
    endloop
  endfacet
  facet normal 0.803205 -0.595703 0
    outer loop
      vertex 2.55093 -2.0935 0
      vertex 2.74385 -1.83338 8.11248
      vertex 2.55093 -2.0935 8.15536
    endloop
  endfacet
  facet normal 0.803205 -0.595703 0
    outer loop
      vertex 2.74385 -1.83338 8.11248
      vertex 2.55093 -2.0935 0
      vertex 2.74385 -1.83338 0
    endloop
  endfacet
  facet normal 0.671562 0.740948 -0
    outer loop
      vertex 2.33345 2.33345 0
      vertex 2.0935 2.55093 7.38981
      vertex 2.33345 2.33345 7.42566
    endloop
  endfacet
  facet normal 0.671562 0.740948 0
    outer loop
      vertex 2.0935 2.55093 7.38981
      vertex 2.33345 2.33345 0
      vertex 2.0935 2.55093 0
    endloop
  endfacet
  facet normal 0.514105 0.857727 -0
    outer loop
      vertex 1.83338 2.74385 0
      vertex 1.55561 2.91034 7.33057
      vertex 1.83338 2.74385 7.35801
    endloop
  endfacet
  facet normal 0.514105 0.857727 0
    outer loop
      vertex 1.55561 2.91034 7.33057
      vertex 1.83338 2.74385 0
      vertex 1.55561 2.91034 0
    endloop
  endfacet
  facet normal -0.740948 -0.671562 0
    outer loop
      vertex -2.33345 -2.33345 0
      vertex -2.55093 -2.0935 8.15536
      vertex -2.55093 -2.0935 0
    endloop
  endfacet
  facet normal -0.740948 -0.671562 0
    outer loop
      vertex -2.55093 -2.0935 8.15536
      vertex -2.33345 -2.33345 0
      vertex -2.33345 -2.33345 8.19491
    endloop
  endfacet
  facet normal -0.146736 0.989176 0
    outer loop
      vertex -0.643798 3.23659 0
      vertex -0.323456 3.28411 7.26896
      vertex -0.323456 3.28411 0
    endloop
  endfacet
  facet normal -0.146736 0.989176 0
    outer loop
      vertex -0.323456 3.28411 7.26896
      vertex -0.643798 3.23659 0
      vertex -0.643798 3.23659 7.27679
    endloop
  endfacet
  facet normal -0.671562 -0.740948 0
    outer loop
      vertex -2.0935 -2.55093 0
      vertex -2.33345 -2.33345 8.19491
      vertex -2.33345 -2.33345 0
    endloop
  endfacet
  facet normal -0.671562 -0.740948 0
    outer loop
      vertex -2.33345 -2.33345 8.19491
      vertex -2.0935 -2.55093 0
      vertex -2.0935 -2.55093 8.23076
    endloop
  endfacet
  facet normal 0.941543 0.336893 -0
    outer loop
      vertex 3.1579 0.957939 0
      vertex 3.0488 1.26285 7.60213
      vertex 3.1579 0.957939 7.65239
    endloop
  endfacet
  facet normal 0.941543 0.336893 0
    outer loop
      vertex 3.0488 1.26285 7.60213
      vertex 3.1579 0.957939 0
      vertex 3.0488 1.26285 0
    endloop
  endfacet
  facet normal -0.0490665 0.998796 0
    outer loop
      vertex 0 3.3 0
      vertex -0.323456 3.28411 7.26896
      vertex 0 3.3 7.26634
    endloop
  endfacet
  facet normal -0.0490665 0.998796 0
    outer loop
      vertex -0.323456 3.28411 7.26896
      vertex 0 3.3 0
      vertex -0.323456 3.28411 0
    endloop
  endfacet
  facet normal 0.427542 -0.903995 0
    outer loop
      vertex 1.26285 -3.0488 0
      vertex 1.55561 -2.91034 8.29
      vertex 1.26285 -3.0488 8.31282
    endloop
  endfacet
  facet normal 0.427542 -0.903995 0
    outer loop
      vertex 1.55561 -2.91034 8.29
      vertex 1.26285 -3.0488 0
      vertex 1.55561 -2.91034 0
    endloop
  endfacet
  facet normal 0.427542 0.903995 -0
    outer loop
      vertex 1.55561 2.91034 0
      vertex 1.26285 3.0488 7.30774
      vertex 1.55561 2.91034 7.33057
    endloop
  endfacet
  facet normal 0.427542 0.903995 0
    outer loop
      vertex 1.26285 3.0488 7.30774
      vertex 1.55561 2.91034 0
      vertex 1.26285 3.0488 0
    endloop
  endfacet
  facet normal -0.671562 0.740948 0
    outer loop
      vertex -2.33345 2.33345 0
      vertex -2.0935 2.55093 7.38981
      vertex -2.0935 2.55093 0
    endloop
  endfacet
  facet normal -0.671562 0.740948 0
    outer loop
      vertex -2.0935 2.55093 7.38981
      vertex -2.33345 2.33345 0
      vertex -2.33345 2.33345 7.42566
    endloop
  endfacet
  facet normal 0.0490665 -0.998796 0
    outer loop
      vertex 0 -3.3 0
      vertex 0.323456 -3.28411 8.35161
      vertex 0 -3.3 8.35423
    endloop
  endfacet
  facet normal 0.0490665 -0.998796 0
    outer loop
      vertex 0.323456 -3.28411 8.35161
      vertex 0 -3.3 0
      vertex 0.323456 -3.28411 0
    endloop
  endfacet
  facet normal 0.595703 -0.803205 0
    outer loop
      vertex 1.83338 -2.74385 0
      vertex 2.0935 -2.55093 8.23076
      vertex 1.83338 -2.74385 8.26256
    endloop
  endfacet
  facet normal 0.595703 -0.803205 0
    outer loop
      vertex 2.0935 -2.55093 8.23076
      vertex 1.83338 -2.74385 0
      vertex 2.0935 -2.55093 0
    endloop
  endfacet
  facet normal 0.998796 -0.0490665 0
    outer loop
      vertex 3.28411 -0.323456 0
      vertex 3.3 0 7.81028
      vertex 3.28411 -0.323456 7.8636
    endloop
  endfacet
  facet normal 0.998796 -0.0490665 0
    outer loop
      vertex 3.3 0 7.81028
      vertex 3.28411 -0.323456 0
      vertex 3.3 0 0
    endloop
  endfacet
  facet normal -0.595703 -0.803205 0
    outer loop
      vertex -1.83338 -2.74385 0
      vertex -2.0935 -2.55093 8.23076
      vertex -2.0935 -2.55093 0
    endloop
  endfacet
  facet normal -0.595703 -0.803205 0
    outer loop
      vertex -2.0935 -2.55093 8.23076
      vertex -1.83338 -2.74385 0
      vertex -1.83338 -2.74385 8.26256
    endloop
  endfacet
  facet normal -0.595703 0.803205 0
    outer loop
      vertex -2.0935 2.55093 0
      vertex -1.83338 2.74385 7.35801
      vertex -1.83338 2.74385 0
    endloop
  endfacet
  facet normal -0.595703 0.803205 0
    outer loop
      vertex -1.83338 2.74385 7.35801
      vertex -2.0935 2.55093 0
      vertex -2.0935 2.55093 7.38981
    endloop
  endfacet
  facet normal 0.941543 -0.336893 0
    outer loop
      vertex 3.0488 -1.26285 0
      vertex 3.1579 -0.957939 7.96818
      vertex 3.0488 -1.26285 8.01844
    endloop
  endfacet
  facet normal 0.941543 -0.336893 0
    outer loop
      vertex 3.1579 -0.957939 7.96818
      vertex 3.0488 -1.26285 0
      vertex 3.1579 -0.957939 0
    endloop
  endfacet
  facet normal 0.242985 -0.97003 0
    outer loop
      vertex 0.643798 -3.23659 0
      vertex 0.957939 -3.1579 8.33081
      vertex 0.643798 -3.23659 8.34378
    endloop
  endfacet
  facet normal 0.242985 -0.97003 0
    outer loop
      vertex 0.957939 -3.1579 8.33081
      vertex 0.643798 -3.23659 0
      vertex 0.957939 -3.1579 0
    endloop
  endfacet
  facet normal 0.989176 -0.146736 0
    outer loop
      vertex 3.23659 -0.643798 0
      vertex 3.28411 -0.323456 7.8636
      vertex 3.23659 -0.643798 7.9164
    endloop
  endfacet
  facet normal 0.989176 -0.146736 0
    outer loop
      vertex 3.28411 -0.323456 7.8636
      vertex 3.23659 -0.643798 0
      vertex 3.28411 -0.323456 0
    endloop
  endfacet
  facet normal -0.857727 0.514105 0
    outer loop
      vertex -2.91034 1.55561 0
      vertex -2.74385 1.83338 7.50808
      vertex -2.74385 1.83338 0
    endloop
  endfacet
  facet normal -0.857727 0.514105 0
    outer loop
      vertex -2.74385 1.83338 7.50808
      vertex -2.91034 1.55561 0
      vertex -2.91034 1.55561 7.55387
    endloop
  endfacet
  facet normal -0.514105 0.857727 0
    outer loop
      vertex -1.83338 2.74385 0
      vertex -1.55561 2.91034 7.33057
      vertex -1.55561 2.91034 0
    endloop
  endfacet
  facet normal -0.514105 0.857727 0
    outer loop
      vertex -1.55561 2.91034 7.33057
      vertex -1.83338 2.74385 0
      vertex -1.83338 2.74385 7.35801
    endloop
  endfacet
  facet normal -0.998796 -0.0490665 0
    outer loop
      vertex -3.28411 -0.323456 0
      vertex -3.3 0 7.81028
      vertex -3.3 0 0
    endloop
  endfacet
  facet normal -0.998796 -0.0490665 0
    outer loop
      vertex -3.3 0 7.81028
      vertex -3.28411 -0.323456 0
      vertex -3.28411 -0.323456 7.8636
    endloop
  endfacet
  facet normal -0.941543 0.336893 0
    outer loop
      vertex -3.1579 0.957939 0
      vertex -3.0488 1.26285 7.60213
      vertex -3.0488 1.26285 0
    endloop
  endfacet
  facet normal -0.941543 0.336893 0
    outer loop
      vertex -3.0488 1.26285 7.60213
      vertex -3.1579 0.957939 0
      vertex -3.1579 0.957939 7.65239
    endloop
  endfacet
  facet normal -0.857727 -0.514105 0
    outer loop
      vertex -2.74385 -1.83338 0
      vertex -2.91034 -1.55561 8.0667
      vertex -2.91034 -1.55561 0
    endloop
  endfacet
  facet normal -0.857727 -0.514105 0
    outer loop
      vertex -2.91034 -1.55561 8.0667
      vertex -2.74385 -1.83338 0
      vertex -2.74385 -1.83338 8.11248
    endloop
  endfacet
  facet normal 0.0490665 0.998796 -0
    outer loop
      vertex 0.323456 3.28411 0
      vertex 0 3.3 7.26634
      vertex 0.323456 3.28411 7.26896
    endloop
  endfacet
  facet normal 0.0490665 0.998796 0
    outer loop
      vertex 0 3.3 7.26634
      vertex 0.323456 3.28411 0
      vertex 0 3.3 0
    endloop
  endfacet
  facet normal 0.97003 -0.242985 0
    outer loop
      vertex 3.1579 -0.957939 0
      vertex 3.23659 -0.643798 7.9164
      vertex 3.1579 -0.957939 7.96818
    endloop
  endfacet
  facet normal 0.97003 -0.242985 0
    outer loop
      vertex 3.23659 -0.643798 7.9164
      vertex 3.1579 -0.957939 0
      vertex 3.23659 -0.643798 0
    endloop
  endfacet
  facet normal -0.97003 0.242985 0
    outer loop
      vertex -3.23659 0.643798 0
      vertex -3.1579 0.957939 7.65239
      vertex -3.1579 0.957939 0
    endloop
  endfacet
  facet normal -0.97003 0.242985 0
    outer loop
      vertex -3.1579 0.957939 7.65239
      vertex -3.23659 0.643798 0
      vertex -3.23659 0.643798 7.70417
    endloop
  endfacet
  facet normal -0.989176 -0.146736 0
    outer loop
      vertex -3.23659 -0.643798 0
      vertex -3.28411 -0.323456 7.8636
      vertex -3.28411 -0.323456 0
    endloop
  endfacet
  facet normal -0.989176 -0.146736 0
    outer loop
      vertex -3.28411 -0.323456 7.8636
      vertex -3.23659 -0.643798 0
      vertex -3.23659 -0.643798 7.9164
    endloop
  endfacet
  facet normal 0.903995 -0.427542 0
    outer loop
      vertex 2.91034 -1.55561 0
      vertex 3.0488 -1.26285 8.01844
      vertex 2.91034 -1.55561 8.0667
    endloop
  endfacet
  facet normal 0.903995 -0.427542 0
    outer loop
      vertex 3.0488 -1.26285 8.01844
      vertex 2.91034 -1.55561 0
      vertex 3.0488 -1.26285 0
    endloop
  endfacet
  facet normal -0.941543 -0.336893 0
    outer loop
      vertex -3.0488 -1.26285 0
      vertex -3.1579 -0.957939 7.96818
      vertex -3.1579 -0.957939 0
    endloop
  endfacet
  facet normal -0.941543 -0.336893 0
    outer loop
      vertex -3.1579 -0.957939 7.96818
      vertex -3.0488 -1.26285 0
      vertex -3.0488 -1.26285 8.01844
    endloop
  endfacet
  facet normal 0.336893 -0.941543 0
    outer loop
      vertex 0.957939 -3.1579 0
      vertex 1.26285 -3.0488 8.31282
      vertex 0.957939 -3.1579 8.33081
    endloop
  endfacet
  facet normal 0.336893 -0.941543 0
    outer loop
      vertex 1.26285 -3.0488 8.31282
      vertex 0.957939 -3.1579 0
      vertex 1.26285 -3.0488 0
    endloop
  endfacet
  facet normal -0.336893 0.941543 0
    outer loop
      vertex -1.26285 3.0488 0
      vertex -0.957939 3.1579 7.28976
      vertex -0.957939 3.1579 0
    endloop
  endfacet
  facet normal -0.336893 0.941543 0
    outer loop
      vertex -0.957939 3.1579 7.28976
      vertex -1.26285 3.0488 0
      vertex -1.26285 3.0488 7.30774
    endloop
  endfacet
  facet normal -0.242985 -0.97003 0
    outer loop
      vertex -0.643798 -3.23659 0
      vertex -0.957939 -3.1579 8.33081
      vertex -0.957939 -3.1579 0
    endloop
  endfacet
  facet normal -0.242985 -0.97003 0
    outer loop
      vertex -0.957939 -3.1579 8.33081
      vertex -0.643798 -3.23659 0
      vertex -0.643798 -3.23659 8.34378
    endloop
  endfacet
  facet normal 0.146736 -0.989176 0
    outer loop
      vertex 0.323456 -3.28411 0
      vertex 0.643798 -3.23659 8.34378
      vertex 0.323456 -3.28411 8.35161
    endloop
  endfacet
  facet normal 0.146736 -0.989176 0
    outer loop
      vertex 0.643798 -3.23659 8.34378
      vertex 0.323456 -3.28411 0
      vertex 0.643798 -3.23659 0
    endloop
  endfacet
  facet normal 0.803205 0.595703 -0
    outer loop
      vertex 2.74385 1.83338 0
      vertex 2.55093 2.0935 7.46521
      vertex 2.74385 1.83338 7.50808
    endloop
  endfacet
  facet normal 0.803205 0.595703 0
    outer loop
      vertex 2.55093 2.0935 7.46521
      vertex 2.74385 1.83338 0
      vertex 2.55093 2.0935 0
    endloop
  endfacet
  facet normal -0.803205 -0.595703 0
    outer loop
      vertex -2.55093 -2.0935 0
      vertex -2.74385 -1.83338 8.11248
      vertex -2.74385 -1.83338 0
    endloop
  endfacet
  facet normal -0.803205 -0.595703 0
    outer loop
      vertex -2.74385 -1.83338 8.11248
      vertex -2.55093 -2.0935 0
      vertex -2.55093 -2.0935 8.15536
    endloop
  endfacet
  facet normal -0.740948 0.671562 0
    outer loop
      vertex -2.55093 2.0935 0
      vertex -2.33345 2.33345 7.42566
      vertex -2.33345 2.33345 0
    endloop
  endfacet
  facet normal -0.740948 0.671562 0
    outer loop
      vertex -2.33345 2.33345 7.42566
      vertex -2.55093 2.0935 0
      vertex -2.55093 2.0935 7.46521
    endloop
  endfacet
  facet normal -0.146736 -0.989176 0
    outer loop
      vertex -0.323456 -3.28411 0
      vertex -0.643798 -3.23659 8.34378
      vertex -0.643798 -3.23659 0
    endloop
  endfacet
  facet normal -0.146736 -0.989176 0
    outer loop
      vertex -0.643798 -3.23659 8.34378
      vertex -0.323456 -3.28411 0
      vertex -0.323456 -3.28411 8.35161
    endloop
  endfacet
  facet normal 0.903995 0.427542 -0
    outer loop
      vertex 3.0488 1.26285 0
      vertex 2.91034 1.55561 7.55387
      vertex 3.0488 1.26285 7.60213
    endloop
  endfacet
  facet normal 0.903995 0.427542 0
    outer loop
      vertex 2.91034 1.55561 7.55387
      vertex 3.0488 1.26285 0
      vertex 2.91034 1.55561 0
    endloop
  endfacet
  facet normal 0.857727 -0.514105 0
    outer loop
      vertex 2.74385 -1.83338 0
      vertex 2.91034 -1.55561 8.0667
      vertex 2.74385 -1.83338 8.11248
    endloop
  endfacet
  facet normal 0.857727 -0.514105 0
    outer loop
      vertex 2.91034 -1.55561 8.0667
      vertex 2.74385 -1.83338 0
      vertex 2.91034 -1.55561 0
    endloop
  endfacet
  facet normal 0.146736 0.989176 -0
    outer loop
      vertex 0.643798 3.23659 0
      vertex 0.323456 3.28411 7.26896
      vertex 0.643798 3.23659 7.27679
    endloop
  endfacet
  facet normal 0.146736 0.989176 0
    outer loop
      vertex 0.323456 3.28411 7.26896
      vertex 0.643798 3.23659 0
      vertex 0.323456 3.28411 0
    endloop
  endfacet
  facet normal 0.336893 0.941543 -0
    outer loop
      vertex 1.26285 3.0488 0
      vertex 0.957939 3.1579 7.28976
      vertex 1.26285 3.0488 7.30774
    endloop
  endfacet
  facet normal 0.336893 0.941543 0
    outer loop
      vertex 0.957939 3.1579 7.28976
      vertex 1.26285 3.0488 0
      vertex 0.957939 3.1579 0
    endloop
  endfacet
  facet normal 0.595703 0.803205 -0
    outer loop
      vertex 2.0935 2.55093 0
      vertex 1.83338 2.74385 7.35801
      vertex 2.0935 2.55093 7.38981
    endloop
  endfacet
  facet normal 0.595703 0.803205 0
    outer loop
      vertex 1.83338 2.74385 7.35801
      vertex 2.0935 2.55093 0
      vertex 1.83338 2.74385 0
    endloop
  endfacet
  facet normal -0.427542 0.903995 0
    outer loop
      vertex -1.55561 2.91034 0
      vertex -1.26285 3.0488 7.30774
      vertex -1.26285 3.0488 0
    endloop
  endfacet
  facet normal -0.427542 0.903995 0
    outer loop
      vertex -1.26285 3.0488 7.30774
      vertex -1.55561 2.91034 0
      vertex -1.55561 2.91034 7.33057
    endloop
  endfacet
  facet normal -0.336893 -0.941543 0
    outer loop
      vertex -0.957939 -3.1579 0
      vertex -1.26285 -3.0488 8.31282
      vertex -1.26285 -3.0488 0
    endloop
  endfacet
  facet normal -0.336893 -0.941543 0
    outer loop
      vertex -1.26285 -3.0488 8.31282
      vertex -0.957939 -3.1579 0
      vertex -0.957939 -3.1579 8.33081
    endloop
  endfacet
  facet normal 0.857727 0.514105 -0
    outer loop
      vertex 2.91034 1.55561 0
      vertex 2.74385 1.83338 7.50808
      vertex 2.91034 1.55561 7.55387
    endloop
  endfacet
  facet normal 0.857727 0.514105 0
    outer loop
      vertex 2.74385 1.83338 7.50808
      vertex 2.91034 1.55561 0
      vertex 2.74385 1.83338 0
    endloop
  endfacet
  facet normal -0.903995 -0.427542 0
    outer loop
      vertex -2.91034 -1.55561 0
      vertex -3.0488 -1.26285 8.01844
      vertex -3.0488 -1.26285 0
    endloop
  endfacet
  facet normal -0.903995 -0.427542 0
    outer loop
      vertex -3.0488 -1.26285 8.01844
      vertex -2.91034 -1.55561 0
      vertex -2.91034 -1.55561 8.0667
    endloop
  endfacet
  facet normal -0.242985 0.97003 0
    outer loop
      vertex -0.957939 3.1579 0
      vertex -0.643798 3.23659 7.27679
      vertex -0.643798 3.23659 0
    endloop
  endfacet
  facet normal -0.242985 0.97003 0
    outer loop
      vertex -0.643798 3.23659 7.27679
      vertex -0.957939 3.1579 0
      vertex -0.957939 3.1579 7.28976
    endloop
  endfacet
  facet normal -0.903995 0.427542 0
    outer loop
      vertex -3.0488 1.26285 0
      vertex -2.91034 1.55561 7.55387
      vertex -2.91034 1.55561 0
    endloop
  endfacet
  facet normal -0.903995 0.427542 0
    outer loop
      vertex -2.91034 1.55561 7.55387
      vertex -3.0488 1.26285 0
      vertex -3.0488 1.26285 7.60213
    endloop
  endfacet
  facet normal 0.740948 0.671562 -0
    outer loop
      vertex 2.55093 2.0935 0
      vertex 2.33345 2.33345 7.42566
      vertex 2.55093 2.0935 7.46521
    endloop
  endfacet
  facet normal 0.740948 0.671562 0
    outer loop
      vertex 2.33345 2.33345 7.42566
      vertex 2.55093 2.0935 0
      vertex 2.33345 2.33345 0
    endloop
  endfacet
  facet normal -0.989176 0.146736 0
    outer loop
      vertex -3.28411 0.323456 0
      vertex -3.23659 0.643798 7.70417
      vertex -3.23659 0.643798 0
    endloop
  endfacet
  facet normal -0.989176 0.146736 0
    outer loop
      vertex -3.23659 0.643798 7.70417
      vertex -3.28411 0.323456 0
      vertex -3.28411 0.323456 7.75697
    endloop
  endfacet
  facet normal -0.803205 0.595703 0
    outer loop
      vertex -2.74385 1.83338 0
      vertex -2.55093 2.0935 7.46521
      vertex -2.55093 2.0935 0
    endloop
  endfacet
  facet normal -0.803205 0.595703 0
    outer loop
      vertex -2.55093 2.0935 7.46521
      vertex -2.74385 1.83338 0
      vertex -2.74385 1.83338 7.50808
    endloop
  endfacet
  facet normal 0.242985 0.97003 -0
    outer loop
      vertex 0.957939 3.1579 0
      vertex 0.643798 3.23659 7.27679
      vertex 0.957939 3.1579 7.28976
    endloop
  endfacet
  facet normal 0.242985 0.97003 0
    outer loop
      vertex 0.643798 3.23659 7.27679
      vertex 0.957939 3.1579 0
      vertex 0.643798 3.23659 0
    endloop
  endfacet
  facet normal 0.671562 -0.740948 0
    outer loop
      vertex 2.0935 -2.55093 0
      vertex 2.33345 -2.33345 8.19491
      vertex 2.0935 -2.55093 8.23076
    endloop
  endfacet
  facet normal 0.671562 -0.740948 0
    outer loop
      vertex 2.33345 -2.33345 8.19491
      vertex 2.0935 -2.55093 0
      vertex 2.33345 -2.33345 0
    endloop
  endfacet
  facet normal -0.514105 -0.857727 0
    outer loop
      vertex -1.55561 -2.91034 0
      vertex -1.83338 -2.74385 8.26256
      vertex -1.83338 -2.74385 0
    endloop
  endfacet
  facet normal -0.514105 -0.857727 0
    outer loop
      vertex -1.83338 -2.74385 8.26256
      vertex -1.55561 -2.91034 0
      vertex -1.55561 -2.91034 8.29
    endloop
  endfacet
  facet normal -0.0490665 -0.998796 0
    outer loop
      vertex -0.323456 -3.28411 0
      vertex 0 -3.3 8.35423
      vertex -0.323456 -3.28411 8.35161
    endloop
  endfacet
  facet normal -0.0490665 -0.998796 -0
    outer loop
      vertex 0 -3.3 8.35423
      vertex -0.323456 -3.28411 0
      vertex 0 -3.3 0
    endloop
  endfacet
  facet normal -0.998796 0.0490665 0
    outer loop
      vertex -3.3 0 0
      vertex -3.28411 0.323456 7.75697
      vertex -3.28411 0.323456 0
    endloop
  endfacet
  facet normal -0.998796 0.0490665 0
    outer loop
      vertex -3.28411 0.323456 7.75697
      vertex -3.3 0 0
      vertex -3.3 0 7.81028
    endloop
  endfacet
  facet normal 0 0 -1
    outer loop
      vertex -2.125 0.674999 0
      vertex -0.674999 2.125 0
      vertex -0.674999 0.674999 0
    endloop
  endfacet
  facet normal 0 0 -1
    outer loop
      vertex -0.674999 2.125 0
      vertex -1.26285 3.0488 0
      vertex -0.957939 3.1579 0
    endloop
  endfacet
  facet normal 0 0 -1
    outer loop
      vertex -0.674999 2.125 0
      vertex -1.55561 2.91034 0
      vertex -1.26285 3.0488 0
    endloop
  endfacet
  facet normal 0 0 -1
    outer loop
      vertex -0.674999 2.125 0
      vertex -1.83338 2.74385 0
      vertex -1.55561 2.91034 0
    endloop
  endfacet
  facet normal 0 0 -1
    outer loop
      vertex -0.674999 2.125 0
      vertex -2.0935 2.55093 0
      vertex -1.83338 2.74385 0
    endloop
  endfacet
  facet normal 0 0 -1
    outer loop
      vertex -2.33345 2.33345 0
      vertex -0.674999 2.125 0
      vertex -2.125 0.674999 0
    endloop
  endfacet
  facet normal 0 0 -1
    outer loop
      vertex -2.74385 -1.83338 0
      vertex -2.125 -0.674999 0
      vertex -2.55093 -2.0935 0
    endloop
  endfacet
  facet normal 0 0 -1
    outer loop
      vertex -0.674999 2.125 0
      vertex -2.33345 2.33345 0
      vertex -2.0935 2.55093 0
    endloop
  endfacet
  facet normal 0 0 -1
    outer loop
      vertex -2.91034 -1.55561 0
      vertex -2.125 -0.674999 0
      vertex -2.74385 -1.83338 0
    endloop
  endfacet
  facet normal 0 0 -1
    outer loop
      vertex -2.125 0.674999 0
      vertex -2.55093 2.0935 0
      vertex -2.33345 2.33345 0
    endloop
  endfacet
  facet normal 0 0 -1
    outer loop
      vertex -3.0488 -1.26285 0
      vertex -2.125 -0.674999 0
      vertex -2.91034 -1.55561 0
    endloop
  endfacet
  facet normal 0 0 -1
    outer loop
      vertex -2.125 0.674999 0
      vertex -2.74385 1.83338 0
      vertex -2.55093 2.0935 0
    endloop
  endfacet
  facet normal 0 0 -1
    outer loop
      vertex -3.1579 -0.957939 0
      vertex -2.125 -0.674999 0
      vertex -3.0488 -1.26285 0
    endloop
  endfacet
  facet normal 0 0 -1
    outer loop
      vertex -2.125 0.674999 0
      vertex -2.91034 1.55561 0
      vertex -2.74385 1.83338 0
    endloop
  endfacet
  facet normal 0 0 -1
    outer loop
      vertex -3.23659 -0.643798 0
      vertex -2.125 -0.674999 0
      vertex -3.1579 -0.957939 0
    endloop
  endfacet
  facet normal 0 0 -1
    outer loop
      vertex -2.125 0.674999 0
      vertex -3.0488 1.26285 0
      vertex -2.91034 1.55561 0
    endloop
  endfacet
  facet normal 0 0 -1
    outer loop
      vertex -3.28411 -0.323456 0
      vertex -2.125 -0.674999 0
      vertex -3.23659 -0.643798 0
    endloop
  endfacet
  facet normal 0 0 -1
    outer loop
      vertex -2.125 0.674999 0
      vertex -3.1579 0.957939 0
      vertex -3.0488 1.26285 0
    endloop
  endfacet
  facet normal 0 0 -1
    outer loop
      vertex -3.3 0 0
      vertex -2.125 -0.674999 0
      vertex -3.28411 -0.323456 0
    endloop
  endfacet
  facet normal -0 0 -1
    outer loop
      vertex -2.125 0.674999 0
      vertex -3.23659 0.643798 0
      vertex -3.1579 0.957939 0
    endloop
  endfacet
  facet normal 0 0 -1
    outer loop
      vertex -2.125 -0.674999 0
      vertex -3.3 0 0
      vertex -2.125 0.674999 0
    endloop
  endfacet
  facet normal 0 0 -1
    outer loop
      vertex -2.125 0.674999 0
      vertex -3.28411 0.323456 0
      vertex -3.23659 0.643798 0
    endloop
  endfacet
  facet normal 0 0 -1
    outer loop
      vertex -2.125 0.674999 0
      vertex -3.3 0 0
      vertex -3.28411 0.323456 0
    endloop
  endfacet
  facet normal 0 0 -1
    outer loop
      vertex 0.643798 -3.23659 0
      vertex 0.674999 -2.125 0
      vertex 0.957939 -3.1579 0
    endloop
  endfacet
  facet normal 0 0 -1
    outer loop
      vertex 0.323456 -3.28411 0
      vertex 0.674999 -2.125 0
      vertex 0.643798 -3.23659 0
    endloop
  endfacet
  facet normal 0 0 -1
    outer loop
      vertex 0 -3.3 0
      vertex 0.674999 -2.125 0
      vertex 0.323456 -3.28411 0
    endloop
  endfacet
  facet normal 0 0 -1
    outer loop
      vertex -0.674999 -2.125 0
      vertex 0 -3.3 0
      vertex -0.323456 -3.28411 0
    endloop
  endfacet
  facet normal 0 0 -1
    outer loop
      vertex -0.674999 -2.125 0
      vertex -0.323456 -3.28411 0
      vertex -0.643798 -3.23659 0
    endloop
  endfacet
  facet normal 0 0 -1
    outer loop
      vertex 0 -3.3 0
      vertex -0.674999 -2.125 0
      vertex 0.674999 -2.125 0
    endloop
  endfacet
  facet normal 0 0 -1
    outer loop
      vertex -0.957939 -3.1579 0
      vertex -0.674999 -2.125 0
      vertex -0.643798 -3.23659 0
    endloop
  endfacet
  facet normal 0 0 -1
    outer loop
      vertex -1.26285 -3.0488 0
      vertex -0.674999 -2.125 0
      vertex -0.957939 -3.1579 0
    endloop
  endfacet
  facet normal 0 0 -1
    outer loop
      vertex -1.55561 -2.91034 0
      vertex -0.674999 -2.125 0
      vertex -1.26285 -3.0488 0
    endloop
  endfacet
  facet normal 0 0 -1
    outer loop
      vertex -1.83338 -2.74385 0
      vertex -0.674999 -2.125 0
      vertex -1.55561 -2.91034 0
    endloop
  endfacet
  facet normal 0 0 -1
    outer loop
      vertex -2.0935 -2.55093 0
      vertex -0.674999 -2.125 0
      vertex -1.83338 -2.74385 0
    endloop
  endfacet
  facet normal 0 0 -1
    outer loop
      vertex -2.33345 -2.33345 0
      vertex -0.674999 -2.125 0
      vertex -2.0935 -2.55093 0
    endloop
  endfacet
  facet normal 0 0 -1
    outer loop
      vertex -0.674999 -2.125 0
      vertex -2.125 -0.674999 0
      vertex -0.674999 -0.674999 0
    endloop
  endfacet
  facet normal 0 0 -1
    outer loop
      vertex -2.55093 -2.0935 0
      vertex -2.125 -0.674999 0
      vertex -2.33345 -2.33345 0
    endloop
  endfacet
  facet normal -0 0 -1
    outer loop
      vertex -0.674999 -2.125 0
      vertex -2.33345 -2.33345 0
      vertex -2.125 -0.674999 0
    endloop
  endfacet
  facet normal 0 0 -1
    outer loop
      vertex 2.125 -0.674999 0
      vertex 3.3 0 0
      vertex 3.28411 -0.323456 0
    endloop
  endfacet
  facet normal 0 0 -1
    outer loop
      vertex 2.125 -0.674999 0
      vertex 3.28411 -0.323456 0
      vertex 3.23659 -0.643798 0
    endloop
  endfacet
  facet normal 0 0 -1
    outer loop
      vertex 2.125 0.674999 0
      vertex 3.3 0 0
      vertex 2.125 -0.674999 0
    endloop
  endfacet
  facet normal 0 0 -1
    outer loop
      vertex 2.125 -0.674999 0
      vertex 3.23659 -0.643798 0
      vertex 3.1579 -0.957939 0
    endloop
  endfacet
  facet normal 0 0 -1
    outer loop
      vertex 3.3 0 0
      vertex 2.125 0.674999 0
      vertex 3.28411 0.323456 0
    endloop
  endfacet
  facet normal 0 0 -1
    outer loop
      vertex 2.125 -0.674999 0
      vertex 3.1579 -0.957939 0
      vertex 3.0488 -1.26285 0
    endloop
  endfacet
  facet normal 0 0 -1
    outer loop
      vertex 3.28411 0.323456 0
      vertex 2.125 0.674999 0
      vertex 3.23659 0.643798 0
    endloop
  endfacet
  facet normal 0 0 -1
    outer loop
      vertex 2.125 -0.674999 0
      vertex 3.0488 -1.26285 0
      vertex 2.91034 -1.55561 0
    endloop
  endfacet
  facet normal 0 0 -1
    outer loop
      vertex 3.23659 0.643798 0
      vertex 2.125 0.674999 0
      vertex 3.1579 0.957939 0
    endloop
  endfacet
  facet normal 0 0 -1
    outer loop
      vertex 2.125 -0.674999 0
      vertex 2.91034 -1.55561 0
      vertex 2.74385 -1.83338 0
    endloop
  endfacet
  facet normal -0 0 -1
    outer loop
      vertex 3.1579 0.957939 0
      vertex 2.125 0.674999 0
      vertex 3.0488 1.26285 0
    endloop
  endfacet
  facet normal 0 0 -1
    outer loop
      vertex 2.125 -0.674999 0
      vertex 2.74385 -1.83338 0
      vertex 2.55093 -2.0935 0
    endloop
  endfacet
  facet normal -0 0 -1
    outer loop
      vertex 3.0488 1.26285 0
      vertex 2.125 0.674999 0
      vertex 2.91034 1.55561 0
    endloop
  endfacet
  facet normal 0 0 -1
    outer loop
      vertex 2.125 -0.674999 0
      vertex 2.55093 -2.0935 0
      vertex 2.33345 -2.33345 0
    endloop
  endfacet
  facet normal -0 0 -1
    outer loop
      vertex 2.91034 1.55561 0
      vertex 2.125 0.674999 0
      vertex 2.74385 1.83338 0
    endloop
  endfacet
  facet normal -0 0 -1
    outer loop
      vertex 2.74385 1.83338 0
      vertex 2.125 0.674999 0
      vertex 2.55093 2.0935 0
    endloop
  endfacet
  facet normal 0 0 -1
    outer loop
      vertex 0.674999 -2.125 0
      vertex 2.33345 -2.33345 0
      vertex 2.0935 -2.55093 0
    endloop
  endfacet
  facet normal 0 0 -1
    outer loop
      vertex 0.674999 -2.125 0
      vertex 2.0935 -2.55093 0
      vertex 1.83338 -2.74385 0
    endloop
  endfacet
  facet normal 0 0 -1
    outer loop
      vertex 0.674999 -2.125 0
      vertex 1.83338 -2.74385 0
      vertex 1.55561 -2.91034 0
    endloop
  endfacet
  facet normal 0 0 -1
    outer loop
      vertex 0.674999 -2.125 0
      vertex 1.55561 -2.91034 0
      vertex 1.26285 -3.0488 0
    endloop
  endfacet
  facet normal 0 0 -1
    outer loop
      vertex 0.674999 -2.125 0
      vertex 1.26285 -3.0488 0
      vertex 0.957939 -3.1579 0
    endloop
  endfacet
  facet normal 0 0 -1
    outer loop
      vertex 2.33345 -2.33345 0
      vertex 0.674999 -2.125 0
      vertex 2.125 -0.674999 0
    endloop
  endfacet
  facet normal -0 0 -1
    outer loop
      vertex 2.125 -0.674999 0
      vertex 0.674999 -2.125 0
      vertex 0.674999 -0.674999 0
    endloop
  endfacet
  facet normal -0 0 -1
    outer loop
      vertex 2.55093 2.0935 0
      vertex 2.125 0.674999 0
      vertex 2.33345 2.33345 0
    endloop
  endfacet
  facet normal 0 0 -1
    outer loop
      vertex 0.674999 2.125 0
      vertex 2.33345 2.33345 0
      vertex 2.125 0.674999 0
    endloop
  endfacet
  facet normal -0 0 -1
    outer loop
      vertex 2.33345 2.33345 0
      vertex 0.674999 2.125 0
      vertex 2.0935 2.55093 0
    endloop
  endfacet
  facet normal -0 0 -1
    outer loop
      vertex 2.0935 2.55093 0
      vertex 0.674999 2.125 0
      vertex 1.83338 2.74385 0
    endloop
  endfacet
  facet normal -0 0 -1
    outer loop
      vertex 1.83338 2.74385 0
      vertex 0.674999 2.125 0
      vertex 1.55561 2.91034 0
    endloop
  endfacet
  facet normal -0 0 -1
    outer loop
      vertex 1.55561 2.91034 0
      vertex 0.674999 2.125 0
      vertex 1.26285 3.0488 0
    endloop
  endfacet
  facet normal 0 0 -1
    outer loop
      vertex 0.674999 2.125 0
      vertex 2.125 0.674999 0
      vertex 0.674999 0.674999 0
    endloop
  endfacet
  facet normal -0 0 -1
    outer loop
      vertex 1.26285 3.0488 0
      vertex 0.674999 2.125 0
      vertex 0.957939 3.1579 0
    endloop
  endfacet
  facet normal 0 0 -1
    outer loop
      vertex 0.674999 2.125 0
      vertex 0.643798 3.23659 0
      vertex 0.957939 3.1579 0
    endloop
  endfacet
  facet normal 0 0 -1
    outer loop
      vertex 0.674999 2.125 0
      vertex 0.323456 3.28411 0
      vertex 0.643798 3.23659 0
    endloop
  endfacet
  facet normal 0 0 -1
    outer loop
      vertex 0.674999 2.125 0
      vertex 0 3.3 0
      vertex 0.323456 3.28411 0
    endloop
  endfacet
  facet normal 0 0 -1
    outer loop
      vertex -0.674999 2.125 0
      vertex 0 3.3 0
      vertex 0.674999 2.125 0
    endloop
  endfacet
  facet normal 0 0 -1
    outer loop
      vertex 0 3.3 0
      vertex -0.674999 2.125 0
      vertex -0.323456 3.28411 0
    endloop
  endfacet
  facet normal 0 0 -1
    outer loop
      vertex -0.323456 3.28411 0
      vertex -0.674999 2.125 0
      vertex -0.643798 3.23659 0
    endloop
  endfacet
  facet normal 0 0 -1
    outer loop
      vertex -0.643798 3.23659 0
      vertex -0.674999 2.125 0
      vertex -0.957939 3.1579 0
    endloop
  endfacet
  facet normal -0.427542 -0.903995 0
    outer loop
      vertex -1.26285 -3.0488 0
      vertex -1.55561 -2.91034 8.29
      vertex -1.55561 -2.91034 0
    endloop
  endfacet
  facet normal -0.427542 -0.903995 0
    outer loop
      vertex -1.55561 -2.91034 8.29
      vertex -1.26285 -3.0488 0
      vertex -1.26285 -3.0488 8.31282
    endloop
  endfacet
  facet normal -1 0 0
    outer loop
      vertex 2.125 -0.674999 0
      vertex 2.125 0.674999 4.3
      vertex 2.125 0.674999 0
    endloop
  endfacet
  facet normal -1 -0 0
    outer loop
      vertex 2.125 0.674999 4.3
      vertex 2.125 -0.674999 0
      vertex 2.125 -0.674999 4.3
    endloop
  endfacet
  facet normal 0 0 -1
    outer loop
      vertex -2.125 -0.674999 4.3
      vertex -0.674999 0.674999 4.3
      vertex -0.674999 -0.674999 4.3
    endloop
  endfacet
  facet normal -0 0 -1
    outer loop
      vertex -0.674999 0.674999 4.3
      vertex -2.125 -0.674999 4.3
      vertex -2.125 0.674999 4.3
    endloop
  endfacet
  facet normal 0 0 -1
    outer loop
      vertex -0.674999 -0.674999 4.3
      vertex 0.674999 -0.674999 4.3
      vertex 0.674999 -2.125 4.3
    endloop
  endfacet
  facet normal 0 0 -1
    outer loop
      vertex 0.674999 -0.674999 4.3
      vertex -0.674999 -0.674999 4.3
      vertex 0.674999 0.674999 4.3
    endloop
  endfacet
  facet normal 0 0 -1
    outer loop
      vertex -0.674999 -0.674999 4.3
      vertex 0.674999 -2.125 4.3
      vertex -0.674999 -2.125 4.3
    endloop
  endfacet
  facet normal 0 0 -1
    outer loop
      vertex -0.674999 0.674999 4.3
      vertex 0.674999 0.674999 4.3
      vertex -0.674999 -0.674999 4.3
    endloop
  endfacet
  facet normal 0 0 -1
    outer loop
      vertex 0.674999 0.674999 4.3
      vertex -0.674999 0.674999 4.3
      vertex 0.674999 2.125 4.3
    endloop
  endfacet
  facet normal -0 0 -1
    outer loop
      vertex 0.674999 2.125 4.3
      vertex -0.674999 0.674999 4.3
      vertex -0.674999 2.125 4.3
    endloop
  endfacet
  facet normal 0 0 -1
    outer loop
      vertex 0.674999 -0.674999 4.3
      vertex 2.125 0.674999 4.3
      vertex 2.125 -0.674999 4.3
    endloop
  endfacet
  facet normal -0 0 -1
    outer loop
      vertex 2.125 0.674999 4.3
      vertex 0.674999 -0.674999 4.3
      vertex 0.674999 0.674999 4.3
    endloop
  endfacet
  facet normal 1 -0 0
    outer loop
      vertex -2.125 -0.674999 4.3
      vertex -2.125 0.674999 0
      vertex -2.125 0.674999 4.3
    endloop
  endfacet
  facet normal 1 0 0
    outer loop
      vertex -2.125 0.674999 0
      vertex -2.125 -0.674999 4.3
      vertex -2.125 -0.674999 0
    endloop
  endfacet
  facet normal 0 -1 0
    outer loop
      vertex -2.125 0.674999 0
      vertex -0.674999 0.674999 4.3
      vertex -2.125 0.674999 4.3
    endloop
  endfacet
  facet normal 0 -1 -0
    outer loop
      vertex -0.674999 0.674999 4.3
      vertex -2.125 0.674999 0
      vertex -0.674999 0.674999 0
    endloop
  endfacet
  facet normal 0 -1 0
    outer loop
      vertex 0.674999 0.674999 0
      vertex 2.125 0.674999 4.3
      vertex 0.674999 0.674999 4.3
    endloop
  endfacet
  facet normal 0 -1 -0
    outer loop
      vertex 2.125 0.674999 4.3
      vertex 0.674999 0.674999 0
      vertex 2.125 0.674999 0
    endloop
  endfacet
  facet normal 0 1 -0
    outer loop
      vertex -0.674999 -0.674999 0
      vertex -2.125 -0.674999 4.3
      vertex -0.674999 -0.674999 4.3
    endloop
  endfacet
  facet normal 0 1 0
    outer loop
      vertex -2.125 -0.674999 4.3
      vertex -0.674999 -0.674999 0
      vertex -2.125 -0.674999 0
    endloop
  endfacet
  facet normal 0 1 -0
    outer loop
      vertex 2.125 -0.674999 0
      vertex 0.674999 -0.674999 4.3
      vertex 2.125 -0.674999 4.3
    endloop
  endfacet
  facet normal 0 1 0
    outer loop
      vertex 0.674999 -0.674999 4.3
      vertex 2.125 -0.674999 0
      vertex 0.674999 -0.674999 0
    endloop
  endfacet
  facet normal -1 0 0
    outer loop
      vertex 0.674999 0.674999 0
      vertex 0.674999 2.125 4.3
      vertex 0.674999 2.125 0
    endloop
  endfacet
  facet normal -1 -0 0
    outer loop
      vertex 0.674999 2.125 4.3
      vertex 0.674999 0.674999 0
      vertex 0.674999 0.674999 4.3
    endloop
  endfacet
  facet normal -1 0 0
    outer loop
      vertex 0.674999 -2.125 0
      vertex 0.674999 -0.674999 4.3
      vertex 0.674999 -0.674999 0
    endloop
  endfacet
  facet normal -1 -0 0
    outer loop
      vertex 0.674999 -0.674999 4.3
      vertex 0.674999 -2.125 0
      vertex 0.674999 -2.125 4.3
    endloop
  endfacet
  facet normal 1 -0 0
    outer loop
      vertex -0.674999 0.674999 4.3
      vertex -0.674999 2.125 0
      vertex -0.674999 2.125 4.3
    endloop
  endfacet
  facet normal 1 0 0
    outer loop
      vertex -0.674999 2.125 0
      vertex -0.674999 0.674999 4.3
      vertex -0.674999 0.674999 0
    endloop
  endfacet
  facet normal 1 -0 0
    outer loop
      vertex -0.674999 -2.125 4.3
      vertex -0.674999 -0.674999 0
      vertex -0.674999 -0.674999 4.3
    endloop
  endfacet
  facet normal 1 0 0
    outer loop
      vertex -0.674999 -0.674999 0
      vertex -0.674999 -2.125 4.3
      vertex -0.674999 -2.125 0
    endloop
  endfacet
  facet normal 0 -1 0
    outer loop
      vertex -0.674999 2.125 0
      vertex 0.674999 2.125 4.3
      vertex -0.674999 2.125 4.3
    endloop
  endfacet
  facet normal 0 -1 -0
    outer loop
      vertex 0.674999 2.125 4.3
      vertex -0.674999 2.125 0
      vertex 0.674999 2.125 0
    endloop
  endfacet
  facet normal 0 1 -0
    outer loop
      vertex 0.674999 -2.125 0
      vertex -0.674999 -2.125 4.3
      vertex 0.674999 -2.125 4.3
    endloop
  endfacet
  facet normal 0 1 0
    outer loop
      vertex -0.674999 -2.125 4.3
      vertex 0.674999 -2.125 0
      vertex -0.674999 -2.125 0
    endloop
  endfacet
  facet normal 0.176565 0.0835094 0.98074
    outer loop
      vertex -5.14295 -2.74896 8.86925
      vertex -3.25347 -1.34763 8.40976
      vertex -5.38763 -2.23163 8.86925
    endloop
  endfacet
  facet normal -0.272773 -0.0977702 0.957098
    outer loop
      vertex 6.09168 1.90876 9.03755
      vertex 6.10506 1.85195 9.03556
      vertex 6.09999 1.90163 9.03919
    endloop
  endfacet
  facet normal -0.274418 -0.09814 0.956589
    outer loop
      vertex 6.0866 1.91312 9.03654
      vertex 6.10506 1.85195 9.03556
      vertex 6.09168 1.90876 9.03755
    endloop
  endfacet
  facet normal -0.273585 -0.0978926 0.956853
    outer loop
      vertex 5.98161 2.00323 9.01574
      vertex 6.10506 1.85195 9.03556
      vertex 6.0866 1.91312 9.03654
    endloop
  endfacet
  facet normal -0.273663 -0.0978506 0.956835
    outer loop
      vertex 5.58042 1.6928 8.86925
      vertex 5.98161 2.00323 9.01574
      vertex 5.91785 2.05795 9.0031
    endloop
  endfacet
  facet normal -0.273613 -0.0979002 0.956844
    outer loop
      vertex 5.58042 1.6928 8.86925
      vertex 5.91785 2.05795 9.0031
      vertex 5.69775 2.24686 8.95949
    endloop
  endfacet
  facet normal -0.273614 -0.0979179 0.956842
    outer loop
      vertex 5.98161 2.00323 9.01574
      vertex 5.58042 1.6928 8.86925
      vertex 6.10506 1.85195 9.03556
    endloop
  endfacet
  facet normal -0.273618 -0.0978989 0.956843
    outer loop
      vertex 5.58042 1.6928 8.86925
      vertex 5.69775 2.24686 8.95949
      vertex 5.38763 2.23163 8.86925
    endloop
  endfacet
  facet normal 0.0330591 -0.0923963 0.995173
    outer loop
      vertex -0.341846 1.12692 8.17891
      vertex -1.02225 3.36989 8.40976
      vertex -1.34763 3.25347 8.40976
    endloop
  endfacet
  facet normal 0.0330591 0.0923963 0.995173
    outer loop
      vertex -1.02225 -3.36989 8.40976
      vertex -0.341846 -1.12692 8.17891
      vertex -1.34763 -3.25347 8.40976
    endloop
  endfacet
  facet normal -0.0835094 0.176565 0.98074
    outer loop
      vertex 2.23163 -5.38763 8.86925
      vertex 2.74896 -5.14295 8.86925
      vertex 1.34763 -3.25347 8.40976
    endloop
  endfacet
  facet normal -0.173111 0.233418 0.956843
    outer loop
      vertex 5.1293 -6.25006 9.55294
      vertex 3.69948 -4.50783 8.86925
      vertex 3.23982 -4.84873 8.86925
    endloop
  endfacet
  facet normal 0.262704 0.12425 0.956843
    outer loop
      vertex -6.39835 -2.65028 9.20111
      vertex -5.14295 -2.74896 8.86925
      vertex -5.38763 -2.23163 8.86925
    endloop
  endfacet
  facet normal 0.262705 0.124258 0.956842
    outer loop
      vertex -5.14295 -2.74896 8.86925
      vertex -6.39835 -2.65028 9.20111
      vertex -6.40724 -2.9365 9.24072
    endloop
  endfacet
  facet normal -0.00481594 -0.098014 0.995173
    outer loop
      vertex 0.115427 1.17195 8.17891
      vertex 0.34517 3.50457 8.40976
      vertex 0 3.52153 8.40976
    endloop
  endfacet
  facet normal -0.0657987 -0.183898 0.980741
    outer loop
      vertex 1.40187 4.00325 8.55399
      vertex 1.34763 3.25347 8.40976
      vertex 1.64224 3.96471 8.56289
    endloop
  endfacet
  facet normal -0.0657983 -0.183898 0.980741
    outer loop
      vertex 1.34763 3.25347 8.40976
      vertex 1.40187 4.00325 8.55399
      vertex 1.02225 3.36989 8.40976
    endloop
  endfacet
  facet normal -0.195083 0.00958543 0.98074
    outer loop
      vertex 5.80344 -0.571589 8.86925
      vertex 3.52153 0 8.40976
      vertex 3.50457 -0.34517 8.40976
    endloop
  endfacet
  facet normal 0.249257 0.149404 0.956844
    outer loop
      vertex -6.40568 -4.14218 9.41573
      vertex -4.84873 -3.23982 8.86925
      vertex -5.14295 -2.74896 8.86925
    endloop
  endfacet
  facet normal 0.249239 0.149434 0.956843
    outer loop
      vertex -4.84873 -3.23982 8.86925
      vertex -6.40568 -4.14218 9.41573
      vertex -6.40087 -4.27692 9.43552
    endloop
  endfacet
  facet normal -0.176582 -0.0835188 0.980736
    outer loop
      vertex 5.08098 2.70301 8.85418
      vertex 5.38763 2.23163 8.86925
      vertex 5.19555 2.63774 8.86925
    endloop
  endfacet
  facet normal -0.176566 -0.0835081 0.98074
    outer loop
      vertex 5.38763 2.23163 8.86925
      vertex 5.08098 2.70301 8.85418
      vertex 3.25347 1.34763 8.40976
    endloop
  endfacet
  facet normal -0.0923937 -0.0330648 0.995173
    outer loop
      vertex 1.12692 0.341846 8.17891
      vertex 3.25347 1.34763 8.40976
      vertex 1.08798 0.450657 8.17891
    endloop
  endfacet
  facet normal -0.228176 0.307698 0.923719
    outer loop
      vertex 5.1293 -6.25006 9.55294
      vertex 5.19643 -7.11773 9.85855
      vertex 5.32961 -7.04977 9.86881
    endloop
  endfacet
  facet normal -0.22817 0.307699 0.923721
    outer loop
      vertex 5.19643 -7.11773 9.85855
      vertex 5.1293 -6.25006 9.55294
      vertex 5.1805 -7.12561 9.85724
    endloop
  endfacet
  facet normal -0.228203 0.307695 0.923714
    outer loop
      vertex 4.49198 -6.72273 9.55294
      vertex 5.1805 -7.12561 9.85724
      vertex 5.1293 -6.25006 9.55294
    endloop
  endfacet
  facet normal -0.228195 0.307707 0.923712
    outer loop
      vertex 5.1805 -7.12561 9.85724
      vertex 4.49198 -6.72273 9.55294
      vertex 5.02541 -7.18689 9.83934
    endloop
  endfacet
  facet normal -0.228331 0.307559 0.923727
    outer loop
      vertex 5.02541 -7.18689 9.83934
      vertex 4.49198 -6.72273 9.55294
      vertex 5.00855 -7.1934 9.83734
    endloop
  endfacet
  facet normal -0.228203 0.307692 0.923715
    outer loop
      vertex 5.00855 -7.1934 9.83734
      vertex 4.49198 -6.72273 9.55294
      vertex 4.91868 -7.22673 9.82624
    endloop
  endfacet
  facet normal -0.228188 0.307705 0.923714
    outer loop
      vertex 4.91868 -7.22673 9.82624
      vertex 4.49198 -6.72273 9.55294
      vertex 4.84323 -7.2484 9.81482
    endloop
  endfacet
  facet normal -0.281882 -0.070627 0.956846
    outer loop
      vertex 6.16331 1.22596 9.00652
      vertex 6.14764 1.39431 9.01433
      vertex 5.71947 1.13767 8.86925
    endloop
  endfacet
  facet normal -0.233394 0.173105 0.95685
    outer loop
      vertex 6.40087 -4.27692 9.43552
      vertex 6.25006 -5.1293 9.55294
      vertex 6.37229 -4.9645 9.55294
    endloop
  endfacet
  facet normal -0.23342 0.173109 0.956843
    outer loop
      vertex 6.25006 -5.1293 9.55294
      vertex 6.40087 -4.27692 9.43552
      vertex 4.84873 -3.23982 8.86925
    endloop
  endfacet
  facet normal -0.0841709 -0.0504495 0.995173
    outer loop
      vertex 1.03857 0.555128 8.17891
      vertex 2.92805 1.95646 8.40976
      vertex 0.979158 0.654252 8.17891
    endloop
  endfacet
  facet normal -0.149404 0.249257 0.956844
    outer loop
      vertex 4.49198 -6.72273 9.55294
      vertex 3.23982 -4.84873 8.86925
      vertex 2.74896 -5.14295 8.86925
    endloop
  endfacet
  facet normal 0.156881 0.116352 0.98074
    outer loop
      vertex -2.72218 -2.23404 8.40976
      vertex -2.92805 -1.95646 8.40976
      vertex -4.84873 -3.23982 8.86925
    endloop
  endfacet
  facet normal 0.183901 0.0657987 0.98074
    outer loop
      vertex -5.38763 -2.23163 8.86925
      vertex -3.36989 -1.02225 8.40976
      vertex -5.58042 -1.6928 8.86925
    endloop
  endfacet
  facet normal -0.0841717 -0.0504485 0.995173
    outer loop
      vertex 3.10571 1.66004 8.40976
      vertex 2.92805 1.95646 8.40976
      vertex 1.03857 0.555128 8.17891
    endloop
  endfacet
  facet normal 0.0095837 0.195083 0.98074
    outer loop
      vertex 0 -5.83152 8.86925
      vertex 0 -3.52153 8.40976
      vertex -0.571589 -5.80344 8.86925
    endloop
  endfacet
  facet normal 0.0426343 0.287461 0.956843
    outer loop
      vertex -0.726573 -7.37702 9.3489
      vertex -0.571589 -5.80344 8.86925
      vertex -1.31421 -7.37358 9.37405
    endloop
  endfacet
  facet normal 0.144721 0.131168 0.98074
    outer loop
      vertex -4.12351 -4.12351 8.86925
      vertex -2.72218 -2.23404 8.40976
      vertex -4.50783 -3.69948 8.86925
    endloop
  endfacet
  facet normal -0.156933 -0.116279 0.98074
    outer loop
      vertex 2.92805 1.95646 8.40976
      vertex 4.43623 3.0309 8.77848
      vertex 4.42138 3.0377 8.77691
    endloop
  endfacet
  facet normal -0.156878 -0.116357 0.98074
    outer loop
      vertex 4.43623 3.0309 8.77848
      vertex 2.92805 1.95646 8.40976
      vertex 4.49548 3.00378 8.78474
    endloop
  endfacet
  facet normal -0.15688 -0.116352 0.98074
    outer loop
      vertex 2.92805 1.95646 8.40976
      vertex 4.42138 3.0377 8.77691
      vertex 2.72218 2.23404 8.40976
    endloop
  endfacet
  facet normal -0.176565 0.0835094 0.98074
    outer loop
      vertex 5.14295 -2.74896 8.86925
      vertex 5.38763 -2.23163 8.86925
      vertex 3.25347 -1.34763 8.40976
    endloop
  endfacet
  facet normal 0.00958582 -0.195091 0.980738
    outer loop
      vertex -0.148037 4.11253 8.52877
      vertex -0.34517 3.50457 8.40976
      vertex 0 3.52153 8.40976
    endloop
  endfacet
  facet normal 0.00955995 -0.195083 0.98074
    outer loop
      vertex -0.34517 3.50457 8.40976
      vertex -0.148037 4.11253 8.52877
      vertex -0.404474 4.1067 8.53011
    endloop
  endfacet
  facet normal -0.0426397 0.287458 0.956844
    outer loop
      vertex 1.13767 -5.71947 8.86925
      vertex 1.31421 -7.37358 9.37405
      vertex 1.46652 -7.37269 9.38057
    endloop
  endfacet
  facet normal -0.0426403 0.287458 0.956844
    outer loop
      vertex 1.31421 -7.37358 9.37405
      vertex 1.13767 -5.71947 8.86925
      vertex 0.571589 -5.80344 8.86925
    endloop
  endfacet
  facet normal -0.173113 0.233415 0.956843
    outer loop
      vertex 4.49198 -6.72273 9.55294
      vertex 5.1293 -6.25006 9.55294
      vertex 3.23982 -4.84873 8.86925
    endloop
  endfacet
  facet normal -0.097899 0.273618 0.956843
    outer loop
      vertex 1.6928 -5.58042 8.86925
      vertex 2.32872 -7.36398 9.44434
      vertex 2.23163 -5.38763 8.86925
    endloop
  endfacet
  facet normal -0.0979437 0.273603 0.956843
    outer loop
      vertex 2.32872 -7.36398 9.44434
      vertex 1.6928 -5.58042 8.86925
      vertex 2.23422 -7.36525 9.43503
    endloop
  endfacet
  facet normal -0.176565 0.0835096 0.98074
    outer loop
      vertex 5.14295 -2.74896 8.86925
      vertex 3.25347 -1.34763 8.40976
      vertex 3.10571 -1.66004 8.40976
    endloop
  endfacet
  facet normal -0.156882 0.116349 0.98074
    outer loop
      vertex 4.50783 -3.69948 8.86925
      vertex 4.84873 -3.23982 8.86925
      vertex 2.72218 -2.23404 8.40976
    endloop
  endfacet
  facet normal 0.12425 0.262703 0.956843
    outer loop
      vertex -2.74896 -5.14295 8.86925
      vertex -3.04626 -7.35432 9.51499
      vertex -2.23163 -5.38763 8.86925
    endloop
  endfacet
  facet normal 0.124419 0.262676 0.956829
    outer loop
      vertex -3.04626 -7.35432 9.51499
      vertex -2.74896 -5.14295 8.86925
      vertex -3.07691 -7.35379 9.51883
    endloop
  endfacet
  facet normal 0.0835094 0.176565 0.98074
    outer loop
      vertex -2.23163 -5.38763 8.86925
      vertex -1.34763 -3.25347 8.40976
      vertex -2.74896 -5.14295 8.86925
    endloop
  endfacet
  facet normal 0.100416 0.167529 0.98074
    outer loop
      vertex -2.74896 -5.14295 8.86925
      vertex -1.95646 -2.92805 8.40976
      vertex -3.23982 -4.84873 8.86925
    endloop
  endfacet
  facet normal 0.0143931 0.0970713 0.995173
    outer loop
      vertex -0.115427 -1.17195 8.17891
      vertex -0.229743 -1.155 8.17891
      vertex -0.687016 -3.45387 8.40976
    endloop
  endfacet
  facet normal -0.116352 0.156881 0.98074
    outer loop
      vertex 3.23982 -4.84873 8.86925
      vertex 2.23404 -2.72218 8.40976
      vertex 1.95646 -2.92805 8.40976
    endloop
  endfacet
  facet normal 0.072711 -0.0659016 0.995173
    outer loop
      vertex -0.832705 0.832705 8.17891
      vertex -2.4901 2.4901 8.40976
      vertex -2.72218 2.23404 8.40976
    endloop
  endfacet
  facet normal 0.095191 0.0238464 0.995173
    outer loop
      vertex -3.36989 -1.02225 8.40976
      vertex -1.12692 -0.341846 8.17891
      vertex -3.45387 -0.687016 8.40976
    endloop
  endfacet
  facet normal 0.11635 -0.156878 0.98074
    outer loop
      vertex -2.51429 3.7629 8.60948
      vertex -2.23404 2.72218 8.40976
      vertex -1.95646 2.92805 8.40976
    endloop
  endfacet
  facet normal 0.116354 -0.156877 0.98074
    outer loop
      vertex -2.23404 2.72218 8.40976
      vertex -2.51429 3.7629 8.60948
      vertex -2.69965 3.70663 8.62247
    endloop
  endfacet
  facet normal 0.144721 -0.131168 0.98074
    outer loop
      vertex -3.45378 3.45378 8.68085
      vertex -2.72218 2.23404 8.40976
      vertex -2.4901 2.4901 8.40976
    endloop
  endfacet
  facet normal 0.144696 -0.131183 0.980742
    outer loop
      vertex -2.72218 2.23404 8.40976
      vertex -3.45378 3.45378 8.68085
      vertex -3.58686 3.39992 8.69328
    endloop
  endfacet
  facet normal 0.189463 0.0474627 0.98074
    outer loop
      vertex -3.36989 -1.02225 8.40976
      vertex -3.45387 -0.687016 8.40976
      vertex -5.58042 -1.6928 8.86925
    endloop
  endfacet
  facet normal -0.167525 -0.100423 0.98074
    outer loop
      vertex 5.05442 2.71729 8.85088
      vertex 4.49548 3.00378 8.78474
      vertex 2.92805 1.95646 8.40976
    endloop
  endfacet
  facet normal -0.193205 0.0286592 0.98074
    outer loop
      vertex 5.71947 -1.13767 8.86925
      vertex 5.80344 -0.571589 8.86925
      vertex 3.45387 -0.687016 8.40976
    endloop
  endfacet
  facet normal -0.0474324 -0.189466 0.980741
    outer loop
      vertex 0.973869 4.06036 8.54081
      vertex 1.02225 3.36989 8.40976
      vertex 1.22307 4.03193 8.54737
    endloop
  endfacet
  facet normal -0.047464 -0.189468 0.980739
    outer loop
      vertex 1.02225 3.36989 8.40976
      vertex 0.973869 4.06036 8.54081
      vertex 0.687016 3.45387 8.40976
    endloop
  endfacet
  facet normal -0.228176 0.307714 0.923714
    outer loop
      vertex 5.1293 -6.25006 9.55294
      vertex 5.51822 -6.93085 9.8758
      vertex 5.62195 -6.85036 9.87461
    endloop
  endfacet
  facet normal -0.228324 0.307625 0.923707
    outer loop
      vertex 5.51822 -6.93085 9.8758
      vertex 5.1293 -6.25006 9.55294
      vertex 5.50441 -6.9411 9.8758
    endloop
  endfacet
  facet normal -0.228231 0.307678 0.923712
    outer loop
      vertex 5.50441 -6.9411 9.8758
      vertex 5.1293 -6.25006 9.55294
      vertex 5.36124 -7.03211 9.87074
    endloop
  endfacet
  facet normal -0.228163 0.307702 0.923721
    outer loop
      vertex 5.32961 -7.04977 9.86881
      vertex 5.36124 -7.03211 9.87074
      vertex 5.1293 -6.25006 9.55294
    endloop
  endfacet
  facet normal -0.22767 0.306772 0.924152
    outer loop
      vertex 5.36124 -7.03211 9.87074
      vertex 5.32961 -7.04977 9.86881
      vertex 5.34634 -7.04124 9.8701
    endloop
  endfacet
  facet normal -0.290246 -0.0142007 0.956847
    outer loop
      vertex 6.22581 0.465791 8.9958
      vertex 6.21486 0.612109 8.99465
      vertex 5.80344 0.571589 8.86925
    endloop
  endfacet
  facet normal -0.290258 0.014254 0.956842
    outer loop
      vertex 6.30151 -0.620644 9.02107
      vertex 6.29026 -0.449647 9.01511
      vertex 5.80344 -0.571589 8.86925
    endloop
  endfacet
  facet normal -0.195158 0.215324 0.956843
    outer loop
      vertex 5.1293 -6.25006 9.55294
      vertex 5.71721 -5.71721 9.55294
      vertex 4.12351 -4.12351 8.86925
    endloop
  endfacet
  facet normal -0.0727105 -0.0659022 0.995173
    outer loop
      vertex 0.910316 0.747076 8.17891
      vertex 2.72218 2.23404 8.40976
      vertex 0.832705 0.832705 8.17891
    endloop
  endfacet
  facet normal -0.167531 0.10041 0.98074
    outer loop
      vertex 5.14295 -2.74896 8.86925
      vertex 3.10571 -1.66004 8.40976
      vertex 2.92805 -1.95646 8.40976
    endloop
  endfacet
  facet normal -0.116349 0.156882 0.98074
    outer loop
      vertex 3.23982 -4.84873 8.86925
      vertex 3.69948 -4.50783 8.86925
      vertex 2.23404 -2.72218 8.40976
    endloop
  endfacet
  facet normal 0.0286546 0.193205 0.98074
    outer loop
      vertex -0.571589 -5.80344 8.86925
      vertex -0.34517 -3.50457 8.40976
      vertex -0.687016 -3.45387 8.40976
    endloop
  endfacet
  facet normal 0.173113 0.233415 0.956843
    outer loop
      vertex -4.49198 -6.72273 9.55294
      vertex -3.23982 -4.84873 8.86925
      vertex -5.1293 -6.25006 9.55294
    endloop
  endfacet
  facet normal 0.215323 0.195158 0.956843
    outer loop
      vertex -4.12351 -4.12351 8.86925
      vertex -4.50783 -3.69948 8.86925
      vertex -6.25006 -5.1293 9.55294
    endloop
  endfacet
  facet normal 0.167529 0.100416 0.98074
    outer loop
      vertex -4.84873 -3.23982 8.86925
      vertex -2.92805 -1.95646 8.40976
      vertex -5.14295 -2.74896 8.86925
    endloop
  endfacet
  facet normal -0.0835201 -0.176558 0.98074
    outer loop
      vertex 1.8441 3.92288 8.57255
      vertex 1.64224 3.96471 8.56289
      vertex 1.34763 3.25347 8.40976
    endloop
  endfacet
  facet normal -0.0330591 0.0923963 0.995173
    outer loop
      vertex 1.02225 -3.36989 8.40976
      vertex 1.34763 -3.25347 8.40976
      vertex 0.341846 -1.12692 8.17891
    endloop
  endfacet
  facet normal -0.0788209 0.0584567 0.995173
    outer loop
      vertex 2.72218 -2.23404 8.40976
      vertex 0.979158 -0.654252 8.17891
      vertex 0.910316 -0.747076 8.17891
    endloop
  endfacet
  facet normal 0.156882 0.116349 0.98074
    outer loop
      vertex -4.50783 -3.69948 8.86925
      vertex -2.72218 -2.23404 8.40976
      vertex -4.84873 -3.23982 8.86925
    endloop
  endfacet
  facet normal 0.183901 0.0657992 0.98074
    outer loop
      vertex -3.25347 -1.34763 8.40976
      vertex -3.36989 -1.02225 8.40976
      vertex -5.38763 -2.23163 8.86925
    endloop
  endfacet
  facet normal 0.0980139 -0.00481463 0.995173
    outer loop
      vertex -1.17762 0 8.17891
      vertex -1.17195 0.115427 8.17891
      vertex -3.52153 0 8.40976
    endloop
  endfacet
  facet normal 0.262706 0.124248 0.956843
    outer loop
      vertex -5.14295 -2.74896 8.86925
      vertex -6.40724 -2.9365 9.24072
      vertex -6.42265 -3.43298 9.30942
    endloop
  endfacet
  facet normal 0.290258 0.014254 0.956842
    outer loop
      vertex -5.80344 -0.571589 8.86925
      vertex -6.29026 -0.449647 9.01511
      vertex -6.30151 -0.620644 9.02107
    endloop
  endfacet
  facet normal 0.193205 -0.0286592 0.98074
    outer loop
      vertex -3.45387 0.687016 8.40976
      vertex -5.71947 1.13767 8.86925
      vertex -5.80344 0.571589 8.86925
    endloop
  endfacet
  facet normal 0.0286922 -0.193198 0.98074
    outer loop
      vertex -0.655788 4.08953 8.53408
      vertex -0.34517 3.50457 8.40976
      vertex -0.404474 4.1067 8.53011
    endloop
  endfacet
  facet normal 0.0286564 -0.193217 0.980738
    outer loop
      vertex -0.34517 3.50457 8.40976
      vertex -0.655788 4.08953 8.53408
      vertex -0.687016 3.45387 8.40976
    endloop
  endfacet
  facet normal 0.0419572 -0.0887104 0.995173
    outer loop
      vertex -0.555128 1.03857 8.17891
      vertex -1.34763 3.25347 8.40976
      vertex -1.66004 3.10571 8.40976
    endloop
  endfacet
  facet normal -0.0286375 -0.193216 0.980738
    outer loop
      vertex 0.687016 3.45387 8.40976
      vertex 0.811345 4.07891 8.53653
      vertex 0.655788 4.08953 8.53408
    endloop
  endfacet
  facet normal 0.0419561 -0.0887108 0.995173
    outer loop
      vertex -0.555128 1.03857 8.17891
      vertex -0.450657 1.08798 8.17891
      vertex -1.34763 3.25347 8.40976
    endloop
  endfacet
  facet normal -0.0951914 0.0238439 0.995173
    outer loop
      vertex 3.45387 -0.687016 8.40976
      vertex 1.155 -0.229743 8.17891
      vertex 1.12692 -0.341846 8.17891
    endloop
  endfacet
  facet normal 0.257263 0.283846 0.923714
    outer loop
      vertex -6.02382 -6.40089 9.84842
      vertex -5.1293 -6.25006 9.55294
      vertex -5.71721 -5.71721 9.55294
    endloop
  endfacet
  facet normal 0.257316 0.283732 0.923734
    outer loop
      vertex -5.1293 -6.25006 9.55294
      vertex -5.91311 -6.55411 9.86467
      vertex -5.87208 -6.60138 9.86776
    endloop
  endfacet
  facet normal 0.257196 0.283994 0.923687
    outer loop
      vertex -5.1293 -6.25006 9.55294
      vertex -5.92305 -6.54127 9.86349
      vertex -5.91311 -6.55411 9.86467
    endloop
  endfacet
  facet normal 0.257265 0.283837 0.923716
    outer loop
      vertex -5.1293 -6.25006 9.55294
      vertex -6.02382 -6.40089 9.84842
      vertex -5.92305 -6.54127 9.86349
    endloop
  endfacet
  facet normal 0.256857 0.28405 0.923764
    outer loop
      vertex -5.71721 -5.71721 9.55294
      vertex -6.03245 -6.38746 9.84669
      vertex -6.02382 -6.40089 9.84842
    endloop
  endfacet
  facet normal 0.257306 0.283815 0.923711
    outer loop
      vertex -5.71721 -5.71721 9.55294
      vertex -6.12005 -6.2381 9.8252
      vertex -6.03245 -6.38746 9.84669
    endloop
  endfacet
  facet normal 0.257149 0.28394 0.923717
    outer loop
      vertex -5.71721 -5.71721 9.55294
      vertex -6.12736 -6.22416 9.82295
      vertex -6.12005 -6.2381 9.8252
    endloop
  endfacet
  facet normal 0.257265 0.283844 0.923714
    outer loop
      vertex -6.12736 -6.22416 9.82295
      vertex -5.71721 -5.71721 9.55294
      vertex -6.15825 -6.15825 9.8113
    endloop
  endfacet
  facet normal 0.249258 0.149403 0.956844
    outer loop
      vertex -5.14295 -2.74896 8.86925
      vertex -6.42093 -3.71537 9.35306
      vertex -6.40568 -4.14218 9.41573
    endloop
  endfacet
  facet normal 0.249244 0.149434 0.956842
    outer loop
      vertex -6.42521 -3.54403 9.32743
      vertex -5.14295 -2.74896 8.86925
      vertex -6.42265 -3.43298 9.30942
    endloop
  endfacet
  facet normal 0.249388 0.1492 0.956841
    outer loop
      vertex -6.42526 -3.56915 9.33136
      vertex -5.14295 -2.74896 8.86925
      vertex -6.42521 -3.54403 9.32743
    endloop
  endfacet
  facet normal 0.249272 0.149383 0.956843
    outer loop
      vertex -5.14295 -2.74896 8.86925
      vertex -6.42526 -3.56915 9.33136
      vertex -6.42093 -3.71537 9.35306
    endloop
  endfacet
  facet normal -0.131161 -0.144728 0.98074
    outer loop
      vertex 3.29578 3.50962 8.66796
      vertex 2.4901 2.4901 8.40976
      vertex 3.45378 3.45378 8.68085
    endloop
  endfacet
  facet normal -0.131169 -0.144722 0.98074
    outer loop
      vertex 2.4901 2.4901 8.40976
      vertex 3.29578 3.50962 8.66796
      vertex 2.23404 2.72218 8.40976
    endloop
  endfacet
  facet normal -0.0980139 0.00481463 0.995173
    outer loop
      vertex 3.52153 0 8.40976
      vertex 1.17762 0 8.17891
      vertex 1.17195 -0.115427 8.17891
    endloop
  endfacet
  facet normal -0.0841717 0.0504485 0.995173
    outer loop
      vertex 2.92805 -1.95646 8.40976
      vertex 3.10571 -1.66004 8.40976
      vertex 1.03857 -0.555128 8.17891
    endloop
  endfacet
  facet normal -0.183901 -0.0657987 0.98074
    outer loop
      vertex 5.58042 1.6928 8.86925
      vertex 5.38763 2.23163 8.86925
      vertex 3.36989 1.02225 8.40976
    endloop
  endfacet
  facet normal -0.144696 -0.131183 0.980742
    outer loop
      vertex 3.45378 3.45378 8.68085
      vertex 2.72218 2.23404 8.40976
      vertex 3.58686 3.39992 8.69328
    endloop
  endfacet
  facet normal -0.144721 -0.131168 0.98074
    outer loop
      vertex 2.72218 2.23404 8.40976
      vertex 3.45378 3.45378 8.68085
      vertex 2.4901 2.4901 8.40976
    endloop
  endfacet
  facet normal -0.0923963 0.0330591 0.995173
    outer loop
      vertex 3.25347 -1.34763 8.40976
      vertex 3.36989 -1.02225 8.40976
      vertex 1.12692 -0.341846 8.17891
    endloop
  endfacet
  facet normal -0.163787 0.346309 0.923712
    outer loop
      vertex 3.82161 -7.33825 9.63258
      vertex 3.81141 -7.13065 9.55294
      vertex 3.34946 -7.34913 9.55294
    endloop
  endfacet
  facet normal -0.0474627 0.189463 0.98074
    outer loop
      vertex 1.6928 -5.58042 8.86925
      vertex 1.02225 -3.36989 8.40976
      vertex 0.687016 -3.45387 8.40976
    endloop
  endfacet
  facet normal -0.196933 0.328589 0.923714
    outer loop
      vertex 4.49198 -6.72273 9.55294
      vertex 4.75364 -7.27342 9.80462
      vertex 4.84323 -7.2484 9.81482
    endloop
  endfacet
  facet normal -0.196968 0.328572 0.923712
    outer loop
      vertex 4.75364 -7.27342 9.80462
      vertex 4.49198 -6.72273 9.55294
      vertex 4.74057 -7.27701 9.80311
    endloop
  endfacet
  facet normal -0.196968 0.328572 0.923712
    outer loop
      vertex 4.74057 -7.27701 9.80311
      vertex 4.49198 -6.72273 9.55294
      vertex 4.57273 -7.30678 9.77791
    endloop
  endfacet
  facet normal -0.196526 0.328658 0.923776
    outer loop
      vertex 4.57273 -7.30678 9.77791
      vertex 4.49198 -6.72273 9.55294
      vertex 4.55905 -7.30917 9.77585
    endloop
  endfacet
  facet normal -0.196984 0.328579 0.923706
    outer loop
      vertex 4.49198 -6.72273 9.55294
      vertex 4.39087 -7.3222 9.74462
      vertex 4.55905 -7.30917 9.77585
    endloop
  endfacet
  facet normal -0.196684 0.328552 0.92378
    outer loop
      vertex 4.49198 -6.72273 9.55294
      vertex 4.37668 -7.3233 9.74199
      vertex 4.39087 -7.3222 9.74462
    endloop
  endfacet
  facet normal -0.196956 0.328582 0.923711
    outer loop
      vertex 4.49198 -6.72273 9.55294
      vertex 4.0822 -7.33148 9.68211
      vertex 4.37668 -7.3233 9.74199
    endloop
  endfacet
  facet normal -0.19694 0.328573 0.923718
    outer loop
      vertex 4.0822 -7.33148 9.68211
      vertex 4.49198 -6.72273 9.55294
      vertex 3.81141 -7.13065 9.55294
    endloop
  endfacet
  facet normal -0.0706183 0.281893 0.956844
    outer loop
      vertex 1.46652 -7.37269 9.38057
      vertex 2.12475 -7.36631 9.42727
      vertex 1.13767 -5.71947 8.86925
    endloop
  endfacet
  facet normal -0.124419 0.262676 0.956829
    outer loop
      vertex 2.74896 -5.14295 8.86925
      vertex 3.04626 -7.35432 9.51499
      vertex 3.07691 -7.35379 9.51883
    endloop
  endfacet
  facet normal -0.12425 0.262703 0.956843
    outer loop
      vertex 3.04626 -7.35432 9.51499
      vertex 2.74896 -5.14295 8.86925
      vertex 2.23163 -5.38763 8.86925
    endloop
  endfacet
  facet normal -0.149401 0.249259 0.956843
    outer loop
      vertex 3.81141 -7.13065 9.55294
      vertex 4.49198 -6.72273 9.55294
      vertex 2.74896 -5.14295 8.86925
    endloop
  endfacet
  facet normal -0.287463 0.0426263 0.956843
    outer loop
      vertex 6.3124 -0.812306 9.03288
      vertex 6.30151 -0.620644 9.02107
      vertex 5.80344 -0.571589 8.86925
    endloop
  endfacet
  facet normal -0.287457 0.0426401 0.956844
    outer loop
      vertex 5.71947 -1.13767 8.86925
      vertex 6.3124 -0.812306 9.03288
      vertex 5.80344 -0.571589 8.86925
    endloop
  endfacet
  facet normal -0.287454 0.0426344 0.956845
    outer loop
      vertex 6.3124 -0.812306 9.03288
      vertex 5.71947 -1.13767 8.86925
      vertex 6.33787 -1.26068 9.06051
    endloop
  endfacet
  facet normal -0.290246 0.0142731 0.956845
    outer loop
      vertex 5.83152 0 8.86925
      vertex 6.29026 -0.449647 9.01511
      vertex 6.26068 0 8.99943
    endloop
  endfacet
  facet normal -0.290259 0.0142593 0.956842
    outer loop
      vertex 6.29026 -0.449647 9.01511
      vertex 5.83152 0 8.86925
      vertex 5.80344 -0.571589 8.86925
    endloop
  endfacet
  facet normal -0.290246 -0.0142715 0.956846
    outer loop
      vertex 6.22581 0.465791 8.9958
      vertex 5.83152 0 8.86925
      vertex 6.26068 0 8.99943
    endloop
  endfacet
  facet normal -0.29026 -0.0142594 0.956842
    outer loop
      vertex 5.83152 0 8.86925
      vertex 6.22581 0.465791 8.9958
      vertex 5.80344 0.571589 8.86925
    endloop
  endfacet
  facet normal -0.283842 0.257245 0.92372
    outer loop
      vertex 5.71721 -5.71721 9.55294
      vertex 6.34002 -5.50597 9.68549
      vertex 6.3504 -5.34144 9.64286
    endloop
  endfacet
  facet normal -0.283855 0.257294 0.923703
    outer loop
      vertex 6.34002 -5.50597 9.68549
      vertex 5.71721 -5.71721 9.55294
      vertex 6.33837 -5.52093 9.68915
    endloop
  endfacet
  facet normal -0.283842 0.257239 0.923722
    outer loop
      vertex 6.33837 -5.52093 9.68915
      vertex 5.71721 -5.71721 9.55294
      vertex 6.31239 -5.69133 9.72862
    endloop
  endfacet
  facet normal -0.283831 0.257521 0.923646
    outer loop
      vertex 6.31239 -5.69133 9.72862
      vertex 5.71721 -5.71721 9.55294
      vertex 6.30933 -5.70618 9.73182
    endloop
  endfacet
  facet normal -0.283846 0.257273 0.923711
    outer loop
      vertex 6.30933 -5.70618 9.73182
      vertex 5.71721 -5.71721 9.55294
      vertex 6.26751 -5.87407 9.76573
    endloop
  endfacet
  facet normal -0.283856 0.257272 0.923708
    outer loop
      vertex 5.71721 -5.71721 9.55294
      vertex 6.3504 -5.34144 9.64286
      vertex 6.25006 -5.1293 9.55294
    endloop
  endfacet
  facet normal -0.283957 0.256958 0.923765
    outer loop
      vertex 6.26751 -5.87407 9.76573
      vertex 5.71721 -5.71721 9.55294
      vertex 6.26306 -5.88873 9.76844
    endloop
  endfacet
  facet normal -0.283832 0.257287 0.923711
    outer loop
      vertex 6.26306 -5.88873 9.76844
      vertex 5.71721 -5.71721 9.55294
      vertex 6.20583 -6.05239 9.79644
    endloop
  endfacet
  facet normal -0.283924 0.257159 0.923719
    outer loop
      vertex 6.20583 -6.05239 9.79644
      vertex 5.71721 -5.71721 9.55294
      vertex 6.20001 -6.06679 9.79866
    endloop
  endfacet
  facet normal -0.283847 0.257262 0.923714
    outer loop
      vertex 6.20001 -6.06679 9.79866
      vertex 5.71721 -5.71721 9.55294
      vertex 6.15825 -6.15825 9.8113
    endloop
  endfacet
  facet normal -0.257265 0.283844 0.923714
    outer loop
      vertex 5.71721 -5.71721 9.55294
      vertex 6.12736 -6.22416 9.82295
      vertex 6.15825 -6.15825 9.8113
    endloop
  endfacet
  facet normal -0.257149 0.28394 0.923717
    outer loop
      vertex 6.12736 -6.22416 9.82295
      vertex 5.71721 -5.71721 9.55294
      vertex 6.12005 -6.2381 9.8252
    endloop
  endfacet
  facet normal -0.257306 0.283815 0.923711
    outer loop
      vertex 6.12005 -6.2381 9.8252
      vertex 5.71721 -5.71721 9.55294
      vertex 6.03245 -6.38746 9.84669
    endloop
  endfacet
  facet normal -0.256857 0.28405 0.923764
    outer loop
      vertex 6.03245 -6.38746 9.84669
      vertex 5.71721 -5.71721 9.55294
      vertex 6.02382 -6.40089 9.84842
    endloop
  endfacet
  facet normal -0.257263 0.283846 0.923714
    outer loop
      vertex 5.1293 -6.25006 9.55294
      vertex 6.02382 -6.40089 9.84842
      vertex 5.71721 -5.71721 9.55294
    endloop
  endfacet
  facet normal -0.257265 0.283837 0.923716
    outer loop
      vertex 6.02382 -6.40089 9.84842
      vertex 5.1293 -6.25006 9.55294
      vertex 5.92305 -6.54127 9.86349
    endloop
  endfacet
  facet normal -0.257196 0.283994 0.923687
    outer loop
      vertex 5.92305 -6.54127 9.86349
      vertex 5.1293 -6.25006 9.55294
      vertex 5.91311 -6.55411 9.86467
    endloop
  endfacet
  facet normal -0.257316 0.283732 0.923734
    outer loop
      vertex 5.91311 -6.55411 9.86467
      vertex 5.1293 -6.25006 9.55294
      vertex 5.87208 -6.60138 9.86776
    endloop
  endfacet
  facet normal -0.144721 0.131168 0.98074
    outer loop
      vertex 4.12351 -4.12351 8.86925
      vertex 4.50783 -3.69948 8.86925
      vertex 2.72218 -2.23404 8.40976
    endloop
  endfacet
  facet normal 0.0659016 0.072711 0.995173
    outer loop
      vertex -2.23404 -2.72218 8.40976
      vertex -0.832705 -0.832705 8.17891
      vertex -2.4901 -2.4901 8.40976
    endloop
  endfacet
  facet normal 0.131168 0.144721 0.98074
    outer loop
      vertex -2.23404 -2.72218 8.40976
      vertex -2.4901 -2.4901 8.40976
      vertex -4.12351 -4.12351 8.86925
    endloop
  endfacet
  facet normal -0.0584577 -0.07882 0.995173
    outer loop
      vertex 2.23404 2.72218 8.40976
      vertex 1.95646 2.92805 8.40976
      vertex 0.654252 0.979158 8.17891
    endloop
  endfacet
  facet normal 0.0978958 0.273619 0.956843
    outer loop
      vertex -2.32872 -7.36398 9.44434
      vertex -2.23163 -5.38763 8.86925
      vertex -3.04626 -7.35432 9.51499
    endloop
  endfacet
  facet normal 0.163809 0.346307 0.923709
    outer loop
      vertex -3.82161 -7.33825 9.63258
      vertex -3.81141 -7.13065 9.55294
      vertex -3.92115 -7.33595 9.64937
    endloop
  endfacet
  facet normal 0.233418 0.173111 0.956843
    outer loop
      vertex -4.50783 -3.69948 8.86925
      vertex -4.84873 -3.23982 8.86925
      vertex -6.25006 -5.1293 9.55294
    endloop
  endfacet
  facet normal 0.0980139 0.00481463 0.995173
    outer loop
      vertex -1.17195 -0.115427 8.17891
      vertex -1.17762 0 8.17891
      vertex -3.52153 0 8.40976
    endloop
  endfacet
  facet normal 0.116349 0.156882 0.98074
    outer loop
      vertex -3.23982 -4.84873 8.86925
      vertex -2.23404 -2.72218 8.40976
      vertex -3.69948 -4.50783 8.86925
    endloop
  endfacet
  facet normal 0.173111 0.233418 0.956843
    outer loop
      vertex -3.23982 -4.84873 8.86925
      vertex -3.69948 -4.50783 8.86925
      vertex -5.1293 -6.25006 9.55294
    endloop
  endfacet
  facet normal 0.0657992 0.183901 0.98074
    outer loop
      vertex -1.02225 -3.36989 8.40976
      vertex -1.34763 -3.25347 8.40976
      vertex -2.23163 -5.38763 8.86925
    endloop
  endfacet
  facet normal 0.0419572 0.0887104 0.995173
    outer loop
      vertex -1.34763 -3.25347 8.40976
      vertex -0.555128 -1.03857 8.17891
      vertex -1.66004 -3.10571 8.40976
    endloop
  endfacet
  facet normal 0.014254 0.290256 0.956843
    outer loop
      vertex -0.17716 -7.37809 9.34104
      vertex -0.571589 -5.80344 8.86925
      vertex -0.726573 -7.37702 9.3489
    endloop
  endfacet
  facet normal 0.193205 0.0286592 0.98074
    outer loop
      vertex -5.71947 -1.13767 8.86925
      vertex -3.45387 -0.687016 8.40976
      vertex -5.80344 -0.571589 8.86925
    endloop
  endfacet
  facet normal 0.23342 0.173109 0.956843
    outer loop
      vertex -6.40087 -4.27692 9.43552
      vertex -6.25006 -5.1293 9.55294
      vertex -4.84873 -3.23982 8.86925
    endloop
  endfacet
  facet normal 0.233394 0.173105 0.95685
    outer loop
      vertex -6.25006 -5.1293 9.55294
      vertex -6.40087 -4.27692 9.43552
      vertex -6.37229 -4.9645 9.55294
    endloop
  endfacet
  facet normal 0.0923937 -0.0330648 0.995173
    outer loop
      vertex -1.12692 0.341846 8.17891
      vertex -1.08798 0.450657 8.17891
      vertex -3.25347 1.34763 8.40976
    endloop
  endfacet
  facet normal 0.0504485 0.0841717 0.995173
    outer loop
      vertex -1.66004 -3.10571 8.40976
      vertex -0.555128 -1.03857 8.17891
      vertex -1.95646 -2.92805 8.40976
    endloop
  endfacet
  facet normal -0.0659016 -0.072711 0.995173
    outer loop
      vertex 2.4901 2.4901 8.40976
      vertex 2.23404 2.72218 8.40976
      vertex 0.832705 0.832705 8.17891
    endloop
  endfacet
  facet normal 0.07882 -0.0584577 0.995173
    outer loop
      vertex -0.979158 0.654252 8.17891
      vertex -2.72218 2.23404 8.40976
      vertex -2.92805 1.95646 8.40976
    endloop
  endfacet
  facet normal 0.0788209 -0.0584567 0.995173
    outer loop
      vertex -0.979158 0.654252 8.17891
      vertex -0.910316 0.747076 8.17891
      vertex -2.72218 2.23404 8.40976
    endloop
  endfacet
  facet normal 0.144741 -0.13115 0.980739
    outer loop
      vertex -2.72218 2.23404 8.40976
      vertex -3.58686 3.39992 8.69328
      vertex -3.9592 3.24923 8.72808
    endloop
  endfacet
  facet normal 0.287463 0.0426263 0.956843
    outer loop
      vertex -5.80344 -0.571589 8.86925
      vertex -6.30151 -0.620644 9.02107
      vertex -6.3124 -0.812306 9.03288
    endloop
  endfacet
  facet normal 0.287452 -0.0426286 0.956846
    outer loop
      vertex -6.20241 0.760287 8.99752
      vertex -5.71947 1.13767 8.86925
      vertex -6.16331 1.22596 9.00652
    endloop
  endfacet
  facet normal 0.28746 -0.0426406 0.956843
    outer loop
      vertex -5.71947 1.13767 8.86925
      vertex -6.20241 0.760287 8.99752
      vertex -5.80344 0.571589 8.86925
    endloop
  endfacet
  facet normal 0.287441 -0.0426837 0.956847
    outer loop
      vertex -5.80344 0.571589 8.86925
      vertex -6.20241 0.760287 8.99752
      vertex -6.21486 0.612109 8.99465
    endloop
  endfacet
  facet normal 0.0504485 -0.0841717 0.995173
    outer loop
      vertex -0.555128 1.03857 8.17891
      vertex -1.66004 3.10571 8.40976
      vertex -1.95646 2.92805 8.40976
    endloop
  endfacet
  facet normal 0.100397 -0.167538 0.98074
    outer loop
      vertex -1.95646 2.92805 8.40976
      vertex -2.27683 3.82342 8.59551
      vertex -2.51429 3.7629 8.60948
    endloop
  endfacet
  facet normal -0.0788209 -0.0584567 0.995173
    outer loop
      vertex 0.979158 0.654252 8.17891
      vertex 2.72218 2.23404 8.40976
      vertex 0.910316 0.747076 8.17891
    endloop
  endfacet
  facet normal 0.131167 -0.144724 0.98074
    outer loop
      vertex -2.23404 2.72218 8.40976
      vertex -2.97369 3.62345 8.64168
      vertex -3.29578 3.50962 8.66796
    endloop
  endfacet
  facet normal 0.116365 -0.156872 0.98074
    outer loop
      vertex -2.23404 2.72218 8.40976
      vertex -2.69965 3.70663 8.62247
      vertex -2.97369 3.62345 8.64168
    endloop
  endfacet
  facet normal 0.215324 0.195158 0.956843
    outer loop
      vertex -5.71721 -5.71721 9.55294
      vertex -4.12351 -4.12351 8.86925
      vertex -6.25006 -5.1293 9.55294
    endloop
  endfacet
  facet normal 0.195158 0.215324 0.956843
    outer loop
      vertex -5.1293 -6.25006 9.55294
      vertex -4.12351 -4.12351 8.86925
      vertex -5.71721 -5.71721 9.55294
    endloop
  endfacet
  facet normal 0.307621 0.228328 0.923707
    outer loop
      vertex -6.35818 -5.21803 9.61088
      vertex -6.25006 -5.1293 9.55294
      vertex -6.36157 -5.15723 9.59698
    endloop
  endfacet
  facet normal -0.0474532 -0.189473 0.980739
    outer loop
      vertex 0.973869 4.06036 8.54081
      vertex 0.811345 4.07891 8.53653
      vertex 0.687016 3.45387 8.40976
    endloop
  endfacet
  facet normal 0.00959539 -0.195088 0.980739
    outer loop
      vertex 0 3.52153 8.40976
      vertex 0 4.11589 8.52799
      vertex -0.148037 4.11253 8.52877
    endloop
  endfacet
  facet normal -0.00959539 -0.195088 0.980739
    outer loop
      vertex 0.148037 4.11253 8.52877
      vertex 0 4.11589 8.52799
      vertex 0 3.52153 8.40976
    endloop
  endfacet
  facet normal -0.0970703 0.0143967 0.995173
    outer loop
      vertex 3.45387 -0.687016 8.40976
      vertex 3.50457 -0.34517 8.40976
      vertex 1.17195 -0.115427 8.17891
    endloop
  endfacet
  facet normal -0.0887104 0.0419572 0.995173
    outer loop
      vertex 3.10571 -1.66004 8.40976
      vertex 3.25347 -1.34763 8.40976
      vertex 1.03857 -0.555128 8.17891
    endloop
  endfacet
  facet normal -0.273618 -0.0979097 0.956842
    outer loop
      vertex 5.69775 2.24686 8.95949
      vertex 5.60877 2.32323 8.94186
      vertex 5.38763 2.23163 8.86925
    endloop
  endfacet
  facet normal -0.249244 0.149434 0.956842
    outer loop
      vertex 5.14295 -2.74896 8.86925
      vertex 6.42521 -3.54403 9.32743
      vertex 6.42265 -3.43298 9.30942
    endloop
  endfacet
  facet normal -0.249388 0.1492 0.956841
    outer loop
      vertex 6.42521 -3.54403 9.32743
      vertex 5.14295 -2.74896 8.86925
      vertex 6.42526 -3.56915 9.33136
    endloop
  endfacet
  facet normal -0.249272 0.149383 0.956843
    outer loop
      vertex 6.42526 -3.56915 9.33136
      vertex 5.14295 -2.74896 8.86925
      vertex 6.42093 -3.71537 9.35306
    endloop
  endfacet
  facet normal -0.249258 0.149403 0.956844
    outer loop
      vertex 6.42093 -3.71537 9.35306
      vertex 5.14295 -2.74896 8.86925
      vertex 6.40568 -4.14218 9.41573
    endloop
  endfacet
  facet normal -0.0978958 0.273619 0.956843
    outer loop
      vertex 2.32872 -7.36398 9.44434
      vertex 3.04626 -7.35432 9.51499
      vertex 2.23163 -5.38763 8.86925
    endloop
  endfacet
  facet normal -0.0657987 0.183901 0.98074
    outer loop
      vertex 1.6928 -5.58042 8.86925
      vertex 2.23163 -5.38763 8.86925
      vertex 1.02225 -3.36989 8.40976
    endloop
  endfacet
  facet normal -0.124242 0.262695 0.956846
    outer loop
      vertex 3.81141 -7.13065 9.55294
      vertex 3.07691 -7.35379 9.51883
      vertex 3.34946 -7.34913 9.55294
    endloop
  endfacet
  facet normal -0.124245 0.262706 0.956843
    outer loop
      vertex 3.07691 -7.35379 9.51883
      vertex 3.81141 -7.13065 9.55294
      vertex 2.74896 -5.14295 8.86925
    endloop
  endfacet
  facet normal -0.287452 -0.0426286 0.956846
    outer loop
      vertex 5.71947 1.13767 8.86925
      vertex 6.20241 0.760287 8.99752
      vertex 6.16331 1.22596 9.00652
    endloop
  endfacet
  facet normal -0.28746 -0.0426406 0.956843
    outer loop
      vertex 6.20241 0.760287 8.99752
      vertex 5.71947 1.13767 8.86925
      vertex 5.80344 0.571589 8.86925
    endloop
  endfacet
  facet normal -0.287441 -0.0426837 0.956847
    outer loop
      vertex 6.21486 0.612109 8.99465
      vertex 6.20241 0.760287 8.99752
      vertex 5.80344 0.571589 8.86925
    endloop
  endfacet
  facet normal -0.095191 0.0238464 0.995173
    outer loop
      vertex 3.36989 -1.02225 8.40976
      vertex 3.45387 -0.687016 8.40976
      vertex 1.12692 -0.341846 8.17891
    endloop
  endfacet
  facet normal -0.262706 0.124248 0.956843
    outer loop
      vertex 6.42265 -3.43298 9.30942
      vertex 6.40724 -2.9365 9.24072
      vertex 5.14295 -2.74896 8.86925
    endloop
  endfacet
  facet normal -0.233418 0.173111 0.956843
    outer loop
      vertex 6.25006 -5.1293 9.55294
      vertex 4.84873 -3.23982 8.86925
      vertex 4.50783 -3.69948 8.86925
    endloop
  endfacet
  facet normal -0.281889 0.0706132 0.956845
    outer loop
      vertex 6.3501 -1.51566 9.08293
      vertex 6.33787 -1.26068 9.06051
      vertex 5.71947 -1.13767 8.86925
    endloop
  endfacet
  facet normal -0.100416 0.167529 0.98074
    outer loop
      vertex 2.74896 -5.14295 8.86925
      vertex 3.23982 -4.84873 8.86925
      vertex 1.95646 -2.92805 8.40976
    endloop
  endfacet
  facet normal -0.10041 0.167531 0.98074
    outer loop
      vertex 2.74896 -5.14295 8.86925
      vertex 1.95646 -2.92805 8.40976
      vertex 1.66004 -3.10571 8.40976
    endloop
  endfacet
  facet normal -0.156881 0.116352 0.98074
    outer loop
      vertex 4.84873 -3.23982 8.86925
      vertex 2.92805 -1.95646 8.40976
      vertex 2.72218 -2.23404 8.40976
    endloop
  endfacet
  facet normal -0.195158 0.215323 0.956843
    outer loop
      vertex 5.1293 -6.25006 9.55294
      vertex 4.12351 -4.12351 8.86925
      vertex 3.69948 -4.50783 8.86925
    endloop
  endfacet
  facet normal 0.257166 0.283923 0.923717
    outer loop
      vertex -5.1293 -6.25006 9.55294
      vertex -5.65279 -6.82594 9.87569
      vertex -5.62195 -6.85036 9.87461
    endloop
  endfacet
  facet normal 0.257243 0.283854 0.923717
    outer loop
      vertex -5.1293 -6.25006 9.55294
      vertex -5.66527 -6.81463 9.87569
      vertex -5.65279 -6.82594 9.87569
    endloop
  endfacet
  facet normal 0.257289 0.28381 0.923718
    outer loop
      vertex -5.1293 -6.25006 9.55294
      vertex -5.78902 -6.69626 9.87379
      vertex -5.66527 -6.81463 9.87569
    endloop
  endfacet
  facet normal 0.257254 0.283858 0.923713
    outer loop
      vertex -5.1293 -6.25006 9.55294
      vertex -5.80025 -6.68413 9.87319
      vertex -5.78902 -6.69626 9.87379
    endloop
  endfacet
  facet normal 0.257228 0.283896 0.923708
    outer loop
      vertex -5.80025 -6.68413 9.87319
      vertex -5.1293 -6.25006 9.55294
      vertex -5.87208 -6.60138 9.86776
    endloop
  endfacet
  facet normal -0.0142592 0.290257 0.956843
    outer loop
      vertex 0 -5.83152 8.86925
      vertex 0.17716 -7.37809 9.34104
      vertex 0.571589 -5.80344 8.86925
    endloop
  endfacet
  facet normal -0.014292 0.290253 0.956843
    outer loop
      vertex 0.17716 -7.37809 9.34104
      vertex 0 -5.83152 8.86925
      vertex 0 -7.37844 9.3385
    endloop
  endfacet
  facet normal 0.195158 0.215323 0.956843
    outer loop
      vertex -3.69948 -4.50783 8.86925
      vertex -4.12351 -4.12351 8.86925
      vertex -5.1293 -6.25006 9.55294
    endloop
  endfacet
  facet normal 0.131168 0.144721 0.98074
    outer loop
      vertex -3.69948 -4.50783 8.86925
      vertex -2.23404 -2.72218 8.40976
      vertex -4.12351 -4.12351 8.86925
    endloop
  endfacet
  facet normal 0.0584567 -0.0788209 0.995173
    outer loop
      vertex -0.747076 0.910316 8.17891
      vertex -0.654252 0.979158 8.17891
      vertex -2.23404 2.72218 8.40976
    endloop
  endfacet
  facet normal 0.0706183 0.281893 0.956844
    outer loop
      vertex -1.46652 -7.37269 9.38057
      vertex -1.13767 -5.71947 8.86925
      vertex -2.12475 -7.36631 9.42727
    endloop
  endfacet
  facet normal -0.0659022 0.0727105 0.995173
    outer loop
      vertex 2.23404 -2.72218 8.40976
      vertex 0.832705 -0.832705 8.17891
      vertex 0.747076 -0.910316 8.17891
    endloop
  endfacet
  facet normal 0.00958543 0.195083 0.98074
    outer loop
      vertex 0 -3.52153 8.40976
      vertex -0.34517 -3.50457 8.40976
      vertex -0.571589 -5.80344 8.86925
    endloop
  endfacet
  facet normal -0.00481594 0.098014 0.995173
    outer loop
      vertex 0.34517 -3.50457 8.40976
      vertex 0.115427 -1.17195 8.17891
      vertex 0 -3.52153 8.40976
    endloop
  endfacet
  facet normal -0.00481463 -0.0980139 0.995173
    outer loop
      vertex 0.115427 1.17195 8.17891
      vertex 0 3.52153 8.40976
      vertex 0 1.17762 8.17891
    endloop
  endfacet
  facet normal -0.0095837 0.195083 0.98074
    outer loop
      vertex 0.571589 -5.80344 8.86925
      vertex 0 -3.52153 8.40976
      vertex 0 -5.83152 8.86925
    endloop
  endfacet
  facet normal -0.00958543 0.195083 0.98074
    outer loop
      vertex 0.571589 -5.80344 8.86925
      vertex 0.34517 -3.50457 8.40976
      vertex 0 -3.52153 8.40976
    endloop
  endfacet
  facet normal -0.07882 -0.0584577 0.995173
    outer loop
      vertex 2.92805 1.95646 8.40976
      vertex 2.72218 2.23404 8.40976
      vertex 0.979158 0.654252 8.17891
    endloop
  endfacet
  facet normal 0.0923963 0.0330591 0.995173
    outer loop
      vertex -3.25347 -1.34763 8.40976
      vertex -1.12692 -0.341846 8.17891
      vertex -3.36989 -1.02225 8.40976
    endloop
  endfacet
  facet normal 0.0238464 -0.095191 0.995173
    outer loop
      vertex -0.341846 1.12692 8.17891
      vertex -0.687016 3.45387 8.40976
      vertex -1.02225 3.36989 8.40976
    endloop
  endfacet
  facet normal -0.00481463 0.0980139 0.995173
    outer loop
      vertex 0.115427 -1.17195 8.17891
      vertex 0 -1.17762 8.17891
      vertex 0 -3.52153 8.40976
    endloop
  endfacet
  facet normal 0.15688 -0.116352 0.98074
    outer loop
      vertex -4.42138 3.0377 8.77691
      vertex -2.92805 1.95646 8.40976
      vertex -2.72218 2.23404 8.40976
    endloop
  endfacet
  facet normal 0.156933 -0.116279 0.98074
    outer loop
      vertex -4.43623 3.0309 8.77848
      vertex -2.92805 1.95646 8.40976
      vertex -4.42138 3.0377 8.77691
    endloop
  endfacet
  facet normal 0.156878 -0.116357 0.98074
    outer loop
      vertex -2.92805 1.95646 8.40976
      vertex -4.43623 3.0309 8.77848
      vertex -4.49548 3.00378 8.78474
    endloop
  endfacet
  facet normal 0.189466 0.0474577 0.98074
    outer loop
      vertex -5.58042 -1.6928 8.86925
      vertex -3.45387 -0.687016 8.40976
      vertex -5.71947 -1.13767 8.86925
    endloop
  endfacet
  facet normal 0.0584577 -0.07882 0.995173
    outer loop
      vertex -0.654252 0.979158 8.17891
      vertex -1.95646 2.92805 8.40976
      vertex -2.23404 2.72218 8.40976
    endloop
  endfacet
  facet normal 0.0835201 -0.176558 0.98074
    outer loop
      vertex -1.34763 3.25347 8.40976
      vertex -1.64224 3.96471 8.56289
      vertex -1.8441 3.92288 8.57255
    endloop
  endfacet
  facet normal 0.0330648 -0.0923937 0.995173
    outer loop
      vertex -0.450657 1.08798 8.17891
      vertex -0.341846 1.12692 8.17891
      vertex -1.34763 3.25347 8.40976
    endloop
  endfacet
  facet normal 0.0951914 -0.0238439 0.995173
    outer loop
      vertex -1.155 0.229743 8.17891
      vertex -1.12692 0.341846 8.17891
      vertex -3.45387 0.687016 8.40976
    endloop
  endfacet
  facet normal -0.0970713 0.0143931 0.995173
    outer loop
      vertex 3.45387 -0.687016 8.40976
      vertex 1.17195 -0.115427 8.17891
      vertex 1.155 -0.229743 8.17891
    endloop
  endfacet
  facet normal -0.0659016 0.072711 0.995173
    outer loop
      vertex 2.23404 -2.72218 8.40976
      vertex 2.4901 -2.4901 8.40976
      vertex 0.832705 -0.832705 8.17891
    endloop
  endfacet
  facet normal -0.0951914 -0.0238439 0.995173
    outer loop
      vertex 1.155 0.229743 8.17891
      vertex 3.45387 0.687016 8.40976
      vertex 1.12692 0.341846 8.17891
    endloop
  endfacet
  facet normal 0.281891 0.0706087 0.956845
    outer loop
      vertex -6.3501 -1.51566 9.08293
      vertex -5.58042 -1.6928 8.86925
      vertex -5.71947 -1.13767 8.86925
    endloop
  endfacet
  facet normal 0.281893 0.0706147 0.956844
    outer loop
      vertex -5.58042 -1.6928 8.86925
      vertex -6.3501 -1.51566 9.08293
      vertex -6.37009 -1.93234 9.11957
    endloop
  endfacet
  facet normal 0.156874 -0.116365 0.980739
    outer loop
      vertex -2.72218 2.23404 8.40976
      vertex -3.9592 3.24923 8.72808
      vertex -4.42138 3.0377 8.77691
    endloop
  endfacet
  facet normal 0.16753 -0.100409 0.98074
    outer loop
      vertex -5.05442 2.71729 8.85088
      vertex -3.10571 1.66004 8.40976
      vertex -2.92805 1.95646 8.40976
    endloop
  endfacet
  facet normal 0.167604 -0.100273 0.980742
    outer loop
      vertex -3.10571 1.66004 8.40976
      vertex -5.05442 2.71729 8.85088
      vertex -5.06936 2.70963 8.85265
    endloop
  endfacet
  facet normal 0.281882 -0.070627 0.956846
    outer loop
      vertex -5.71947 1.13767 8.86925
      vertex -6.14764 1.39431 9.01433
      vertex -6.16331 1.22596 9.00652
    endloop
  endfacet
  facet normal 0.0286375 -0.193216 0.980738
    outer loop
      vertex -0.687016 3.45387 8.40976
      vertex -0.655788 4.08953 8.53408
      vertex -0.811345 4.07891 8.53653
    endloop
  endfacet
  facet normal 0.0658084 -0.183892 0.980741
    outer loop
      vertex -1.02225 3.36989 8.40976
      vertex -1.22307 4.03193 8.54737
      vertex -1.40187 4.00325 8.55399
    endloop
  endfacet
  facet normal 0.0887104 0.0419572 0.995173
    outer loop
      vertex -3.10571 -1.66004 8.40976
      vertex -1.03857 -0.555128 8.17891
      vertex -3.25347 -1.34763 8.40976
    endloop
  endfacet
  facet normal -0.0504485 0.0841717 0.995173
    outer loop
      vertex 1.66004 -3.10571 8.40976
      vertex 1.95646 -2.92805 8.40976
      vertex 0.555128 -1.03857 8.17891
    endloop
  endfacet
  facet normal 0.196903 0.328618 0.92371
    outer loop
      vertex -3.92115 -7.33595 9.64937
      vertex -3.81141 -7.13065 9.55294
      vertex -4.0822 -7.33148 9.68211
    endloop
  endfacet
  facet normal 0.307664 0.22819 0.923727
    outer loop
      vertex -6.36157 -5.15723 9.59698
      vertex -6.25006 -5.1293 9.55294
      vertex -6.37229 -4.9645 9.55294
    endloop
  endfacet
  facet normal -0.116365 -0.156872 0.98074
    outer loop
      vertex 2.97369 3.62345 8.64168
      vertex 2.69965 3.70663 8.62247
      vertex 2.23404 2.72218 8.40976
    endloop
  endfacet
  facet normal -0.262706 -0.124253 0.956842
    outer loop
      vertex 5.38763 2.23163 8.86925
      vertex 5.60877 2.32323 8.94186
      vertex 5.19555 2.63774 8.86925
    endloop
  endfacet
  facet normal -0.183901 -0.0657992 0.98074
    outer loop
      vertex 3.36989 1.02225 8.40976
      vertex 5.38763 2.23163 8.86925
      vertex 3.25347 1.34763 8.40976
    endloop
  endfacet
  facet normal -0.193205 0.0286546 0.98074
    outer loop
      vertex 5.80344 -0.571589 8.86925
      vertex 3.50457 -0.34517 8.40976
      vertex 3.45387 -0.687016 8.40976
    endloop
  endfacet
  facet normal -0.098014 0.00481594 0.995173
    outer loop
      vertex 3.50457 -0.34517 8.40976
      vertex 3.52153 0 8.40976
      vertex 1.17195 -0.115427 8.17891
    endloop
  endfacet
  facet normal 0.0841709 0.0504495 0.995173
    outer loop
      vertex -0.979158 -0.654252 8.17891
      vertex -1.03857 -0.555128 8.17891
      vertex -2.92805 -1.95646 8.40976
    endloop
  endfacet
  facet normal 0.0584567 0.0788209 0.995173
    outer loop
      vertex -0.654252 -0.979158 8.17891
      vertex -0.747076 -0.910316 8.17891
      vertex -2.23404 -2.72218 8.40976
    endloop
  endfacet
  facet normal -0.281896 -0.0706164 0.956843
    outer loop
      vertex 5.58042 1.6928 8.86925
      vertex 6.14764 1.39431 9.01433
      vertex 6.10506 1.85195 9.03556
    endloop
  endfacet
  facet normal -0.281892 -0.0706089 0.956844
    outer loop
      vertex 6.14764 1.39431 9.01433
      vertex 5.58042 1.6928 8.86925
      vertex 5.71947 1.13767 8.86925
    endloop
  endfacet
  facet normal -0.193205 -0.0286546 0.98074
    outer loop
      vertex 3.50457 0.34517 8.40976
      vertex 5.80344 0.571589 8.86925
      vertex 3.45387 0.687016 8.40976
    endloop
  endfacet
  facet normal -0.283876 0.257261 0.923705
    outer loop
      vertex 6.3504 -5.34144 9.64286
      vertex 6.35818 -5.21803 9.61088
      vertex 6.25006 -5.1293 9.55294
    endloop
  endfacet
  facet normal -0.163809 0.346307 0.923709
    outer loop
      vertex 3.82161 -7.33825 9.63258
      vertex 3.92115 -7.33595 9.64937
      vertex 3.81141 -7.13065 9.55294
    endloop
  endfacet
  facet normal -0.196903 0.328618 0.92371
    outer loop
      vertex 3.92115 -7.33595 9.64937
      vertex 4.0822 -7.33148 9.68211
      vertex 3.81141 -7.13065 9.55294
    endloop
  endfacet
  facet normal -0.0705575 0.28191 0.956843
    outer loop
      vertex 1.6928 -5.58042 8.86925
      vertex 2.12475 -7.36631 9.42727
      vertex 2.23422 -7.36525 9.43503
    endloop
  endfacet
  facet normal -0.0706101 0.281897 0.956843
    outer loop
      vertex 2.12475 -7.36631 9.42727
      vertex 1.6928 -5.58042 8.86925
      vertex 1.13767 -5.71947 8.86925
    endloop
  endfacet
  facet normal -0.0474577 0.189466 0.98074
    outer loop
      vertex 1.13767 -5.71947 8.86925
      vertex 1.6928 -5.58042 8.86925
      vertex 0.687016 -3.45387 8.40976
    endloop
  endfacet
  facet normal -0.195083 0.0095837 0.98074
    outer loop
      vertex 5.80344 -0.571589 8.86925
      vertex 5.83152 0 8.86925
      vertex 3.52153 0 8.40976
    endloop
  endfacet
  facet normal -0.195083 -0.0095837 0.98074
    outer loop
      vertex 5.83152 0 8.86925
      vertex 5.80344 0.571589 8.86925
      vertex 3.52153 0 8.40976
    endloop
  endfacet
  facet normal -0.131168 0.144721 0.98074
    outer loop
      vertex 3.69948 -4.50783 8.86925
      vertex 4.12351 -4.12351 8.86925
      vertex 2.23404 -2.72218 8.40976
    endloop
  endfacet
  facet normal -0.131168 0.144721 0.98074
    outer loop
      vertex 4.12351 -4.12351 8.86925
      vertex 2.4901 -2.4901 8.40976
      vertex 2.23404 -2.72218 8.40976
    endloop
  endfacet
  facet normal -0.307664 0.22819 0.923727
    outer loop
      vertex 6.36157 -5.15723 9.59698
      vertex 6.37229 -4.9645 9.55294
      vertex 6.25006 -5.1293 9.55294
    endloop
  endfacet
  facet normal -0.262704 0.12425 0.956843
    outer loop
      vertex 5.14295 -2.74896 8.86925
      vertex 6.39835 -2.65028 9.20111
      vertex 5.38763 -2.23163 8.86925
    endloop
  endfacet
  facet normal -0.262705 0.124258 0.956842
    outer loop
      vertex 6.39835 -2.65028 9.20111
      vertex 5.14295 -2.74896 8.86925
      vertex 6.40724 -2.9365 9.24072
    endloop
  endfacet
  facet normal -0.273617 0.0979057 0.956843
    outer loop
      vertex 6.39835 -2.65028 9.20111
      vertex 6.3838 -2.28057 9.15912
      vertex 5.38763 -2.23163 8.86925
    endloop
  endfacet
  facet normal 0.098014 -0.00481594 0.995173
    outer loop
      vertex -1.17195 0.115427 8.17891
      vertex -3.50457 0.34517 8.40976
      vertex -3.52153 0 8.40976
    endloop
  endfacet
  facet normal -0.215323 0.195158 0.956843
    outer loop
      vertex 6.25006 -5.1293 9.55294
      vertex 4.50783 -3.69948 8.86925
      vertex 4.12351 -4.12351 8.86925
    endloop
  endfacet
  facet normal -0.215324 0.195158 0.956843
    outer loop
      vertex 5.71721 -5.71721 9.55294
      vertex 6.25006 -5.1293 9.55294
      vertex 4.12351 -4.12351 8.86925
    endloop
  endfacet
  facet normal 0.014292 0.290253 0.956843
    outer loop
      vertex 0 -5.83152 8.86925
      vertex -0.17716 -7.37809 9.34104
      vertex 0 -7.37844 9.3385
    endloop
  endfacet
  facet normal 0.0142592 0.290257 0.956843
    outer loop
      vertex -0.17716 -7.37809 9.34104
      vertex 0 -5.83152 8.86925
      vertex -0.571589 -5.80344 8.86925
    endloop
  endfacet
  facet normal -0.0286592 0.193205 0.98074
    outer loop
      vertex 1.13767 -5.71947 8.86925
      vertex 0.687016 -3.45387 8.40976
      vertex 0.571589 -5.80344 8.86925
    endloop
  endfacet
  facet normal 0.228188 0.307705 0.923714
    outer loop
      vertex -4.49198 -6.72273 9.55294
      vertex -4.91868 -7.22673 9.82624
      vertex -4.84323 -7.2484 9.81482
    endloop
  endfacet
  facet normal 0.228203 0.307692 0.923715
    outer loop
      vertex -4.49198 -6.72273 9.55294
      vertex -5.00855 -7.1934 9.83734
      vertex -4.91868 -7.22673 9.82624
    endloop
  endfacet
  facet normal 0.228331 0.307559 0.923727
    outer loop
      vertex -4.49198 -6.72273 9.55294
      vertex -5.02541 -7.18689 9.83934
      vertex -5.00855 -7.1934 9.83734
    endloop
  endfacet
  facet normal 0.228203 0.307695 0.923714
    outer loop
      vertex -5.1805 -7.12561 9.85724
      vertex -4.49198 -6.72273 9.55294
      vertex -5.1293 -6.25006 9.55294
    endloop
  endfacet
  facet normal 0.228195 0.307707 0.923712
    outer loop
      vertex -4.49198 -6.72273 9.55294
      vertex -5.1805 -7.12561 9.85724
      vertex -5.02541 -7.18689 9.83934
    endloop
  endfacet
  facet normal 0.22817 0.307699 0.923721
    outer loop
      vertex -5.1293 -6.25006 9.55294
      vertex -5.19643 -7.11773 9.85855
      vertex -5.1805 -7.12561 9.85724
    endloop
  endfacet
  facet normal 0.228176 0.307698 0.923719
    outer loop
      vertex -5.19643 -7.11773 9.85855
      vertex -5.1293 -6.25006 9.55294
      vertex -5.32961 -7.04977 9.86881
    endloop
  endfacet
  facet normal 0.124245 0.262706 0.956843
    outer loop
      vertex -3.81141 -7.13065 9.55294
      vertex -3.07691 -7.35379 9.51883
      vertex -2.74896 -5.14295 8.86925
    endloop
  endfacet
  facet normal 0.124242 0.262695 0.956846
    outer loop
      vertex -3.07691 -7.35379 9.51883
      vertex -3.81141 -7.13065 9.55294
      vertex -3.34946 -7.34913 9.55294
    endloop
  endfacet
  facet normal 0.163787 0.346309 0.923712
    outer loop
      vertex -3.34946 -7.34913 9.55294
      vertex -3.81141 -7.13065 9.55294
      vertex -3.82161 -7.33825 9.63258
    endloop
  endfacet
  facet normal 0.0657987 0.183901 0.98074
    outer loop
      vertex -1.6928 -5.58042 8.86925
      vertex -1.02225 -3.36989 8.40976
      vertex -2.23163 -5.38763 8.86925
    endloop
  endfacet
  facet normal -0.0426343 0.287461 0.956843
    outer loop
      vertex 0.726573 -7.37702 9.3489
      vertex 1.31421 -7.37358 9.37405
      vertex 0.571589 -5.80344 8.86925
    endloop
  endfacet
  facet normal -0.014254 0.290256 0.956843
    outer loop
      vertex 0.726573 -7.37702 9.3489
      vertex 0.571589 -5.80344 8.86925
      vertex 0.17716 -7.37809 9.34104
    endloop
  endfacet
  facet normal -0.0330648 0.0923937 0.995173
    outer loop
      vertex 1.34763 -3.25347 8.40976
      vertex 0.450657 -1.08798 8.17891
      vertex 0.341846 -1.12692 8.17891
    endloop
  endfacet
  facet normal 0.116352 0.156881 0.98074
    outer loop
      vertex -1.95646 -2.92805 8.40976
      vertex -2.23404 -2.72218 8.40976
      vertex -3.23982 -4.84873 8.86925
    endloop
  endfacet
  facet normal -0.0143967 -0.0970703 0.995173
    outer loop
      vertex 0.687016 3.45387 8.40976
      vertex 0.34517 3.50457 8.40976
      vertex 0.115427 1.17195 8.17891
    endloop
  endfacet
  facet normal -0.0238464 -0.095191 0.995173
    outer loop
      vertex 1.02225 3.36989 8.40976
      vertex 0.687016 3.45387 8.40976
      vertex 0.341846 1.12692 8.17891
    endloop
  endfacet
  facet normal 0.07882 0.0584577 0.995173
    outer loop
      vertex -2.72218 -2.23404 8.40976
      vertex -0.979158 -0.654252 8.17891
      vertex -2.92805 -1.95646 8.40976
    endloop
  endfacet
  facet normal 0.00481463 -0.0980139 0.995173
    outer loop
      vertex 0 1.17762 8.17891
      vertex 0 3.52153 8.40976
      vertex -0.115427 1.17195 8.17891
    endloop
  endfacet
  facet normal 0.098014 0.00481594 0.995173
    outer loop
      vertex -3.50457 -0.34517 8.40976
      vertex -1.17195 -0.115427 8.17891
      vertex -3.52153 0 8.40976
    endloop
  endfacet
  facet normal 0.0970703 0.0143967 0.995173
    outer loop
      vertex -3.45387 -0.687016 8.40976
      vertex -1.17195 -0.115427 8.17891
      vertex -3.50457 -0.34517 8.40976
    endloop
  endfacet
  facet normal 0.195083 -0.00958543 0.98074
    outer loop
      vertex -3.52153 0 8.40976
      vertex -3.50457 0.34517 8.40976
      vertex -5.80344 0.571589 8.86925
    endloop
  endfacet
  facet normal 0.193205 -0.0286546 0.98074
    outer loop
      vertex -3.50457 0.34517 8.40976
      vertex -3.45387 0.687016 8.40976
      vertex -5.80344 0.571589 8.86925
    endloop
  endfacet
  facet normal 0.29026 -0.0142594 0.956842
    outer loop
      vertex -6.22581 0.465791 8.9958
      vertex -5.83152 0 8.86925
      vertex -5.80344 0.571589 8.86925
    endloop
  endfacet
  facet normal 0.290246 -0.0142715 0.956846
    outer loop
      vertex -5.83152 0 8.86925
      vertex -6.22581 0.465791 8.9958
      vertex -6.26068 0 8.99943
    endloop
  endfacet
  facet normal 0.195083 0.00958543 0.98074
    outer loop
      vertex -3.50457 -0.34517 8.40976
      vertex -3.52153 0 8.40976
      vertex -5.80344 -0.571589 8.86925
    endloop
  endfacet
  facet normal 0.100413 -0.167537 0.980739
    outer loop
      vertex -2.07162 3.87573 8.58344
      vertex -1.95646 2.92805 8.40976
      vertex -1.66004 3.10571 8.40976
    endloop
  endfacet
  facet normal 0.100392 -0.167539 0.98074
    outer loop
      vertex -1.95646 2.92805 8.40976
      vertex -2.07162 3.87573 8.58344
      vertex -2.27683 3.82342 8.59551
    endloop
  endfacet
  facet normal 0.0835098 -0.176565 0.98074
    outer loop
      vertex -1.8441 3.92288 8.57255
      vertex -1.66004 3.10571 8.40976
      vertex -1.34763 3.25347 8.40976
    endloop
  endfacet
  facet normal 0.0835314 -0.17656 0.980739
    outer loop
      vertex -1.66004 3.10571 8.40976
      vertex -1.8441 3.92288 8.57255
      vertex -2.07162 3.87573 8.58344
    endloop
  endfacet
  facet normal 0.00481463 0.0980139 0.995173
    outer loop
      vertex 0 -3.52153 8.40976
      vertex 0 -1.17762 8.17891
      vertex -0.115427 -1.17195 8.17891
    endloop
  endfacet
  facet normal 0.0727105 -0.0659022 0.995173
    outer loop
      vertex -0.910316 0.747076 8.17891
      vertex -0.832705 0.832705 8.17891
      vertex -2.72218 2.23404 8.40976
    endloop
  endfacet
  facet normal -0.00955995 -0.195083 0.98074
    outer loop
      vertex 0.148037 4.11253 8.52877
      vertex 0.34517 3.50457 8.40976
      vertex 0.404474 4.1067 8.53011
    endloop
  endfacet
  facet normal -0.00958582 -0.195091 0.980738
    outer loop
      vertex 0.34517 3.50457 8.40976
      vertex 0.148037 4.11253 8.52877
      vertex 0 3.52153 8.40976
    endloop
  endfacet
  facet normal -0.0286922 -0.193198 0.98074
    outer loop
      vertex 0.34517 3.50457 8.40976
      vertex 0.655788 4.08953 8.53408
      vertex 0.404474 4.1067 8.53011
    endloop
  endfacet
  facet normal -0.0286564 -0.193217 0.980738
    outer loop
      vertex 0.655788 4.08953 8.53408
      vertex 0.34517 3.50457 8.40976
      vertex 0.687016 3.45387 8.40976
    endloop
  endfacet
  facet normal -0.0923937 0.0330648 0.995173
    outer loop
      vertex 3.25347 -1.34763 8.40976
      vertex 1.12692 -0.341846 8.17891
      vertex 1.08798 -0.450657 8.17891
    endloop
  endfacet
  facet normal 0.0970703 -0.0143967 0.995173
    outer loop
      vertex -1.17195 0.115427 8.17891
      vertex -3.45387 0.687016 8.40976
      vertex -3.50457 0.34517 8.40976
    endloop
  endfacet
  facet normal -0.100397 -0.167538 0.98074
    outer loop
      vertex 2.51429 3.7629 8.60948
      vertex 2.27683 3.82342 8.59551
      vertex 1.95646 2.92805 8.40976
    endloop
  endfacet
  facet normal -0.100392 -0.167539 0.98074
    outer loop
      vertex 2.07162 3.87573 8.58344
      vertex 1.95646 2.92805 8.40976
      vertex 2.27683 3.82342 8.59551
    endloop
  endfacet
  facet normal -0.100413 -0.167537 0.980739
    outer loop
      vertex 1.95646 2.92805 8.40976
      vertex 2.07162 3.87573 8.58344
      vertex 1.66004 3.10571 8.40976
    endloop
  endfacet
  facet normal -0.0143931 0.0970713 0.995173
    outer loop
      vertex 0.687016 -3.45387 8.40976
      vertex 0.229743 -1.155 8.17891
      vertex 0.115427 -1.17195 8.17891
    endloop
  endfacet
  facet normal -0.072711 -0.0659016 0.995173
    outer loop
      vertex 2.72218 2.23404 8.40976
      vertex 2.4901 2.4901 8.40976
      vertex 0.832705 0.832705 8.17891
    endloop
  endfacet
  facet normal -0.116354 -0.156877 0.98074
    outer loop
      vertex 2.51429 3.7629 8.60948
      vertex 2.23404 2.72218 8.40976
      vertex 2.69965 3.70663 8.62247
    endloop
  endfacet
  facet normal -0.11635 -0.156878 0.98074
    outer loop
      vertex 2.23404 2.72218 8.40976
      vertex 2.51429 3.7629 8.60948
      vertex 1.95646 2.92805 8.40976
    endloop
  endfacet
  facet normal -0.167604 -0.100273 0.980742
    outer loop
      vertex 5.05442 2.71729 8.85088
      vertex 3.10571 1.66004 8.40976
      vertex 5.06936 2.70963 8.85265
    endloop
  endfacet
  facet normal -0.16753 -0.100409 0.98074
    outer loop
      vertex 3.10571 1.66004 8.40976
      vertex 5.05442 2.71729 8.85088
      vertex 2.92805 1.95646 8.40976
    endloop
  endfacet
  facet normal -0.095191 -0.0238464 0.995173
    outer loop
      vertex 3.45387 0.687016 8.40976
      vertex 3.36989 1.02225 8.40976
      vertex 1.12692 0.341846 8.17891
    endloop
  endfacet
  facet normal -0.193205 -0.0286592 0.98074
    outer loop
      vertex 5.80344 0.571589 8.86925
      vertex 5.71947 1.13767 8.86925
      vertex 3.45387 0.687016 8.40976
    endloop
  endfacet
  facet normal -0.195083 -0.00958543 0.98074
    outer loop
      vertex 3.52153 0 8.40976
      vertex 5.80344 0.571589 8.86925
      vertex 3.50457 0.34517 8.40976
    endloop
  endfacet
  facet normal -0.0330648 -0.0923937 0.995173
    outer loop
      vertex 0.450657 1.08798 8.17891
      vertex 1.34763 3.25347 8.40976
      vertex 0.341846 1.12692 8.17891
    endloop
  endfacet
  facet normal 0.290246 -0.0142007 0.956847
    outer loop
      vertex -5.80344 0.571589 8.86925
      vertex -6.21486 0.612109 8.99465
      vertex -6.22581 0.465791 8.9958
    endloop
  endfacet
  facet normal 0.290246 0.0142731 0.956845
    outer loop
      vertex -6.29026 -0.449647 9.01511
      vertex -5.83152 0 8.86925
      vertex -6.26068 0 8.99943
    endloop
  endfacet
  facet normal 0.290259 0.0142593 0.956842
    outer loop
      vertex -5.83152 0 8.86925
      vertex -6.29026 -0.449647 9.01511
      vertex -5.80344 -0.571589 8.86925
    endloop
  endfacet
  facet normal 0.176582 -0.0835188 0.980736
    outer loop
      vertex -5.38763 2.23163 8.86925
      vertex -5.08098 2.70301 8.85418
      vertex -5.19555 2.63774 8.86925
    endloop
  endfacet
  facet normal 0.176566 -0.0835081 0.98074
    outer loop
      vertex -5.08098 2.70301 8.85418
      vertex -5.38763 2.23163 8.86925
      vertex -3.25347 1.34763 8.40976
    endloop
  endfacet
  facet normal 0.273618 -0.0978989 0.956843
    outer loop
      vertex -5.69775 2.24686 8.95949
      vertex -5.58042 1.6928 8.86925
      vertex -5.38763 2.23163 8.86925
    endloop
  endfacet
  facet normal 0.273613 -0.0979002 0.956844
    outer loop
      vertex -5.91785 2.05795 9.0031
      vertex -5.58042 1.6928 8.86925
      vertex -5.69775 2.24686 8.95949
    endloop
  endfacet
  facet normal 0.273663 -0.0978506 0.956835
    outer loop
      vertex -5.98161 2.00323 9.01574
      vertex -5.58042 1.6928 8.86925
      vertex -5.91785 2.05795 9.0031
    endloop
  endfacet
  facet normal 0.273585 -0.0978926 0.956853
    outer loop
      vertex -6.10506 1.85195 9.03556
      vertex -5.98161 2.00323 9.01574
      vertex -6.0866 1.91312 9.03654
    endloop
  endfacet
  facet normal 0.274418 -0.09814 0.956589
    outer loop
      vertex -6.10506 1.85195 9.03556
      vertex -6.0866 1.91312 9.03654
      vertex -6.09168 1.90876 9.03755
    endloop
  endfacet
  facet normal 0.272773 -0.0977702 0.957098
    outer loop
      vertex -6.10506 1.85195 9.03556
      vertex -6.09168 1.90876 9.03755
      vertex -6.09999 1.90163 9.03919
    endloop
  endfacet
  facet normal 0.273614 -0.0979179 0.956842
    outer loop
      vertex -5.98161 2.00323 9.01574
      vertex -6.10506 1.85195 9.03556
      vertex -5.58042 1.6928 8.86925
    endloop
  endfacet
  facet normal 0.183901 -0.0657987 0.98074
    outer loop
      vertex -3.36989 1.02225 8.40976
      vertex -5.38763 2.23163 8.86925
      vertex -5.58042 1.6928 8.86925
    endloop
  endfacet
  facet normal -0.0238464 0.095191 0.995173
    outer loop
      vertex 0.687016 -3.45387 8.40976
      vertex 1.02225 -3.36989 8.40976
      vertex 0.341846 -1.12692 8.17891
    endloop
  endfacet
  facet normal 0.183901 -0.0657992 0.98074
    outer loop
      vertex -3.36989 1.02225 8.40976
      vertex -3.25347 1.34763 8.40976
      vertex -5.38763 2.23163 8.86925
    endloop
  endfacet
  facet normal 0.0657983 -0.183898 0.980741
    outer loop
      vertex -1.40187 4.00325 8.55399
      vertex -1.34763 3.25347 8.40976
      vertex -1.02225 3.36989 8.40976
    endloop
  endfacet
  facet normal 0.0657987 -0.183898 0.980741
    outer loop
      vertex -1.34763 3.25347 8.40976
      vertex -1.40187 4.00325 8.55399
      vertex -1.64224 3.96471 8.56289
    endloop
  endfacet
  facet normal 0.0659022 0.0727105 0.995173
    outer loop
      vertex -0.747076 -0.910316 8.17891
      vertex -0.832705 -0.832705 8.17891
      vertex -2.23404 -2.72218 8.40976
    endloop
  endfacet
  facet normal -0.0659022 -0.0727105 0.995173
    outer loop
      vertex 0.832705 0.832705 8.17891
      vertex 2.23404 2.72218 8.40976
      vertex 0.747076 0.910316 8.17891
    endloop
  endfacet
  facet normal -0.0887108 0.0419561 0.995173
    outer loop
      vertex 3.25347 -1.34763 8.40976
      vertex 1.08798 -0.450657 8.17891
      vertex 1.03857 -0.555128 8.17891
    endloop
  endfacet
  facet normal 0.283847 0.257262 0.923714
    outer loop
      vertex -5.71721 -5.71721 9.55294
      vertex -6.20001 -6.06679 9.79866
      vertex -6.15825 -6.15825 9.8113
    endloop
  endfacet
  facet normal 0.283924 0.257159 0.923719
    outer loop
      vertex -5.71721 -5.71721 9.55294
      vertex -6.20583 -6.05239 9.79644
      vertex -6.20001 -6.06679 9.79866
    endloop
  endfacet
  facet normal 0.283847 0.257263 0.923714
    outer loop
      vertex -6.34002 -5.50597 9.68549
      vertex -5.71721 -5.71721 9.55294
      vertex -6.25006 -5.1293 9.55294
    endloop
  endfacet
  facet normal 0.283832 0.257287 0.923711
    outer loop
      vertex -5.71721 -5.71721 9.55294
      vertex -6.26306 -5.88873 9.76844
      vertex -6.20583 -6.05239 9.79644
    endloop
  endfacet
  facet normal 0.283957 0.256958 0.923765
    outer loop
      vertex -5.71721 -5.71721 9.55294
      vertex -6.26751 -5.87407 9.76573
      vertex -6.26306 -5.88873 9.76844
    endloop
  endfacet
  facet normal 0.283846 0.257273 0.923711
    outer loop
      vertex -5.71721 -5.71721 9.55294
      vertex -6.30933 -5.70618 9.73182
      vertex -6.26751 -5.87407 9.76573
    endloop
  endfacet
  facet normal 0.283831 0.257521 0.923646
    outer loop
      vertex -5.71721 -5.71721 9.55294
      vertex -6.31239 -5.69133 9.72862
      vertex -6.30933 -5.70618 9.73182
    endloop
  endfacet
  facet normal 0.283842 0.257239 0.923722
    outer loop
      vertex -5.71721 -5.71721 9.55294
      vertex -6.33837 -5.52093 9.68915
      vertex -6.31239 -5.69133 9.72862
    endloop
  endfacet
  facet normal 0.283855 0.257294 0.923703
    outer loop
      vertex -5.71721 -5.71721 9.55294
      vertex -6.34002 -5.50597 9.68549
      vertex -6.33837 -5.52093 9.68915
    endloop
  endfacet
  facet normal 0.283909 0.257244 0.9237
    outer loop
      vertex -6.34002 -5.50597 9.68549
      vertex -6.25006 -5.1293 9.55294
      vertex -6.3504 -5.34144 9.64286
    endloop
  endfacet
  facet normal 0.283876 0.257261 0.923705
    outer loop
      vertex -6.3504 -5.34144 9.64286
      vertex -6.25006 -5.1293 9.55294
      vertex -6.35818 -5.21803 9.61088
    endloop
  endfacet
  facet normal 0.228163 0.307702 0.923721
    outer loop
      vertex -5.36124 -7.03211 9.87074
      vertex -5.32961 -7.04977 9.86881
      vertex -5.1293 -6.25006 9.55294
    endloop
  endfacet
  facet normal 0.22767 0.306772 0.924152
    outer loop
      vertex -5.32961 -7.04977 9.86881
      vertex -5.36124 -7.03211 9.87074
      vertex -5.34634 -7.04124 9.8701
    endloop
  endfacet
  facet normal 0.228231 0.307678 0.923712
    outer loop
      vertex -5.1293 -6.25006 9.55294
      vertex -5.50441 -6.9411 9.8758
      vertex -5.36124 -7.03211 9.87074
    endloop
  endfacet
  facet normal 0.228324 0.307625 0.923707
    outer loop
      vertex -5.1293 -6.25006 9.55294
      vertex -5.51822 -6.93085 9.8758
      vertex -5.50441 -6.9411 9.8758
    endloop
  endfacet
  facet normal 0.228176 0.307714 0.923714
    outer loop
      vertex -5.51822 -6.93085 9.8758
      vertex -5.1293 -6.25006 9.55294
      vertex -5.62195 -6.85036 9.87461
    endloop
  endfacet
  facet normal 0.19694 0.328573 0.923718
    outer loop
      vertex -4.49198 -6.72273 9.55294
      vertex -4.0822 -7.33148 9.68211
      vertex -3.81141 -7.13065 9.55294
    endloop
  endfacet
  facet normal 0.196956 0.328582 0.923711
    outer loop
      vertex -4.0822 -7.33148 9.68211
      vertex -4.49198 -6.72273 9.55294
      vertex -4.37668 -7.3233 9.74199
    endloop
  endfacet
  facet normal 0.196684 0.328552 0.92378
    outer loop
      vertex -4.37668 -7.3233 9.74199
      vertex -4.49198 -6.72273 9.55294
      vertex -4.39087 -7.3222 9.74462
    endloop
  endfacet
  facet normal 0.196984 0.328579 0.923706
    outer loop
      vertex -4.49198 -6.72273 9.55294
      vertex -4.55905 -7.30917 9.77585
      vertex -4.39087 -7.3222 9.74462
    endloop
  endfacet
  facet normal 0.196526 0.328658 0.923776
    outer loop
      vertex -4.49198 -6.72273 9.55294
      vertex -4.57273 -7.30678 9.77791
      vertex -4.55905 -7.30917 9.77585
    endloop
  endfacet
  facet normal 0.196968 0.328572 0.923712
    outer loop
      vertex -4.49198 -6.72273 9.55294
      vertex -4.74057 -7.27701 9.80311
      vertex -4.57273 -7.30678 9.77791
    endloop
  endfacet
  facet normal 0.196968 0.328572 0.923712
    outer loop
      vertex -4.49198 -6.72273 9.55294
      vertex -4.75364 -7.27342 9.80462
      vertex -4.74057 -7.27701 9.80311
    endloop
  endfacet
  facet normal 0.196933 0.328589 0.923714
    outer loop
      vertex -4.75364 -7.27342 9.80462
      vertex -4.49198 -6.72273 9.55294
      vertex -4.84323 -7.2484 9.81482
    endloop
  endfacet
  facet normal 0.273616 0.0978982 0.956844
    outer loop
      vertex -6.37009 -1.93234 9.11957
      vertex -5.38763 -2.23163 8.86925
      vertex -5.58042 -1.6928 8.86925
    endloop
  endfacet
  facet normal 0.273617 0.0979004 0.956843
    outer loop
      vertex -5.38763 -2.23163 8.86925
      vertex -6.37009 -1.93234 9.11957
      vertex -6.3838 -2.28057 9.15912
    endloop
  endfacet
  facet normal 0.273617 0.0979057 0.956843
    outer loop
      vertex -5.38763 -2.23163 8.86925
      vertex -6.3838 -2.28057 9.15912
      vertex -6.39835 -2.65028 9.20111
    endloop
  endfacet
  facet normal -0.144741 -0.13115 0.980739
    outer loop
      vertex 3.9592 3.24923 8.72808
      vertex 3.58686 3.39992 8.69328
      vertex 2.72218 2.23404 8.40976
    endloop
  endfacet
  facet normal 0.0887108 0.0419561 0.995173
    outer loop
      vertex -1.03857 -0.555128 8.17891
      vertex -1.08798 -0.450657 8.17891
      vertex -3.25347 -1.34763 8.40976
    endloop
  endfacet
  facet normal 0.00481594 0.098014 0.995173
    outer loop
      vertex 0 -3.52153 8.40976
      vertex -0.115427 -1.17195 8.17891
      vertex -0.34517 -3.50457 8.40976
    endloop
  endfacet
  facet normal 0.0143967 0.0970703 0.995173
    outer loop
      vertex -0.34517 -3.50457 8.40976
      vertex -0.115427 -1.17195 8.17891
      vertex -0.687016 -3.45387 8.40976
    endloop
  endfacet
  facet normal -0.257228 0.283896 0.923708
    outer loop
      vertex 5.1293 -6.25006 9.55294
      vertex 5.80025 -6.68413 9.87319
      vertex 5.87208 -6.60138 9.86776
    endloop
  endfacet
  facet normal -0.257254 0.283858 0.923713
    outer loop
      vertex 5.80025 -6.68413 9.87319
      vertex 5.1293 -6.25006 9.55294
      vertex 5.78902 -6.69626 9.87379
    endloop
  endfacet
  facet normal -0.257289 0.28381 0.923718
    outer loop
      vertex 5.78902 -6.69626 9.87379
      vertex 5.1293 -6.25006 9.55294
      vertex 5.66527 -6.81463 9.87569
    endloop
  endfacet
  facet normal -0.257243 0.283854 0.923717
    outer loop
      vertex 5.66527 -6.81463 9.87569
      vertex 5.1293 -6.25006 9.55294
      vertex 5.65279 -6.82594 9.87569
    endloop
  endfacet
  facet normal -0.257166 0.283923 0.923717
    outer loop
      vertex 5.65279 -6.82594 9.87569
      vertex 5.1293 -6.25006 9.55294
      vertex 5.62195 -6.85036 9.87461
    endloop
  endfacet
  facet normal -0.167529 0.100416 0.98074
    outer loop
      vertex 4.84873 -3.23982 8.86925
      vertex 5.14295 -2.74896 8.86925
      vertex 2.92805 -1.95646 8.40976
    endloop
  endfacet
  facet normal -0.249257 0.149404 0.956844
    outer loop
      vertex 4.84873 -3.23982 8.86925
      vertex 6.40568 -4.14218 9.41573
      vertex 5.14295 -2.74896 8.86925
    endloop
  endfacet
  facet normal -0.249239 0.149434 0.956843
    outer loop
      vertex 6.40568 -4.14218 9.41573
      vertex 4.84873 -3.23982 8.86925
      vertex 6.40087 -4.27692 9.43552
    endloop
  endfacet
  facet normal -0.183901 0.0657992 0.98074
    outer loop
      vertex 5.38763 -2.23163 8.86925
      vertex 3.36989 -1.02225 8.40976
      vertex 3.25347 -1.34763 8.40976
    endloop
  endfacet
  facet normal -0.189466 0.0474577 0.98074
    outer loop
      vertex 5.58042 -1.6928 8.86925
      vertex 5.71947 -1.13767 8.86925
      vertex 3.45387 -0.687016 8.40976
    endloop
  endfacet
  facet normal -0.281891 0.0706087 0.956845
    outer loop
      vertex 5.58042 -1.6928 8.86925
      vertex 6.3501 -1.51566 9.08293
      vertex 5.71947 -1.13767 8.86925
    endloop
  endfacet
  facet normal -0.281893 0.0706147 0.956844
    outer loop
      vertex 6.3501 -1.51566 9.08293
      vertex 5.58042 -1.6928 8.86925
      vertex 6.37009 -1.93234 9.11957
    endloop
  endfacet
  facet normal -0.273616 0.0978982 0.956844
    outer loop
      vertex 5.38763 -2.23163 8.86925
      vertex 6.37009 -1.93234 9.11957
      vertex 5.58042 -1.6928 8.86925
    endloop
  endfacet
  facet normal -0.273617 0.0979004 0.956843
    outer loop
      vertex 6.37009 -1.93234 9.11957
      vertex 5.38763 -2.23163 8.86925
      vertex 6.3838 -2.28057 9.15912
    endloop
  endfacet
  facet normal -0.189463 -0.0474627 0.98074
    outer loop
      vertex 3.45387 0.687016 8.40976
      vertex 5.58042 1.6928 8.86925
      vertex 3.36989 1.02225 8.40976
    endloop
  endfacet
  facet normal -0.0923963 -0.0330591 0.995173
    outer loop
      vertex 3.36989 1.02225 8.40976
      vertex 3.25347 1.34763 8.40976
      vertex 1.12692 0.341846 8.17891
    endloop
  endfacet
  facet normal -0.0657992 0.183901 0.98074
    outer loop
      vertex 2.23163 -5.38763 8.86925
      vertex 1.34763 -3.25347 8.40976
      vertex 1.02225 -3.36989 8.40976
    endloop
  endfacet
  facet normal -0.0727105 0.0659022 0.995173
    outer loop
      vertex 2.72218 -2.23404 8.40976
      vertex 0.910316 -0.747076 8.17891
      vertex 0.832705 -0.832705 8.17891
    endloop
  endfacet
  facet normal 0.0238439 0.0951914 0.995173
    outer loop
      vertex -0.229743 -1.155 8.17891
      vertex -0.341846 -1.12692 8.17891
      vertex -0.687016 -3.45387 8.40976
    endloop
  endfacet
  facet normal 0.0238464 0.095191 0.995173
    outer loop
      vertex -0.687016 -3.45387 8.40976
      vertex -0.341846 -1.12692 8.17891
      vertex -1.02225 -3.36989 8.40976
    endloop
  endfacet
  facet normal -0.072711 0.0659016 0.995173
    outer loop
      vertex 2.4901 -2.4901 8.40976
      vertex 2.72218 -2.23404 8.40976
      vertex 0.832705 -0.832705 8.17891
    endloop
  endfacet
  facet normal -0.144721 0.131168 0.98074
    outer loop
      vertex 4.12351 -4.12351 8.86925
      vertex 2.72218 -2.23404 8.40976
      vertex 2.4901 -2.4901 8.40976
    endloop
  endfacet
  facet normal 0.0474627 0.189463 0.98074
    outer loop
      vertex -0.687016 -3.45387 8.40976
      vertex -1.02225 -3.36989 8.40976
      vertex -1.6928 -5.58042 8.86925
    endloop
  endfacet
  facet normal 0.0474577 0.189466 0.98074
    outer loop
      vertex -1.13767 -5.71947 8.86925
      vertex -0.687016 -3.45387 8.40976
      vertex -1.6928 -5.58042 8.86925
    endloop
  endfacet
  facet normal 0.0286592 0.193205 0.98074
    outer loop
      vertex -0.571589 -5.80344 8.86925
      vertex -0.687016 -3.45387 8.40976
      vertex -1.13767 -5.71947 8.86925
    endloop
  endfacet
  facet normal 0.0426403 0.287458 0.956844
    outer loop
      vertex -1.13767 -5.71947 8.86925
      vertex -1.31421 -7.37358 9.37405
      vertex -0.571589 -5.80344 8.86925
    endloop
  endfacet
  facet normal 0.0426397 0.287458 0.956844
    outer loop
      vertex -1.31421 -7.37358 9.37405
      vertex -1.13767 -5.71947 8.86925
      vertex -1.46652 -7.37269 9.38057
    endloop
  endfacet
  facet normal -0.0143967 0.0970703 0.995173
    outer loop
      vertex 0.34517 -3.50457 8.40976
      vertex 0.687016 -3.45387 8.40976
      vertex 0.115427 -1.17195 8.17891
    endloop
  endfacet
  facet normal -0.0286546 0.193205 0.98074
    outer loop
      vertex 0.571589 -5.80344 8.86925
      vertex 0.687016 -3.45387 8.40976
      vertex 0.34517 -3.50457 8.40976
    endloop
  endfacet
  facet normal 0.0923963 -0.0330591 0.995173
    outer loop
      vertex -1.12692 0.341846 8.17891
      vertex -3.25347 1.34763 8.40976
      vertex -3.36989 1.02225 8.40976
    endloop
  endfacet
  facet normal 0.0659022 -0.0727105 0.995173
    outer loop
      vertex -0.832705 0.832705 8.17891
      vertex -0.747076 0.910316 8.17891
      vertex -2.23404 2.72218 8.40976
    endloop
  endfacet
  facet normal 0.0835096 0.176565 0.98074
    outer loop
      vertex -1.34763 -3.25347 8.40976
      vertex -1.66004 -3.10571 8.40976
      vertex -2.74896 -5.14295 8.86925
    endloop
  endfacet
  facet normal 0.10041 0.167531 0.98074
    outer loop
      vertex -1.66004 -3.10571 8.40976
      vertex -1.95646 -2.92805 8.40976
      vertex -2.74896 -5.14295 8.86925
    endloop
  endfacet
  facet normal 0.0727105 0.0659022 0.995173
    outer loop
      vertex -0.832705 -0.832705 8.17891
      vertex -0.910316 -0.747076 8.17891
      vertex -2.72218 -2.23404 8.40976
    endloop
  endfacet
  facet normal 0.0788209 0.0584567 0.995173
    outer loop
      vertex -0.910316 -0.747076 8.17891
      vertex -0.979158 -0.654252 8.17891
      vertex -2.72218 -2.23404 8.40976
    endloop
  endfacet
  facet normal 0.144721 0.131168 0.98074
    outer loop
      vertex -2.4901 -2.4901 8.40976
      vertex -2.72218 -2.23404 8.40976
      vertex -4.12351 -4.12351 8.86925
    endloop
  endfacet
  facet normal 0.072711 0.0659016 0.995173
    outer loop
      vertex -2.4901 -2.4901 8.40976
      vertex -0.832705 -0.832705 8.17891
      vertex -2.72218 -2.23404 8.40976
    endloop
  endfacet
  facet normal -0.0584567 0.0788209 0.995173
    outer loop
      vertex 2.23404 -2.72218 8.40976
      vertex 0.747076 -0.910316 8.17891
      vertex 0.654252 -0.979158 8.17891
    endloop
  endfacet
  facet normal 0.00481594 -0.098014 0.995173
    outer loop
      vertex -0.115427 1.17195 8.17891
      vertex 0 3.52153 8.40976
      vertex -0.34517 3.50457 8.40976
    endloop
  endfacet
  facet normal 0.167531 0.10041 0.98074
    outer loop
      vertex -2.92805 -1.95646 8.40976
      vertex -3.10571 -1.66004 8.40976
      vertex -5.14295 -2.74896 8.86925
    endloop
  endfacet
  facet normal 0.176565 0.0835096 0.98074
    outer loop
      vertex -3.10571 -1.66004 8.40976
      vertex -3.25347 -1.34763 8.40976
      vertex -5.14295 -2.74896 8.86925
    endloop
  endfacet
  facet normal 0.281889 0.0706132 0.956845
    outer loop
      vertex -5.71947 -1.13767 8.86925
      vertex -6.33787 -1.26068 9.06051
      vertex -6.3501 -1.51566 9.08293
    endloop
  endfacet
  facet normal 0.287457 0.0426401 0.956844
    outer loop
      vertex -6.3124 -0.812306 9.03288
      vertex -5.71947 -1.13767 8.86925
      vertex -5.80344 -0.571589 8.86925
    endloop
  endfacet
  facet normal 0.287454 0.0426344 0.956845
    outer loop
      vertex -5.71947 -1.13767 8.86925
      vertex -6.3124 -0.812306 9.03288
      vertex -6.33787 -1.26068 9.06051
    endloop
  endfacet
  facet normal -0.0143931 -0.0970713 0.995173
    outer loop
      vertex 0.229743 1.155 8.17891
      vertex 0.687016 3.45387 8.40976
      vertex 0.115427 1.17195 8.17891
    endloop
  endfacet
  facet normal 0.193205 0.0286546 0.98074
    outer loop
      vertex -3.45387 -0.687016 8.40976
      vertex -3.50457 -0.34517 8.40976
      vertex -5.80344 -0.571589 8.86925
    endloop
  endfacet
  facet normal -0.0504485 -0.0841717 0.995173
    outer loop
      vertex 1.95646 2.92805 8.40976
      vertex 1.66004 3.10571 8.40976
      vertex 0.555128 1.03857 8.17891
    endloop
  endfacet
  facet normal -0.0419561 0.0887108 0.995173
    outer loop
      vertex 1.34763 -3.25347 8.40976
      vertex 0.555128 -1.03857 8.17891
      vertex 0.450657 -1.08798 8.17891
    endloop
  endfacet
  facet normal 0.095191 -0.0238464 0.995173
    outer loop
      vertex -1.12692 0.341846 8.17891
      vertex -3.36989 1.02225 8.40976
      vertex -3.45387 0.687016 8.40976
    endloop
  endfacet
  facet normal -0.0238439 0.0951914 0.995173
    outer loop
      vertex 0.687016 -3.45387 8.40976
      vertex 0.341846 -1.12692 8.17891
      vertex 0.229743 -1.155 8.17891
    endloop
  endfacet
  facet normal 0.0841717 0.0504485 0.995173
    outer loop
      vertex -2.92805 -1.95646 8.40976
      vertex -1.03857 -0.555128 8.17891
      vertex -3.10571 -1.66004 8.40976
    endloop
  endfacet
  facet normal -0.0658084 -0.183892 0.980741
    outer loop
      vertex 1.40187 4.00325 8.55399
      vertex 1.22307 4.03193 8.54737
      vertex 1.02225 3.36989 8.40976
    endloop
  endfacet
  facet normal -0.0330591 -0.0923963 0.995173
    outer loop
      vertex 1.34763 3.25347 8.40976
      vertex 1.02225 3.36989 8.40976
      vertex 0.341846 1.12692 8.17891
    endloop
  endfacet
  facet normal -0.0419572 -0.0887104 0.995173
    outer loop
      vertex 1.66004 3.10571 8.40976
      vertex 1.34763 3.25347 8.40976
      vertex 0.555128 1.03857 8.17891
    endloop
  endfacet
  facet normal -0.0835314 -0.17656 0.980739
    outer loop
      vertex 1.8441 3.92288 8.57255
      vertex 1.66004 3.10571 8.40976
      vertex 2.07162 3.87573 8.58344
    endloop
  endfacet
  facet normal -0.0835098 -0.176565 0.98074
    outer loop
      vertex 1.66004 3.10571 8.40976
      vertex 1.8441 3.92288 8.57255
      vertex 1.34763 3.25347 8.40976
    endloop
  endfacet
  facet normal 0.0143967 -0.0970703 0.995173
    outer loop
      vertex -0.115427 1.17195 8.17891
      vertex -0.34517 3.50457 8.40976
      vertex -0.687016 3.45387 8.40976
    endloop
  endfacet
  facet normal -0.0887108 -0.0419561 0.995173
    outer loop
      vertex 1.08798 0.450657 8.17891
      vertex 3.25347 1.34763 8.40976
      vertex 1.03857 0.555128 8.17891
    endloop
  endfacet
  facet normal -0.189466 -0.0474577 0.98074
    outer loop
      vertex 5.71947 1.13767 8.86925
      vertex 5.58042 1.6928 8.86925
      vertex 3.45387 0.687016 8.40976
    endloop
  endfacet
  facet normal 0.0923937 0.0330648 0.995173
    outer loop
      vertex -1.08798 -0.450657 8.17891
      vertex -1.12692 -0.341846 8.17891
      vertex -3.25347 -1.34763 8.40976
    endloop
  endfacet
  facet normal -0.098014 -0.00481594 0.995173
    outer loop
      vertex 3.52153 0 8.40976
      vertex 3.50457 0.34517 8.40976
      vertex 1.17195 0.115427 8.17891
    endloop
  endfacet
  facet normal -0.0980139 -0.00481463 0.995173
    outer loop
      vertex 1.17762 0 8.17891
      vertex 3.52153 0 8.40976
      vertex 1.17195 0.115427 8.17891
    endloop
  endfacet
  facet normal -0.0970703 -0.0143967 0.995173
    outer loop
      vertex 3.50457 0.34517 8.40976
      vertex 3.45387 0.687016 8.40976
      vertex 1.17195 0.115427 8.17891
    endloop
  endfacet
  facet normal -0.0970713 -0.0143931 0.995173
    outer loop
      vertex 1.17195 0.115427 8.17891
      vertex 3.45387 0.687016 8.40976
      vertex 1.155 0.229743 8.17891
    endloop
  endfacet
  facet normal 0.195083 -0.0095837 0.98074
    outer loop
      vertex -3.52153 0 8.40976
      vertex -5.80344 0.571589 8.86925
      vertex -5.83152 0 8.86925
    endloop
  endfacet
  facet normal 0.195083 0.0095837 0.98074
    outer loop
      vertex -5.80344 -0.571589 8.86925
      vertex -3.52153 0 8.40976
      vertex -5.83152 0 8.86925
    endloop
  endfacet
  facet normal 0.167525 -0.100423 0.98074
    outer loop
      vertex -2.92805 1.95646 8.40976
      vertex -4.49548 3.00378 8.78474
      vertex -5.05442 2.71729 8.85088
    endloop
  endfacet
  facet normal 0.273618 -0.0979097 0.956842
    outer loop
      vertex -5.38763 2.23163 8.86925
      vertex -5.60877 2.32323 8.94186
      vertex -5.69775 2.24686 8.95949
    endloop
  endfacet
  facet normal 0.281896 -0.0706164 0.956843
    outer loop
      vertex -6.14764 1.39431 9.01433
      vertex -5.58042 1.6928 8.86925
      vertex -6.10506 1.85195 9.03556
    endloop
  endfacet
  facet normal 0.281892 -0.0706089 0.956844
    outer loop
      vertex -5.58042 1.6928 8.86925
      vertex -6.14764 1.39431 9.01433
      vertex -5.71947 1.13767 8.86925
    endloop
  endfacet
  facet normal 0.047464 -0.189468 0.980739
    outer loop
      vertex -0.973869 4.06036 8.54081
      vertex -1.02225 3.36989 8.40976
      vertex -0.687016 3.45387 8.40976
    endloop
  endfacet
  facet normal 0.0474324 -0.189466 0.980741
    outer loop
      vertex -1.02225 3.36989 8.40976
      vertex -0.973869 4.06036 8.54081
      vertex -1.22307 4.03193 8.54737
    endloop
  endfacet
  facet normal 0.0474532 -0.189473 0.980739
    outer loop
      vertex -0.687016 3.45387 8.40976
      vertex -0.811345 4.07891 8.53653
      vertex -0.973869 4.06036 8.54081
    endloop
  endfacet
  facet normal 0.0887104 -0.0419572 0.995173
    outer loop
      vertex -1.03857 0.555128 8.17891
      vertex -3.10571 1.66004 8.40976
      vertex -3.25347 1.34763 8.40976
    endloop
  endfacet
  facet normal 0.131169 -0.144722 0.98074
    outer loop
      vertex -3.29578 3.50962 8.66796
      vertex -2.4901 2.4901 8.40976
      vertex -2.23404 2.72218 8.40976
    endloop
  endfacet
  facet normal 0.131161 -0.144728 0.98074
    outer loop
      vertex -2.4901 2.4901 8.40976
      vertex -3.29578 3.50962 8.66796
      vertex -3.45378 3.45378 8.68085
    endloop
  endfacet
  facet normal 0.0659016 -0.072711 0.995173
    outer loop
      vertex -0.832705 0.832705 8.17891
      vertex -2.23404 2.72218 8.40976
      vertex -2.4901 2.4901 8.40976
    endloop
  endfacet
  facet normal 0.0887108 -0.0419561 0.995173
    outer loop
      vertex -1.08798 0.450657 8.17891
      vertex -1.03857 0.555128 8.17891
      vertex -3.25347 1.34763 8.40976
    endloop
  endfacet
  facet normal -0.0504495 -0.0841709 0.995173
    outer loop
      vertex 0.654252 0.979158 8.17891
      vertex 1.95646 2.92805 8.40976
      vertex 0.555128 1.03857 8.17891
    endloop
  endfacet
  facet normal 0.149404 0.249257 0.956844
    outer loop
      vertex -2.74896 -5.14295 8.86925
      vertex -3.23982 -4.84873 8.86925
      vertex -4.49198 -6.72273 9.55294
    endloop
  endfacet
  facet normal 0.149401 0.249259 0.956843
    outer loop
      vertex -3.81141 -7.13065 9.55294
      vertex -2.74896 -5.14295 8.86925
      vertex -4.49198 -6.72273 9.55294
    endloop
  endfacet
  facet normal -0.131167 -0.144724 0.98074
    outer loop
      vertex 3.29578 3.50962 8.66796
      vertex 2.97369 3.62345 8.64168
      vertex 2.23404 2.72218 8.40976
    endloop
  endfacet
  facet normal -0.156874 -0.116365 0.980739
    outer loop
      vertex 4.42138 3.0377 8.77691
      vertex 3.9592 3.24923 8.72808
      vertex 2.72218 2.23404 8.40976
    endloop
  endfacet
  facet normal 0.0841717 -0.0504485 0.995173
    outer loop
      vertex -1.03857 0.555128 8.17891
      vertex -2.92805 1.95646 8.40976
      vertex -3.10571 1.66004 8.40976
    endloop
  endfacet
  facet normal -0.307621 0.228328 0.923707
    outer loop
      vertex 6.35818 -5.21803 9.61088
      vertex 6.36157 -5.15723 9.59698
      vertex 6.25006 -5.1293 9.55294
    endloop
  endfacet
  facet normal -0.189463 0.0474627 0.98074
    outer loop
      vertex 5.58042 -1.6928 8.86925
      vertex 3.45387 -0.687016 8.40976
      vertex 3.36989 -1.02225 8.40976
    endloop
  endfacet
  facet normal -0.183901 0.0657987 0.98074
    outer loop
      vertex 5.38763 -2.23163 8.86925
      vertex 5.58042 -1.6928 8.86925
      vertex 3.36989 -1.02225 8.40976
    endloop
  endfacet
  facet normal 0.0504495 0.0841709 0.995173
    outer loop
      vertex -0.555128 -1.03857 8.17891
      vertex -0.654252 -0.979158 8.17891
      vertex -1.95646 -2.92805 8.40976
    endloop
  endfacet
  facet normal 0.0584577 0.07882 0.995173
    outer loop
      vertex -1.95646 -2.92805 8.40976
      vertex -0.654252 -0.979158 8.17891
      vertex -2.23404 -2.72218 8.40976
    endloop
  endfacet
  facet normal -0.0419561 -0.0887108 0.995173
    outer loop
      vertex 0.555128 1.03857 8.17891
      vertex 1.34763 3.25347 8.40976
      vertex 0.450657 1.08798 8.17891
    endloop
  endfacet
  facet normal -0.0835096 0.176565 0.98074
    outer loop
      vertex 2.74896 -5.14295 8.86925
      vertex 1.66004 -3.10571 8.40976
      vertex 1.34763 -3.25347 8.40976
    endloop
  endfacet
  facet normal -0.0419572 0.0887104 0.995173
    outer loop
      vertex 1.34763 -3.25347 8.40976
      vertex 1.66004 -3.10571 8.40976
      vertex 0.555128 -1.03857 8.17891
    endloop
  endfacet
  facet normal 0.0330648 0.0923937 0.995173
    outer loop
      vertex -0.341846 -1.12692 8.17891
      vertex -0.450657 -1.08798 8.17891
      vertex -1.34763 -3.25347 8.40976
    endloop
  endfacet
  facet normal 0.0419561 0.0887108 0.995173
    outer loop
      vertex -0.450657 -1.08798 8.17891
      vertex -0.555128 -1.03857 8.17891
      vertex -1.34763 -3.25347 8.40976
    endloop
  endfacet
  facet normal 0.0706101 0.281897 0.956843
    outer loop
      vertex -1.6928 -5.58042 8.86925
      vertex -2.12475 -7.36631 9.42727
      vertex -1.13767 -5.71947 8.86925
    endloop
  endfacet
  facet normal 0.0705575 0.28191 0.956843
    outer loop
      vertex -2.12475 -7.36631 9.42727
      vertex -1.6928 -5.58042 8.86925
      vertex -2.23422 -7.36525 9.43503
    endloop
  endfacet
  facet normal 0.097899 0.273618 0.956843
    outer loop
      vertex -2.32872 -7.36398 9.44434
      vertex -1.6928 -5.58042 8.86925
      vertex -2.23163 -5.38763 8.86925
    endloop
  endfacet
  facet normal 0.0979437 0.273603 0.956843
    outer loop
      vertex -1.6928 -5.58042 8.86925
      vertex -2.32872 -7.36398 9.44434
      vertex -2.23422 -7.36525 9.43503
    endloop
  endfacet
  facet normal 0.0841709 -0.0504495 0.995173
    outer loop
      vertex -1.03857 0.555128 8.17891
      vertex -0.979158 0.654252 8.17891
      vertex -2.92805 1.95646 8.40976
    endloop
  endfacet
  facet normal 0.0970713 -0.0143931 0.995173
    outer loop
      vertex -1.17195 0.115427 8.17891
      vertex -1.155 0.229743 8.17891
      vertex -3.45387 0.687016 8.40976
    endloop
  endfacet
  facet normal -0.0238439 -0.0951914 0.995173
    outer loop
      vertex 0.341846 1.12692 8.17891
      vertex 0.687016 3.45387 8.40976
      vertex 0.229743 1.155 8.17891
    endloop
  endfacet
  facet normal -0.07882 0.0584577 0.995173
    outer loop
      vertex 2.72218 -2.23404 8.40976
      vertex 2.92805 -1.95646 8.40976
      vertex 0.979158 -0.654252 8.17891
    endloop
  endfacet
  facet normal 0.0504495 -0.0841709 0.995173
    outer loop
      vertex -0.654252 0.979158 8.17891
      vertex -0.555128 1.03857 8.17891
      vertex -1.95646 2.92805 8.40976
    endloop
  endfacet
  facet normal -0.0841709 0.0504495 0.995173
    outer loop
      vertex 2.92805 -1.95646 8.40976
      vertex 1.03857 -0.555128 8.17891
      vertex 0.979158 -0.654252 8.17891
    endloop
  endfacet
  facet normal -0.0504495 0.0841709 0.995173
    outer loop
      vertex 1.95646 -2.92805 8.40976
      vertex 0.654252 -0.979158 8.17891
      vertex 0.555128 -1.03857 8.17891
    endloop
  endfacet
  facet normal -0.176646 -0.0833984 0.980735
    outer loop
      vertex 5.06936 2.70963 8.85265
      vertex 3.25347 1.34763 8.40976
      vertex 5.08098 2.70301 8.85418
    endloop
  endfacet
  facet normal -0.176564 -0.0835091 0.98074
    outer loop
      vertex 3.25347 1.34763 8.40976
      vertex 5.06936 2.70963 8.85265
      vertex 3.10571 1.66004 8.40976
    endloop
  endfacet
  facet normal -0.0887104 -0.0419572 0.995173
    outer loop
      vertex 3.25347 1.34763 8.40976
      vertex 3.10571 1.66004 8.40976
      vertex 1.03857 0.555128 8.17891
    endloop
  endfacet
  facet normal 0.176564 -0.0835091 0.98074
    outer loop
      vertex -5.06936 2.70963 8.85265
      vertex -3.25347 1.34763 8.40976
      vertex -3.10571 1.66004 8.40976
    endloop
  endfacet
  facet normal 0.176646 -0.0833984 0.980735
    outer loop
      vertex -3.25347 1.34763 8.40976
      vertex -5.06936 2.70963 8.85265
      vertex -5.08098 2.70301 8.85418
    endloop
  endfacet
  facet normal 0.189463 -0.0474627 0.98074
    outer loop
      vertex -3.45387 0.687016 8.40976
      vertex -3.36989 1.02225 8.40976
      vertex -5.58042 1.6928 8.86925
    endloop
  endfacet
  facet normal 0.189466 -0.0474577 0.98074
    outer loop
      vertex -3.45387 0.687016 8.40976
      vertex -5.58042 1.6928 8.86925
      vertex -5.71947 1.13767 8.86925
    endloop
  endfacet
  facet normal 0.0143931 -0.0970713 0.995173
    outer loop
      vertex -0.229743 1.155 8.17891
      vertex -0.115427 1.17195 8.17891
      vertex -0.687016 3.45387 8.40976
    endloop
  endfacet
  facet normal 0.0238439 -0.0951914 0.995173
    outer loop
      vertex -0.341846 1.12692 8.17891
      vertex -0.229743 1.155 8.17891
      vertex -0.687016 3.45387 8.40976
    endloop
  endfacet
  facet normal -0.0584567 -0.0788209 0.995173
    outer loop
      vertex 0.747076 0.910316 8.17891
      vertex 2.23404 2.72218 8.40976
      vertex 0.654252 0.979158 8.17891
    endloop
  endfacet
  facet normal -0.0584577 0.07882 0.995173
    outer loop
      vertex 1.95646 -2.92805 8.40976
      vertex 2.23404 -2.72218 8.40976
      vertex 0.654252 -0.979158 8.17891
    endloop
  endfacet
  facet normal 0.0951914 0.0238439 0.995173
    outer loop
      vertex -1.12692 -0.341846 8.17891
      vertex -1.155 -0.229743 8.17891
      vertex -3.45387 -0.687016 8.40976
    endloop
  endfacet
  facet normal 0.0970713 0.0143931 0.995173
    outer loop
      vertex -1.155 -0.229743 8.17891
      vertex -1.17195 -0.115427 8.17891
      vertex -3.45387 -0.687016 8.40976
    endloop
  endfacet
  facet normal 0 0 1
    outer loop
      vertex 1.17195 0.115427 8.17891
      vertex 1.17195 -0.115427 8.17891
      vertex 1.17762 0 8.17891
    endloop
  endfacet
  facet normal 0 0 1
    outer loop
      vertex 1.155 0.229743 8.17891
      vertex 1.17195 -0.115427 8.17891
      vertex 1.17195 0.115427 8.17891
    endloop
  endfacet
  facet normal 0 0 1
    outer loop
      vertex 1.155 0.229743 8.17891
      vertex 1.155 -0.229743 8.17891
      vertex 1.17195 -0.115427 8.17891
    endloop
  endfacet
  facet normal 0 0 1
    outer loop
      vertex 1.12692 0.341846 8.17891
      vertex 1.155 -0.229743 8.17891
      vertex 1.155 0.229743 8.17891
    endloop
  endfacet
  facet normal 0 0 1
    outer loop
      vertex 1.12692 0.341846 8.17891
      vertex 1.12692 -0.341846 8.17891
      vertex 1.155 -0.229743 8.17891
    endloop
  endfacet
  facet normal 0 0 1
    outer loop
      vertex 1.08798 0.450657 8.17891
      vertex 1.12692 -0.341846 8.17891
      vertex 1.12692 0.341846 8.17891
    endloop
  endfacet
  facet normal 0 0 1
    outer loop
      vertex 1.08798 0.450657 8.17891
      vertex 1.08798 -0.450657 8.17891
      vertex 1.12692 -0.341846 8.17891
    endloop
  endfacet
  facet normal 0 0 1
    outer loop
      vertex 1.03857 0.555128 8.17891
      vertex 1.08798 -0.450657 8.17891
      vertex 1.08798 0.450657 8.17891
    endloop
  endfacet
  facet normal 0 0 1
    outer loop
      vertex 1.03857 0.555128 8.17891
      vertex 1.03857 -0.555128 8.17891
      vertex 1.08798 -0.450657 8.17891
    endloop
  endfacet
  facet normal 0 0 1
    outer loop
      vertex 0.979158 0.654252 8.17891
      vertex 1.03857 -0.555128 8.17891
      vertex 1.03857 0.555128 8.17891
    endloop
  endfacet
  facet normal 0 0 1
    outer loop
      vertex 0.979158 0.654252 8.17891
      vertex 0.979158 -0.654252 8.17891
      vertex 1.03857 -0.555128 8.17891
    endloop
  endfacet
  facet normal 0 0 1
    outer loop
      vertex 0.910316 0.747076 8.17891
      vertex 0.979158 -0.654252 8.17891
      vertex 0.979158 0.654252 8.17891
    endloop
  endfacet
  facet normal 0 0 1
    outer loop
      vertex 0.910316 0.747076 8.17891
      vertex 0.910316 -0.747076 8.17891
      vertex 0.979158 -0.654252 8.17891
    endloop
  endfacet
  facet normal 0 0 1
    outer loop
      vertex 0.832705 0.832705 8.17891
      vertex 0.910316 -0.747076 8.17891
      vertex 0.910316 0.747076 8.17891
    endloop
  endfacet
  facet normal 0 0 1
    outer loop
      vertex 0.832705 0.832705 8.17891
      vertex 0.832705 -0.832705 8.17891
      vertex 0.910316 -0.747076 8.17891
    endloop
  endfacet
  facet normal 0 0 1
    outer loop
      vertex 0.747076 0.910316 8.17891
      vertex 0.832705 -0.832705 8.17891
      vertex 0.832705 0.832705 8.17891
    endloop
  endfacet
  facet normal 0 0 1
    outer loop
      vertex 0.747076 0.910316 8.17891
      vertex 0.747076 -0.910316 8.17891
      vertex 0.832705 -0.832705 8.17891
    endloop
  endfacet
  facet normal 0 0 1
    outer loop
      vertex 0.654252 0.979158 8.17891
      vertex 0.747076 -0.910316 8.17891
      vertex 0.747076 0.910316 8.17891
    endloop
  endfacet
  facet normal 0 0 1
    outer loop
      vertex 0.654252 0.979158 8.17891
      vertex 0.654252 -0.979158 8.17891
      vertex 0.747076 -0.910316 8.17891
    endloop
  endfacet
  facet normal 0 0 1
    outer loop
      vertex 0.555128 1.03857 8.17891
      vertex 0.654252 -0.979158 8.17891
      vertex 0.654252 0.979158 8.17891
    endloop
  endfacet
  facet normal 0 0 1
    outer loop
      vertex 0.555128 1.03857 8.17891
      vertex 0.555128 -1.03857 8.17891
      vertex 0.654252 -0.979158 8.17891
    endloop
  endfacet
  facet normal 0 0 1
    outer loop
      vertex 0.450657 1.08798 8.17891
      vertex 0.555128 -1.03857 8.17891
      vertex 0.555128 1.03857 8.17891
    endloop
  endfacet
  facet normal 0 0 1
    outer loop
      vertex 0.450657 1.08798 8.17891
      vertex 0.450657 -1.08798 8.17891
      vertex 0.555128 -1.03857 8.17891
    endloop
  endfacet
  facet normal 0 0 1
    outer loop
      vertex 0.341846 1.12692 8.17891
      vertex 0.450657 -1.08798 8.17891
      vertex 0.450657 1.08798 8.17891
    endloop
  endfacet
  facet normal 0 0 1
    outer loop
      vertex 0.341846 1.12692 8.17891
      vertex 0.341846 -1.12692 8.17891
      vertex 0.450657 -1.08798 8.17891
    endloop
  endfacet
  facet normal 0 0 1
    outer loop
      vertex 0.229743 1.155 8.17891
      vertex 0.341846 -1.12692 8.17891
      vertex 0.341846 1.12692 8.17891
    endloop
  endfacet
  facet normal 0 0 1
    outer loop
      vertex 0.229743 1.155 8.17891
      vertex 0.229743 -1.155 8.17891
      vertex 0.341846 -1.12692 8.17891
    endloop
  endfacet
  facet normal 0 0 1
    outer loop
      vertex 0.115427 1.17195 8.17891
      vertex 0.229743 -1.155 8.17891
      vertex 0.229743 1.155 8.17891
    endloop
  endfacet
  facet normal 0 0 1
    outer loop
      vertex 0.115427 1.17195 8.17891
      vertex 0.115427 -1.17195 8.17891
      vertex 0.229743 -1.155 8.17891
    endloop
  endfacet
  facet normal 0 0 1
    outer loop
      vertex 0 1.17762 8.17891
      vertex 0.115427 -1.17195 8.17891
      vertex 0.115427 1.17195 8.17891
    endloop
  endfacet
  facet normal 0 0 1
    outer loop
      vertex 0 1.17762 8.17891
      vertex 0 -1.17762 8.17891
      vertex 0.115427 -1.17195 8.17891
    endloop
  endfacet
  facet normal -0 0 1
    outer loop
      vertex -0.115427 1.17195 8.17891
      vertex 0 -1.17762 8.17891
      vertex 0 1.17762 8.17891
    endloop
  endfacet
  facet normal 0 0 1
    outer loop
      vertex -0.115427 1.17195 8.17891
      vertex -0.115427 -1.17195 8.17891
      vertex 0 -1.17762 8.17891
    endloop
  endfacet
  facet normal -0 0 1
    outer loop
      vertex -0.229743 1.155 8.17891
      vertex -0.115427 -1.17195 8.17891
      vertex -0.115427 1.17195 8.17891
    endloop
  endfacet
  facet normal 0 0 1
    outer loop
      vertex -0.229743 1.155 8.17891
      vertex -0.229743 -1.155 8.17891
      vertex -0.115427 -1.17195 8.17891
    endloop
  endfacet
  facet normal -0 0 1
    outer loop
      vertex -0.341846 1.12692 8.17891
      vertex -0.229743 -1.155 8.17891
      vertex -0.229743 1.155 8.17891
    endloop
  endfacet
  facet normal 0 0 1
    outer loop
      vertex -0.341846 1.12692 8.17891
      vertex -0.341846 -1.12692 8.17891
      vertex -0.229743 -1.155 8.17891
    endloop
  endfacet
  facet normal -0 0 1
    outer loop
      vertex -0.450657 1.08798 8.17891
      vertex -0.341846 -1.12692 8.17891
      vertex -0.341846 1.12692 8.17891
    endloop
  endfacet
  facet normal 0 0 1
    outer loop
      vertex -0.450657 1.08798 8.17891
      vertex -0.450657 -1.08798 8.17891
      vertex -0.341846 -1.12692 8.17891
    endloop
  endfacet
  facet normal -0 0 1
    outer loop
      vertex -0.555128 1.03857 8.17891
      vertex -0.450657 -1.08798 8.17891
      vertex -0.450657 1.08798 8.17891
    endloop
  endfacet
  facet normal 0 0 1
    outer loop
      vertex -0.555128 1.03857 8.17891
      vertex -0.555128 -1.03857 8.17891
      vertex -0.450657 -1.08798 8.17891
    endloop
  endfacet
  facet normal -0 0 1
    outer loop
      vertex -0.654252 0.979158 8.17891
      vertex -0.555128 -1.03857 8.17891
      vertex -0.555128 1.03857 8.17891
    endloop
  endfacet
  facet normal 0 0 1
    outer loop
      vertex -0.654252 0.979158 8.17891
      vertex -0.654252 -0.979158 8.17891
      vertex -0.555128 -1.03857 8.17891
    endloop
  endfacet
  facet normal -0 0 1
    outer loop
      vertex -0.747076 0.910316 8.17891
      vertex -0.654252 -0.979158 8.17891
      vertex -0.654252 0.979158 8.17891
    endloop
  endfacet
  facet normal 0 0 1
    outer loop
      vertex -0.747076 0.910316 8.17891
      vertex -0.747076 -0.910316 8.17891
      vertex -0.654252 -0.979158 8.17891
    endloop
  endfacet
  facet normal -0 0 1
    outer loop
      vertex -0.832705 0.832705 8.17891
      vertex -0.747076 -0.910316 8.17891
      vertex -0.747076 0.910316 8.17891
    endloop
  endfacet
  facet normal 0 0 1
    outer loop
      vertex -0.832705 0.832705 8.17891
      vertex -0.832705 -0.832705 8.17891
      vertex -0.747076 -0.910316 8.17891
    endloop
  endfacet
  facet normal -0 0 1
    outer loop
      vertex -0.910316 0.747076 8.17891
      vertex -0.832705 -0.832705 8.17891
      vertex -0.832705 0.832705 8.17891
    endloop
  endfacet
  facet normal 0 0 1
    outer loop
      vertex -0.910316 0.747076 8.17891
      vertex -0.910316 -0.747076 8.17891
      vertex -0.832705 -0.832705 8.17891
    endloop
  endfacet
  facet normal -0 0 1
    outer loop
      vertex -0.979158 0.654252 8.17891
      vertex -0.910316 -0.747076 8.17891
      vertex -0.910316 0.747076 8.17891
    endloop
  endfacet
  facet normal 0 0 1
    outer loop
      vertex -0.979158 0.654252 8.17891
      vertex -0.979158 -0.654252 8.17891
      vertex -0.910316 -0.747076 8.17891
    endloop
  endfacet
  facet normal -0 0 1
    outer loop
      vertex -1.03857 0.555128 8.17891
      vertex -0.979158 -0.654252 8.17891
      vertex -0.979158 0.654252 8.17891
    endloop
  endfacet
  facet normal 0 0 1
    outer loop
      vertex -1.03857 0.555128 8.17891
      vertex -1.03857 -0.555128 8.17891
      vertex -0.979158 -0.654252 8.17891
    endloop
  endfacet
  facet normal -0 0 1
    outer loop
      vertex -1.08798 0.450657 8.17891
      vertex -1.03857 -0.555128 8.17891
      vertex -1.03857 0.555128 8.17891
    endloop
  endfacet
  facet normal 0 0 1
    outer loop
      vertex -1.08798 0.450657 8.17891
      vertex -1.08798 -0.450657 8.17891
      vertex -1.03857 -0.555128 8.17891
    endloop
  endfacet
  facet normal -0 0 1
    outer loop
      vertex -1.12692 0.341846 8.17891
      vertex -1.08798 -0.450657 8.17891
      vertex -1.08798 0.450657 8.17891
    endloop
  endfacet
  facet normal 0 0 1
    outer loop
      vertex -1.12692 0.341846 8.17891
      vertex -1.12692 -0.341846 8.17891
      vertex -1.08798 -0.450657 8.17891
    endloop
  endfacet
  facet normal -0 0 1
    outer loop
      vertex -1.155 0.229743 8.17891
      vertex -1.12692 -0.341846 8.17891
      vertex -1.12692 0.341846 8.17891
    endloop
  endfacet
  facet normal 0 0 1
    outer loop
      vertex -1.155 0.229743 8.17891
      vertex -1.155 -0.229743 8.17891
      vertex -1.12692 -0.341846 8.17891
    endloop
  endfacet
  facet normal -0 0 1
    outer loop
      vertex -1.17195 0.115427 8.17891
      vertex -1.155 -0.229743 8.17891
      vertex -1.155 0.229743 8.17891
    endloop
  endfacet
  facet normal 0 0 1
    outer loop
      vertex -1.17195 0.115427 8.17891
      vertex -1.17195 -0.115427 8.17891
      vertex -1.155 -0.229743 8.17891
    endloop
  endfacet
  facet normal 0 -0 1
    outer loop
      vertex -1.17195 -0.115427 8.17891
      vertex -1.17195 0.115427 8.17891
      vertex -1.17762 0 8.17891
    endloop
  endfacet
  facet normal 0.262706 -0.124253 0.956842
    outer loop
      vertex -5.38763 2.23163 8.86925
      vertex -5.19555 2.63774 8.86925
      vertex -5.60877 2.32323 8.94186
    endloop
  endfacet
endsolid OpenSCAD_Model
