solid OpenSCAD_Model
  facet normal -0.371141 -0.817333 0.440705
    outer loop
      vertex -5.07213 -5.39907 8.24978
      vertex -7.61229 -8.47821 0.4
      vertex -4.90013 -5.48559 8.23417
    endloop
  endfacet
  facet normal -0.383504 -0.810819 0.44215
    outer loop
      vertex -7.61229 -8.47821 0.4
      vertex -5.07371 -5.39825 8.24992
      vertex -7.75424 -8.41107 0.4
    endloop
  endfacet
  facet normal -0.382046 -0.811598 0.441984
    outer loop
      vertex -5.07371 -5.39825 8.24992
      vertex -7.61229 -8.47821 0.4
      vertex -5.07213 -5.39907 8.24978
    endloop
  endfacet
  facet normal 0.581084 -0.674548 0.455331
    outer loop
      vertex 5.54167 -5.05011 8.27738
      vertex 5.3969 -5.17906 8.2711
      vertex 8.01503 -8.23682 0.4
    endloop
  endfacet
  facet normal 0.531069 -0.715147 0.454456
    outer loop
      vertex 7.88892 -8.33035 0.4
      vertex 5.3969 -5.17906 8.2711
      vertex 5.39559 -5.18009 8.27101
    endloop
  endfacet
  facet normal 0.530634 -0.715474 0.454449
    outer loop
      vertex 5.3969 -5.17906 8.2711
      vertex 7.88892 -8.33035 0.4
      vertex 8.01503 -8.23682 0.4
    endloop
  endfacet
  facet normal -0.948495 -0.0459797 0.313438
    outer loop
      vertex -8.60001 -7 0.4
      vertex -6.18375 -3.72335 8.19252
      vertex -6.18421 -3.71836 8.19186
    endloop
  endfacet
  facet normal -0.948385 -0.046624 0.313675
    outer loop
      vertex -6.18375 -3.72335 8.19252
      vertex -8.60001 -7 0.4
      vertex -8.5923 -7.15683 0.4
    endloop
  endfacet
  facet normal -0.146733 -0.989176 0
    outer loop
      vertex -7.31215 -8.56926 0
      vertex -7.15683 -8.5923 0.4
      vertex -7.31215 -8.56926 0.4
    endloop
  endfacet
  facet normal -0.146733 -0.989176 -0
    outer loop
      vertex -7.15683 -8.5923 0.4
      vertex -7.31215 -8.56926 0
      vertex -7.15683 -8.5923 0
    endloop
  endfacet
  facet normal -0.958129 0.0272702 0.285037
    outer loop
      vertex -6.27211 4.93299 8.4228
      vertex -8.60001 7 0.4
      vertex -6.28568 4.75609 8.39411
    endloop
  endfacet
  facet normal -0.30413 -0.850058 0.430007
    outer loop
      vertex -7.46446 -8.5311 0.4
      vertex -4.90013 -5.48559 8.23417
      vertex -7.61229 -8.47821 0.4
    endloop
  endfacet
  facet normal -0.306032 -0.849224 0.430306
    outer loop
      vertex -4.90013 -5.48559 8.23417
      vertex -7.46446 -8.5311 0.4
      vertex -4.89833 -5.48634 8.23397
    endloop
  endfacet
  facet normal 0.444588 -0.774937 0.449237
    outer loop
      vertex 5.23887 -5.29716 8.26085
      vertex 5.07371 -5.39825 8.24992
      vertex 7.75424 -8.41107 0.4
    endloop
  endfacet
  facet normal -0.0483509 0.969531 0.240152
    outer loop
      vertex -4.49647 6.72944 8.45629
      vertex -7.15683 8.5923 0.4
      vertex -4.52796 6.72621 8.46299
    endloop
  endfacet
  facet normal -0.0484301 0.969521 0.240175
    outer loop
      vertex -4.47785 6.7312 8.45294
      vertex -7.15683 8.5923 0.4
      vertex -4.49647 6.72944 8.45629
    endloop
  endfacet
  facet normal -0.0483124 0.969535 0.24014
    outer loop
      vertex -7.15683 8.5923 0.4
      vertex -4.47785 6.7312 8.45294
      vertex -4.35719 6.74123 8.43672
    endloop
  endfacet
  facet normal -0.444588 -0.774937 0.449237
    outer loop
      vertex -5.23887 -5.29716 8.26085
      vertex -7.75424 -8.41107 0.4
      vertex -5.07371 -5.39825 8.24992
    endloop
  endfacet
  facet normal 0.130706 -0.910543 0.392208
    outer loop
      vertex 4.53609 -5.61294 8.1902
      vertex 4.35328 -5.64958 8.16606
      vertex 7.15683 -8.5923 0.4
    endloop
  endfacet
  facet normal -0.81159 0.462774 0.356598
    outer loop
      vertex -5.93464 5.8187 8.54802
      vertex -8.41107 7.75424 0.4
      vertex -6.02996 5.66249 8.5338
    endloop
  endfacet
  facet normal 0.801051 0.480107 0.357511
    outer loop
      vertex 5.9292 5.82726 8.54873
      vertex 8.41107 7.75424 0.4
      vertex 8.33035 7.88892 0.4
    endloop
  endfacet
  facet normal 0.801353 0.47962 0.357488
    outer loop
      vertex 8.41107 7.75424 0.4
      vertex 5.9292 5.82726 8.54873
      vertex 5.93464 5.8187 8.54802
    endloop
  endfacet
  facet normal 0.214074 -0.885535 0.412311
    outer loop
      vertex 4.59294 -5.59652 8.19648
      vertex 7.31215 -8.56926 0.4
      vertex 4.7192 -5.55804 8.21357
    endloop
  endfacet
  facet normal 0.21397 -0.88557 0.412289
    outer loop
      vertex 7.31215 -8.56926 0.4
      vertex 4.59294 -5.59652 8.19648
      vertex 4.53864 -5.61241 8.19053
    endloop
  endfacet
  facet normal 0.595701 -0.803206 0
    outer loop
      vertex 7.88892 -8.33035 0
      vertex 8.01503 -8.23682 0.4
      vertex 7.88892 -8.33035 0.4
    endloop
  endfacet
  facet normal 0.595701 -0.803206 0
    outer loop
      vertex 8.01503 -8.23682 0.4
      vertex 7.88892 -8.33035 0
      vertex 8.01503 -8.23682 0
    endloop
  endfacet
  facet normal -1.81345e-06 0.974298 0.225262
    outer loop
      vertex 7 8.60001 0.4
      vertex 1.79174 6.81071 8.13901
      vertex 2.06468 6.80635 8.15787
    endloop
  endfacet
  facet normal -7.58218e-06 0.974299 0.225257
    outer loop
      vertex 7 8.60001 0.4
      vertex 1.05266 6.82059 8.09627
      vertex 1.35612 6.81767 8.10891
    endloop
  endfacet
  facet normal -1.52201e-05 0.974301 0.22525
    outer loop
      vertex 0.3156 6.82541 8.07544
      vertex 7 8.60001 0.4
      vertex 0 6.82642 8.07105
    endloop
  endfacet
  facet normal 2.46024e-06 0.974298 0.225265
    outer loop
      vertex 0.67213 6.82426 8.08041
      vertex 7 8.60001 0.4
      vertex 0.3156 6.82541 8.07544
    endloop
  endfacet
  facet normal 7.64154e-06 0.974297 0.225269
    outer loop
      vertex 1.05266 6.82059 8.09627
      vertex 7 8.60001 0.4
      vertex 0.67213 6.82426 8.08041
    endloop
  endfacet
  facet normal 1.54085e-06 0.974298 0.225264
    outer loop
      vertex 1.79174 6.81071 8.13901
      vertex 7 8.60001 0.4
      vertex 1.35612 6.81767 8.10891
    endloop
  endfacet
  facet normal -1.45057e-05 0.9743 0.225254
    outer loop
      vertex 2.30107 6.80111 8.18055
      vertex 7 8.60001 0.4
      vertex 2.06468 6.80635 8.15787
    endloop
  endfacet
  facet normal 4.45133e-06 0.974298 0.225265
    outer loop
      vertex 2.81241 6.78976 8.22963
      vertex 7 8.60001 0.4
      vertex 2.30107 6.80111 8.18055
    endloop
  endfacet
  facet normal -9.58379e-06 0.974299 0.225258
    outer loop
      vertex 2.99249 6.78468 8.25161
      vertex 7 8.60001 0.4
      vertex 2.81241 6.78976 8.22963
    endloop
  endfacet
  facet normal 8.82394e-06 0.974297 0.225267
    outer loop
      vertex 3.61706 6.76704 8.32788
      vertex 7 8.60001 0.4
      vertex 2.99249 6.78468 8.25161
    endloop
  endfacet
  facet normal 1.1939e-06 0.974298 0.225264
    outer loop
      vertex 7 8.60001 0.4
      vertex 3.61706 6.76704 8.32788
      vertex 4.34455 6.74227 8.43501
    endloop
  endfacet
  facet normal -1.54085e-06 0.974298 0.225264
    outer loop
      vertex -7 8.60001 0.4
      vertex -1.79174 6.81071 8.13901
      vertex -1.35612 6.81767 8.10891
    endloop
  endfacet
  facet normal -7.64154e-06 0.974297 0.225269
    outer loop
      vertex -7 8.60001 0.4
      vertex -1.05266 6.82059 8.09627
      vertex -0.67213 6.82426 8.08041
    endloop
  endfacet
  facet normal -0 0.974298 0.225263
    outer loop
      vertex -7 8.60001 0.4
      vertex 0 6.82642 8.07105
      vertex 7 8.60001 0.4
    endloop
  endfacet
  facet normal 1.52201e-05 0.974301 0.22525
    outer loop
      vertex 0 6.82642 8.07105
      vertex -7 8.60001 0.4
      vertex -0.3156 6.82541 8.07544
    endloop
  endfacet
  facet normal -2.46024e-06 0.974298 0.225265
    outer loop
      vertex -0.3156 6.82541 8.07544
      vertex -7 8.60001 0.4
      vertex -0.67213 6.82426 8.08041
    endloop
  endfacet
  facet normal 7.58218e-06 0.974299 0.225257
    outer loop
      vertex -1.05266 6.82059 8.09627
      vertex -7 8.60001 0.4
      vertex -1.35612 6.81767 8.10891
    endloop
  endfacet
  facet normal 1.81345e-06 0.974298 0.225262
    outer loop
      vertex -1.79174 6.81071 8.13901
      vertex -7 8.60001 0.4
      vertex -2.06468 6.80635 8.15787
    endloop
  endfacet
  facet normal 1.45057e-05 0.9743 0.225254
    outer loop
      vertex -2.06468 6.80635 8.15787
      vertex -7 8.60001 0.4
      vertex -2.30107 6.80111 8.18055
    endloop
  endfacet
  facet normal -4.45133e-06 0.974298 0.225265
    outer loop
      vertex -2.30107 6.80111 8.18055
      vertex -7 8.60001 0.4
      vertex -2.81241 6.78976 8.22963
    endloop
  endfacet
  facet normal 9.58379e-06 0.974299 0.225258
    outer loop
      vertex -2.81241 6.78976 8.22963
      vertex -7 8.60001 0.4
      vertex -2.99249 6.78468 8.25161
    endloop
  endfacet
  facet normal -8.82394e-06 0.974297 0.225267
    outer loop
      vertex -2.99249 6.78468 8.25161
      vertex -7 8.60001 0.4
      vertex -3.61706 6.76704 8.32788
    endloop
  endfacet
  facet normal -1.1939e-06 0.974298 0.225264
    outer loop
      vertex -3.61706 6.76704 8.32788
      vertex -7 8.60001 0.4
      vertex -4.34455 6.74227 8.43501
    endloop
  endfacet
  facet normal 1 -0 0
    outer loop
      vertex 8.60001 -7 0.4
      vertex 8.60001 7 0
      vertex 8.60001 7 0.4
    endloop
  endfacet
  facet normal 1 0 0
    outer loop
      vertex 8.60001 7 0
      vertex 8.60001 -7 0.4
      vertex 8.60001 -7 0
    endloop
  endfacet
  facet normal 0.889772 -0.250397 0.381585
    outer loop
      vertex 6.12125 -4.09009 8.23351
      vertex 8.5311 -7.46446 0.4
      vertex 6.12408 -4.08107 8.23283
    endloop
  endfacet
  facet normal 0.88989 -0.250111 0.381498
    outer loop
      vertex 8.5311 -7.46446 0.4
      vertex 6.12125 -4.09009 8.23351
      vertex 6.0681 -4.2538 8.25016
    endloop
  endfacet
  facet normal 0.146733 0.989176 -0
    outer loop
      vertex 7.31215 8.56926 0
      vertex 7.15683 8.5923 0.4
      vertex 7.31215 8.56926 0.4
    endloop
  endfacet
  facet normal 0.146733 0.989176 0
    outer loop
      vertex 7.15683 8.5923 0.4
      vertex 7.31215 8.56926 0
      vertex 7.15683 8.5923 0
    endloop
  endfacet
  facet normal -0.927864 -0.138617 0.346198
    outer loop
      vertex -8.5923 -7.15683 0.4
      vertex -6.1627 -3.90201 8.21493
      vertex -6.16352 -3.89767 8.21447
    endloop
  endfacet
  facet normal -0.928121 -0.137676 0.345886
    outer loop
      vertex -6.1627 -3.90201 8.21493
      vertex -8.5923 -7.15683 0.4
      vertex -8.56926 -7.31215 0.4
    endloop
  endfacet
  facet normal -0.944143 -0.069013 0.322228
    outer loop
      vertex -8.5923 -7.15683 0.4
      vertex -6.16585 -3.87756 8.21194
      vertex -6.18375 -3.72335 8.19252
    endloop
  endfacet
  facet normal -0.944173 -0.0688623 0.322174
    outer loop
      vertex -6.16585 -3.87756 8.21194
      vertex -8.5923 -7.15683 0.4
      vertex -6.16352 -3.89767 8.21447
    endloop
  endfacet
  facet normal 0.0491022 -0.998794 0
    outer loop
      vertex 7 -8.60001 0
      vertex 7.15683 -8.5923 0.4
      vertex 7 -8.60001 0.4
    endloop
  endfacet
  facet normal 0.0491022 -0.998794 0
    outer loop
      vertex 7.15683 -8.5923 0.4
      vertex 7 -8.60001 0
      vertex 7.15683 -8.5923 0
    endloop
  endfacet
  facet normal -0.0439782 -0.928839 0.367865
    outer loop
      vertex -7 -8.60001 0.4
      vertex -4.32394 -5.65277 8.16153
      vertex -4.3503 -5.64991 8.1656
    endloop
  endfacet
  facet normal -0.0442672 -0.928792 0.367947
    outer loop
      vertex -4.32394 -5.65277 8.16153
      vertex -7 -8.60001 0.4
      vertex -4.16825 -5.66971 8.1375
    endloop
  endfacet
  facet normal -0.21397 -0.88557 0.412289
    outer loop
      vertex -4.59294 -5.59652 8.19648
      vertex -7.31215 -8.56926 0.4
      vertex -4.53864 -5.61241 8.19053
    endloop
  endfacet
  facet normal -0.214074 -0.885535 0.412311
    outer loop
      vertex -7.31215 -8.56926 0.4
      vertex -4.59294 -5.59652 8.19648
      vertex -4.7192 -5.55804 8.21357
    endloop
  endfacet
  facet normal 0.0459529 -0.928523 0.368419
    outer loop
      vertex 7 -8.60001 0.4
      vertex 4.35328 -5.64958 8.16606
      vertex 4.3503 -5.64991 8.1656
    endloop
  endfacet
  facet normal 0.04565 -0.928572 0.368335
    outer loop
      vertex 4.35328 -5.64958 8.16606
      vertex 7 -8.60001 0.4
      vertex 7.15683 -8.5923 0.4
    endloop
  endfacet
  facet normal 0.0442672 -0.928792 0.367947
    outer loop
      vertex 7 -8.60001 0.4
      vertex 4.32394 -5.65277 8.16153
      vertex 4.16825 -5.66971 8.1375
    endloop
  endfacet
  facet normal 0.0439782 -0.928839 0.367865
    outer loop
      vertex 4.32394 -5.65277 8.16153
      vertex 7 -8.60001 0.4
      vertex 4.3503 -5.64991 8.1656
    endloop
  endfacet
  facet normal 0 -1 0
    outer loop
      vertex -7 -8.60001 0
      vertex 7 -8.60001 0.4
      vertex -7 -8.60001 0.4
    endloop
  endfacet
  facet normal 0 -1 -0
    outer loop
      vertex 7 -8.60001 0.4
      vertex -7 -8.60001 0
      vertex 7 -8.60001 0
    endloop
  endfacet
  facet normal 0.459031 -0.765866 0.450266
    outer loop
      vertex 7.75424 -8.41107 0.4
      vertex 5.2403 -5.29625 8.26094
      vertex 5.23887 -5.29716 8.26085
    endloop
  endfacet
  facet normal 0.459023 -0.765872 0.450265
    outer loop
      vertex 5.2403 -5.29625 8.26094
      vertex 7.75424 -8.41107 0.4
      vertex 7.88892 -8.33035 0.4
    endloop
  endfacet
  facet normal 0.371141 -0.817333 0.440705
    outer loop
      vertex 5.07213 -5.39907 8.24978
      vertex 4.90013 -5.48559 8.23417
      vertex 7.61229 -8.47821 0.4
    endloop
  endfacet
  facet normal 0.903983 -0.427569 0
    outer loop
      vertex 8.41107 -7.75424 0.4
      vertex 8.47821 -7.61229 0
      vertex 8.47821 -7.61229 0.4
    endloop
  endfacet
  facet normal 0.903983 -0.427569 0
    outer loop
      vertex 8.47821 -7.61229 0
      vertex 8.41107 -7.75424 0.4
      vertex 8.41107 -7.75424 0
    endloop
  endfacet
  facet normal 0.691069 0.626268 0.360849
    outer loop
      vertex 5.68354 6.12558 8.56905
      vertex 8.23682 8.01503 0.4
      vertex 8.13138 8.13138 0.4
    endloop
  endfacet
  facet normal 0.691492 0.625789 0.36087
    outer loop
      vertex 8.23682 8.01503 0.4
      vertex 5.68354 6.12558 8.56905
      vertex 5.69047 6.11813 8.56869
    endloop
  endfacet
  facet normal -0.427569 -0.903983 0
    outer loop
      vertex -7.75424 -8.41107 0
      vertex -7.61229 -8.47821 0.4
      vertex -7.75424 -8.41107 0.4
    endloop
  endfacet
  facet normal -0.427569 -0.903983 -0
    outer loop
      vertex -7.61229 -8.47821 0.4
      vertex -7.75424 -8.41107 0
      vertex -7.61229 -8.47821 0
    endloop
  endfacet
  facet normal 0.864146 -0.308745 0.397402
    outer loop
      vertex 6.06688 -4.25688 8.25042
      vertex 8.5311 -7.46446 0.4
      vertex 6.0681 -4.2538 8.25016
    endloop
  endfacet
  facet normal 0.863973 -0.309109 0.397496
    outer loop
      vertex 8.5311 -7.46446 0.4
      vertex 6.06688 -4.25688 8.25042
      vertex 8.47821 -7.61229 0.4
    endloop
  endfacet
  facet normal 0.627137 0.692028 0.357487
    outer loop
      vertex 8.01503 8.23682 0.4
      vertex 5.54989 6.25028 8.57015
      vertex 8.13138 8.13138 0.4
    endloop
  endfacet
  facet normal 0.626915 0.692237 0.357471
    outer loop
      vertex 5.54989 6.25028 8.57015
      vertex 8.01503 8.23682 0.4
      vertex 5.54226 6.25719 8.57015
    endloop
  endfacet
  facet normal 0.952354 -0.0212972 0.304251
    outer loop
      vertex 8.60001 -7 0.4
      vertex 6.35879 0.432483 7.93564
      vertex 6.35185 0 7.92709
    endloop
  endfacet
  facet normal 0.95236 -0.0212814 0.304234
    outer loop
      vertex 8.60001 -7 0.4
      vertex 6.23478 -2.91092 8.09005
      vertex 6.21079 -3.31974 8.13655
    endloop
  endfacet
  facet normal 0.952313 -0.0213911 0.304373
    outer loop
      vertex 6.34587 3.39194 8.18301
      vertex 8.60001 -7 0.4
      vertex 6.34456 3.44361 8.19074
    endloop
  endfacet
  facet normal 0.952365 -0.0212636 0.304218
    outer loop
      vertex 6.35403 2.92861 8.12508
      vertex 8.60001 -7 0.4
      vertex 6.34587 3.39194 8.18301
    endloop
  endfacet
  facet normal 0.952357 -0.021284 0.304242
    outer loop
      vertex 6.35921 2.63407 8.08826
      vertex 8.60001 -7 0.4
      vertex 6.35403 2.92861 8.12508
    endloop
  endfacet
  facet normal 0.952357 -0.021283 0.304241
    outer loop
      vertex 6.36257 2.27952 8.05294
      vertex 8.60001 -7 0.4
      vertex 6.35921 2.63407 8.08826
    endloop
  endfacet
  facet normal 0.952359 -0.0212776 0.304235
    outer loop
      vertex 6.36587 1.93107 8.01824
      vertex 8.60001 -7 0.4
      vertex 6.36257 2.27952 8.05294
    endloop
  endfacet
  facet normal 0.95236 -0.0212756 0.304233
    outer loop
      vertex 6.36633 1.52539 7.98843
      vertex 8.60001 -7 0.4
      vertex 6.36587 1.93107 8.01824
    endloop
  endfacet
  facet normal 0.952374 -0.0212365 0.304193
    outer loop
      vertex 6.36663 1.2664 7.96941
      vertex 8.60001 -7 0.4
      vertex 6.36633 1.52539 7.98843
    endloop
  endfacet
  facet normal 0.952359 -0.021281 0.304237
    outer loop
      vertex 6.36345 0.83645 7.94929
      vertex 8.60001 -7 0.4
      vertex 6.36663 1.2664 7.96941
    endloop
  endfacet
  facet normal 0.952362 -0.0212698 0.304227
    outer loop
      vertex 6.3619 0.626591 7.93947
      vertex 8.60001 -7 0.4
      vertex 6.36345 0.83645 7.94929
    endloop
  endfacet
  facet normal 0.952365 -0.0212614 0.304219
    outer loop
      vertex 6.35879 0.432483 7.93564
      vertex 8.60001 -7 0.4
      vertex 6.3619 0.626591 7.93947
    endloop
  endfacet
  facet normal 0.952364 -0.0212631 0.304222
    outer loop
      vertex 6.34106 -0.436923 7.93033
      vertex 8.60001 -7 0.4
      vertex 6.35185 0 7.92709
    endloop
  endfacet
  facet normal 0.952363 -0.0212656 0.304224
    outer loop
      vertex 6.33644 -0.624084 7.93171
      vertex 8.60001 -7 0.4
      vertex 6.34106 -0.436923 7.93033
    endloop
  endfacet
  facet normal 0.952359 -0.021282 0.304237
    outer loop
      vertex 6.32988 -0.820574 7.9385
      vertex 8.60001 -7 0.4
      vertex 6.33644 -0.624084 7.93171
    endloop
  endfacet
  facet normal 0.95236 -0.0212765 0.304233
    outer loop
      vertex 6.31534 -1.2562 7.95355
      vertex 8.60001 -7 0.4
      vertex 6.32988 -0.820574 7.9385
    endloop
  endfacet
  facet normal 0.952359 -0.0212826 0.304237
    outer loop
      vertex 6.30557 -1.48897 7.96785
      vertex 8.60001 -7 0.4
      vertex 6.31534 -1.2562 7.95355
    endloop
  endfacet
  facet normal 0.95236 -0.0212785 0.304234
    outer loop
      vertex 6.28801 -1.90745 7.99355
      vertex 8.60001 -7 0.4
      vertex 6.30557 -1.48897 7.96785
    endloop
  endfacet
  facet normal 0.952366 -0.0212479 0.304216
    outer loop
      vertex 6.26949 -2.27495 8.02586
      vertex 8.60001 -7 0.4
      vertex 6.28801 -1.90745 7.99355
    endloop
  endfacet
  facet normal 0.952361 -0.0212743 0.30423
    outer loop
      vertex 6.25359 -2.59032 8.05358
      vertex 8.60001 -7 0.4
      vertex 6.26949 -2.27495 8.02586
    endloop
  endfacet
  facet normal 0.952362 -0.0212687 0.304227
    outer loop
      vertex 6.23478 -2.91092 8.09005
      vertex 8.60001 -7 0.4
      vertex 6.25359 -2.59032 8.05358
    endloop
  endfacet
  facet normal 0.952358 -0.0212893 0.304237
    outer loop
      vertex 8.60001 -7 0.4
      vertex 6.21079 -3.31974 8.13655
      vertex 6.18421 -3.71836 8.19186
    endloop
  endfacet
  facet normal -0.232914 0.928132 0.290384
    outer loop
      vertex -7.31215 8.56926 0.4
      vertex -4.71914 6.68666 8.49705
      vertex -4.70794 6.68999 8.49539
    endloop
  endfacet
  facet normal -0.232564 0.928246 0.290298
    outer loop
      vertex -4.71914 6.68666 8.49705
      vertex -7.31215 8.56926 0.4
      vertex -7.46446 8.5311 0.4
    endloop
  endfacet
  facet normal 0.236656 0.926874 0.291373
    outer loop
      vertex 7.46446 8.5311 0.4
      vertex 4.71914 6.68666 8.49705
      vertex 4.88612 6.63633 8.52153
    endloop
  endfacet
  facet normal 0 1 -0
    outer loop
      vertex 7 8.60001 0
      vertex -7 8.60001 0.4
      vertex 7 8.60001 0.4
    endloop
  endfacet
  facet normal 0 1 0
    outer loop
      vertex -7 8.60001 0.4
      vertex 7 8.60001 0
      vertex -7 8.60001 0
    endloop
  endfacet
  facet normal -1 0 0
    outer loop
      vertex -8.60001 -7 0
      vertex -8.60001 7 0.4
      vertex -8.60001 7 0
    endloop
  endfacet
  facet normal -1 -0 0
    outer loop
      vertex -8.60001 7 0.4
      vertex -8.60001 -7 0
      vertex -8.60001 -7 0.4
    endloop
  endfacet
  facet normal -0.643896 -0.61668 0.452885
    outer loop
      vertex -5.67599 -4.90899 8.27882
      vertex -8.13138 -8.13138 0.4
      vertex -5.54294 -5.04894 8.27742
    endloop
  endfacet
  facet normal -0.24303 -0.970019 0
    outer loop
      vertex -7.46446 -8.5311 0
      vertex -7.31215 -8.56926 0.4
      vertex -7.46446 -8.5311 0.4
    endloop
  endfacet
  facet normal -0.24303 -0.970019 -0
    outer loop
      vertex -7.31215 -8.56926 0.4
      vertex -7.46446 -8.5311 0
      vertex -7.31215 -8.56926 0
    endloop
  endfacet
  facet normal -0.411866 0.849824 0.328884
    outer loop
      vertex -7.75424 8.41107 0.4
      vertex -5.19155 6.49858 8.5511
      vertex -5.07054 6.56078 8.54192
    endloop
  endfacet
  facet normal -0.411835 0.849842 0.328878
    outer loop
      vertex -5.19155 6.49858 8.5511
      vertex -7.75424 8.41107 0.4
      vertex -5.22994 6.47885 8.55401
    endloop
  endfacet
  facet normal -0.143754 0.952795 0.267427
    outer loop
      vertex -4.53981 6.72385 8.46513
      vertex -7.31215 8.56926 0.4
      vertex -4.70794 6.68999 8.49539
    endloop
  endfacet
  facet normal -0.403816 0.854305 0.327253
    outer loop
      vertex -7.61229 8.47821 0.4
      vertex -5.07054 6.56078 8.54192
      vertex -5.0607 6.56573 8.54114
    endloop
  endfacet
  facet normal -0.40402 0.854195 0.327291
    outer loop
      vertex -5.07054 6.56078 8.54192
      vertex -7.61229 8.47821 0.4
      vertex -7.75424 8.41107 0.4
    endloop
  endfacet
  facet normal -0.941553 0.336865 0
    outer loop
      vertex -8.5311 7.46446 0
      vertex -8.47821 7.61229 0.4
      vertex -8.47821 7.61229 0
    endloop
  endfacet
  facet normal -0.941553 0.336865 0
    outer loop
      vertex -8.47821 7.61229 0.4
      vertex -8.5311 7.46446 0
      vertex -8.5311 7.46446 0.4
    endloop
  endfacet
  facet normal -0.702704 -0.553776 0.446697
    outer loop
      vertex -5.70589 -4.87192 8.27799
      vertex -8.23682 -8.01503 0.4
      vertex -5.67726 -4.90758 8.27882
    endloop
  endfacet
  facet normal -0.702751 -0.553723 0.446691
    outer loop
      vertex -8.23682 -8.01503 0.4
      vertex -5.70589 -4.87192 8.27799
      vertex -5.79721 -4.75816 8.27534
    endloop
  endfacet
  facet normal -0.998794 -0.0491022 0
    outer loop
      vertex -8.5923 -7.15683 0
      vertex -8.60001 -7 0.4
      vertex -8.60001 -7 0
    endloop
  endfacet
  facet normal -0.998794 -0.0491022 0
    outer loop
      vertex -8.60001 -7 0.4
      vertex -8.5923 -7.15683 0
      vertex -8.5923 -7.15683 0.4
    endloop
  endfacet
  facet normal 0.137895 -0.908735 0.393935
    outer loop
      vertex 7.15683 -8.5923 0.4
      vertex 4.53864 -5.61241 8.19053
      vertex 4.53609 -5.61294 8.1902
    endloop
  endfacet
  facet normal 0.134913 -0.909491 0.393223
    outer loop
      vertex 4.53864 -5.61241 8.19053
      vertex 7.15683 -8.5923 0.4
      vertex 7.31215 -8.56926 0.4
    endloop
  endfacet
  facet normal -0.903983 -0.427569 0
    outer loop
      vertex -8.41107 -7.75424 0
      vertex -8.47821 -7.61229 0.4
      vertex -8.47821 -7.61229 0
    endloop
  endfacet
  facet normal -0.903983 -0.427569 0
    outer loop
      vertex -8.47821 -7.61229 0.4
      vertex -8.41107 -7.75424 0
      vertex -8.41107 -7.75424 0.4
    endloop
  endfacet
  facet normal -0.294245 -0.854324 0.428428
    outer loop
      vertex -4.78886 -5.53027 8.22153
      vertex -7.46446 -8.5311 0.4
      vertex -4.72133 -5.55738 8.21385
    endloop
  endfacet
  facet normal -0.294167 -0.854358 0.428414
    outer loop
      vertex -7.46446 -8.5311 0.4
      vertex -4.78886 -5.53027 8.22153
      vertex -4.89833 -5.48634 8.23397
    endloop
  endfacet
  facet normal -0.221252 -0.883095 0.413752
    outer loop
      vertex -7.31215 -8.56926 0.4
      vertex -4.72133 -5.55738 8.21385
      vertex -7.46446 -8.5311 0.4
    endloop
  endfacet
  facet normal -0.21948 -0.883702 0.413399
    outer loop
      vertex -4.72133 -5.55738 8.21385
      vertex -7.31215 -8.56926 0.4
      vertex -4.7192 -5.55804 8.21357
    endloop
  endfacet
  facet normal -0.801051 0.480107 0.357511
    outer loop
      vertex -8.41107 7.75424 0.4
      vertex -5.9292 5.82726 8.54873
      vertex -8.33035 7.88892 0.4
    endloop
  endfacet
  facet normal -0.801353 0.47962 0.357488
    outer loop
      vertex -5.9292 5.82726 8.54873
      vertex -8.41107 7.75424 0.4
      vertex -5.93464 5.8187 8.54802
    endloop
  endfacet
  facet normal -0.427569 0.903983 0
    outer loop
      vertex -7.61229 8.47821 0
      vertex -7.75424 8.41107 0.4
      vertex -7.61229 8.47821 0.4
    endloop
  endfacet
  facet normal -0.427569 0.903983 0
    outer loop
      vertex -7.75424 8.41107 0.4
      vertex -7.61229 8.47821 0
      vertex -7.75424 8.41107 0
    endloop
  endfacet
  facet normal -0.130706 -0.910543 0.392208
    outer loop
      vertex -4.53609 -5.61294 8.1902
      vertex -7.15683 -8.5923 0.4
      vertex -4.35328 -5.64958 8.16606
    endloop
  endfacet
  facet normal -7.20224e-06 -0.93518 0.354172
    outer loop
      vertex -7 -8.60001 0.4
      vertex -1.18532 -5.79897 7.79619
      vertex -1.75476 -5.78465 7.83399
    endloop
  endfacet
  facet normal 0.00283266 0.987168 -0.159663
    outer loop
      vertex -0.572094 -5.80858 7.77082
      vertex -0.454975 -5.80917 7.76925
      vertex -0.5703 -5.80859 7.77079
    endloop
  endfacet
  facet normal -1.20508e-05 -0.935179 0.354176
    outer loop
      vertex -0.454975 -5.80917 7.76925
      vertex -7 -8.60001 0.4
      vertex 0 -5.81074 7.76512
    endloop
  endfacet
  facet normal 3.61518e-05 -0.935193 0.354139
    outer loop
      vertex -0.572094 -5.80858 7.77082
      vertex -7 -8.60001 0.4
      vertex -0.454975 -5.80917 7.76925
    endloop
  endfacet
  facet normal -0.00165504 -0.934702 0.355428
    outer loop
      vertex -0.574004 -5.80855 7.77089
      vertex -7 -8.60001 0.4
      vertex -0.572094 -5.80858 7.77082
    endloop
  endfacet
  facet normal 3.71051e-06 -0.935183 0.354164
    outer loop
      vertex -1.15365 -5.79977 7.79408
      vertex -7 -8.60001 0.4
      vertex -0.574004 -5.80855 7.77089
    endloop
  endfacet
  facet normal -2.56364e-05 -0.935176 0.354184
    outer loop
      vertex -1.18532 -5.79897 7.79619
      vertex -7 -8.60001 0.4
      vertex -1.15365 -5.79977 7.79408
    endloop
  endfacet
  facet normal 1.0967e-05 -0.935185 0.35416
    outer loop
      vertex -2.25028 -5.76733 7.87974
      vertex -7 -8.60001 0.4
      vertex -1.75476 -5.78465 7.83399
    endloop
  endfacet
  facet normal -2.85759e-05 -0.935176 0.354182
    outer loop
      vertex -2.38693 -5.76255 7.89235
      vertex -7 -8.60001 0.4
      vertex -2.25028 -5.76733 7.87974
    endloop
  endfacet
  facet normal 1.53344e-06 -0.935183 0.354166
    outer loop
      vertex -2.83789 -5.74246 7.9454
      vertex -7 -8.60001 0.4
      vertex -2.38693 -5.76255 7.89235
    endloop
  endfacet
  facet normal 1.47466e-05 -0.935185 0.35416
    outer loop
      vertex -3.06403 -5.73239 7.972
      vertex -7 -8.60001 0.4
      vertex -2.83789 -5.74246 7.9454
    endloop
  endfacet
  facet normal 1.24961e-05 -0.935185 0.354161
    outer loop
      vertex -3.38052 -5.71536 8.01698
      vertex -7 -8.60001 0.4
      vertex -3.06403 -5.73239 7.972
    endloop
  endfacet
  facet normal -1.65254e-05 -0.93518 0.354173
    outer loop
      vertex -3.80366 -5.69258 8.07711
      vertex -7 -8.60001 0.4
      vertex -3.38052 -5.71536 8.01698
    endloop
  endfacet
  facet normal 1.31024e-06 -0.935182 0.354166
    outer loop
      vertex -7 -8.60001 0.4
      vertex -3.80366 -5.69258 8.07711
      vertex -4.16825 -5.66971 8.1375
    endloop
  endfacet
  facet normal 2.56364e-05 -0.935176 0.354184
    outer loop
      vertex 7 -8.60001 0.4
      vertex 1.18532 -5.79897 7.79619
      vertex 1.15365 -5.79977 7.79408
    endloop
  endfacet
  facet normal -0.00283266 0.987168 -0.159663
    outer loop
      vertex 0.454975 -5.80917 7.76925
      vertex 0.572094 -5.80858 7.77082
      vertex 0.5703 -5.80859 7.77079
    endloop
  endfacet
  facet normal 0 -0.935183 0.354166
    outer loop
      vertex 7 -8.60001 0.4
      vertex 0 -5.81074 7.76512
      vertex -7 -8.60001 0.4
    endloop
  endfacet
  facet normal 1.20508e-05 -0.935179 0.354176
    outer loop
      vertex 0 -5.81074 7.76512
      vertex 7 -8.60001 0.4
      vertex 0.454975 -5.80917 7.76925
    endloop
  endfacet
  facet normal -3.61518e-05 -0.935193 0.354139
    outer loop
      vertex 0.454975 -5.80917 7.76925
      vertex 7 -8.60001 0.4
      vertex 0.572094 -5.80858 7.77082
    endloop
  endfacet
  facet normal 0.00165504 -0.934702 0.355428
    outer loop
      vertex 0.572094 -5.80858 7.77082
      vertex 7 -8.60001 0.4
      vertex 0.574004 -5.80855 7.77089
    endloop
  endfacet
  facet normal -3.71051e-06 -0.935183 0.354164
    outer loop
      vertex 0.574004 -5.80855 7.77089
      vertex 7 -8.60001 0.4
      vertex 1.15365 -5.79977 7.79408
    endloop
  endfacet
  facet normal 7.20224e-06 -0.93518 0.354172
    outer loop
      vertex 1.18532 -5.79897 7.79619
      vertex 7 -8.60001 0.4
      vertex 1.75476 -5.78465 7.83399
    endloop
  endfacet
  facet normal -1.0967e-05 -0.935185 0.35416
    outer loop
      vertex 1.75476 -5.78465 7.83399
      vertex 7 -8.60001 0.4
      vertex 2.25028 -5.76733 7.87974
    endloop
  endfacet
  facet normal 2.85759e-05 -0.935176 0.354182
    outer loop
      vertex 2.25028 -5.76733 7.87974
      vertex 7 -8.60001 0.4
      vertex 2.38693 -5.76255 7.89235
    endloop
  endfacet
  facet normal -1.53344e-06 -0.935183 0.354166
    outer loop
      vertex 2.38693 -5.76255 7.89235
      vertex 7 -8.60001 0.4
      vertex 2.83789 -5.74246 7.9454
    endloop
  endfacet
  facet normal -1.47466e-05 -0.935185 0.35416
    outer loop
      vertex 2.83789 -5.74246 7.9454
      vertex 7 -8.60001 0.4
      vertex 3.06403 -5.73239 7.972
    endloop
  endfacet
  facet normal -1.24961e-05 -0.935185 0.354161
    outer loop
      vertex 3.06403 -5.73239 7.972
      vertex 7 -8.60001 0.4
      vertex 3.38052 -5.71536 8.01698
    endloop
  endfacet
  facet normal 1.65254e-05 -0.93518 0.354173
    outer loop
      vertex 3.38052 -5.71536 8.01698
      vertex 7 -8.60001 0.4
      vertex 3.80366 -5.69258 8.07711
    endloop
  endfacet
  facet normal -1.31024e-06 -0.935182 0.354166
    outer loop
      vertex 3.80366 -5.69258 8.07711
      vertex 7 -8.60001 0.4
      vertex 4.16825 -5.66971 8.1375
    endloop
  endfacet
  facet normal 0.294167 -0.854358 0.428414
    outer loop
      vertex 4.78886 -5.53027 8.22153
      vertex 7.46446 -8.5311 0.4
      vertex 4.89833 -5.48634 8.23397
    endloop
  endfacet
  facet normal 0.294245 -0.854324 0.428428
    outer loop
      vertex 7.46446 -8.5311 0.4
      vertex 4.78886 -5.53027 8.22153
      vertex 4.72133 -5.55738 8.21385
    endloop
  endfacet
  facet normal 0.21948 -0.883702 0.413399
    outer loop
      vertex 7.31215 -8.56926 0.4
      vertex 4.72133 -5.55738 8.21385
      vertex 4.7192 -5.55804 8.21357
    endloop
  endfacet
  facet normal 0.221252 -0.883095 0.413752
    outer loop
      vertex 4.72133 -5.55738 8.21385
      vertex 7.31215 -8.56926 0.4
      vertex 7.46446 -8.5311 0.4
    endloop
  endfacet
  facet normal 0.24303 -0.970019 0
    outer loop
      vertex 7.31215 -8.56926 0
      vertex 7.46446 -8.5311 0.4
      vertex 7.31215 -8.56926 0.4
    endloop
  endfacet
  facet normal 0.24303 -0.970019 0
    outer loop
      vertex 7.46446 -8.5311 0.4
      vertex 7.31215 -8.56926 0
      vertex 7.46446 -8.5311 0
    endloop
  endfacet
  facet normal -0.702558 0.613049 0.361362
    outer loop
      vertex -5.69047 6.11813 8.56869
      vertex -8.23682 8.01503 0.4
      vertex -5.8132 5.98199 8.56104
    endloop
  endfacet
  facet normal -0.04565 -0.928572 0.368335
    outer loop
      vertex -7 -8.60001 0.4
      vertex -4.35328 -5.64958 8.16606
      vertex -7.15683 -8.5923 0.4
    endloop
  endfacet
  facet normal -0.0459529 -0.928523 0.368419
    outer loop
      vertex -4.35328 -5.64958 8.16606
      vertex -7 -8.60001 0.4
      vertex -4.3503 -5.64991 8.1656
    endloop
  endfacet
  facet normal -0.134913 -0.909491 0.393223
    outer loop
      vertex -7.15683 -8.5923 0.4
      vertex -4.53864 -5.61241 8.19053
      vertex -7.31215 -8.56926 0.4
    endloop
  endfacet
  facet normal -0.137895 -0.908735 0.393935
    outer loop
      vertex -4.53864 -5.61241 8.19053
      vertex -7.15683 -8.5923 0.4
      vertex -4.53609 -5.61294 8.1902
    endloop
  endfacet
  facet normal 0.382046 -0.811598 0.441984
    outer loop
      vertex 7.61229 -8.47821 0.4
      vertex 5.07371 -5.39825 8.24992
      vertex 5.07213 -5.39907 8.24978
    endloop
  endfacet
  facet normal 0.383504 -0.810819 0.44215
    outer loop
      vertex 5.07371 -5.39825 8.24992
      vertex 7.61229 -8.47821 0.4
      vertex 7.75424 -8.41107 0.4
    endloop
  endfacet
  facet normal -0.595701 0.803206 0
    outer loop
      vertex -7.88892 8.33035 0
      vertex -8.01503 8.23682 0.4
      vertex -7.88892 8.33035 0.4
    endloop
  endfacet
  facet normal -0.595701 0.803206 0
    outer loop
      vertex -8.01503 8.23682 0.4
      vertex -7.88892 8.33035 0
      vertex -8.01503 8.23682 0
    endloop
  endfacet
  facet normal 0.643896 -0.61668 0.452885
    outer loop
      vertex 5.67599 -4.90899 8.27882
      vertex 5.54294 -5.04894 8.27742
      vertex 8.13138 -8.13138 0.4
    endloop
  endfacet
  facet normal -0.595701 -0.803206 0
    outer loop
      vertex -8.01503 -8.23682 0
      vertex -7.88892 -8.33035 0.4
      vertex -8.01503 -8.23682 0.4
    endloop
  endfacet
  facet normal -0.595701 -0.803206 -0
    outer loop
      vertex -7.88892 -8.33035 0.4
      vertex -8.01503 -8.23682 0
      vertex -7.88892 -8.33035 0
    endloop
  endfacet
  facet normal 0.821279 -0.389239 0.417126
    outer loop
      vertex 5.99282 -4.42942 8.26357
      vertex 8.47821 -7.61229 0.4
      vertex 5.9941 -4.42688 8.26342
    endloop
  endfacet
  facet normal 0.82164 -0.388622 0.41699
    outer loop
      vertex 8.47821 -7.61229 0.4
      vertex 5.99282 -4.42942 8.26357
      vertex 8.41107 -7.75424 0.4
    endloop
  endfacet
  facet normal -0.336865 -0.941553 0
    outer loop
      vertex -7.61229 -8.47821 0
      vertex -7.46446 -8.5311 0.4
      vertex -7.61229 -8.47821 0.4
    endloop
  endfacet
  facet normal -0.336865 -0.941553 -0
    outer loop
      vertex -7.46446 -8.5311 0.4
      vertex -7.61229 -8.47821 0
      vertex -7.46446 -8.5311 0
    endloop
  endfacet
  facet normal -0.757414 -0.485487 0.436607
    outer loop
      vertex -8.33035 -7.88892 0.4
      vertex -5.88049 -4.63098 8.27263
      vertex -5.90264 -4.59708 8.2719
    endloop
  endfacet
  facet normal -0.757339 -0.485588 0.436626
    outer loop
      vertex -5.88049 -4.63098 8.27263
      vertex -8.33035 -7.88892 0.4
      vertex -5.79851 -4.75642 8.27532
    endloop
  endfacet
  facet normal -0.740994 0.671512 0
    outer loop
      vertex -8.23682 8.01503 0
      vertex -8.13138 8.13138 0.4
      vertex -8.13138 8.13138 0
    endloop
  endfacet
  facet normal -0.740994 0.671512 0
    outer loop
      vertex -8.13138 8.13138 0.4
      vertex -8.23682 8.01503 0
      vertex -8.23682 8.01503 0.4
    endloop
  endfacet
  facet normal -0.885239 0.316717 0.34065
    outer loop
      vertex -8.5311 7.46446 0.4
      vertex -6.1157 5.49039 8.51222
      vertex -8.47821 7.61229 0.4
    endloop
  endfacet
  facet normal -0.885393 0.316335 0.340603
    outer loop
      vertex -6.1157 5.49039 8.51222
      vertex -8.5311 7.46446 0.4
      vertex -6.11963 5.48093 8.51079
    endloop
  endfacet
  facet normal -0.952365 -0.0212614 0.304219
    outer loop
      vertex -8.60001 -7 0.4
      vertex -6.35879 0.432483 7.93564
      vertex -6.3619 0.626591 7.93947
    endloop
  endfacet
  facet normal -0.952362 -0.0212687 0.304227
    outer loop
      vertex -8.60001 -7 0.4
      vertex -6.23478 -2.91092 8.09005
      vertex -6.25359 -2.59032 8.05358
    endloop
  endfacet
  facet normal -0.952358 -0.0212893 0.304237
    outer loop
      vertex -6.21079 -3.31974 8.13655
      vertex -8.60001 -7 0.4
      vertex -6.18421 -3.71836 8.19186
    endloop
  endfacet
  facet normal -0.95236 -0.0212814 0.304234
    outer loop
      vertex -6.23478 -2.91092 8.09005
      vertex -8.60001 -7 0.4
      vertex -6.21079 -3.31974 8.13655
    endloop
  endfacet
  facet normal -0.952361 -0.0212743 0.30423
    outer loop
      vertex -6.26949 -2.27495 8.02586
      vertex -8.60001 -7 0.4
      vertex -6.25359 -2.59032 8.05358
    endloop
  endfacet
  facet normal -0.952366 -0.0212479 0.304216
    outer loop
      vertex -6.28801 -1.90745 7.99355
      vertex -8.60001 -7 0.4
      vertex -6.26949 -2.27495 8.02586
    endloop
  endfacet
  facet normal -0.95236 -0.0212785 0.304234
    outer loop
      vertex -6.30557 -1.48897 7.96785
      vertex -8.60001 -7 0.4
      vertex -6.28801 -1.90745 7.99355
    endloop
  endfacet
  facet normal -0.952359 -0.0212826 0.304237
    outer loop
      vertex -6.31534 -1.2562 7.95355
      vertex -8.60001 -7 0.4
      vertex -6.30557 -1.48897 7.96785
    endloop
  endfacet
  facet normal -0.95236 -0.0212765 0.304233
    outer loop
      vertex -6.32988 -0.820574 7.9385
      vertex -8.60001 -7 0.4
      vertex -6.31534 -1.2562 7.95355
    endloop
  endfacet
  facet normal -0.952359 -0.021282 0.304237
    outer loop
      vertex -6.33644 -0.624084 7.93171
      vertex -8.60001 -7 0.4
      vertex -6.32988 -0.820574 7.9385
    endloop
  endfacet
  facet normal -0.952363 -0.0212656 0.304224
    outer loop
      vertex -6.34106 -0.436923 7.93033
      vertex -8.60001 -7 0.4
      vertex -6.33644 -0.624084 7.93171
    endloop
  endfacet
  facet normal -0.952364 -0.0212631 0.304222
    outer loop
      vertex -6.35185 0 7.92709
      vertex -8.60001 -7 0.4
      vertex -6.34106 -0.436923 7.93033
    endloop
  endfacet
  facet normal -0.952354 -0.0212972 0.304251
    outer loop
      vertex -6.35879 0.432483 7.93564
      vertex -8.60001 -7 0.4
      vertex -6.35185 0 7.92709
    endloop
  endfacet
  facet normal -0.952362 -0.0212698 0.304227
    outer loop
      vertex -6.36345 0.83645 7.94929
      vertex -8.60001 -7 0.4
      vertex -6.3619 0.626591 7.93947
    endloop
  endfacet
  facet normal -0.952359 -0.021281 0.304237
    outer loop
      vertex -6.36663 1.2664 7.96941
      vertex -8.60001 -7 0.4
      vertex -6.36345 0.83645 7.94929
    endloop
  endfacet
  facet normal -0.952374 -0.0212365 0.304193
    outer loop
      vertex -6.36633 1.52539 7.98843
      vertex -8.60001 -7 0.4
      vertex -6.36663 1.2664 7.96941
    endloop
  endfacet
  facet normal -0.95236 -0.0212756 0.304233
    outer loop
      vertex -6.36587 1.93107 8.01824
      vertex -8.60001 -7 0.4
      vertex -6.36633 1.52539 7.98843
    endloop
  endfacet
  facet normal -0.952359 -0.0212776 0.304235
    outer loop
      vertex -6.36257 2.27952 8.05294
      vertex -8.60001 -7 0.4
      vertex -6.36587 1.93107 8.01824
    endloop
  endfacet
  facet normal -0.952357 -0.021283 0.304241
    outer loop
      vertex -6.35921 2.63407 8.08826
      vertex -8.60001 -7 0.4
      vertex -6.36257 2.27952 8.05294
    endloop
  endfacet
  facet normal -0.952357 -0.021284 0.304242
    outer loop
      vertex -6.35403 2.92861 8.12508
      vertex -8.60001 -7 0.4
      vertex -6.35921 2.63407 8.08826
    endloop
  endfacet
  facet normal -0.952365 -0.0212636 0.304218
    outer loop
      vertex -6.34587 3.39194 8.18301
      vertex -8.60001 -7 0.4
      vertex -6.35403 2.92861 8.12508
    endloop
  endfacet
  facet normal -0.952313 -0.0213911 0.304373
    outer loop
      vertex -8.60001 -7 0.4
      vertex -6.34587 3.39194 8.18301
      vertex -6.34456 3.44361 8.19074
    endloop
  endfacet
  facet normal 0.141417 0.953335 0.266747
    outer loop
      vertex 7.15683 8.5923 0.4
      vertex 4.53981 6.72385 8.46513
      vertex 7.31215 8.56926 0.4
    endloop
  endfacet
  facet normal 0.141667 0.953279 0.266815
    outer loop
      vertex 4.53981 6.72385 8.46513
      vertex 7.15683 8.5923 0.4
      vertex 4.52796 6.72621 8.46299
    endloop
  endfacet
  facet normal -0.236656 0.926874 0.291373
    outer loop
      vertex -4.71914 6.68666 8.49705
      vertex -7.46446 8.5311 0.4
      vertex -4.88612 6.63633 8.52153
    endloop
  endfacet
  facet normal -0.141667 0.953279 0.266815
    outer loop
      vertex -7.15683 8.5923 0.4
      vertex -4.53981 6.72385 8.46513
      vertex -4.52796 6.72621 8.46299
    endloop
  endfacet
  facet normal -0.141417 0.953335 0.266747
    outer loop
      vertex -4.53981 6.72385 8.46513
      vertex -7.15683 8.5923 0.4
      vertex -7.31215 8.56926 0.4
    endloop
  endfacet
  facet normal -0.821279 -0.389239 0.417126
    outer loop
      vertex -8.47821 -7.61229 0.4
      vertex -5.99282 -4.42942 8.26357
      vertex -5.9941 -4.42688 8.26342
    endloop
  endfacet
  facet normal -0.82164 -0.388622 0.41699
    outer loop
      vertex -5.99282 -4.42942 8.26357
      vertex -8.47821 -7.61229 0.4
      vertex -8.41107 -7.75424 0.4
    endloop
  endfacet
  facet normal -0.146733 0.989176 0
    outer loop
      vertex -7.15683 8.5923 0
      vertex -7.31215 8.56926 0.4
      vertex -7.15683 8.5923 0.4
    endloop
  endfacet
  facet normal -0.146733 0.989176 0
    outer loop
      vertex -7.31215 8.56926 0.4
      vertex -7.15683 8.5923 0
      vertex -7.31215 8.56926 0
    endloop
  endfacet
  facet normal -0.922764 0.209026 0.323752
    outer loop
      vertex -8.56926 7.31215 0.4
      vertex -6.23444 5.14653 8.45294
      vertex -6.18871 5.30278 8.4824
    endloop
  endfacet
  facet normal -0.922734 0.209127 0.323771
    outer loop
      vertex -6.23444 5.14653 8.45294
      vertex -8.56926 7.31215 0.4
      vertex -6.23871 5.13108 8.45075
    endloop
  endfacet
  facet normal -0.916662 0.229662 0.327086
    outer loop
      vertex -8.56926 7.31215 0.4
      vertex -6.18557 5.31272 8.48421
      vertex -8.5311 7.46446 0.4
    endloop
  endfacet
  facet normal -0.916568 0.229971 0.327134
    outer loop
      vertex -6.18557 5.31272 8.48421
      vertex -8.56926 7.31215 0.4
      vertex -6.18871 5.30278 8.4824
    endloop
  endfacet
  facet normal 0.427569 -0.903983 0
    outer loop
      vertex 7.61229 -8.47821 0
      vertex 7.75424 -8.41107 0.4
      vertex 7.61229 -8.47821 0.4
    endloop
  endfacet
  facet normal 0.427569 -0.903983 0
    outer loop
      vertex 7.75424 -8.41107 0.4
      vertex 7.61229 -8.47821 0
      vertex 7.75424 -8.41107 0
    endloop
  endfacet
  facet normal 0.803206 0.595701 0
    outer loop
      vertex 8.33035 7.88892 0.4
      vertex 8.23682 8.01503 0
      vertex 8.23682 8.01503 0.4
    endloop
  endfacet
  facet normal 0.803206 0.595701 0
    outer loop
      vertex 8.23682 8.01503 0
      vertex 8.33035 7.88892 0.4
      vertex 8.33035 7.88892 0
    endloop
  endfacet
  facet normal -0.960556 3.75447e-06 0.278086
    outer loop
      vertex -8.60001 7 0.4
      vertex -6.31203 4.21756 8.3031
      vertex -6.28568 4.75609 8.39411
    endloop
  endfacet
  facet normal -0.96056 -3.64213e-05 0.278073
    outer loop
      vertex -8.60001 7 0.4
      vertex -6.3192 4.04676 8.27831
      vertex -6.31203 4.21756 8.3031
    endloop
  endfacet
  facet normal -0.960555 1.21564e-05 0.27809
    outer loop
      vertex -8.60001 7 0.4
      vertex -6.34456 3.44361 8.19074
      vertex -6.3192 4.04676 8.27831
    endloop
  endfacet
  facet normal -0.960556 0 0.278085
    outer loop
      vertex -6.34456 3.44361 8.19074
      vertex -8.60001 7 0.4
      vertex -8.60001 -7 0.4
    endloop
  endfacet
  facet normal -0.803206 0.595701 0
    outer loop
      vertex -8.33035 7.88892 0
      vertex -8.23682 8.01503 0.4
      vertex -8.23682 8.01503 0
    endloop
  endfacet
  facet normal -0.803206 0.595701 0
    outer loop
      vertex -8.23682 8.01503 0.4
      vertex -8.33035 7.88892 0
      vertex -8.33035 7.88892 0.4
    endloop
  endfacet
  facet normal -0.851627 -0.333686 0.404209
    outer loop
      vertex -6.06688 -4.25688 8.25042
      vertex -8.47821 -7.61229 0.4
      vertex -5.9941 -4.42688 8.26342
    endloop
  endfacet
  facet normal 0.989176 -0.146733 0
    outer loop
      vertex 8.56926 -7.31215 0.4
      vertex 8.5923 -7.15683 0
      vertex 8.5923 -7.15683 0.4
    endloop
  endfacet
  facet normal 0.989176 -0.146733 0
    outer loop
      vertex 8.5923 -7.15683 0
      vertex 8.56926 -7.31215 0.4
      vertex 8.56926 -7.31215 0
    endloop
  endfacet
  facet normal 0.306032 -0.849224 0.430306
    outer loop
      vertex 7.46446 -8.5311 0.4
      vertex 4.90013 -5.48559 8.23417
      vertex 4.89833 -5.48634 8.23397
    endloop
  endfacet
  facet normal 0.30413 -0.850058 0.430007
    outer loop
      vertex 4.90013 -5.48559 8.23417
      vertex 7.46446 -8.5311 0.4
      vertex 7.61229 -8.47821 0.4
    endloop
  endfacet
  facet normal 0.320218 0.895024 0.310471
    outer loop
      vertex 7.46446 8.5311 0.4
      vertex 4.89663 6.63215 8.52274
      vertex 7.61229 8.47821 0.4
    endloop
  endfacet
  facet normal 0.320221 0.895023 0.310471
    outer loop
      vertex 4.89663 6.63215 8.52274
      vertex 7.46446 8.5311 0.4
      vertex 4.88612 6.63633 8.52153
    endloop
  endfacet
  facet normal 0.671512 -0.740994 0
    outer loop
      vertex 8.01503 -8.23682 0
      vertex 8.13138 -8.13138 0.4
      vertex 8.01503 -8.23682 0.4
    endloop
  endfacet
  facet normal 0.671512 -0.740994 0
    outer loop
      vertex 8.13138 -8.13138 0.4
      vertex 8.01503 -8.23682 0
      vertex 8.13138 -8.13138 0
    endloop
  endfacet
  facet normal -0.0491022 -0.998794 0
    outer loop
      vertex -7.15683 -8.5923 0
      vertex -7 -8.60001 0.4
      vertex -7.15683 -8.5923 0.4
    endloop
  endfacet
  facet normal -0.0491022 -0.998794 -0
    outer loop
      vertex -7 -8.60001 0.4
      vertex -7.15683 -8.5923 0
      vertex -7 -8.60001 0
    endloop
  endfacet
  facet normal 0.59562 -0.662078 0.454851
    outer loop
      vertex 8.01503 -8.23682 0.4
      vertex 5.54294 -5.04894 8.27742
      vertex 5.54167 -5.05011 8.27738
    endloop
  endfacet
  facet normal 0.59806 -0.659942 0.454752
    outer loop
      vertex 5.54294 -5.04894 8.27742
      vertex 8.01503 -8.23682 0.4
      vertex 8.13138 -8.13138 0.4
    endloop
  endfacet
  facet normal 0.948495 -0.0459797 0.313438
    outer loop
      vertex 6.18375 -3.72335 8.19252
      vertex 8.60001 -7 0.4
      vertex 6.18421 -3.71836 8.19186
    endloop
  endfacet
  facet normal 0.948385 -0.046624 0.313675
    outer loop
      vertex 8.60001 -7 0.4
      vertex 6.18375 -3.72335 8.19252
      vertex 8.5923 -7.15683 0.4
    endloop
  endfacet
  facet normal 0.851627 -0.333686 0.404209
    outer loop
      vertex 6.06688 -4.25688 8.25042
      vertex 5.9941 -4.42688 8.26342
      vertex 8.47821 -7.61229 0.4
    endloop
  endfacet
  facet normal 0.80716 -0.412262 0.422532
    outer loop
      vertex 5.99282 -4.42942 8.26357
      vertex 5.90393 -4.59498 8.27184
      vertex 8.41107 -7.75424 0.4
    endloop
  endfacet
  facet normal 0.412663 -0.498635 0.762281
    outer loop
      vertex -5.3908 6.37553 8.56433
      vertex -5.39915 6.36917 8.56469
      vertex -5.39224 6.37443 8.56439
    endloop
  endfacet
  facet normal -0.557809 0.752199 0.35078
    outer loop
      vertex -7.88892 8.33035 0.4
      vertex -5.39915 6.36917 8.56469
      vertex -5.3908 6.37553 8.56433
    endloop
  endfacet
  facet normal -0.557848 0.752167 0.350785
    outer loop
      vertex -5.39915 6.36917 8.56469
      vertex -7.88892 8.33035 0.4
      vertex -8.01503 8.23682 0.4
    endloop
  endfacet
  facet normal 0.143754 0.952795 0.267427
    outer loop
      vertex 7.31215 8.56926 0.4
      vertex 4.53981 6.72385 8.46513
      vertex 4.70794 6.68999 8.49539
    endloop
  endfacet
  facet normal -0.663164 -0.597318 0.451025
    outer loop
      vertex -8.23682 -8.01503 0.4
      vertex -5.67599 -4.90899 8.27882
      vertex -5.67726 -4.90758 8.27882
    endloop
  endfacet
  facet normal -0.661285 -0.599277 0.451186
    outer loop
      vertex -5.67599 -4.90899 8.27882
      vertex -8.23682 -8.01503 0.4
      vertex -8.13138 -8.13138 0.4
    endloop
  endfacet
  facet normal 0.0476679 0.969618 0.239934
    outer loop
      vertex 7 8.60001 0.4
      vertex 4.35719 6.74123 8.43672
      vertex 7.15683 8.5923 0.4
    endloop
  endfacet
  facet normal 0.0473361 0.969659 0.239835
    outer loop
      vertex 4.35719 6.74123 8.43672
      vertex 7 8.60001 0.4
      vertex 4.34455 6.74227 8.43501
    endloop
  endfacet
  facet normal 0.514084 0.85774 -0
    outer loop
      vertex 7.88892 8.33035 0
      vertex 7.75424 8.41107 0.4
      vertex 7.88892 8.33035 0.4
    endloop
  endfacet
  facet normal 0.514084 0.85774 0
    outer loop
      vertex 7.75424 8.41107 0.4
      vertex 7.88892 8.33035 0
      vertex 7.75424 8.41107 0
    endloop
  endfacet
  facet normal -0.0473361 0.969659 0.239835
    outer loop
      vertex -7 8.60001 0.4
      vertex -4.35719 6.74123 8.43672
      vertex -4.34455 6.74227 8.43501
    endloop
  endfacet
  facet normal -0.0476679 0.969618 0.239934
    outer loop
      vertex -4.35719 6.74123 8.43672
      vertex -7 8.60001 0.4
      vertex -7.15683 8.5923 0.4
    endloop
  endfacet
  facet normal -0.773811 -0.46299 0.43227
    outer loop
      vertex -8.41107 -7.75424 0.4
      vertex -5.90264 -4.59708 8.2719
      vertex -5.90393 -4.59498 8.27184
    endloop
  endfacet
  facet normal -0.773421 -0.463547 0.432369
    outer loop
      vertex -5.90264 -4.59708 8.2719
      vertex -8.41107 -7.75424 0.4
      vertex -8.33035 -7.88892 0.4
    endloop
  endfacet
  facet normal -0.921066 -0.161757 0.354221
    outer loop
      vertex -6.1627 -3.90201 8.21493
      vertex -8.56926 -7.31215 0.4
      vertex -6.12514 -4.07734 8.23253
    endloop
  endfacet
  facet normal -0.581084 -0.674548 0.455331
    outer loop
      vertex -5.54167 -5.05011 8.27738
      vertex -8.01503 -8.23682 0.4
      vertex -5.3969 -5.17906 8.2711
    endloop
  endfacet
  facet normal -0.740994 -0.671512 0
    outer loop
      vertex -8.13138 -8.13138 0
      vertex -8.23682 -8.01503 0.4
      vertex -8.23682 -8.01503 0
    endloop
  endfacet
  facet normal -0.740994 -0.671512 0
    outer loop
      vertex -8.23682 -8.01503 0.4
      vertex -8.13138 -8.13138 0
      vertex -8.13138 -8.13138 0.4
    endloop
  endfacet
  facet normal 0.998794 0.0491022 0
    outer loop
      vertex 8.60001 7 0.4
      vertex 8.5923 7.15683 0
      vertex 8.5923 7.15683 0.4
    endloop
  endfacet
  facet normal 0.998794 0.0491022 0
    outer loop
      vertex 8.5923 7.15683 0
      vertex 8.60001 7 0.4
      vertex 8.60001 7 0
    endloop
  endfacet
  facet normal -0.956021 0.0469994 0.289508
    outer loop
      vertex -8.60001 7 0.4
      vertex -6.27106 4.94387 8.42452
      vertex -8.5923 7.15683 0.4
    endloop
  endfacet
  facet normal -0.956077 0.0465176 0.289401
    outer loop
      vertex -6.27106 4.94387 8.42452
      vertex -8.60001 7 0.4
      vertex -6.27211 4.93299 8.4228
    endloop
  endfacet
  facet normal 0.927864 -0.138617 0.346198
    outer loop
      vertex 6.1627 -3.90201 8.21493
      vertex 8.5923 -7.15683 0.4
      vertex 6.16352 -3.89767 8.21447
    endloop
  endfacet
  facet normal 0.928121 -0.137676 0.345886
    outer loop
      vertex 8.5923 -7.15683 0.4
      vertex 6.1627 -3.90201 8.21493
      vertex 8.56926 -7.31215 0.4
    endloop
  endfacet
  facet normal -0.903983 0.427569 0
    outer loop
      vertex -8.47821 7.61229 0
      vertex -8.41107 7.75424 0.4
      vertex -8.41107 7.75424 0
    endloop
  endfacet
  facet normal -0.903983 0.427569 0
    outer loop
      vertex -8.41107 7.75424 0.4
      vertex -8.47821 7.61229 0
      vertex -8.47821 7.61229 0.4
    endloop
  endfacet
  facet normal 0.85774 -0.514084 0
    outer loop
      vertex 8.33035 -7.88892 0.4
      vertex 8.41107 -7.75424 0
      vertex 8.41107 -7.75424 0.4
    endloop
  endfacet
  facet normal 0.85774 -0.514084 0
    outer loop
      vertex 8.41107 -7.75424 0
      vertex 8.33035 -7.88892 0.4
      vertex 8.33035 -7.88892 0
    endloop
  endfacet
  facet normal -0.855959 0.38144 0.349052
    outer loop
      vertex -6.03465 5.65349 8.53274
      vertex -8.47821 7.61229 0.4
      vertex -6.1157 5.49039 8.51222
    endloop
  endfacet
  facet normal -0.846539 0.400399 0.350788
    outer loop
      vertex -8.47821 7.61229 0.4
      vertex -6.02996 5.66249 8.5338
      vertex -8.41107 7.75424 0.4
    endloop
  endfacet
  facet normal -0.846768 0.39995 0.350749
    outer loop
      vertex -6.02996 5.66249 8.5338
      vertex -8.47821 7.61229 0.4
      vertex -6.03465 5.65349 8.53274
    endloop
  endfacet
  facet normal -0.940435 0.139503 0.310033
    outer loop
      vertex -8.5923 7.15683 0.4
      vertex -6.23871 5.13108 8.45075
      vertex -8.56926 7.31215 0.4
    endloop
  endfacet
  facet normal -0.940478 0.1393 0.309994
    outer loop
      vertex -8.5923 7.15683 0.4
      vertex -6.24002 5.12455 8.44971
      vertex -6.23871 5.13108 8.45075
    endloop
  endfacet
  facet normal -0.940433 0.139514 0.310035
    outer loop
      vertex -8.5923 7.15683 0.4
      vertex -6.24062 5.12155 8.44924
      vertex -6.24002 5.12455 8.44971
    endloop
  endfacet
  facet normal -0.940244 0.140408 0.310206
    outer loop
      vertex -6.24062 5.12155 8.44924
      vertex -8.5923 7.15683 0.4
      vertex -6.24082 5.12052 8.4491
    endloop
  endfacet
  facet normal -0.944777 0.117799 0.30581
    outer loop
      vertex -8.5923 7.15683 0.4
      vertex -6.24133 5.11752 8.44868
      vertex -6.24082 5.12052 8.4491
    endloop
  endfacet
  facet normal -0.944526 0.119125 0.306073
    outer loop
      vertex -6.24133 5.11752 8.44868
      vertex -8.5923 7.15683 0.4
      vertex -6.27106 4.94387 8.42452
    endloop
  endfacet
  facet normal -0.893122 0.296688 0.338096
    outer loop
      vertex -6.11963 5.48093 8.51079
      vertex -8.5311 7.46446 0.4
      vertex -6.18557 5.31272 8.48421
    endloop
  endfacet
  facet normal -0.989176 0.146733 0
    outer loop
      vertex -8.5923 7.15683 0
      vertex -8.56926 7.31215 0.4
      vertex -8.56926 7.31215 0
    endloop
  endfacet
  facet normal -0.989176 0.146733 0
    outer loop
      vertex -8.56926 7.31215 0.4
      vertex -8.5923 7.15683 0
      vertex -8.5923 7.15683 0.4
    endloop
  endfacet
  facet normal -0.326268 0.892344 0.311884
    outer loop
      vertex -4.89663 6.63215 8.52274
      vertex -7.61229 8.47821 0.4
      vertex -5.0607 6.56573 8.54114
    endloop
  endfacet
  facet normal -0.320221 0.895023 0.310471
    outer loop
      vertex -7.46446 8.5311 0.4
      vertex -4.89663 6.63215 8.52274
      vertex -4.88612 6.63633 8.52153
    endloop
  endfacet
  facet normal -0.320218 0.895024 0.310471
    outer loop
      vertex -4.89663 6.63215 8.52274
      vertex -7.46446 8.5311 0.4
      vertex -7.61229 8.47821 0.4
    endloop
  endfacet
  facet normal -0.638423 0.681081 0.358532
    outer loop
      vertex -5.54989 6.25028 8.57015
      vertex -8.13138 8.13138 0.4
      vertex -5.68354 6.12558 8.56905
    endloop
  endfacet
  facet normal -0.483537 0.806276 0.340752
    outer loop
      vertex -7.75424 8.41107 0.4
      vertex -5.23911 6.47319 8.55439
      vertex -5.22994 6.47885 8.55401
    endloop
  endfacet
  facet normal -0.483323 0.806417 0.34072
    outer loop
      vertex -5.23911 6.47319 8.55439
      vertex -7.75424 8.41107 0.4
      vertex -7.88892 8.33035 0.4
    endloop
  endfacet
  facet normal -0.49267 0.800063 0.342309
    outer loop
      vertex -5.28739 6.4427 8.55617
      vertex -7.88892 8.33035 0.4
      vertex -5.3908 6.37553 8.56433
    endloop
  endfacet
  facet normal -0.492648 0.800078 0.342306
    outer loop
      vertex -7.88892 8.33035 0.4
      vertex -5.28739 6.4427 8.55617
      vertex -5.23911 6.47319 8.55439
    endloop
  endfacet
  facet normal 0.514581 -0.72732 0.454105
    outer loop
      vertex 5.2726 -5.2726 8.26221
      vertex 7.88892 -8.33035 0.4
      vertex 5.39559 -5.18009 8.27101
    endloop
  endfacet
  facet normal 0.51465 -0.727269 0.454109
    outer loop
      vertex 7.88892 -8.33035 0.4
      vertex 5.2726 -5.2726 8.26221
      vertex 5.2403 -5.29625 8.26094
    endloop
  endfacet
  facet normal 0.921066 -0.161757 0.354221
    outer loop
      vertex 6.1627 -3.90201 8.21493
      vertex 6.12514 -4.07734 8.23253
      vertex 8.56926 -7.31215 0.4
    endloop
  endfacet
  facet normal 0.944173 -0.0688623 0.322174
    outer loop
      vertex 8.5923 -7.15683 0.4
      vertex 6.16585 -3.87756 8.21194
      vertex 6.16352 -3.89767 8.21447
    endloop
  endfacet
  facet normal 0.944143 -0.069013 0.322228
    outer loop
      vertex 6.16585 -3.87756 8.21194
      vertex 8.5923 -7.15683 0.4
      vertex 6.18375 -3.72335 8.19252
    endloop
  endfacet
  facet normal -0.749087 0.555563 0.360859
    outer loop
      vertex -8.33035 7.88892 0.4
      vertex -5.8132 5.98199 8.56104
      vertex -8.23682 8.01503 0.4
    endloop
  endfacet
  facet normal -0.748778 0.555977 0.360861
    outer loop
      vertex -5.8132 5.98199 8.56104
      vertex -8.33035 7.88892 0.4
      vertex -5.81946 5.97402 8.56033
    endloop
  endfacet
  facet normal -0.514084 0.85774 0
    outer loop
      vertex -7.75424 8.41107 0
      vertex -7.88892 8.33035 0.4
      vertex -7.75424 8.41107 0.4
    endloop
  endfacet
  facet normal -0.514084 0.85774 0
    outer loop
      vertex -7.88892 8.33035 0.4
      vertex -7.75424 8.41107 0
      vertex -7.88892 8.33035 0
    endloop
  endfacet
  facet normal -0.336865 0.941553 0
    outer loop
      vertex -7.46446 8.5311 0
      vertex -7.61229 8.47821 0.4
      vertex -7.46446 8.5311 0.4
    endloop
  endfacet
  facet normal -0.336865 0.941553 0
    outer loop
      vertex -7.61229 8.47821 0.4
      vertex -7.46446 8.5311 0
      vertex -7.61229 8.47821 0
    endloop
  endfacet
  facet normal 0.718021 -0.535987 0.444032
    outer loop
      vertex 5.79745 -4.75784 8.27532
      vertex 8.33035 -7.88892 0.4
      vertex 5.79851 -4.75642 8.27532
    endloop
  endfacet
  facet normal 0.730688 -0.520397 0.441908
    outer loop
      vertex 5.79721 -4.75816 8.27534
      vertex 8.33035 -7.88892 0.4
      vertex 5.79745 -4.75784 8.27532
    endloop
  endfacet
  facet normal 0.719795 -0.533839 0.443747
    outer loop
      vertex 8.33035 -7.88892 0.4
      vertex 5.79721 -4.75816 8.27534
      vertex 8.23682 -8.01503 0.4
    endloop
  endfacet
  facet normal 0.663164 -0.597318 0.451025
    outer loop
      vertex 5.67599 -4.90899 8.27882
      vertex 8.23682 -8.01503 0.4
      vertex 5.67726 -4.90758 8.27882
    endloop
  endfacet
  facet normal 0.661285 -0.599277 0.451186
    outer loop
      vertex 8.23682 -8.01503 0.4
      vertex 5.67599 -4.90899 8.27882
      vertex 8.13138 -8.13138 0.4
    endloop
  endfacet
  facet normal -0.24303 0.970019 0
    outer loop
      vertex -7.31215 8.56926 0
      vertex -7.46446 8.5311 0.4
      vertex -7.31215 8.56926 0.4
    endloop
  endfacet
  facet normal -0.24303 0.970019 0
    outer loop
      vertex -7.46446 8.5311 0.4
      vertex -7.31215 8.56926 0
      vertex -7.46446 8.5311 0
    endloop
  endfacet
  facet normal 0.944777 0.117799 0.30581
    outer loop
      vertex 6.24133 5.11752 8.44868
      vertex 8.5923 7.15683 0.4
      vertex 6.24082 5.12052 8.4491
    endloop
  endfacet
  facet normal 0.944526 0.119125 0.306073
    outer loop
      vertex 8.5923 7.15683 0.4
      vertex 6.24133 5.11752 8.44868
      vertex 6.27106 4.94387 8.42452
    endloop
  endfacet
  facet normal 0.760385 0.540098 0.360706
    outer loop
      vertex 5.88601 5.88601 8.55182
      vertex 8.33035 7.88892 0.4
      vertex 5.81946 5.97402 8.56033
    endloop
  endfacet
  facet normal 0.76042 0.54005 0.360704
    outer loop
      vertex 8.33035 7.88892 0.4
      vertex 5.88601 5.88601 8.55182
      vertex 5.9292 5.82726 8.54873
    endloop
  endfacet
  facet normal 0.740994 0.671512 0
    outer loop
      vertex 8.23682 8.01503 0.4
      vertex 8.13138 8.13138 0
      vertex 8.13138 8.13138 0.4
    endloop
  endfacet
  facet normal 0.740994 0.671512 0
    outer loop
      vertex 8.13138 8.13138 0
      vertex 8.23682 8.01503 0.4
      vertex 8.23682 8.01503 0
    endloop
  endfacet
  facet normal 0.595701 0.803206 -0
    outer loop
      vertex 8.01503 8.23682 0
      vertex 7.88892 8.33035 0.4
      vertex 8.01503 8.23682 0.4
    endloop
  endfacet
  facet normal 0.595701 0.803206 0
    outer loop
      vertex 7.88892 8.33035 0.4
      vertex 8.01503 8.23682 0
      vertex 7.88892 8.33035 0
    endloop
  endfacet
  facet normal 0.803206 -0.595701 0
    outer loop
      vertex 8.23682 -8.01503 0.4
      vertex 8.33035 -7.88892 0
      vertex 8.33035 -7.88892 0.4
    endloop
  endfacet
  facet normal 0.803206 -0.595701 0
    outer loop
      vertex 8.33035 -7.88892 0
      vertex 8.23682 -8.01503 0.4
      vertex 8.23682 -8.01503 0
    endloop
  endfacet
  facet normal -0.998794 0.0491022 0
    outer loop
      vertex -8.60001 7 0
      vertex -8.5923 7.15683 0.4
      vertex -8.5923 7.15683 0
    endloop
  endfacet
  facet normal -0.998794 0.0491022 0
    outer loop
      vertex -8.5923 7.15683 0.4
      vertex -8.60001 7 0
      vertex -8.60001 7 0.4
    endloop
  endfacet
  facet normal -0.989176 -0.146733 0
    outer loop
      vertex -8.56926 -7.31215 0
      vertex -8.5923 -7.15683 0.4
      vertex -8.5923 -7.15683 0
    endloop
  endfacet
  facet normal -0.989176 -0.146733 0
    outer loop
      vertex -8.5923 -7.15683 0.4
      vertex -8.56926 -7.31215 0
      vertex -8.56926 -7.31215 0.4
    endloop
  endfacet
  facet normal 0.427569 0.903983 -0
    outer loop
      vertex 7.75424 8.41107 0
      vertex 7.61229 8.47821 0.4
      vertex 7.75424 8.41107 0.4
    endloop
  endfacet
  facet normal 0.427569 0.903983 0
    outer loop
      vertex 7.61229 8.47821 0.4
      vertex 7.75424 8.41107 0
      vertex 7.61229 8.47821 0
    endloop
  endfacet
  facet normal 0.85774 0.514084 0
    outer loop
      vertex 8.41107 7.75424 0.4
      vertex 8.33035 7.88892 0
      vertex 8.33035 7.88892 0.4
    endloop
  endfacet
  facet normal 0.85774 0.514084 0
    outer loop
      vertex 8.33035 7.88892 0
      vertex 8.41107 7.75424 0.4
      vertex 8.41107 7.75424 0
    endloop
  endfacet
  facet normal -0.899621 -0.225585 0.37389
    outer loop
      vertex -8.56926 -7.31215 0.4
      vertex -6.12408 -4.08107 8.23283
      vertex -6.12514 -4.07734 8.23253
    endloop
  endfacet
  facet normal -0.899687 -0.225409 0.373838
    outer loop
      vertex -6.12408 -4.08107 8.23283
      vertex -8.56926 -7.31215 0.4
      vertex -8.5311 -7.46446 0.4
    endloop
  endfacet
  facet normal -0.88989 -0.250111 0.381498
    outer loop
      vertex -6.12125 -4.09009 8.23351
      vertex -8.5311 -7.46446 0.4
      vertex -6.0681 -4.2538 8.25016
    endloop
  endfacet
  facet normal -0.889772 -0.250397 0.381585
    outer loop
      vertex -8.5311 -7.46446 0.4
      vertex -6.12125 -4.09009 8.23351
      vertex -6.12408 -4.08107 8.23283
    endloop
  endfacet
  facet normal -0.59806 -0.659942 0.454752
    outer loop
      vertex -8.01503 -8.23682 0.4
      vertex -5.54294 -5.04894 8.27742
      vertex -8.13138 -8.13138 0.4
    endloop
  endfacet
  facet normal -0.59562 -0.662078 0.454851
    outer loop
      vertex -5.54294 -5.04894 8.27742
      vertex -8.01503 -8.23682 0.4
      vertex -5.54167 -5.05011 8.27738
    endloop
  endfacet
  facet normal -0.459023 -0.765872 0.450265
    outer loop
      vertex -7.75424 -8.41107 0.4
      vertex -5.2403 -5.29625 8.26094
      vertex -7.88892 -8.33035 0.4
    endloop
  endfacet
  facet normal -0.459031 -0.765866 0.450266
    outer loop
      vertex -5.2403 -5.29625 8.26094
      vertex -7.75424 -8.41107 0.4
      vertex -5.23887 -5.29716 8.26085
    endloop
  endfacet
  facet normal 0.146733 -0.989176 0
    outer loop
      vertex 7.15683 -8.5923 0
      vertex 7.31215 -8.56926 0.4
      vertex 7.15683 -8.5923 0.4
    endloop
  endfacet
  facet normal 0.146733 -0.989176 0
    outer loop
      vertex 7.31215 -8.56926 0.4
      vertex 7.15683 -8.5923 0
      vertex 7.31215 -8.56926 0
    endloop
  endfacet
  facet normal -0.80716 -0.412262 0.422532
    outer loop
      vertex -5.99282 -4.42942 8.26357
      vertex -8.41107 -7.75424 0.4
      vertex -5.90393 -4.59498 8.27184
    endloop
  endfacet
  facet normal -0.864146 -0.308745 0.397402
    outer loop
      vertex -8.5311 -7.46446 0.4
      vertex -6.06688 -4.25688 8.25042
      vertex -6.0681 -4.2538 8.25016
    endloop
  endfacet
  facet normal -0.863973 -0.309109 0.397496
    outer loop
      vertex -6.06688 -4.25688 8.25042
      vertex -8.5311 -7.46446 0.4
      vertex -8.47821 -7.61229 0.4
    endloop
  endfacet
  facet normal 0.514084 -0.85774 0
    outer loop
      vertex 7.75424 -8.41107 0
      vertex 7.88892 -8.33035 0.4
      vertex 7.75424 -8.41107 0.4
    endloop
  endfacet
  facet normal 0.514084 -0.85774 0
    outer loop
      vertex 7.88892 -8.33035 0.4
      vertex 7.75424 -8.41107 0
      vertex 7.88892 -8.33035 0
    endloop
  endfacet
  facet normal 0.740994 -0.671512 0
    outer loop
      vertex 8.13138 -8.13138 0.4
      vertex 8.23682 -8.01503 0
      vertex 8.23682 -8.01503 0.4
    endloop
  endfacet
  facet normal 0.740994 -0.671512 0
    outer loop
      vertex 8.23682 -8.01503 0
      vertex 8.13138 -8.13138 0.4
      vertex 8.13138 -8.13138 0
    endloop
  endfacet
  facet normal -0.85774 0.514084 0
    outer loop
      vertex -8.41107 7.75424 0
      vertex -8.33035 7.88892 0.4
      vertex -8.33035 7.88892 0
    endloop
  endfacet
  facet normal -0.85774 0.514084 0
    outer loop
      vertex -8.33035 7.88892 0.4
      vertex -8.41107 7.75424 0
      vertex -8.41107 7.75424 0.4
    endloop
  endfacet
  facet normal 0.970019 0.24303 0
    outer loop
      vertex 8.56926 7.31215 0.4
      vertex 8.5311 7.46446 0
      vertex 8.5311 7.46446 0.4
    endloop
  endfacet
  facet normal 0.970019 0.24303 0
    outer loop
      vertex 8.5311 7.46446 0
      vertex 8.56926 7.31215 0.4
      vertex 8.56926 7.31215 0
    endloop
  endfacet
  facet normal 0.941553 -0.336865 0
    outer loop
      vertex 8.47821 -7.61229 0.4
      vertex 8.5311 -7.46446 0
      vertex 8.5311 -7.46446 0.4
    endloop
  endfacet
  facet normal 0.941553 -0.336865 0
    outer loop
      vertex 8.5311 -7.46446 0
      vertex 8.47821 -7.61229 0.4
      vertex 8.47821 -7.61229 0
    endloop
  endfacet
  facet normal -0.0491022 0.998794 0
    outer loop
      vertex -7 8.60001 0
      vertex -7.15683 8.5923 0.4
      vertex -7 8.60001 0.4
    endloop
  endfacet
  facet normal -0.0491022 0.998794 0
    outer loop
      vertex -7.15683 8.5923 0.4
      vertex -7 8.60001 0
      vertex -7.15683 8.5923 0
    endloop
  endfacet
  facet normal -0.626915 0.692237 0.357471
    outer loop
      vertex -8.01503 8.23682 0.4
      vertex -5.54989 6.25028 8.57015
      vertex -5.54226 6.25719 8.57015
    endloop
  endfacet
  facet normal -0.627137 0.692028 0.357487
    outer loop
      vertex -5.54989 6.25028 8.57015
      vertex -8.01503 8.23682 0.4
      vertex -8.13138 8.13138 0.4
    endloop
  endfacet
  facet normal -0.568387 0.743569 0.352195
    outer loop
      vertex -5.39915 6.36917 8.56469
      vertex -8.01503 8.23682 0.4
      vertex -5.54226 6.25719 8.57015
    endloop
  endfacet
  facet normal -0.514084 -0.85774 0
    outer loop
      vertex -7.88892 -8.33035 0
      vertex -7.75424 -8.41107 0.4
      vertex -7.88892 -8.33035 0.4
    endloop
  endfacet
  facet normal -0.514084 -0.85774 -0
    outer loop
      vertex -7.75424 -8.41107 0.4
      vertex -7.88892 -8.33035 0
      vertex -7.75424 -8.41107 0
    endloop
  endfacet
  facet normal 0.336865 0.941553 -0
    outer loop
      vertex 7.61229 8.47821 0
      vertex 7.46446 8.5311 0.4
      vertex 7.61229 8.47821 0.4
    endloop
  endfacet
  facet normal 0.336865 0.941553 0
    outer loop
      vertex 7.46446 8.5311 0.4
      vertex 7.61229 8.47821 0
      vertex 7.46446 8.5311 0
    endloop
  endfacet
  facet normal 0.671512 0.740994 -0
    outer loop
      vertex 8.13138 8.13138 0
      vertex 8.01503 8.23682 0.4
      vertex 8.13138 8.13138 0.4
    endloop
  endfacet
  facet normal 0.671512 0.740994 0
    outer loop
      vertex 8.01503 8.23682 0.4
      vertex 8.13138 8.13138 0
      vertex 8.01503 8.23682 0
    endloop
  endfacet
  facet normal 0.940435 0.139503 0.310033
    outer loop
      vertex 6.23871 5.13108 8.45075
      vertex 8.5923 7.15683 0.4
      vertex 8.56926 7.31215 0.4
    endloop
  endfacet
  facet normal 0.940478 0.1393 0.309994
    outer loop
      vertex 6.24002 5.12455 8.44971
      vertex 8.5923 7.15683 0.4
      vertex 6.23871 5.13108 8.45075
    endloop
  endfacet
  facet normal 0.940433 0.139514 0.310035
    outer loop
      vertex 6.24062 5.12155 8.44924
      vertex 8.5923 7.15683 0.4
      vertex 6.24002 5.12455 8.44971
    endloop
  endfacet
  facet normal 0.940244 0.140408 0.310206
    outer loop
      vertex 8.5923 7.15683 0.4
      vertex 6.24062 5.12155 8.44924
      vertex 6.24082 5.12052 8.4491
    endloop
  endfacet
  facet normal 0.970019 -0.24303 0
    outer loop
      vertex 8.5311 -7.46446 0.4
      vertex 8.56926 -7.31215 0
      vertex 8.56926 -7.31215 0.4
    endloop
  endfacet
  facet normal 0.970019 -0.24303 0
    outer loop
      vertex 8.56926 -7.31215 0
      vertex 8.5311 -7.46446 0.4
      vertex 8.5311 -7.46446 0
    endloop
  endfacet
  facet normal 0.702751 -0.553723 0.446691
    outer loop
      vertex 5.70589 -4.87192 8.27799
      vertex 8.23682 -8.01503 0.4
      vertex 5.79721 -4.75816 8.27534
    endloop
  endfacet
  facet normal 0.702704 -0.553776 0.446697
    outer loop
      vertex 8.23682 -8.01503 0.4
      vertex 5.70589 -4.87192 8.27799
      vertex 5.67726 -4.90758 8.27882
    endloop
  endfacet
  facet normal 0.773811 -0.46299 0.43227
    outer loop
      vertex 5.90264 -4.59708 8.2719
      vertex 8.41107 -7.75424 0.4
      vertex 5.90393 -4.59498 8.27184
    endloop
  endfacet
  facet normal 0.773421 -0.463547 0.432369
    outer loop
      vertex 8.41107 -7.75424 0.4
      vertex 5.90264 -4.59708 8.2719
      vertex 8.33035 -7.88892 0.4
    endloop
  endfacet
  facet normal 0.958129 0.0272702 0.285037
    outer loop
      vertex 8.60001 7 0.4
      vertex 6.27211 4.93299 8.4228
      vertex 6.28568 4.75609 8.39411
    endloop
  endfacet
  facet normal 0.960556 3.75447e-06 0.278086
    outer loop
      vertex 6.31203 4.21756 8.3031
      vertex 8.60001 7 0.4
      vertex 6.28568 4.75609 8.39411
    endloop
  endfacet
  facet normal 0.96056 -3.64213e-05 0.278073
    outer loop
      vertex 6.3192 4.04676 8.27831
      vertex 8.60001 7 0.4
      vertex 6.31203 4.21756 8.3031
    endloop
  endfacet
  facet normal 0.960555 1.21564e-05 0.27809
    outer loop
      vertex 6.34456 3.44361 8.19074
      vertex 8.60001 7 0.4
      vertex 6.3192 4.04676 8.27831
    endloop
  endfacet
  facet normal 0.960556 0 0.278085
    outer loop
      vertex 8.60001 7 0.4
      vertex 6.34456 3.44361 8.19074
      vertex 8.60001 -7 0.4
    endloop
  endfacet
  facet normal 0.998794 -0.0491022 0
    outer loop
      vertex 8.5923 -7.15683 0.4
      vertex 8.60001 -7 0
      vertex 8.60001 -7 0.4
    endloop
  endfacet
  facet normal 0.998794 -0.0491022 0
    outer loop
      vertex 8.60001 -7 0
      vertex 8.5923 -7.15683 0.4
      vertex 8.5923 -7.15683 0
    endloop
  endfacet
  facet normal 0.899621 -0.225585 0.37389
    outer loop
      vertex 6.12408 -4.08107 8.23283
      vertex 8.56926 -7.31215 0.4
      vertex 6.12514 -4.07734 8.23253
    endloop
  endfacet
  facet normal 0.899687 -0.225409 0.373838
    outer loop
      vertex 8.56926 -7.31215 0.4
      vertex 6.12408 -4.08107 8.23283
      vertex 8.5311 -7.46446 0.4
    endloop
  endfacet
  facet normal -0.970019 0.24303 0
    outer loop
      vertex -8.56926 7.31215 0
      vertex -8.5311 7.46446 0.4
      vertex -8.5311 7.46446 0
    endloop
  endfacet
  facet normal -0.970019 0.24303 0
    outer loop
      vertex -8.5311 7.46446 0.4
      vertex -8.56926 7.31215 0
      vertex -8.56926 7.31215 0.4
    endloop
  endfacet
  facet normal -0.412663 -0.498635 0.762281
    outer loop
      vertex 5.39915 6.36917 8.56469
      vertex 5.3908 6.37553 8.56433
      vertex 5.39224 6.37443 8.56439
    endloop
  endfacet
  facet normal 0.557848 0.752167 0.350785
    outer loop
      vertex 7.88892 8.33035 0.4
      vertex 5.39915 6.36917 8.56469
      vertex 8.01503 8.23682 0.4
    endloop
  endfacet
  facet normal 0.557809 0.752199 0.35078
    outer loop
      vertex 5.39915 6.36917 8.56469
      vertex 7.88892 8.33035 0.4
      vertex 5.3908 6.37553 8.56433
    endloop
  endfacet
  facet normal 0.568387 0.743569 0.352195
    outer loop
      vertex 8.01503 8.23682 0.4
      vertex 5.39915 6.36917 8.56469
      vertex 5.54226 6.25719 8.57015
    endloop
  endfacet
  facet normal 0.638423 0.681081 0.358532
    outer loop
      vertex 8.13138 8.13138 0.4
      vertex 5.54989 6.25028 8.57015
      vertex 5.68354 6.12558 8.56905
    endloop
  endfacet
  facet normal 0.81159 0.462774 0.356598
    outer loop
      vertex 8.41107 7.75424 0.4
      vertex 5.93464 5.8187 8.54802
      vertex 6.02996 5.66249 8.5338
    endloop
  endfacet
  facet normal 0.0491022 0.998794 -0
    outer loop
      vertex 7.15683 8.5923 0
      vertex 7 8.60001 0.4
      vertex 7.15683 8.5923 0.4
    endloop
  endfacet
  facet normal 0.0491022 0.998794 0
    outer loop
      vertex 7 8.60001 0.4
      vertex 7.15683 8.5923 0
      vertex 7 8.60001 0
    endloop
  endfacet
  facet normal 0.989176 0.146733 0
    outer loop
      vertex 8.5923 7.15683 0.4
      vertex 8.56926 7.31215 0
      vertex 8.56926 7.31215 0.4
    endloop
  endfacet
  facet normal 0.989176 0.146733 0
    outer loop
      vertex 8.56926 7.31215 0
      vertex 8.5923 7.15683 0.4
      vertex 8.5923 7.15683 0
    endloop
  endfacet
  facet normal 0.326268 0.892344 0.311884
    outer loop
      vertex 7.61229 8.47821 0.4
      vertex 4.89663 6.63215 8.52274
      vertex 5.0607 6.56573 8.54114
    endloop
  endfacet
  facet normal 0.40402 0.854195 0.327291
    outer loop
      vertex 7.61229 8.47821 0.4
      vertex 5.07054 6.56078 8.54192
      vertex 7.75424 8.41107 0.4
    endloop
  endfacet
  facet normal 0.403816 0.854305 0.327253
    outer loop
      vertex 5.07054 6.56078 8.54192
      vertex 7.61229 8.47821 0.4
      vertex 5.0607 6.56573 8.54114
    endloop
  endfacet
  facet normal 0.492648 0.800078 0.342306
    outer loop
      vertex 5.28739 6.4427 8.55617
      vertex 7.88892 8.33035 0.4
      vertex 5.23911 6.47319 8.55439
    endloop
  endfacet
  facet normal 0.49267 0.800063 0.342309
    outer loop
      vertex 7.88892 8.33035 0.4
      vertex 5.28739 6.4427 8.55617
      vertex 5.3908 6.37553 8.56433
    endloop
  endfacet
  facet normal -0.671512 0.740994 0
    outer loop
      vertex -8.01503 8.23682 0
      vertex -8.13138 8.13138 0.4
      vertex -8.01503 8.23682 0.4
    endloop
  endfacet
  facet normal -0.671512 0.740994 0
    outer loop
      vertex -8.13138 8.13138 0.4
      vertex -8.01503 8.23682 0
      vertex -8.13138 8.13138 0
    endloop
  endfacet
  facet normal -0.941553 -0.336865 0
    outer loop
      vertex -8.47821 -7.61229 0
      vertex -8.5311 -7.46446 0.4
      vertex -8.5311 -7.46446 0
    endloop
  endfacet
  facet normal -0.941553 -0.336865 0
    outer loop
      vertex -8.5311 -7.46446 0.4
      vertex -8.47821 -7.61229 0
      vertex -8.47821 -7.61229 0.4
    endloop
  endfacet
  facet normal -0.530634 -0.715474 0.454449
    outer loop
      vertex -7.88892 -8.33035 0.4
      vertex -5.3969 -5.17906 8.2711
      vertex -8.01503 -8.23682 0.4
    endloop
  endfacet
  facet normal -0.531069 -0.715147 0.454456
    outer loop
      vertex -5.3969 -5.17906 8.2711
      vertex -7.88892 -8.33035 0.4
      vertex -5.39559 -5.18009 8.27101
    endloop
  endfacet
  facet normal -0.51465 -0.727269 0.454109
    outer loop
      vertex -5.2726 -5.2726 8.26221
      vertex -7.88892 -8.33035 0.4
      vertex -5.2403 -5.29625 8.26094
    endloop
  endfacet
  facet normal -0.514581 -0.72732 0.454105
    outer loop
      vertex -7.88892 -8.33035 0.4
      vertex -5.2726 -5.2726 8.26221
      vertex -5.39559 -5.18009 8.27101
    endloop
  endfacet
  facet normal -0.718021 -0.535987 0.444032
    outer loop
      vertex -8.33035 -7.88892 0.4
      vertex -5.79745 -4.75784 8.27532
      vertex -5.79851 -4.75642 8.27532
    endloop
  endfacet
  facet normal -0.730688 -0.520397 0.441908
    outer loop
      vertex -8.33035 -7.88892 0.4
      vertex -5.79721 -4.75816 8.27534
      vertex -5.79745 -4.75784 8.27532
    endloop
  endfacet
  facet normal -0.719795 -0.533839 0.443747
    outer loop
      vertex -5.79721 -4.75816 8.27534
      vertex -8.33035 -7.88892 0.4
      vertex -8.23682 -8.01503 0.4
    endloop
  endfacet
  facet normal -0.760385 0.540098 0.360706
    outer loop
      vertex -8.33035 7.88892 0.4
      vertex -5.88601 5.88601 8.55182
      vertex -5.81946 5.97402 8.56033
    endloop
  endfacet
  facet normal -0.76042 0.54005 0.360704
    outer loop
      vertex -5.88601 5.88601 8.55182
      vertex -8.33035 7.88892 0.4
      vertex -5.9292 5.82726 8.54873
    endloop
  endfacet
  facet normal 0.232564 0.928246 0.290298
    outer loop
      vertex 7.31215 8.56926 0.4
      vertex 4.71914 6.68666 8.49705
      vertex 7.46446 8.5311 0.4
    endloop
  endfacet
  facet normal 0.232914 0.928132 0.290384
    outer loop
      vertex 4.71914 6.68666 8.49705
      vertex 7.31215 8.56926 0.4
      vertex 4.70794 6.68999 8.49539
    endloop
  endfacet
  facet normal 0 0 -1
    outer loop
      vertex 6.73146 -6.45557 0
      vertex 8.60001 -7 0
      vertex 8.5923 -7.15683 0
    endloop
  endfacet
  facet normal 0 0 -1
    outer loop
      vertex 8.60001 -7 0
      vertex 6.89999 -5.89999 0
      vertex 8.60001 7 0
    endloop
  endfacet
  facet normal 0 0 -1
    outer loop
      vertex 6.73146 -6.45557 0
      vertex 8.5923 -7.15683 0
      vertex 8.56926 -7.31215 0
    endloop
  endfacet
  facet normal 0 0 -1
    outer loop
      vertex 6.89999 5.89999 0
      vertex 8.60001 7 0
      vertex 6.89999 -5.89999 0
    endloop
  endfacet
  facet normal 0 0 -1
    outer loop
      vertex 6.673 -6.53439 0
      vertex 8.56926 -7.31215 0
      vertex 8.5311 -7.46446 0
    endloop
  endfacet
  facet normal 0 0 -1
    outer loop
      vertex 6.89517 5.99802 0
      vertex 8.60001 7 0
      vertex 6.89999 5.89999 0
    endloop
  endfacet
  facet normal 0 0 -1
    outer loop
      vertex 6.673 -6.53439 0
      vertex 8.5311 -7.46446 0
      vertex 8.47821 -7.61229 0
    endloop
  endfacet
  facet normal 0 0 -1
    outer loop
      vertex 6.88078 6.09508 0
      vertex 8.60001 7 0
      vertex 6.89517 5.99802 0
    endloop
  endfacet
  facet normal 0 0 -1
    outer loop
      vertex 6.673 -6.53439 0
      vertex 8.47821 -7.61229 0
      vertex 8.41107 -7.75424 0
    endloop
  endfacet
  facet normal 0 0 -1
    outer loop
      vertex 6.85693 6.19028 0
      vertex 8.60001 7 0
      vertex 6.88078 6.09508 0
    endloop
  endfacet
  facet normal 0 0 -1
    outer loop
      vertex 6.673 -6.53439 0
      vertex 8.41107 -7.75424 0
      vertex 8.33035 -7.88892 0
    endloop
  endfacet
  facet normal 0 0 -1
    outer loop
      vertex 6.82387 6.28268 0
      vertex 8.60001 7 0
      vertex 6.85693 6.19028 0
    endloop
  endfacet
  facet normal 0 0 -1
    outer loop
      vertex 6.6071 -6.6071 0
      vertex 8.33035 -7.88892 0
      vertex 8.23682 -8.01503 0
    endloop
  endfacet
  facet normal 0 0 -1
    outer loop
      vertex 6.78192 6.37138 0
      vertex 8.60001 7 0
      vertex 6.82387 6.28268 0
    endloop
  endfacet
  facet normal 0 0 -1
    outer loop
      vertex 6.6071 -6.6071 0
      vertex 8.23682 -8.01503 0
      vertex 8.13138 -8.13138 0
    endloop
  endfacet
  facet normal 0 0 -1
    outer loop
      vertex 6.73146 6.45557 0
      vertex 8.60001 7 0
      vertex 6.78192 6.37138 0
    endloop
  endfacet
  facet normal 0 0 -1
    outer loop
      vertex 6.6071 -6.6071 0
      vertex 8.13138 -8.13138 0
      vertex 8.01503 -8.23682 0
    endloop
  endfacet
  facet normal -0 0 -1
    outer loop
      vertex 8.60001 7 0
      vertex 6.73146 6.45557 0
      vertex 8.5923 7.15683 0
    endloop
  endfacet
  facet normal 0 0 -1
    outer loop
      vertex 6.6071 -6.6071 0
      vertex 8.01503 -8.23682 0
      vertex 7.88892 -8.33035 0
    endloop
  endfacet
  facet normal -0 0 -1
    outer loop
      vertex 8.5923 7.15683 0
      vertex 6.73146 6.45557 0
      vertex 8.56926 7.31215 0
    endloop
  endfacet
  facet normal 0 0 -1
    outer loop
      vertex 6.53439 -6.673 0
      vertex 7.88892 -8.33035 0
      vertex 7.75424 -8.41107 0
    endloop
  endfacet
  facet normal 0 0 -1
    outer loop
      vertex 6.673 6.53439 0
      vertex 8.56926 7.31215 0
      vertex 6.73146 6.45557 0
    endloop
  endfacet
  facet normal 0 0 -1
    outer loop
      vertex 6.53439 -6.673 0
      vertex 7.75424 -8.41107 0
      vertex 7.61229 -8.47821 0
    endloop
  endfacet
  facet normal -0 0 -1
    outer loop
      vertex 8.56926 7.31215 0
      vertex 6.673 6.53439 0
      vertex 8.5311 7.46446 0
    endloop
  endfacet
  facet normal 0 0 -1
    outer loop
      vertex 6.53439 -6.673 0
      vertex 7.61229 -8.47821 0
      vertex 7.46446 -8.5311 0
    endloop
  endfacet
  facet normal -0 0 -1
    outer loop
      vertex 8.5311 7.46446 0
      vertex 6.673 6.53439 0
      vertex 8.47821 7.61229 0
    endloop
  endfacet
  facet normal 0 0 -1
    outer loop
      vertex 6.53439 -6.673 0
      vertex 7.46446 -8.5311 0
      vertex 7.31215 -8.56926 0
    endloop
  endfacet
  facet normal -0 0 -1
    outer loop
      vertex 8.47821 7.61229 0
      vertex 6.673 6.53439 0
      vertex 8.41107 7.75424 0
    endloop
  endfacet
  facet normal 0 0 -1
    outer loop
      vertex 6.45557 -6.73146 0
      vertex 7.31215 -8.56926 0
      vertex 7.15683 -8.5923 0
    endloop
  endfacet
  facet normal -0 0 -1
    outer loop
      vertex 8.41107 7.75424 0
      vertex 6.673 6.53439 0
      vertex 8.33035 7.88892 0
    endloop
  endfacet
  facet normal 0 0 -1
    outer loop
      vertex 6.45557 -6.73146 0
      vertex 7.15683 -8.5923 0
      vertex 7 -8.60001 0
    endloop
  endfacet
  facet normal 0 0 -1
    outer loop
      vertex 6.6071 6.6071 0
      vertex 8.33035 7.88892 0
      vertex 6.673 6.53439 0
    endloop
  endfacet
  facet normal -0 0 -1
    outer loop
      vertex 8.33035 7.88892 0
      vertex 6.6071 6.6071 0
      vertex 8.23682 8.01503 0
    endloop
  endfacet
  facet normal 0 0 -1
    outer loop
      vertex 8.60001 -7 0
      vertex 6.89517 -5.99802 0
      vertex 6.89999 -5.89999 0
    endloop
  endfacet
  facet normal 0 0 -1
    outer loop
      vertex 8.60001 -7 0
      vertex 6.88078 -6.09508 0
      vertex 6.89517 -5.99802 0
    endloop
  endfacet
  facet normal 0 0 -1
    outer loop
      vertex 8.60001 -7 0
      vertex 6.85693 -6.19028 0
      vertex 6.88078 -6.09508 0
    endloop
  endfacet
  facet normal 0 0 -1
    outer loop
      vertex 8.60001 -7 0
      vertex 6.82387 -6.28268 0
      vertex 6.85693 -6.19028 0
    endloop
  endfacet
  facet normal 0 0 -1
    outer loop
      vertex 8.60001 -7 0
      vertex 6.78192 -6.37138 0
      vertex 6.82387 -6.28268 0
    endloop
  endfacet
  facet normal 0 0 -1
    outer loop
      vertex 8.60001 -7 0
      vertex 6.73146 -6.45557 0
      vertex 6.78192 -6.37138 0
    endloop
  endfacet
  facet normal 0 0 -1
    outer loop
      vertex 8.56926 -7.31215 0
      vertex 6.673 -6.53439 0
      vertex 6.73146 -6.45557 0
    endloop
  endfacet
  facet normal 0 0 -1
    outer loop
      vertex 8.33035 -7.88892 0
      vertex 6.6071 -6.6071 0
      vertex 6.673 -6.53439 0
    endloop
  endfacet
  facet normal 0 0 -1
    outer loop
      vertex 7.88892 -8.33035 0
      vertex 6.53439 -6.673 0
      vertex 6.6071 -6.6071 0
    endloop
  endfacet
  facet normal 0 0 -1
    outer loop
      vertex 7.31215 -8.56926 0
      vertex 6.45557 -6.73146 0
      vertex 6.53439 -6.673 0
    endloop
  endfacet
  facet normal 0 0 -1
    outer loop
      vertex 7 -8.60001 0
      vertex 6.37138 -6.78192 0
      vertex 6.45557 -6.73146 0
    endloop
  endfacet
  facet normal 0 0 -1
    outer loop
      vertex 7 -8.60001 0
      vertex 6.28268 -6.82387 0
      vertex 6.37138 -6.78192 0
    endloop
  endfacet
  facet normal 0 0 -1
    outer loop
      vertex 7 -8.60001 0
      vertex 6.19028 -6.85693 0
      vertex 6.28268 -6.82387 0
    endloop
  endfacet
  facet normal 0 0 -1
    outer loop
      vertex 7 -8.60001 0
      vertex 6.09508 -6.88078 0
      vertex 6.19028 -6.85693 0
    endloop
  endfacet
  facet normal 0 0 -1
    outer loop
      vertex 7 -8.60001 0
      vertex 5.99802 -6.89517 0
      vertex 6.09508 -6.88078 0
    endloop
  endfacet
  facet normal 0 0 -1
    outer loop
      vertex 7 -8.60001 0
      vertex 5.89999 -6.89999 0
      vertex 5.99802 -6.89517 0
    endloop
  endfacet
  facet normal 0 0 -1
    outer loop
      vertex 7 -8.60001 0
      vertex -5.89999 -6.89999 0
      vertex 5.89999 -6.89999 0
    endloop
  endfacet
  facet normal 0 0 -1
    outer loop
      vertex -7 -8.60001 0
      vertex -5.89999 -6.89999 0
      vertex 7 -8.60001 0
    endloop
  endfacet
  facet normal 0 0 -1
    outer loop
      vertex -8.23682 -8.01503 0
      vertex -6.6071 -6.6071 0
      vertex -8.13138 -8.13138 0
    endloop
  endfacet
  facet normal 0 0 -1
    outer loop
      vertex -8.13138 -8.13138 0
      vertex -6.6071 -6.6071 0
      vertex -8.01503 -8.23682 0
    endloop
  endfacet
  facet normal 0 0 -1
    outer loop
      vertex -8.01503 -8.23682 0
      vertex -6.6071 -6.6071 0
      vertex -7.88892 -8.33035 0
    endloop
  endfacet
  facet normal -0 0 -1
    outer loop
      vertex -6.53439 -6.673 0
      vertex -7.88892 -8.33035 0
      vertex -6.6071 -6.6071 0
    endloop
  endfacet
  facet normal 0 0 -1
    outer loop
      vertex -7.88892 -8.33035 0
      vertex -6.53439 -6.673 0
      vertex -7.75424 -8.41107 0
    endloop
  endfacet
  facet normal 0 0 -1
    outer loop
      vertex -7.75424 -8.41107 0
      vertex -6.53439 -6.673 0
      vertex -7.61229 -8.47821 0
    endloop
  endfacet
  facet normal 0 0 -1
    outer loop
      vertex -7.61229 -8.47821 0
      vertex -6.53439 -6.673 0
      vertex -7.46446 -8.5311 0
    endloop
  endfacet
  facet normal 0 0 -1
    outer loop
      vertex -7.46446 -8.5311 0
      vertex -6.53439 -6.673 0
      vertex -7.31215 -8.56926 0
    endloop
  endfacet
  facet normal -0 0 -1
    outer loop
      vertex -6.45557 -6.73146 0
      vertex -7.31215 -8.56926 0
      vertex -6.53439 -6.673 0
    endloop
  endfacet
  facet normal 0 0 -1
    outer loop
      vertex -7.31215 -8.56926 0
      vertex -6.45557 -6.73146 0
      vertex -7.15683 -8.5923 0
    endloop
  endfacet
  facet normal 0 0 -1
    outer loop
      vertex -7.15683 -8.5923 0
      vertex -6.45557 -6.73146 0
      vertex -7 -8.60001 0
    endloop
  endfacet
  facet normal -0 0 -1
    outer loop
      vertex -6.37138 -6.78192 0
      vertex -7 -8.60001 0
      vertex -6.45557 -6.73146 0
    endloop
  endfacet
  facet normal -0 0 -1
    outer loop
      vertex -6.28268 -6.82387 0
      vertex -7 -8.60001 0
      vertex -6.37138 -6.78192 0
    endloop
  endfacet
  facet normal -0 0 -1
    outer loop
      vertex -6.19028 -6.85693 0
      vertex -7 -8.60001 0
      vertex -6.28268 -6.82387 0
    endloop
  endfacet
  facet normal -0 0 -1
    outer loop
      vertex -6.09508 -6.88078 0
      vertex -7 -8.60001 0
      vertex -6.19028 -6.85693 0
    endloop
  endfacet
  facet normal -0 0 -1
    outer loop
      vertex -5.99802 -6.89517 0
      vertex -7 -8.60001 0
      vertex -6.09508 -6.88078 0
    endloop
  endfacet
  facet normal -0 0 -1
    outer loop
      vertex -5.89999 -6.89999 0
      vertex -7 -8.60001 0
      vertex -5.99802 -6.89517 0
    endloop
  endfacet
  facet normal -0 0 -1
    outer loop
      vertex 8.23682 8.01503 0
      vertex 6.6071 6.6071 0
      vertex 8.13138 8.13138 0
    endloop
  endfacet
  facet normal -0 0 -1
    outer loop
      vertex 8.13138 8.13138 0
      vertex 6.6071 6.6071 0
      vertex 8.01503 8.23682 0
    endloop
  endfacet
  facet normal -0 0 -1
    outer loop
      vertex 8.01503 8.23682 0
      vertex 6.6071 6.6071 0
      vertex 7.88892 8.33035 0
    endloop
  endfacet
  facet normal 0 0 -1
    outer loop
      vertex 6.53439 6.673 0
      vertex 7.88892 8.33035 0
      vertex 6.6071 6.6071 0
    endloop
  endfacet
  facet normal -0 0 -1
    outer loop
      vertex 7.88892 8.33035 0
      vertex 6.53439 6.673 0
      vertex 7.75424 8.41107 0
    endloop
  endfacet
  facet normal -0 0 -1
    outer loop
      vertex 7.75424 8.41107 0
      vertex 6.53439 6.673 0
      vertex 7.61229 8.47821 0
    endloop
  endfacet
  facet normal -0 0 -1
    outer loop
      vertex 7.61229 8.47821 0
      vertex 6.53439 6.673 0
      vertex 7.46446 8.5311 0
    endloop
  endfacet
  facet normal -0 0 -1
    outer loop
      vertex 7.46446 8.5311 0
      vertex 6.53439 6.673 0
      vertex 7.31215 8.56926 0
    endloop
  endfacet
  facet normal 0 0 -1
    outer loop
      vertex 6.45557 6.73146 0
      vertex 7.31215 8.56926 0
      vertex 6.53439 6.673 0
    endloop
  endfacet
  facet normal -0 0 -1
    outer loop
      vertex 7.31215 8.56926 0
      vertex 6.45557 6.73146 0
      vertex 7.15683 8.5923 0
    endloop
  endfacet
  facet normal -0 0 -1
    outer loop
      vertex 7.15683 8.5923 0
      vertex 6.45557 6.73146 0
      vertex 7 8.60001 0
    endloop
  endfacet
  facet normal 0 0 -1
    outer loop
      vertex 6.37138 6.78192 0
      vertex 7 8.60001 0
      vertex 6.45557 6.73146 0
    endloop
  endfacet
  facet normal 0 0 -1
    outer loop
      vertex 6.28268 6.82387 0
      vertex 7 8.60001 0
      vertex 6.37138 6.78192 0
    endloop
  endfacet
  facet normal 0 0 -1
    outer loop
      vertex 6.19028 6.85693 0
      vertex 7 8.60001 0
      vertex 6.28268 6.82387 0
    endloop
  endfacet
  facet normal 0 0 -1
    outer loop
      vertex 6.09508 6.88078 0
      vertex 7 8.60001 0
      vertex 6.19028 6.85693 0
    endloop
  endfacet
  facet normal 0 0 -1
    outer loop
      vertex 5.99802 6.89517 0
      vertex 7 8.60001 0
      vertex 6.09508 6.88078 0
    endloop
  endfacet
  facet normal 0 0 -1
    outer loop
      vertex 5.89999 6.89999 0
      vertex 7 8.60001 0
      vertex 5.99802 6.89517 0
    endloop
  endfacet
  facet normal 0 0 -1
    outer loop
      vertex -5.89999 6.89999 0
      vertex 7 8.60001 0
      vertex 5.89999 6.89999 0
    endloop
  endfacet
  facet normal 0 0 -1
    outer loop
      vertex -7 8.60001 0
      vertex -5.89999 6.89999 0
      vertex -5.99802 6.89517 0
    endloop
  endfacet
  facet normal 0 0 -1
    outer loop
      vertex -5.89999 6.89999 0
      vertex -7 8.60001 0
      vertex 7 8.60001 0
    endloop
  endfacet
  facet normal 0 0 -1
    outer loop
      vertex -6.09508 6.88078 0
      vertex -7 8.60001 0
      vertex -5.99802 6.89517 0
    endloop
  endfacet
  facet normal 0 0 -1
    outer loop
      vertex -6.19028 6.85693 0
      vertex -7 8.60001 0
      vertex -6.09508 6.88078 0
    endloop
  endfacet
  facet normal 0 0 -1
    outer loop
      vertex -6.28268 6.82387 0
      vertex -7 8.60001 0
      vertex -6.19028 6.85693 0
    endloop
  endfacet
  facet normal 0 0 -1
    outer loop
      vertex -6.37138 6.78192 0
      vertex -7 8.60001 0
      vertex -6.28268 6.82387 0
    endloop
  endfacet
  facet normal 0 0 -1
    outer loop
      vertex -6.45557 6.73146 0
      vertex -7 8.60001 0
      vertex -6.37138 6.78192 0
    endloop
  endfacet
  facet normal 0 0 -1
    outer loop
      vertex -7.31215 8.56926 0
      vertex -6.45557 6.73146 0
      vertex -6.53439 6.673 0
    endloop
  endfacet
  facet normal 0 0 -1
    outer loop
      vertex -7.88892 8.33035 0
      vertex -6.53439 6.673 0
      vertex -6.6071 6.6071 0
    endloop
  endfacet
  facet normal 0 0 -1
    outer loop
      vertex -8.33035 7.88892 0
      vertex -6.6071 6.6071 0
      vertex -6.673 6.53439 0
    endloop
  endfacet
  facet normal 0 0 -1
    outer loop
      vertex -8.56926 7.31215 0
      vertex -6.673 6.53439 0
      vertex -6.73146 6.45557 0
    endloop
  endfacet
  facet normal 0 0 -1
    outer loop
      vertex -8.60001 7 0
      vertex -6.73146 6.45557 0
      vertex -6.78192 6.37138 0
    endloop
  endfacet
  facet normal 0 0 -1
    outer loop
      vertex -8.60001 7 0
      vertex -6.78192 6.37138 0
      vertex -6.82387 6.28268 0
    endloop
  endfacet
  facet normal 0 0 -1
    outer loop
      vertex -8.60001 7 0
      vertex -6.82387 6.28268 0
      vertex -6.85693 6.19028 0
    endloop
  endfacet
  facet normal 0 0 -1
    outer loop
      vertex -8.60001 7 0
      vertex -6.85693 6.19028 0
      vertex -6.88078 6.09508 0
    endloop
  endfacet
  facet normal 0 0 -1
    outer loop
      vertex -8.60001 7 0
      vertex -6.88078 6.09508 0
      vertex -6.89517 5.99802 0
    endloop
  endfacet
  facet normal 0 0 -1
    outer loop
      vertex -8.60001 7 0
      vertex -6.89517 5.99802 0
      vertex -6.89999 5.89999 0
    endloop
  endfacet
  facet normal -0 0 -1
    outer loop
      vertex -6.89999 -5.89999 0
      vertex -8.60001 -7 0
      vertex -6.89999 5.89999 0
    endloop
  endfacet
  facet normal 0 0 -1
    outer loop
      vertex -8.33035 -7.88892 0
      vertex -6.6071 -6.6071 0
      vertex -8.23682 -8.01503 0
    endloop
  endfacet
  facet normal 0 0 -1
    outer loop
      vertex -8.60001 7 0
      vertex -6.89999 5.89999 0
      vertex -8.60001 -7 0
    endloop
  endfacet
  facet normal -0 0 -1
    outer loop
      vertex -6.6071 -6.6071 0
      vertex -8.33035 -7.88892 0
      vertex -6.673 -6.53439 0
    endloop
  endfacet
  facet normal 0 0 -1
    outer loop
      vertex -6.73146 6.45557 0
      vertex -8.60001 7 0
      vertex -8.5923 7.15683 0
    endloop
  endfacet
  facet normal 0 0 -1
    outer loop
      vertex -8.41107 -7.75424 0
      vertex -6.673 -6.53439 0
      vertex -8.33035 -7.88892 0
    endloop
  endfacet
  facet normal 0 0 -1
    outer loop
      vertex -6.45557 6.73146 0
      vertex -7.15683 8.5923 0
      vertex -7 8.60001 0
    endloop
  endfacet
  facet normal 0 0 -1
    outer loop
      vertex -8.47821 -7.61229 0
      vertex -6.673 -6.53439 0
      vertex -8.41107 -7.75424 0
    endloop
  endfacet
  facet normal 0 0 -1
    outer loop
      vertex -6.45557 6.73146 0
      vertex -7.31215 8.56926 0
      vertex -7.15683 8.5923 0
    endloop
  endfacet
  facet normal 0 0 -1
    outer loop
      vertex -8.5311 -7.46446 0
      vertex -6.673 -6.53439 0
      vertex -8.47821 -7.61229 0
    endloop
  endfacet
  facet normal 0 0 -1
    outer loop
      vertex -6.53439 6.673 0
      vertex -7.46446 8.5311 0
      vertex -7.31215 8.56926 0
    endloop
  endfacet
  facet normal 0 0 -1
    outer loop
      vertex -8.56926 -7.31215 0
      vertex -6.673 -6.53439 0
      vertex -8.5311 -7.46446 0
    endloop
  endfacet
  facet normal 0 0 -1
    outer loop
      vertex -6.53439 6.673 0
      vertex -7.61229 8.47821 0
      vertex -7.46446 8.5311 0
    endloop
  endfacet
  facet normal -0 0 -1
    outer loop
      vertex -6.673 -6.53439 0
      vertex -8.56926 -7.31215 0
      vertex -6.73146 -6.45557 0
    endloop
  endfacet
  facet normal 0 0 -1
    outer loop
      vertex -6.53439 6.673 0
      vertex -7.75424 8.41107 0
      vertex -7.61229 8.47821 0
    endloop
  endfacet
  facet normal 0 0 -1
    outer loop
      vertex -8.5923 -7.15683 0
      vertex -6.73146 -6.45557 0
      vertex -8.56926 -7.31215 0
    endloop
  endfacet
  facet normal 0 0 -1
    outer loop
      vertex -6.53439 6.673 0
      vertex -7.88892 8.33035 0
      vertex -7.75424 8.41107 0
    endloop
  endfacet
  facet normal 0 0 -1
    outer loop
      vertex -8.60001 -7 0
      vertex -6.73146 -6.45557 0
      vertex -8.5923 -7.15683 0
    endloop
  endfacet
  facet normal 0 0 -1
    outer loop
      vertex -6.6071 6.6071 0
      vertex -8.01503 8.23682 0
      vertex -7.88892 8.33035 0
    endloop
  endfacet
  facet normal -0 0 -1
    outer loop
      vertex -6.73146 -6.45557 0
      vertex -8.60001 -7 0
      vertex -6.78192 -6.37138 0
    endloop
  endfacet
  facet normal 0 0 -1
    outer loop
      vertex -6.6071 6.6071 0
      vertex -8.13138 8.13138 0
      vertex -8.01503 8.23682 0
    endloop
  endfacet
  facet normal -0 0 -1
    outer loop
      vertex -6.78192 -6.37138 0
      vertex -8.60001 -7 0
      vertex -6.82387 -6.28268 0
    endloop
  endfacet
  facet normal 0 0 -1
    outer loop
      vertex -6.6071 6.6071 0
      vertex -8.23682 8.01503 0
      vertex -8.13138 8.13138 0
    endloop
  endfacet
  facet normal -0 0 -1
    outer loop
      vertex -6.82387 -6.28268 0
      vertex -8.60001 -7 0
      vertex -6.85693 -6.19028 0
    endloop
  endfacet
  facet normal 0 0 -1
    outer loop
      vertex -6.6071 6.6071 0
      vertex -8.33035 7.88892 0
      vertex -8.23682 8.01503 0
    endloop
  endfacet
  facet normal -0 0 -1
    outer loop
      vertex -6.85693 -6.19028 0
      vertex -8.60001 -7 0
      vertex -6.88078 -6.09508 0
    endloop
  endfacet
  facet normal 0 0 -1
    outer loop
      vertex -6.673 6.53439 0
      vertex -8.41107 7.75424 0
      vertex -8.33035 7.88892 0
    endloop
  endfacet
  facet normal -0 0 -1
    outer loop
      vertex -6.88078 -6.09508 0
      vertex -8.60001 -7 0
      vertex -6.89517 -5.99802 0
    endloop
  endfacet
  facet normal 0 0 -1
    outer loop
      vertex -6.673 6.53439 0
      vertex -8.47821 7.61229 0
      vertex -8.41107 7.75424 0
    endloop
  endfacet
  facet normal -0 0 -1
    outer loop
      vertex -6.89517 -5.99802 0
      vertex -8.60001 -7 0
      vertex -6.89999 -5.89999 0
    endloop
  endfacet
  facet normal 0 0 -1
    outer loop
      vertex -6.673 6.53439 0
      vertex -8.5311 7.46446 0
      vertex -8.47821 7.61229 0
    endloop
  endfacet
  facet normal 0 0 -1
    outer loop
      vertex -6.673 6.53439 0
      vertex -8.56926 7.31215 0
      vertex -8.5311 7.46446 0
    endloop
  endfacet
  facet normal 0 0 -1
    outer loop
      vertex -6.73146 6.45557 0
      vertex -8.5923 7.15683 0
      vertex -8.56926 7.31215 0
    endloop
  endfacet
  facet normal 0.336865 -0.941553 0
    outer loop
      vertex 7.46446 -8.5311 0
      vertex 7.61229 -8.47821 0.4
      vertex 7.46446 -8.5311 0.4
    endloop
  endfacet
  facet normal 0.336865 -0.941553 0
    outer loop
      vertex 7.61229 -8.47821 0.4
      vertex 7.46446 -8.5311 0
      vertex 7.61229 -8.47821 0
    endloop
  endfacet
  facet normal -0.970019 -0.24303 0
    outer loop
      vertex -8.5311 -7.46446 0
      vertex -8.56926 -7.31215 0.4
      vertex -8.56926 -7.31215 0
    endloop
  endfacet
  facet normal -0.970019 -0.24303 0
    outer loop
      vertex -8.56926 -7.31215 0.4
      vertex -8.5311 -7.46446 0
      vertex -8.5311 -7.46446 0.4
    endloop
  endfacet
  facet normal 0.757339 -0.485588 0.436626
    outer loop
      vertex 8.33035 -7.88892 0.4
      vertex 5.88049 -4.63098 8.27263
      vertex 5.79851 -4.75642 8.27532
    endloop
  endfacet
  facet normal 0.757414 -0.485487 0.436607
    outer loop
      vertex 5.88049 -4.63098 8.27263
      vertex 8.33035 -7.88892 0.4
      vertex 5.90264 -4.59708 8.2719
    endloop
  endfacet
  facet normal 0.903983 0.427569 0
    outer loop
      vertex 8.47821 7.61229 0.4
      vertex 8.41107 7.75424 0
      vertex 8.41107 7.75424 0.4
    endloop
  endfacet
  facet normal 0.903983 0.427569 0
    outer loop
      vertex 8.41107 7.75424 0
      vertex 8.47821 7.61229 0.4
      vertex 8.47821 7.61229 0
    endloop
  endfacet
  facet normal 0.749087 0.555563 0.360859
    outer loop
      vertex 5.8132 5.98199 8.56104
      vertex 8.33035 7.88892 0.4
      vertex 8.23682 8.01503 0.4
    endloop
  endfacet
  facet normal 0.748778 0.555977 0.360861
    outer loop
      vertex 8.33035 7.88892 0.4
      vertex 5.8132 5.98199 8.56104
      vertex 5.81946 5.97402 8.56033
    endloop
  endfacet
  facet normal -0.85774 -0.514084 0
    outer loop
      vertex -8.33035 -7.88892 0
      vertex -8.41107 -7.75424 0.4
      vertex -8.41107 -7.75424 0
    endloop
  endfacet
  facet normal -0.85774 -0.514084 0
    outer loop
      vertex -8.41107 -7.75424 0.4
      vertex -8.33035 -7.88892 0
      vertex -8.33035 -7.88892 0.4
    endloop
  endfacet
  facet normal 0.0483124 0.969535 0.24014
    outer loop
      vertex 4.47785 6.7312 8.45294
      vertex 7.15683 8.5923 0.4
      vertex 4.35719 6.74123 8.43672
    endloop
  endfacet
  facet normal 0.0484301 0.969521 0.240175
    outer loop
      vertex 4.49647 6.72944 8.45629
      vertex 7.15683 8.5923 0.4
      vertex 4.47785 6.7312 8.45294
    endloop
  endfacet
  facet normal 0.0483509 0.969531 0.240152
    outer loop
      vertex 7.15683 8.5923 0.4
      vertex 4.49647 6.72944 8.45629
      vertex 4.52796 6.72621 8.46299
    endloop
  endfacet
  facet normal 0.411835 0.849842 0.328878
    outer loop
      vertex 7.75424 8.41107 0.4
      vertex 5.19155 6.49858 8.5511
      vertex 5.22994 6.47885 8.55401
    endloop
  endfacet
  facet normal 0.411866 0.849824 0.328884
    outer loop
      vertex 5.19155 6.49858 8.5511
      vertex 7.75424 8.41107 0.4
      vertex 5.07054 6.56078 8.54192
    endloop
  endfacet
  facet normal 0.483323 0.806417 0.34072
    outer loop
      vertex 7.75424 8.41107 0.4
      vertex 5.23911 6.47319 8.55439
      vertex 7.88892 8.33035 0.4
    endloop
  endfacet
  facet normal 0.483537 0.806276 0.340752
    outer loop
      vertex 5.23911 6.47319 8.55439
      vertex 7.75424 8.41107 0.4
      vertex 5.22994 6.47885 8.55401
    endloop
  endfacet
  facet normal -0.671512 -0.740994 0
    outer loop
      vertex -8.13138 -8.13138 0
      vertex -8.01503 -8.23682 0.4
      vertex -8.13138 -8.13138 0.4
    endloop
  endfacet
  facet normal -0.671512 -0.740994 -0
    outer loop
      vertex -8.01503 -8.23682 0.4
      vertex -8.13138 -8.13138 0
      vertex -8.01503 -8.23682 0
    endloop
  endfacet
  facet normal -0.691069 0.626268 0.360849
    outer loop
      vertex -8.23682 8.01503 0.4
      vertex -5.68354 6.12558 8.56905
      vertex -8.13138 8.13138 0.4
    endloop
  endfacet
  facet normal -0.691492 0.625789 0.36087
    outer loop
      vertex -5.68354 6.12558 8.56905
      vertex -8.23682 8.01503 0.4
      vertex -5.69047 6.11813 8.56869
    endloop
  endfacet
  facet normal 0.846539 0.400399 0.350788
    outer loop
      vertex 6.02996 5.66249 8.5338
      vertex 8.47821 7.61229 0.4
      vertex 8.41107 7.75424 0.4
    endloop
  endfacet
  facet normal 0.846768 0.39995 0.350749
    outer loop
      vertex 8.47821 7.61229 0.4
      vertex 6.02996 5.66249 8.5338
      vertex 6.03465 5.65349 8.53274
    endloop
  endfacet
  facet normal 0.855959 0.38144 0.349052
    outer loop
      vertex 8.47821 7.61229 0.4
      vertex 6.03465 5.65349 8.53274
      vertex 6.1157 5.49039 8.51222
    endloop
  endfacet
  facet normal 0.893122 0.296688 0.338096
    outer loop
      vertex 8.5311 7.46446 0.4
      vertex 6.11963 5.48093 8.51079
      vertex 6.18557 5.31272 8.48421
    endloop
  endfacet
  facet normal 0.916662 0.229662 0.327086
    outer loop
      vertex 6.18557 5.31272 8.48421
      vertex 8.56926 7.31215 0.4
      vertex 8.5311 7.46446 0.4
    endloop
  endfacet
  facet normal 0.916568 0.229971 0.327134
    outer loop
      vertex 8.56926 7.31215 0.4
      vertex 6.18557 5.31272 8.48421
      vertex 6.18871 5.30278 8.4824
    endloop
  endfacet
  facet normal 0.956021 0.0469994 0.289508
    outer loop
      vertex 6.27106 4.94387 8.42452
      vertex 8.60001 7 0.4
      vertex 8.5923 7.15683 0.4
    endloop
  endfacet
  facet normal 0.956077 0.0465176 0.289401
    outer loop
      vertex 8.60001 7 0.4
      vertex 6.27106 4.94387 8.42452
      vertex 6.27211 4.93299 8.4228
    endloop
  endfacet
  facet normal 0.702558 0.613049 0.361362
    outer loop
      vertex 8.23682 8.01503 0.4
      vertex 5.69047 6.11813 8.56869
      vertex 5.8132 5.98199 8.56104
    endloop
  endfacet
  facet normal 0.922764 0.209026 0.323752
    outer loop
      vertex 6.23444 5.14653 8.45294
      vertex 8.56926 7.31215 0.4
      vertex 6.18871 5.30278 8.4824
    endloop
  endfacet
  facet normal 0.922734 0.209127 0.323771
    outer loop
      vertex 8.56926 7.31215 0.4
      vertex 6.23444 5.14653 8.45294
      vertex 6.23871 5.13108 8.45075
    endloop
  endfacet
  facet normal 0.941553 0.336865 0
    outer loop
      vertex 8.5311 7.46446 0.4
      vertex 8.47821 7.61229 0
      vertex 8.47821 7.61229 0.4
    endloop
  endfacet
  facet normal 0.941553 0.336865 0
    outer loop
      vertex 8.47821 7.61229 0
      vertex 8.5311 7.46446 0.4
      vertex 8.5311 7.46446 0
    endloop
  endfacet
  facet normal 0.885239 0.316717 0.34065
    outer loop
      vertex 6.1157 5.49039 8.51222
      vertex 8.5311 7.46446 0.4
      vertex 8.47821 7.61229 0.4
    endloop
  endfacet
  facet normal 0.885393 0.316335 0.340603
    outer loop
      vertex 8.5311 7.46446 0.4
      vertex 6.1157 5.49039 8.51222
      vertex 6.11963 5.48093 8.51079
    endloop
  endfacet
  facet normal -0.803206 -0.595701 0
    outer loop
      vertex -8.23682 -8.01503 0
      vertex -8.33035 -7.88892 0.4
      vertex -8.33035 -7.88892 0
    endloop
  endfacet
  facet normal -0.803206 -0.595701 0
    outer loop
      vertex -8.33035 -7.88892 0.4
      vertex -8.23682 -8.01503 0
      vertex -8.23682 -8.01503 0.4
    endloop
  endfacet
  facet normal 0.24303 0.970019 -0
    outer loop
      vertex 7.46446 8.5311 0
      vertex 7.31215 8.56926 0.4
      vertex 7.46446 8.5311 0.4
    endloop
  endfacet
  facet normal 0.24303 0.970019 0
    outer loop
      vertex 7.31215 8.56926 0.4
      vertex 7.46446 8.5311 0
      vertex 7.31215 8.56926 0
    endloop
  endfacet
  facet normal -0.210927 0.86569 -0.453972
    outer loop
      vertex 3.47736 -3.98857 6.73149
      vertex 6.09508 -6.88078 0
      vertex 3.35361 -4.01954 6.72993
    endloop
  endfacet
  facet normal -0.132198 0.891673 -0.432948
    outer loop
      vertex 6.09508 -6.88078 0
      vertex 5.99802 -6.89517 0
      vertex 3.35361 -4.01954 6.72993
    endloop
  endfacet
  facet normal 0 0.920537 -0.390656
    outer loop
      vertex 5.89999 -6.89999 0
      vertex -3.09999 -4.04449 6.72867
      vertex 3.09999 -4.04449 6.72867
    endloop
  endfacet
  facet normal 0 0.920537 -0.390656
    outer loop
      vertex -3.09999 -4.04449 6.72867
      vertex 5.89999 -6.89999 0
      vertex -5.89999 -6.89999 0
    endloop
  endfacet
  facet normal -3.7719e-05 0.0504579 -0.998726
    outer loop
      vertex 3.47736 -3.98857 6.73149
      vertex 3.35361 -4.01954 6.72993
      vertex 3.22742 -4.03824 6.72899
    endloop
  endfacet
  facet normal -0.000291395 0.0498668 -0.998756
    outer loop
      vertex -3.82224 -3.82568 6.73968
      vertex -3.9247 -3.74977 6.7435
      vertex -4.01923 -3.6642 6.7478
    endloop
  endfacet
  facet normal 0.685363 0.534 -0.495098
    outer loop
      vertex -4.18091 -3.46746 6.7577
      vertex -4.1049 -3.56979 6.75255
      vertex -6.673 -6.53439 0
    endloop
  endfacet
  facet normal -0.724836 -0.537603 -0.430808
    outer loop
      vertex 6.673 6.53439 0
      vertex 6.73146 6.45557 0
      vertex 4.1049 4.26969 7.14694
    endloop
  endfacet
  facet normal 3.61548e-05 0.0502352 -0.998737
    outer loop
      vertex 4.37502 3.69932 7.11825
      vertex 3.28411 -0.323456 6.91587
      vertex 3.3 0 6.93214
    endloop
  endfacet
  facet normal 5.44459e-05 0.0502496 -0.998737
    outer loop
      vertex 3.7128 -3.89118 6.73639
      vertex 3.23659 -0.643798 6.89975
      vertex 3.28411 -0.323456 6.91587
    endloop
  endfacet
  facet normal -2.3267e-05 0.0502382 -0.998737
    outer loop
      vertex 3.7128 -3.89118 6.73639
      vertex 3.1579 -0.957939 6.88395
      vertex 3.23659 -0.643798 6.89975
    endloop
  endfacet
  facet normal 6.6345e-06 0.0502438 -0.998737
    outer loop
      vertex 3.7128 -3.89118 6.73639
      vertex 3.0488 -1.26285 6.86861
      vertex 3.1579 -0.957939 6.88395
    endloop
  endfacet
  facet normal 1.17594e-05 0.0502451 -0.998737
    outer loop
      vertex 3.7128 -3.89118 6.73639
      vertex 2.91034 -1.55561 6.85388
      vertex 3.0488 -1.26285 6.86861
    endloop
  endfacet
  facet normal -1.18925e-05 0.050237 -0.998737
    outer loop
      vertex 3.7128 -3.89118 6.73639
      vertex 2.74385 -1.83338 6.83991
      vertex 2.91034 -1.55561 6.85388
    endloop
  endfacet
  facet normal 1.38179e-05 0.0502491 -0.998737
    outer loop
      vertex 3.7128 -3.89118 6.73639
      vertex 2.55093 -2.0935 6.82682
      vertex 2.74385 -1.83338 6.83991
    endloop
  endfacet
  facet normal -1.01536e-06 0.0502395 -0.998737
    outer loop
      vertex 3.7128 -3.89118 6.73639
      vertex 2.33345 -2.33345 6.81475
      vertex 2.55093 -2.0935 6.82682
    endloop
  endfacet
  facet normal -2.46957e-07 0.0502402 -0.998737
    outer loop
      vertex 3.7128 -3.89118 6.73639
      vertex 2.0935 -2.55093 6.80381
      vertex 2.33345 -2.33345 6.81475
    endloop
  endfacet
  facet normal -9.43014e-06 0.0502292 -0.998738
    outer loop
      vertex 3.7128 -3.89118 6.73639
      vertex 1.83338 -2.74385 6.79411
      vertex 2.0935 -2.55093 6.80381
    endloop
  endfacet
  facet normal 7.6259e-06 0.050257 -0.998736
    outer loop
      vertex 3.7128 -3.89118 6.73639
      vertex 1.55561 -2.91034 6.78573
      vertex 1.83338 -2.74385 6.79411
    endloop
  endfacet
  facet normal 8.24854e-06 0.0502584 -0.998736
    outer loop
      vertex 3.7128 -3.89118 6.73639
      vertex 1.26285 -3.0488 6.77876
      vertex 1.55561 -2.91034 6.78573
    endloop
  endfacet
  facet normal 3.99997e-06 0.0502461 -0.998737
    outer loop
      vertex 3.7128 -3.89118 6.73639
      vertex 0.957939 -3.1579 6.77327
      vertex 1.26285 -3.0488 6.77876
    endloop
  endfacet
  facet normal -1.25781e-05 0.0501839 -0.99874
    outer loop
      vertex 3.7128 -3.89118 6.73639
      vertex 0.643798 -3.23659 6.76932
      vertex 0.957939 -3.1579 6.77327
    endloop
  endfacet
  facet normal -1.02112e-06 0.050238 -0.998737
    outer loop
      vertex 3.7128 -3.89118 6.73639
      vertex 0.323456 -3.28411 6.76693
      vertex 0.643798 -3.23659 6.76932
    endloop
  endfacet
  facet normal 1.4984e-06 0.050252 -0.998737
    outer loop
      vertex 3.7128 -3.89118 6.73639
      vertex 0 -3.3 6.76613
      vertex 0.323456 -3.28411 6.76693
    endloop
  endfacet
  facet normal 0 0.0502426 -0.998737
    outer loop
      vertex -3.7128 -3.89118 6.73639
      vertex 0 -3.3 6.76613
      vertex 3.7128 -3.89118 6.73639
    endloop
  endfacet
  facet normal -1.4984e-06 0.050252 -0.998737
    outer loop
      vertex 0 -3.3 6.76613
      vertex -3.7128 -3.89118 6.73639
      vertex -0.323456 -3.28411 6.76693
    endloop
  endfacet
  facet normal -5.00501e-06 0.0502436 -0.998737
    outer loop
      vertex -4.37502 3.69932 7.11825
      vertex -3.28411 -0.323456 6.91587
      vertex -3.7128 -3.89118 6.73639
    endloop
  endfacet
  facet normal -5.44459e-05 0.0502496 -0.998737
    outer loop
      vertex -3.23659 -0.643798 6.89975
      vertex -3.7128 -3.89118 6.73639
      vertex -3.28411 -0.323456 6.91587
    endloop
  endfacet
  facet normal 2.3267e-05 0.0502382 -0.998737
    outer loop
      vertex -3.1579 -0.957939 6.88395
      vertex -3.7128 -3.89118 6.73639
      vertex -3.23659 -0.643798 6.89975
    endloop
  endfacet
  facet normal -6.6345e-06 0.0502438 -0.998737
    outer loop
      vertex -3.0488 -1.26285 6.86861
      vertex -3.7128 -3.89118 6.73639
      vertex -3.1579 -0.957939 6.88395
    endloop
  endfacet
  facet normal -1.17594e-05 0.0502451 -0.998737
    outer loop
      vertex -2.91034 -1.55561 6.85388
      vertex -3.7128 -3.89118 6.73639
      vertex -3.0488 -1.26285 6.86861
    endloop
  endfacet
  facet normal 1.18925e-05 0.050237 -0.998737
    outer loop
      vertex -2.74385 -1.83338 6.83991
      vertex -3.7128 -3.89118 6.73639
      vertex -2.91034 -1.55561 6.85388
    endloop
  endfacet
  facet normal -1.38179e-05 0.0502491 -0.998737
    outer loop
      vertex -2.55093 -2.0935 6.82682
      vertex -3.7128 -3.89118 6.73639
      vertex -2.74385 -1.83338 6.83991
    endloop
  endfacet
  facet normal 1.01536e-06 0.0502395 -0.998737
    outer loop
      vertex -2.33345 -2.33345 6.81475
      vertex -3.7128 -3.89118 6.73639
      vertex -2.55093 -2.0935 6.82682
    endloop
  endfacet
  facet normal 2.46957e-07 0.0502402 -0.998737
    outer loop
      vertex -2.0935 -2.55093 6.80381
      vertex -3.7128 -3.89118 6.73639
      vertex -2.33345 -2.33345 6.81475
    endloop
  endfacet
  facet normal 9.43014e-06 0.0502292 -0.998738
    outer loop
      vertex -1.83338 -2.74385 6.79411
      vertex -3.7128 -3.89118 6.73639
      vertex -2.0935 -2.55093 6.80381
    endloop
  endfacet
  facet normal -7.6259e-06 0.050257 -0.998736
    outer loop
      vertex -1.55561 -2.91034 6.78573
      vertex -3.7128 -3.89118 6.73639
      vertex -1.83338 -2.74385 6.79411
    endloop
  endfacet
  facet normal -8.24854e-06 0.0502584 -0.998736
    outer loop
      vertex -1.26285 -3.0488 6.77876
      vertex -3.7128 -3.89118 6.73639
      vertex -1.55561 -2.91034 6.78573
    endloop
  endfacet
  facet normal -3.99997e-06 0.0502461 -0.998737
    outer loop
      vertex -0.957939 -3.1579 6.77327
      vertex -3.7128 -3.89118 6.73639
      vertex -1.26285 -3.0488 6.77876
    endloop
  endfacet
  facet normal 1.25781e-05 0.0501839 -0.99874
    outer loop
      vertex -0.643798 -3.23659 6.76932
      vertex -3.7128 -3.89118 6.73639
      vertex -0.957939 -3.1579 6.77327
    endloop
  endfacet
  facet normal 1.02112e-06 0.050238 -0.998737
    outer loop
      vertex -0.323456 -3.28411 6.76693
      vertex -3.7128 -3.89118 6.73639
      vertex -0.643798 -3.23659 6.76932
    endloop
  endfacet
  facet normal 5.00501e-06 0.0502436 -0.998737
    outer loop
      vertex 3.28411 -0.323456 6.91587
      vertex 4.37502 3.69932 7.11825
      vertex 3.7128 -3.89118 6.73639
    endloop
  endfacet
  facet normal 2.56985e-05 0.0502383 -0.998737
    outer loop
      vertex 3.28411 0.323456 6.94841
      vertex 4.37502 3.69932 7.11825
      vertex 3.3 0 6.93214
    endloop
  endfacet
  facet normal -2.3588e-05 0.0502541 -0.998736
    outer loop
      vertex 3.23659 0.643798 6.96453
      vertex 4.37502 3.69932 7.11825
      vertex 3.28411 0.323456 6.94841
    endloop
  endfacet
  facet normal 2.08858e-05 0.0502376 -0.998737
    outer loop
      vertex 3.1579 0.957939 6.98033
      vertex 4.37502 3.69932 7.11825
      vertex 3.23659 0.643798 6.96453
    endloop
  endfacet
  facet normal 8.05579e-07 0.0502465 -0.998737
    outer loop
      vertex 3.0488 1.26285 6.99567
      vertex 4.37502 3.69932 7.11825
      vertex 3.1579 0.957939 6.98033
    endloop
  endfacet
  facet normal -3.6919e-06 0.0502489 -0.998737
    outer loop
      vertex 2.91034 1.55561 7.0104
      vertex 4.37502 3.69932 7.11825
      vertex 3.0488 1.26285 6.99567
    endloop
  endfacet
  facet normal -1.51315e-05 0.0502567 -0.998736
    outer loop
      vertex 2.74385 1.83338 7.02438
      vertex 4.37502 3.69932 7.11825
      vertex 2.91034 1.55561 7.0104
    endloop
  endfacet
  facet normal 1.39687e-05 0.0502314 -0.998738
    outer loop
      vertex 2.55093 2.0935 7.03746
      vertex 4.37502 3.69932 7.11825
      vertex 2.74385 1.83338 7.02438
    endloop
  endfacet
  facet normal 4.20487e-06 0.0502424 -0.998737
    outer loop
      vertex 2.33345 2.33345 7.04953
      vertex 4.37502 3.69932 7.11825
      vertex 2.55093 2.0935 7.03746
    endloop
  endfacet
  facet normal 3.37484e-06 0.0502437 -0.998737
    outer loop
      vertex 2.0935 2.55093 7.06047
      vertex 4.37502 3.69932 7.11825
      vertex 2.33345 2.33345 7.04953
    endloop
  endfacet
  facet normal -5.3383e-06 0.0502609 -0.998736
    outer loop
      vertex 1.83338 2.74385 7.07018
      vertex 4.37502 3.69932 7.11825
      vertex 2.0935 2.55093 7.06047
    endloop
  endfacet
  facet normal -5.31497e-06 0.0502609 -0.998736
    outer loop
      vertex 1.55561 2.91034 7.07856
      vertex 4.37502 3.69932 7.11825
      vertex 1.83338 2.74385 7.07018
    endloop
  endfacet
  facet normal 6.71326e-06 0.050218 -0.998738
    outer loop
      vertex 1.26285 3.0488 7.08552
      vertex 4.37502 3.69932 7.11825
      vertex 1.55561 2.91034 7.07856
    endloop
  endfacet
  facet normal -9.50296e-07 0.0502546 -0.998736
    outer loop
      vertex 0.957939 3.1579 7.09101
      vertex 4.37502 3.69932 7.11825
      vertex 1.26285 3.0488 7.08552
    endloop
  endfacet
  facet normal -1.15488e-06 0.0502559 -0.998736
    outer loop
      vertex 0.643798 3.23659 7.09497
      vertex 4.37502 3.69932 7.11825
      vertex 0.957939 3.1579 7.09101
    endloop
  endfacet
  facet normal 1.04586e-06 0.0502382 -0.998737
    outer loop
      vertex 0.323456 3.28411 7.09736
      vertex 4.37502 3.69932 7.11825
      vertex 0.643798 3.23659 7.09497
    endloop
  endfacet
  facet normal -1.13556e-06 0.0502594 -0.998736
    outer loop
      vertex 0 3.3 7.09816
      vertex 4.37502 3.69932 7.11825
      vertex 0.323456 3.28411 7.09736
    endloop
  endfacet
  facet normal 1.13556e-06 0.0502594 -0.998736
    outer loop
      vertex -4.37502 3.69932 7.11825
      vertex 0 3.3 7.09816
      vertex -0.323456 3.28411 7.09736
    endloop
  endfacet
  facet normal -3.61548e-05 0.0502352 -0.998737
    outer loop
      vertex -3.28411 -0.323456 6.91587
      vertex -4.37502 3.69932 7.11825
      vertex -3.3 0 6.93214
    endloop
  endfacet
  facet normal 0 0.050247 -0.998737
    outer loop
      vertex 0 3.3 7.09816
      vertex -4.37502 3.69932 7.11825
      vertex 4.37502 3.69932 7.11825
    endloop
  endfacet
  facet normal -1.04586e-06 0.0502382 -0.998737
    outer loop
      vertex -0.643798 3.23659 7.09497
      vertex -4.37502 3.69932 7.11825
      vertex -0.323456 3.28411 7.09736
    endloop
  endfacet
  facet normal 1.15488e-06 0.0502559 -0.998736
    outer loop
      vertex -0.957939 3.1579 7.09101
      vertex -4.37502 3.69932 7.11825
      vertex -0.643798 3.23659 7.09497
    endloop
  endfacet
  facet normal 9.50296e-07 0.0502546 -0.998736
    outer loop
      vertex -1.26285 3.0488 7.08552
      vertex -4.37502 3.69932 7.11825
      vertex -0.957939 3.1579 7.09101
    endloop
  endfacet
  facet normal -6.71326e-06 0.050218 -0.998738
    outer loop
      vertex -1.55561 2.91034 7.07856
      vertex -4.37502 3.69932 7.11825
      vertex -1.26285 3.0488 7.08552
    endloop
  endfacet
  facet normal 5.31497e-06 0.0502609 -0.998736
    outer loop
      vertex -1.83338 2.74385 7.07018
      vertex -4.37502 3.69932 7.11825
      vertex -1.55561 2.91034 7.07856
    endloop
  endfacet
  facet normal 5.3383e-06 0.0502609 -0.998736
    outer loop
      vertex -2.0935 2.55093 7.06047
      vertex -4.37502 3.69932 7.11825
      vertex -1.83338 2.74385 7.07018
    endloop
  endfacet
  facet normal -3.37484e-06 0.0502437 -0.998737
    outer loop
      vertex -2.33345 2.33345 7.04953
      vertex -4.37502 3.69932 7.11825
      vertex -2.0935 2.55093 7.06047
    endloop
  endfacet
  facet normal -4.20487e-06 0.0502424 -0.998737
    outer loop
      vertex -2.55093 2.0935 7.03746
      vertex -4.37502 3.69932 7.11825
      vertex -2.33345 2.33345 7.04953
    endloop
  endfacet
  facet normal -1.39687e-05 0.0502314 -0.998738
    outer loop
      vertex -2.74385 1.83338 7.02438
      vertex -4.37502 3.69932 7.11825
      vertex -2.55093 2.0935 7.03746
    endloop
  endfacet
  facet normal 1.51315e-05 0.0502567 -0.998736
    outer loop
      vertex -2.91034 1.55561 7.0104
      vertex -4.37502 3.69932 7.11825
      vertex -2.74385 1.83338 7.02438
    endloop
  endfacet
  facet normal 3.6919e-06 0.0502489 -0.998737
    outer loop
      vertex -3.0488 1.26285 6.99567
      vertex -4.37502 3.69932 7.11825
      vertex -2.91034 1.55561 7.0104
    endloop
  endfacet
  facet normal -8.05579e-07 0.0502465 -0.998737
    outer loop
      vertex -3.1579 0.957939 6.98033
      vertex -4.37502 3.69932 7.11825
      vertex -3.0488 1.26285 6.99567
    endloop
  endfacet
  facet normal -2.08858e-05 0.0502376 -0.998737
    outer loop
      vertex -3.23659 0.643798 6.96453
      vertex -4.37502 3.69932 7.11825
      vertex -3.1579 0.957939 6.98033
    endloop
  endfacet
  facet normal 2.3588e-05 0.0502541 -0.998736
    outer loop
      vertex -3.28411 0.323456 6.94841
      vertex -4.37502 3.69932 7.11825
      vertex -3.23659 0.643798 6.96453
    endloop
  endfacet
  facet normal -2.56985e-05 0.0502383 -0.998737
    outer loop
      vertex -3.3 0 6.93214
      vertex -4.37502 3.69932 7.11825
      vertex -3.28411 0.323456 6.94841
    endloop
  endfacet
  facet normal 1.23502e-05 0.0502066 -0.998739
    outer loop
      vertex -3.47736 4.68847 7.16801
      vertex -3.22742 4.73814 7.17051
      vertex -3.9247 4.44967 7.156
    endloop
  endfacet
  facet normal -1.90711e-14 0.0502566 -0.998736
    outer loop
      vertex -4.18091 4.16736 7.14179
      vertex -4.01923 4.3641 7.15169
      vertex -4.24649 4.05806 7.13629
    endloop
  endfacet
  facet normal 0 0.051133 -0.998692
    outer loop
      vertex -3.09999 -4.04449 6.72867
      vertex 3.22742 -4.03824 6.72899
      vertex 3.09999 -4.04449 6.72867
    endloop
  endfacet
  facet normal 0 0.051133 -0.998692
    outer loop
      vertex 3.22742 -4.03824 6.72899
      vertex -3.09999 -4.04449 6.72867
      vertex -3.22742 -4.03824 6.72899
    endloop
  endfacet
  facet normal -0.0448794 0.912765 -0.406012
    outer loop
      vertex 5.99802 -6.89517 0
      vertex 5.89999 -6.89999 0
      vertex 3.22742 -4.03824 6.72899
    endloop
  endfacet
  facet normal 0 0.0502363 -0.998737
    outer loop
      vertex 3.9247 4.44967 7.156
      vertex -3.22742 4.73814 7.17051
      vertex 3.22742 4.73814 7.17051
    endloop
  endfacet
  facet normal 0 0.0502363 -0.998737
    outer loop
      vertex -3.22742 4.73814 7.17051
      vertex 3.9247 4.44967 7.156
      vertex -3.9247 4.44967 7.156
    endloop
  endfacet
  facet normal 0.000155642 0.0502793 -0.998735
    outer loop
      vertex 4.30104 3.94288 7.1305
      vertex 4.37502 3.69932 7.11825
      vertex 4.24649 4.05806 7.13629
    endloop
  endfacet
  facet normal -0.549257 -0.72008 -0.424031
    outer loop
      vertex 6.53439 6.673 0
      vertex 3.9247 4.44967 7.156
      vertex 3.82224 4.52558 7.15981
    endloop
  endfacet
  facet normal -0.435339 0.752225 -0.494608
    outer loop
      vertex 3.82224 -3.82568 6.73968
      vertex 6.37138 -6.78192 0
      vertex 3.7128 -3.89118 6.73639
    endloop
  endfacet
  facet normal 0.00010168 0.0497582 -0.998761
    outer loop
      vertex 3.59747 -3.94566 6.73364
      vertex 3.47736 -3.98857 6.73149
      vertex 3.22742 -4.03824 6.72899
    endloop
  endfacet
  facet normal -0.364037 0.795122 -0.485034
    outer loop
      vertex 3.7128 -3.89118 6.73639
      vertex 6.28268 -6.82387 0
      vertex 3.59747 -3.94566 6.73364
    endloop
  endfacet
  facet normal -0.129048 0.892552 -0.432085
    outer loop
      vertex 3.35361 -4.01954 6.72993
      vertex 5.99802 -6.89517 0
      vertex 3.22742 -4.03824 6.72899
    endloop
  endfacet
  facet normal 0 0.0504131 -0.998728
    outer loop
      vertex -3.59747 -3.94566 6.73364
      vertex 3.7128 -3.89118 6.73639
      vertex 3.59747 -3.94566 6.73364
    endloop
  endfacet
  facet normal 0 0.0504131 -0.998728
    outer loop
      vertex 3.7128 -3.89118 6.73639
      vertex -3.59747 -3.94566 6.73364
      vertex -3.7128 -3.89118 6.73639
    endloop
  endfacet
  facet normal 0.668315 -0.605721 -0.431806
    outer loop
      vertex -6.6071 6.6071 0
      vertex -4.01923 4.3641 7.15169
      vertex -6.673 6.53439 0
    endloop
  endfacet
  facet normal -0.58074 0.640753 -0.502171
    outer loop
      vertex 6.6071 -6.6071 0
      vertex 6.53439 -6.673 0
      vertex 4.01923 -3.6642 6.7478
    endloop
  endfacet
  facet normal -0.935636 0.0177343 -0.352521
    outer loop
      vertex 4.39999 3.44603 7.1055
      vertex 6.89999 -5.89999 0
      vertex 4.39999 -2.74612 6.79399
    endloop
  endfacet
  facet normal 0.549257 -0.72008 -0.424031
    outer loop
      vertex -3.82224 4.52558 7.15981
      vertex -3.9247 4.44967 7.156
      vertex -6.53439 6.673 0
    endloop
  endfacet
  facet normal 0.138239 -0.932416 -0.333903
    outer loop
      vertex -5.99802 6.89517 0
      vertex -3.22742 4.73814 7.17051
      vertex -6.09508 6.88078 0
    endloop
  endfacet
  facet normal -8.91942e-06 0.0502449 -0.998737
    outer loop
      vertex 4.37502 3.69932 7.11825
      vertex 4.39999 -2.74612 6.79399
      vertex 3.7128 -3.89118 6.73639
    endloop
  endfacet
  facet normal 9.04224e-05 0.0503308 -0.998733
    outer loop
      vertex 4.1049 4.26969 7.14694
      vertex 4.18091 4.16736 7.14179
      vertex 4.01923 4.3641 7.15169
    endloop
  endfacet
  facet normal 0.364037 0.795122 -0.485034
    outer loop
      vertex -3.7128 -3.89118 6.73639
      vertex -3.59747 -3.94566 6.73364
      vertex -6.28268 -6.82387 0
    endloop
  endfacet
  facet normal 0.296818 0.829583 -0.472959
    outer loop
      vertex -3.59747 -3.94566 6.73364
      vertex -6.19028 -6.85693 0
      vertex -6.28268 -6.82387 0
    endloop
  endfacet
  facet normal 1.90711e-14 0.0502566 -0.998736
    outer loop
      vertex 4.18091 4.16736 7.14179
      vertex 4.24649 4.05806 7.13629
      vertex 4.01923 4.3641 7.15169
    endloop
  endfacet
  facet normal 0.829872 -0.372134 -0.415727
    outer loop
      vertex -4.24649 4.05806 7.13629
      vertex -4.30104 3.94288 7.1305
      vertex -6.82387 6.28268 0
    endloop
  endfacet
  facet normal 0.930428 0.0457479 -0.363608
    outer loop
      vertex -4.39999 -2.74612 6.79399
      vertex -6.89517 -5.99802 0
      vertex -6.89999 -5.89999 0
    endloop
  endfacet
  facet normal -0.606574 -0.669256 -0.429143
    outer loop
      vertex 6.53439 6.673 0
      vertex 6.6071 6.6071 0
      vertex 3.9247 4.44967 7.156
    endloop
  endfacet
  facet normal -0.000307109 0.0502437 -0.998737
    outer loop
      vertex 4.39999 3.44603 7.1055
      vertex 4.39999 -2.74612 6.79399
      vertex 4.37502 3.69932 7.11825
    endloop
  endfacet
  facet normal 0.869756 0.239933 -0.431226
    outer loop
      vertex -4.37502 -2.99942 6.78125
      vertex -4.34401 -3.12301 6.77503
      vertex -6.85693 -6.19028 0
    endloop
  endfacet
  facet normal 0 -0.957666 -0.287881
    outer loop
      vertex -5.89999 6.89999 0
      vertex 3.09999 4.74439 7.17082
      vertex -3.09999 4.74439 7.17082
    endloop
  endfacet
  facet normal 0 -0.957666 -0.287881
    outer loop
      vertex 3.09999 4.74439 7.17082
      vertex -5.89999 6.89999 0
      vertex 5.89999 6.89999 0
    endloop
  endfacet
  facet normal -0.668315 -0.605721 -0.431806
    outer loop
      vertex 6.6071 6.6071 0
      vertex 6.673 6.53439 0
      vertex 4.01923 4.3641 7.15169
    endloop
  endfacet
  facet normal -0.616596 -0.659503 -0.429959
    outer loop
      vertex 6.6071 6.6071 0
      vertex 4.01923 4.3641 7.15169
      vertex 3.9247 4.44967 7.156
    endloop
  endfacet
  facet normal 0.435339 0.752225 -0.494608
    outer loop
      vertex -3.82224 -3.82568 6.73968
      vertex -3.7128 -3.89118 6.73639
      vertex -6.37138 -6.78192 0
    endloop
  endfacet
  facet normal 0.000187748 0.0502141 -0.998738
    outer loop
      vertex 4.39999 -2.74612 6.79399
      vertex 4.39374 -2.87339 6.78759
      vertex 4.37502 -2.99942 6.78125
    endloop
  endfacet
  facet normal -0.869756 0.239933 -0.431226
    outer loop
      vertex 4.37502 -2.99942 6.78125
      vertex 6.85693 -6.19028 0
      vertex 4.34401 -3.12301 6.77503
    endloop
  endfacet
  facet normal 0.373561 0.789866 -0.486379
    outer loop
      vertex -3.7128 -3.89118 6.73639
      vertex -6.28268 -6.82387 0
      vertex -6.37138 -6.78192 0
    endloop
  endfacet
  facet normal -0.0437597 0.912977 -0.405657
    outer loop
      vertex 3.22742 -4.03824 6.72899
      vertex 5.89999 -6.89999 0
      vertex 3.09999 -4.04449 6.72867
    endloop
  endfacet
  facet normal 0.0437597 0.912977 -0.405657
    outer loop
      vertex -3.22742 -4.03824 6.72899
      vertex -3.09999 -4.04449 6.72867
      vertex -5.89999 -6.89999 0
    endloop
  endfacet
  facet normal 0.860644 -0.307932 -0.405548
    outer loop
      vertex -6.82387 6.28268 0
      vertex -4.30104 3.94288 7.1305
      vertex -6.85693 6.19028 0
    endloop
  endfacet
  facet normal -0.000123712 0.0503719 -0.998731
    outer loop
      vertex 4.01923 -3.6642 6.7478
      vertex 3.82224 -3.82568 6.73968
      vertex 3.7128 -3.89118 6.73639
    endloop
  endfacet
  facet normal 0.841558 0.301103 -0.44846
    outer loop
      vertex -4.34401 -3.12301 6.77503
      vertex -6.82387 -6.28268 0
      vertex -6.85693 -6.19028 0
    endloop
  endfacet
  facet normal -0.919205 -0.13628 -0.369445
    outer loop
      vertex 6.88078 6.09508 0
      vertex 6.89517 5.99802 0
      vertex 4.37502 3.69932 7.11825
    endloop
  endfacet
  facet normal 0.000641283 0.050337 -0.998732
    outer loop
      vertex 4.39374 3.57329 7.11191
      vertex 4.39999 3.44603 7.1055
      vertex 4.37502 3.69932 7.11825
    endloop
  endfacet
  facet normal 0.468258 -0.781266 -0.412744
    outer loop
      vertex -6.37138 6.78192 0
      vertex -3.7128 4.59108 7.16311
      vertex -6.45557 6.73146 0
    endloop
  endfacet
  facet normal 0.935636 0.0177343 -0.352521
    outer loop
      vertex -4.39999 3.44603 7.1055
      vertex -4.39999 -2.74612 6.79399
      vertex -6.89999 -5.89999 0
    endloop
  endfacet
  facet normal 0.140575 -0.931797 -0.334652
    outer loop
      vertex -3.22742 4.73814 7.17051
      vertex -3.35361 4.71944 7.16957
      vertex -6.09508 6.88078 0
    endloop
  endfacet
  facet normal -0.000132108 0.0501588 -0.998741
    outer loop
      vertex 4.01923 4.3641 7.15169
      vertex 4.24649 4.05806 7.13629
      vertex 3.9247 4.44967 7.156
    endloop
  endfacet
  facet normal 0.000197005 0.0506462 -0.998717
    outer loop
      vertex 3.7128 4.59108 7.16311
      vertex 3.82224 4.52558 7.15981
      vertex 3.59747 4.64556 7.16585
    endloop
  endfacet
  facet normal -9.38984e-05 0.0501901 -0.99874
    outer loop
      vertex 4.24649 4.05806 7.13629
      vertex 4.37502 3.69932 7.11825
      vertex 3.9247 4.44967 7.156
    endloop
  endfacet
  facet normal -0.476591 -0.775439 -0.414193
    outer loop
      vertex 6.45557 6.73146 0
      vertex 3.82224 4.52558 7.15981
      vertex 3.7128 4.59108 7.16311
    endloop
  endfacet
  facet normal 0 0.0495391 -0.998772
    outer loop
      vertex 3.22742 4.73814 7.17051
      vertex -3.09999 4.74439 7.17082
      vertex 3.09999 4.74439 7.17082
    endloop
  endfacet
  facet normal 0 0.0495391 -0.998772
    outer loop
      vertex -3.09999 4.74439 7.17082
      vertex 3.22742 4.73814 7.17051
      vertex -3.22742 4.73814 7.17051
    endloop
  endfacet
  facet normal 0.616596 -0.659503 -0.429959
    outer loop
      vertex -3.9247 4.44967 7.156
      vertex -4.01923 4.3641 7.15169
      vertex -6.6071 6.6071 0
    endloop
  endfacet
  facet normal 0.230708 -0.903696 -0.360703
    outer loop
      vertex -3.35361 4.71944 7.16957
      vertex -3.47736 4.68847 7.16801
      vertex -6.19028 6.85693 0
    endloop
  endfacet
  facet normal -3.7719e-05 0.0504579 -0.998726
    outer loop
      vertex -3.35361 4.71944 7.16957
      vertex -3.22742 4.73814 7.17051
      vertex -3.47736 4.68847 7.16801
    endloop
  endfacet
  facet normal 0.0467807 -0.951435 -0.304275
    outer loop
      vertex -5.89999 6.89999 0
      vertex -3.09999 4.74439 7.17082
      vertex -5.99802 6.89517 0
    endloop
  endfacet
  facet normal 0.0474004 -0.951334 -0.304495
    outer loop
      vertex -3.09999 4.74439 7.17082
      vertex -3.22742 4.73814 7.17051
      vertex -5.99802 6.89517 0
    endloop
  endfacet
  facet normal -0.0474004 -0.951334 -0.304495
    outer loop
      vertex 5.99802 6.89517 0
      vertex 3.22742 4.73814 7.17051
      vertex 3.09999 4.74439 7.17082
    endloop
  endfacet
  facet normal -0.39205 -0.82896 -0.398902
    outer loop
      vertex 6.28268 6.82387 0
      vertex 6.37138 6.78192 0
      vertex 3.59747 4.64556 7.16585
    endloop
  endfacet
  facet normal -0.785501 -0.449918 -0.424925
    outer loop
      vertex 6.78192 6.37138 0
      vertex 4.24649 4.05806 7.13629
      vertex 4.18091 4.16736 7.14179
    endloop
  endfacet
  facet normal -0.678575 -0.594018 -0.432062
    outer loop
      vertex 6.673 6.53439 0
      vertex 4.1049 4.26969 7.14694
      vertex 4.01923 4.3641 7.15169
    endloop
  endfacet
  facet normal 0.39205 -0.82896 -0.398902
    outer loop
      vertex -6.28268 6.82387 0
      vertex -3.59747 4.64556 7.16585
      vertex -6.37138 6.78192 0
    endloop
  endfacet
  facet normal -0.539853 -0.727869 -0.422805
    outer loop
      vertex 6.45557 6.73146 0
      vertex 6.53439 6.673 0
      vertex 3.82224 4.52558 7.15981
    endloop
  endfacet
  facet normal -0.829872 -0.372134 -0.415727
    outer loop
      vertex 6.82387 6.28268 0
      vertex 4.30104 3.94288 7.1305
      vertex 4.24649 4.05806 7.13629
    endloop
  endfacet
  facet normal 0.132198 0.891673 -0.432948
    outer loop
      vertex -3.35361 -4.01954 6.72993
      vertex -5.99802 -6.89517 0
      vertex -6.09508 -6.88078 0
    endloop
  endfacet
  facet normal -0.930428 0.0457479 -0.363608
    outer loop
      vertex 6.89999 -5.89999 0
      vertex 6.89517 -5.99802 0
      vertex 4.39999 -2.74612 6.79399
    endloop
  endfacet
  facet normal -0.926435 0.0641494 -0.37095
    outer loop
      vertex 4.39999 -2.74612 6.79399
      vertex 6.89517 -5.99802 0
      vertex 4.39374 -2.87339 6.78759
    endloop
  endfacet
  facet normal -0.841558 0.301103 -0.44846
    outer loop
      vertex 6.85693 -6.19028 0
      vertex 6.82387 -6.28268 0
      vertex 4.34401 -3.12301 6.77503
    endloop
  endfacet
  facet normal -0.867969 -0.290608 -0.402713
    outer loop
      vertex 6.85693 6.19028 0
      vertex 4.34401 3.82291 7.12446
      vertex 4.30104 3.94288 7.1305
    endloop
  endfacet
  facet normal -0.893417 -0.223824 -0.389498
    outer loop
      vertex 6.85693 6.19028 0
      vertex 6.88078 6.09508 0
      vertex 4.34401 3.82291 7.12446
    endloop
  endfacet
  facet normal 0 0.0501636 -0.998741
    outer loop
      vertex -3.22742 -4.03824 6.72899
      vertex 3.59747 -3.94566 6.73364
      vertex 3.22742 -4.03824 6.72899
    endloop
  endfacet
  facet normal 0 0.0501636 -0.998741
    outer loop
      vertex 3.59747 -3.94566 6.73364
      vertex -3.22742 -4.03824 6.72899
      vertex -3.59747 -3.94566 6.73364
    endloop
  endfacet
  facet normal -0.296818 0.829583 -0.472959
    outer loop
      vertex 6.28268 -6.82387 0
      vertex 6.19028 -6.85693 0
      vertex 3.59747 -3.94566 6.73364
    endloop
  endfacet
  facet normal 0.939742 -0.0289942 -0.340652
    outer loop
      vertex -4.39374 3.57329 7.11191
      vertex -4.39999 3.44603 7.1055
      vertex -6.89999 5.89999 0
    endloop
  endfacet
  facet normal 0.943316 0 -0.331896
    outer loop
      vertex -6.89999 5.89999 0
      vertex -4.39999 3.44603 7.1055
      vertex -6.89999 -5.89999 0
    endloop
  endfacet
  facet normal -0.000197547 0.0502132 -0.998739
    outer loop
      vertex -4.30104 -3.24298 6.76899
      vertex -4.37502 -2.99942 6.78125
      vertex -4.39999 -2.74612 6.79399
    endloop
  endfacet
  facet normal -0.226761 -0.905144 -0.359573
    outer loop
      vertex 6.09508 6.88078 0
      vertex 6.19028 6.85693 0
      vertex 3.35361 4.71944 7.16957
    endloop
  endfacet
  facet normal -0.738633 0.467613 -0.48555
    outer loop
      vertex 4.24649 -3.35816 6.7632
      vertex 6.73146 -6.45557 0
      vertex 4.18091 -3.46746 6.7577
    endloop
  endfacet
  facet normal 0.226761 -0.905144 -0.359573
    outer loop
      vertex -6.09508 6.88078 0
      vertex -3.35361 4.71944 7.16957
      vertex -6.19028 6.85693 0
    endloop
  endfacet
  facet normal 0.606574 -0.669256 -0.429143
    outer loop
      vertex -6.53439 6.673 0
      vertex -3.9247 4.44967 7.156
      vertex -6.6071 6.6071 0
    endloop
  endfacet
  facet normal -0.775961 -0.465079 -0.426129
    outer loop
      vertex 6.73146 6.45557 0
      vertex 6.78192 6.37138 0
      vertex 4.18091 4.16736 7.14179
    endloop
  endfacet
  facet normal -0.73485 -0.524181 -0.430383
    outer loop
      vertex 6.73146 6.45557 0
      vertex 4.18091 4.16736 7.14179
      vertex 4.1049 4.26969 7.14694
    endloop
  endfacet
  facet normal -0.943316 -0 -0.331896
    outer loop
      vertex 6.89999 5.89999 0
      vertex 6.89999 -5.89999 0
      vertex 4.39999 3.44603 7.1055
    endloop
  endfacet
  facet normal -0.860644 -0.307932 -0.405548
    outer loop
      vertex 6.82387 6.28268 0
      vertex 6.85693 6.19028 0
      vertex 4.30104 3.94288 7.1305
    endloop
  endfacet
  facet normal 0.000307109 0.0502437 -0.998737
    outer loop
      vertex -4.39999 3.44603 7.1055
      vertex -4.37502 3.69932 7.11825
      vertex -4.39999 -2.74612 6.79399
    endloop
  endfacet
  facet normal -0.939742 -0.0289942 -0.340652
    outer loop
      vertex 6.89999 5.89999 0
      vertex 4.39999 3.44603 7.1055
      vertex 4.39374 3.57329 7.11191
    endloop
  endfacet
  facet normal -0.140575 -0.931797 -0.334652
    outer loop
      vertex 6.09508 6.88078 0
      vertex 3.35361 4.71944 7.16957
      vertex 3.22742 4.73814 7.17051
    endloop
  endfacet
  facet normal 0.899181 -0.206222 -0.385936
    outer loop
      vertex -4.34401 3.82291 7.12446
      vertex -4.37502 3.69932 7.11825
      vertex -6.88078 6.09508 0
    endloop
  endfacet
  facet normal -0.000641283 0.050337 -0.998732
    outer loop
      vertex -4.39374 3.57329 7.11191
      vertex -4.37502 3.69932 7.11825
      vertex -4.39999 3.44603 7.1055
    endloop
  endfacet
  facet normal -0.000197005 0.0506462 -0.998717
    outer loop
      vertex -3.7128 4.59108 7.16311
      vertex -3.59747 4.64556 7.16585
      vertex -3.82224 4.52558 7.15981
    endloop
  endfacet
  facet normal -4.10733e-06 0.0502857 -0.998735
    outer loop
      vertex -3.59747 4.64556 7.16585
      vertex -3.47736 4.68847 7.16801
      vertex -3.82224 4.52558 7.15981
    endloop
  endfacet
  facet normal 0.799106 0.377931 -0.467545
    outer loop
      vertex -4.30104 -3.24298 6.76899
      vertex -6.78192 -6.37138 0
      vertex -6.82387 -6.28268 0
    endloop
  endfacet
  facet normal 0.000197547 0.0502132 -0.998739
    outer loop
      vertex 4.39999 -2.74612 6.79399
      vertex 4.37502 -2.99942 6.78125
      vertex 4.30104 -3.24298 6.76899
    endloop
  endfacet
  facet normal -3.22385e-05 0.0502588 -0.998736
    outer loop
      vertex 4.39999 -2.74612 6.79399
      vertex 4.30104 -3.24298 6.76899
      vertex 3.7128 -3.89118 6.73639
    endloop
  endfacet
  facet normal 0.0448794 0.912765 -0.406012
    outer loop
      vertex -3.22742 -4.03824 6.72899
      vertex -5.89999 -6.89999 0
      vertex -5.99802 -6.89517 0
    endloop
  endfacet
  facet normal 0.908057 0.134627 -0.396621
    outer loop
      vertex -4.39374 -2.87339 6.78759
      vertex -6.88078 -6.09508 0
      vertex -6.89517 -5.99802 0
    endloop
  endfacet
  facet normal -0.373561 0.789866 -0.486379
    outer loop
      vertex 6.37138 -6.78192 0
      vertex 6.28268 -6.82387 0
      vertex 3.7128 -3.89118 6.73639
    endloop
  endfacet
  facet normal -0.751372 0.450341 -0.48232
    outer loop
      vertex 6.78192 -6.37138 0
      vertex 6.73146 -6.45557 0
      vertex 4.24649 -3.35816 6.7632
    endloop
  endfacet
  facet normal -0.289184 0.833084 -0.471533
    outer loop
      vertex 3.59747 -3.94566 6.73364
      vertex 6.19028 -6.85693 0
      vertex 3.47736 -3.98857 6.73149
    endloop
  endfacet
  facet normal -0.216375 0.863684 -0.455228
    outer loop
      vertex 6.19028 -6.85693 0
      vertex 6.09508 -6.88078 0
      vertex 3.47736 -3.98857 6.73149
    endloop
  endfacet
  facet normal 0.000291395 0.0498668 -0.998756
    outer loop
      vertex 4.01923 -3.6642 6.7478
      vertex 3.9247 -3.74977 6.7435
      vertex 3.82224 -3.82568 6.73968
    endloop
  endfacet
  facet normal -0.446501 0.744965 -0.495645
    outer loop
      vertex 6.45557 -6.73146 0
      vertex 6.37138 -6.78192 0
      vertex 3.82224 -3.82568 6.73968
    endloop
  endfacet
  facet normal -0.937326 -0.046087 -0.345393
    outer loop
      vertex 6.89517 5.99802 0
      vertex 6.89999 5.89999 0
      vertex 4.39374 3.57329 7.11191
    endloop
  endfacet
  facet normal -0.698826 0.518313 -0.492944
    outer loop
      vertex 6.73146 -6.45557 0
      vertex 6.673 -6.53439 0
      vertex 4.18091 -3.46746 6.7577
    endloop
  endfacet
  facet normal 0.641884 0.581765 -0.499533
    outer loop
      vertex -4.1049 -3.56979 6.75255
      vertex -6.6071 -6.6071 0
      vertex -6.673 -6.53439 0
    endloop
  endfacet
  facet normal 0.503288 0.704497 -0.500385
    outer loop
      vertex -3.9247 -3.74977 6.7435
      vertex -3.82224 -3.82568 6.73968
      vertex -6.45557 -6.73146 0
    endloop
  endfacet
  facet normal 0.926435 0.0641494 -0.37095
    outer loop
      vertex -4.39999 -2.74612 6.79399
      vertex -4.39374 -2.87339 6.78759
      vertex -6.89517 -5.99802 0
    endloop
  endfacet
  facet normal -0.923305 -0.11877 -0.365242
    outer loop
      vertex 6.89517 5.99802 0
      vertex 4.39374 3.57329 7.11191
      vertex 4.37502 3.69932 7.11825
    endloop
  endfacet
  facet normal 0.724836 -0.537603 -0.430808
    outer loop
      vertex -6.673 6.53439 0
      vertex -4.1049 4.26969 7.14694
      vertex -6.73146 6.45557 0
    endloop
  endfacet
  facet normal 0.678575 -0.594018 -0.432062
    outer loop
      vertex -4.01923 4.3641 7.15169
      vertex -4.1049 4.26969 7.14694
      vertex -6.673 6.53439 0
    endloop
  endfacet
  facet normal 0.785501 -0.449918 -0.424925
    outer loop
      vertex -4.18091 4.16736 7.14179
      vertex -4.24649 4.05806 7.13629
      vertex -6.78192 6.37138 0
    endloop
  endfacet
  facet normal 0.000923083 0.0499524 -0.998751
    outer loop
      vertex -4.34401 3.82291 7.12446
      vertex -4.30104 3.94288 7.1305
      vertex -4.37502 3.69932 7.11825
    endloop
  endfacet
  facet normal 0.821344 -0.388449 -0.417733
    outer loop
      vertex -6.78192 6.37138 0
      vertex -4.24649 4.05806 7.13629
      vertex -6.82387 6.28268 0
    endloop
  endfacet
  facet normal 0.000194813 0.0498656 -0.998756
    outer loop
      vertex -3.82224 4.52558 7.15981
      vertex -3.47736 4.68847 7.16801
      vertex -3.9247 4.44967 7.156
    endloop
  endfacet
  facet normal 0.311441 -0.870453 -0.381202
    outer loop
      vertex -6.19028 6.85693 0
      vertex -3.47736 4.68847 7.16801
      vertex -6.28268 6.82387 0
    endloop
  endfacet
  facet normal -0.821344 -0.388449 -0.417733
    outer loop
      vertex 6.78192 6.37138 0
      vertex 6.82387 6.28268 0
      vertex 4.24649 4.05806 7.13629
    endloop
  endfacet
  facet normal -1.23502e-05 0.0502066 -0.998739
    outer loop
      vertex 3.47736 4.68847 7.16801
      vertex 3.9247 4.44967 7.156
      vertex 3.22742 4.73814 7.17051
    endloop
  endfacet
  facet normal -0.000194813 0.0498656 -0.998756
    outer loop
      vertex 3.82224 4.52558 7.15981
      vertex 3.9247 4.44967 7.156
      vertex 3.47736 4.68847 7.16801
    endloop
  endfacet
  facet normal -0.000923083 0.0499524 -0.998751
    outer loop
      vertex 4.34401 3.82291 7.12446
      vertex 4.37502 3.69932 7.11825
      vertex 4.30104 3.94288 7.1305
    endloop
  endfacet
  facet normal -0.899181 -0.206222 -0.385936
    outer loop
      vertex 6.88078 6.09508 0
      vertex 4.37502 3.69932 7.11825
      vertex 4.34401 3.82291 7.12446
    endloop
  endfacet
  facet normal 0.31693 -0.867865 -0.382579
    outer loop
      vertex -3.47736 4.68847 7.16801
      vertex -3.59747 4.64556 7.16585
      vertex -6.28268 6.82387 0
    endloop
  endfacet
  facet normal 0.399149 -0.82483 -0.400418
    outer loop
      vertex -3.59747 4.64556 7.16585
      vertex -3.7128 4.59108 7.16311
      vertex -6.37138 6.78192 0
    endloop
  endfacet
  facet normal -0.908057 0.134627 -0.396621
    outer loop
      vertex 6.89517 -5.99802 0
      vertex 6.88078 -6.09508 0
      vertex 4.39374 -2.87339 6.78759
    endloop
  endfacet
  facet normal -0.799106 0.377931 -0.467545
    outer loop
      vertex 6.82387 -6.28268 0
      vertex 6.78192 -6.37138 0
      vertex 4.30104 -3.24298 6.76899
    endloop
  endfacet
  facet normal -0.878105 0.219987 -0.424896
    outer loop
      vertex 6.88078 -6.09508 0
      vertex 6.85693 -6.19028 0
      vertex 4.37502 -2.99942 6.78125
    endloop
  endfacet
  facet normal -0.901815 0.154258 -0.403651
    outer loop
      vertex 4.39374 -2.87339 6.78759
      vertex 6.88078 -6.09508 0
      vertex 4.37502 -2.99942 6.78125
    endloop
  endfacet
  facet normal 0.129048 0.892552 -0.432085
    outer loop
      vertex -3.35361 -4.01954 6.72993
      vertex -3.22742 -4.03824 6.72899
      vertex -5.99802 -6.89517 0
    endloop
  endfacet
  facet normal 3.7719e-05 0.0504579 -0.998726
    outer loop
      vertex -3.22742 -4.03824 6.72899
      vertex -3.35361 -4.01954 6.72993
      vertex -3.47736 -3.98857 6.73149
    endloop
  endfacet
  facet normal 0.878105 0.219987 -0.424896
    outer loop
      vertex -4.37502 -2.99942 6.78125
      vertex -6.85693 -6.19028 0
      vertex -6.88078 -6.09508 0
    endloop
  endfacet
  facet normal 0.216375 0.863684 -0.455228
    outer loop
      vertex -3.47736 -3.98857 6.73149
      vertex -6.09508 -6.88078 0
      vertex -6.19028 -6.85693 0
    endloop
  endfacet
  facet normal 0.210927 0.86569 -0.453972
    outer loop
      vertex -3.47736 -3.98857 6.73149
      vertex -3.35361 -4.01954 6.72993
      vertex -6.09508 -6.88078 0
    endloop
  endfacet
  facet normal -0.503288 0.704497 -0.500385
    outer loop
      vertex 3.9247 -3.74977 6.7435
      vertex 6.45557 -6.73146 0
      vertex 3.82224 -3.82568 6.73968
    endloop
  endfacet
  facet normal -0.628373 0.595391 -0.500656
    outer loop
      vertex 4.1049 -3.56979 6.75255
      vertex 6.6071 -6.6071 0
      vertex 4.01923 -3.6642 6.7478
    endloop
  endfacet
  facet normal -0.641884 0.581765 -0.499533
    outer loop
      vertex 6.673 -6.53439 0
      vertex 6.6071 -6.6071 0
      vertex 4.1049 -3.56979 6.75255
    endloop
  endfacet
  facet normal -0.567583 0.652261 -0.502399
    outer loop
      vertex 4.01923 -3.6642 6.7478
      vertex 6.53439 -6.673 0
      vertex 3.9247 -3.74977 6.7435
    endloop
  endfacet
  facet normal -0.515604 0.695174 -0.500885
    outer loop
      vertex 6.53439 -6.673 0
      vertex 6.45557 -6.73146 0
      vertex 3.9247 -3.74977 6.7435
    endloop
  endfacet
  facet normal -0.685363 0.534 -0.495098
    outer loop
      vertex 4.18091 -3.46746 6.7577
      vertex 6.673 -6.53439 0
      vertex 4.1049 -3.56979 6.75255
    endloop
  endfacet
  facet normal -5.5007e-05 0.0502794 -0.998735
    outer loop
      vertex 4.30104 -3.24298 6.76899
      vertex 4.01923 -3.6642 6.7478
      vertex 3.7128 -3.89118 6.73639
    endloop
  endfacet
  facet normal -0.000155642 0.0502793 -0.998735
    outer loop
      vertex -4.30104 3.94288 7.1305
      vertex -4.24649 4.05806 7.13629
      vertex -4.37502 3.69932 7.11825
    endloop
  endfacet
  facet normal 0 0.0502463 -0.998737
    outer loop
      vertex 4.37502 3.69932 7.11825
      vertex -3.9247 4.44967 7.156
      vertex 3.9247 4.44967 7.156
    endloop
  endfacet
  facet normal 0 0.0502463 -0.998737
    outer loop
      vertex -3.9247 4.44967 7.156
      vertex 4.37502 3.69932 7.11825
      vertex -4.37502 3.69932 7.11825
    endloop
  endfacet
  facet normal 0.446501 0.744965 -0.495645
    outer loop
      vertex -3.82224 -3.82568 6.73968
      vertex -6.37138 -6.78192 0
      vertex -6.45557 -6.73146 0
    endloop
  endfacet
  facet normal 0.567583 0.652261 -0.502399
    outer loop
      vertex -4.01923 -3.6642 6.7478
      vertex -3.9247 -3.74977 6.7435
      vertex -6.53439 -6.673 0
    endloop
  endfacet
  facet normal 9.38984e-05 0.0501901 -0.99874
    outer loop
      vertex -4.24649 4.05806 7.13629
      vertex -3.9247 4.44967 7.156
      vertex -4.37502 3.69932 7.11825
    endloop
  endfacet
  facet normal 0.937326 -0.046087 -0.345393
    outer loop
      vertex -6.89517 5.99802 0
      vertex -4.39374 3.57329 7.11191
      vertex -6.89999 5.89999 0
    endloop
  endfacet
  facet normal -9.04224e-05 0.0503308 -0.998733
    outer loop
      vertex -4.1049 4.26969 7.14694
      vertex -4.01923 4.3641 7.15169
      vertex -4.18091 4.16736 7.14179
    endloop
  endfacet
  facet normal 0.923305 -0.11877 -0.365242
    outer loop
      vertex -4.37502 3.69932 7.11825
      vertex -4.39374 3.57329 7.11191
      vertex -6.89517 5.99802 0
    endloop
  endfacet
  facet normal 0.000132108 0.0501588 -0.998741
    outer loop
      vertex -4.01923 4.3641 7.15169
      vertex -3.9247 4.44967 7.156
      vertex -4.24649 4.05806 7.13629
    endloop
  endfacet
  facet normal 0.539853 -0.727869 -0.422805
    outer loop
      vertex -6.45557 6.73146 0
      vertex -3.82224 4.52558 7.15981
      vertex -6.53439 6.673 0
    endloop
  endfacet
  facet normal 0.476591 -0.775439 -0.414193
    outer loop
      vertex -3.7128 4.59108 7.16311
      vertex -3.82224 4.52558 7.15981
      vertex -6.45557 6.73146 0
    endloop
  endfacet
  facet normal 4.10733e-06 0.0502857 -0.998735
    outer loop
      vertex 3.59747 4.64556 7.16585
      vertex 3.82224 4.52558 7.15981
      vertex 3.47736 4.68847 7.16801
    endloop
  endfacet
  facet normal -0.138239 -0.932416 -0.333903
    outer loop
      vertex 5.99802 6.89517 0
      vertex 6.09508 6.88078 0
      vertex 3.22742 4.73814 7.17051
    endloop
  endfacet
  facet normal 0.000169681 0.0502216 -0.998738
    outer loop
      vertex 4.37502 -2.99942 6.78125
      vertex 4.34401 -3.12301 6.77503
      vertex 4.30104 -3.24298 6.76899
    endloop
  endfacet
  facet normal -0.831394 0.320632 -0.453848
    outer loop
      vertex 4.34401 -3.12301 6.77503
      vertex 6.82387 -6.28268 0
      vertex 4.30104 -3.24298 6.76899
    endloop
  endfacet
  facet normal -0.00010168 0.0497582 -0.998761
    outer loop
      vertex -3.22742 -4.03824 6.72899
      vertex -3.47736 -3.98857 6.73149
      vertex -3.59747 -3.94566 6.73364
    endloop
  endfacet
  facet normal 0.289184 0.833084 -0.471533
    outer loop
      vertex -3.59747 -3.94566 6.73364
      vertex -3.47736 -3.98857 6.73149
      vertex -6.19028 -6.85693 0
    endloop
  endfacet
  facet normal -4.69713e-05 0.0502914 -0.998735
    outer loop
      vertex 4.24649 -3.35816 6.7632
      vertex 4.1049 -3.56979 6.75255
      vertex 4.01923 -3.6642 6.7478
    endloop
  endfacet
  facet normal 5.00278e-05 0.0502267 -0.998738
    outer loop
      vertex 4.24649 -3.35816 6.7632
      vertex 4.18091 -3.46746 6.7577
      vertex 4.1049 -3.56979 6.75255
    endloop
  endfacet
  facet normal 4.69713e-05 0.0502914 -0.998735
    outer loop
      vertex -4.01923 -3.6642 6.7478
      vertex -4.1049 -3.56979 6.75255
      vertex -4.24649 -3.35816 6.7632
    endloop
  endfacet
  facet normal 0.628373 0.595391 -0.500656
    outer loop
      vertex -4.1049 -3.56979 6.75255
      vertex -4.01923 -3.6642 6.7478
      vertex -6.6071 -6.6071 0
    endloop
  endfacet
  facet normal 0.515604 0.695174 -0.500885
    outer loop
      vertex -3.9247 -3.74977 6.7435
      vertex -6.45557 -6.73146 0
      vertex -6.53439 -6.673 0
    endloop
  endfacet
  facet normal 0.698826 0.518313 -0.492944
    outer loop
      vertex -4.18091 -3.46746 6.7577
      vertex -6.673 -6.53439 0
      vertex -6.73146 -6.45557 0
    endloop
  endfacet
  facet normal 0.58074 0.640753 -0.502171
    outer loop
      vertex -4.01923 -3.6642 6.7478
      vertex -6.53439 -6.673 0
      vertex -6.6071 -6.6071 0
    endloop
  endfacet
  facet normal 8.91942e-06 0.0502449 -0.998737
    outer loop
      vertex -4.37502 3.69932 7.11825
      vertex -3.7128 -3.89118 6.73639
      vertex -4.39999 -2.74612 6.79399
    endloop
  endfacet
  facet normal 0.775961 -0.465079 -0.426129
    outer loop
      vertex -6.73146 6.45557 0
      vertex -4.18091 4.16736 7.14179
      vertex -6.78192 6.37138 0
    endloop
  endfacet
  facet normal 0.73485 -0.524181 -0.430383
    outer loop
      vertex -4.1049 4.26969 7.14694
      vertex -4.18091 4.16736 7.14179
      vertex -6.73146 6.45557 0
    endloop
  endfacet
  facet normal -0.468258 -0.781266 -0.412744
    outer loop
      vertex 6.37138 6.78192 0
      vertex 6.45557 6.73146 0
      vertex 3.7128 4.59108 7.16311
    endloop
  endfacet
  facet normal -0.399149 -0.82483 -0.400418
    outer loop
      vertex 6.37138 6.78192 0
      vertex 3.7128 4.59108 7.16311
      vertex 3.59747 4.64556 7.16585
    endloop
  endfacet
  facet normal -0.0467807 -0.951435 -0.304275
    outer loop
      vertex 5.89999 6.89999 0
      vertex 5.99802 6.89517 0
      vertex 3.09999 4.74439 7.17082
    endloop
  endfacet
  facet normal 3.7719e-05 0.0504579 -0.998726
    outer loop
      vertex 3.35361 4.71944 7.16957
      vertex 3.47736 4.68847 7.16801
      vertex 3.22742 4.73814 7.17051
    endloop
  endfacet
  facet normal -0.230708 -0.903696 -0.360703
    outer loop
      vertex 6.19028 6.85693 0
      vertex 3.47736 4.68847 7.16801
      vertex 3.35361 4.71944 7.16957
    endloop
  endfacet
  facet normal -0.787395 0.396637 -0.471898
    outer loop
      vertex 4.30104 -3.24298 6.76899
      vertex 6.78192 -6.37138 0
      vertex 4.24649 -3.35816 6.7632
    endloop
  endfacet
  facet normal 0.00018965 0.0501162 -0.998743
    outer loop
      vertex 4.30104 -3.24298 6.76899
      vertex 4.24649 -3.35816 6.7632
      vertex 4.01923 -3.6642 6.7478
    endloop
  endfacet
  facet normal 0.901815 0.154258 -0.403651
    outer loop
      vertex -4.39374 -2.87339 6.78759
      vertex -4.37502 -2.99942 6.78125
      vertex -6.88078 -6.09508 0
    endloop
  endfacet
  facet normal -0.000187748 0.0502141 -0.998738
    outer loop
      vertex -4.37502 -2.99942 6.78125
      vertex -4.39374 -2.87339 6.78759
      vertex -4.39999 -2.74612 6.79399
    endloop
  endfacet
  facet normal -0.000169681 0.0502216 -0.998738
    outer loop
      vertex -4.30104 -3.24298 6.76899
      vertex -4.34401 -3.12301 6.77503
      vertex -4.37502 -2.99942 6.78125
    endloop
  endfacet
  facet normal 0.831394 0.320632 -0.453848
    outer loop
      vertex -4.34401 -3.12301 6.77503
      vertex -4.30104 -3.24298 6.76899
      vertex -6.82387 -6.28268 0
    endloop
  endfacet
  facet normal 0.000123712 0.0503719 -0.998731
    outer loop
      vertex -3.7128 -3.89118 6.73639
      vertex -3.82224 -3.82568 6.73968
      vertex -4.01923 -3.6642 6.7478
    endloop
  endfacet
  facet normal -0.00018965 0.0501162 -0.998743
    outer loop
      vertex -4.01923 -3.6642 6.7478
      vertex -4.24649 -3.35816 6.7632
      vertex -4.30104 -3.24298 6.76899
    endloop
  endfacet
  facet normal 0.867969 -0.290608 -0.402713
    outer loop
      vertex -4.30104 3.94288 7.1305
      vertex -4.34401 3.82291 7.12446
      vertex -6.85693 6.19028 0
    endloop
  endfacet
  facet normal 0.893417 -0.223824 -0.389498
    outer loop
      vertex -6.85693 6.19028 0
      vertex -4.34401 3.82291 7.12446
      vertex -6.88078 6.09508 0
    endloop
  endfacet
  facet normal 0.919205 -0.13628 -0.369445
    outer loop
      vertex -6.88078 6.09508 0
      vertex -4.37502 3.69932 7.11825
      vertex -6.89517 5.99802 0
    endloop
  endfacet
  facet normal -0.311441 -0.870453 -0.381202
    outer loop
      vertex 6.19028 6.85693 0
      vertex 6.28268 6.82387 0
      vertex 3.47736 4.68847 7.16801
    endloop
  endfacet
  facet normal -0.31693 -0.867865 -0.382579
    outer loop
      vertex 6.28268 6.82387 0
      vertex 3.59747 4.64556 7.16585
      vertex 3.47736 4.68847 7.16801
    endloop
  endfacet
  facet normal 5.5007e-05 0.0502794 -0.998735
    outer loop
      vertex -3.7128 -3.89118 6.73639
      vertex -4.01923 -3.6642 6.7478
      vertex -4.30104 -3.24298 6.76899
    endloop
  endfacet
  facet normal 3.22385e-05 0.0502588 -0.998736
    outer loop
      vertex -3.7128 -3.89118 6.73639
      vertex -4.30104 -3.24298 6.76899
      vertex -4.39999 -2.74612 6.79399
    endloop
  endfacet
  facet normal 0.787395 0.396637 -0.471898
    outer loop
      vertex -4.30104 -3.24298 6.76899
      vertex -4.24649 -3.35816 6.7632
      vertex -6.78192 -6.37138 0
    endloop
  endfacet
  facet normal 0.751372 0.450341 -0.48232
    outer loop
      vertex -4.24649 -3.35816 6.7632
      vertex -6.73146 -6.45557 0
      vertex -6.78192 -6.37138 0
    endloop
  endfacet
  facet normal -5.00278e-05 0.0502267 -0.998738
    outer loop
      vertex -4.1049 -3.56979 6.75255
      vertex -4.18091 -3.46746 6.7577
      vertex -4.24649 -3.35816 6.7632
    endloop
  endfacet
  facet normal 0.738633 0.467613 -0.48555
    outer loop
      vertex -4.24649 -3.35816 6.7632
      vertex -4.18091 -3.46746 6.7577
      vertex -6.73146 -6.45557 0
    endloop
  endfacet
  facet normal 0.989176 0.146736 0
    outer loop
      vertex 3.28411 0.323456 6.94841
      vertex 3.23659 0.643798 0
      vertex 3.23659 0.643798 6.96453
    endloop
  endfacet
  facet normal 0.989176 0.146736 0
    outer loop
      vertex 3.23659 0.643798 0
      vertex 3.28411 0.323456 6.94841
      vertex 3.28411 0.323456 0
    endloop
  endfacet
  facet normal 0.998796 0.0490665 0
    outer loop
      vertex 3.3 0 6.93214
      vertex 3.28411 0.323456 0
      vertex 3.28411 0.323456 6.94841
    endloop
  endfacet
  facet normal 0.998796 0.0490665 0
    outer loop
      vertex 3.28411 0.323456 0
      vertex 3.3 0 6.93214
      vertex 3.3 0 0
    endloop
  endfacet
  facet normal 0.97003 0.242985 0
    outer loop
      vertex 3.23659 0.643798 6.96453
      vertex 3.1579 0.957939 0
      vertex 3.1579 0.957939 6.98033
    endloop
  endfacet
  facet normal 0.97003 0.242985 0
    outer loop
      vertex 3.1579 0.957939 0
      vertex 3.23659 0.643798 6.96453
      vertex 3.23659 0.643798 0
    endloop
  endfacet
  facet normal -0.97003 -0.242985 -0
    outer loop
      vertex -3.1579 -0.957939 6.88395
      vertex -3.23659 -0.643798 0
      vertex -3.1579 -0.957939 0
    endloop
  endfacet
  facet normal -0.97003 -0.242985 0
    outer loop
      vertex -3.23659 -0.643798 0
      vertex -3.1579 -0.957939 6.88395
      vertex -3.23659 -0.643798 6.89975
    endloop
  endfacet
  facet normal 0.514105 -0.857727 0
    outer loop
      vertex 1.83338 -2.74385 0
      vertex 1.55561 -2.91034 6.78573
      vertex 1.55561 -2.91034 0
    endloop
  endfacet
  facet normal 0.514105 -0.857727 0
    outer loop
      vertex 1.55561 -2.91034 6.78573
      vertex 1.83338 -2.74385 0
      vertex 1.83338 -2.74385 6.79411
    endloop
  endfacet
  facet normal 0.740948 -0.671562 0
    outer loop
      vertex 2.33345 -2.33345 6.81475
      vertex 2.55093 -2.0935 0
      vertex 2.55093 -2.0935 6.82682
    endloop
  endfacet
  facet normal 0.740948 -0.671562 0
    outer loop
      vertex 2.55093 -2.0935 0
      vertex 2.33345 -2.33345 6.81475
      vertex 2.33345 -2.33345 0
    endloop
  endfacet
  facet normal 0.803205 -0.595703 0
    outer loop
      vertex 2.55093 -2.0935 6.82682
      vertex 2.74385 -1.83338 0
      vertex 2.74385 -1.83338 6.83991
    endloop
  endfacet
  facet normal 0.803205 -0.595703 0
    outer loop
      vertex 2.74385 -1.83338 0
      vertex 2.55093 -2.0935 6.82682
      vertex 2.55093 -2.0935 0
    endloop
  endfacet
  facet normal 0.671562 0.740948 0
    outer loop
      vertex 2.0935 2.55093 0
      vertex 2.33345 2.33345 7.04953
      vertex 2.33345 2.33345 0
    endloop
  endfacet
  facet normal 0.671562 0.740948 0
    outer loop
      vertex 2.33345 2.33345 7.04953
      vertex 2.0935 2.55093 0
      vertex 2.0935 2.55093 7.06047
    endloop
  endfacet
  facet normal 0.514105 0.857727 0
    outer loop
      vertex 1.55561 2.91034 0
      vertex 1.83338 2.74385 7.07018
      vertex 1.83338 2.74385 0
    endloop
  endfacet
  facet normal 0.514105 0.857727 0
    outer loop
      vertex 1.83338 2.74385 7.07018
      vertex 1.55561 2.91034 0
      vertex 1.55561 2.91034 7.07856
    endloop
  endfacet
  facet normal -0.740948 -0.671562 -0
    outer loop
      vertex -2.33345 -2.33345 6.81475
      vertex -2.55093 -2.0935 0
      vertex -2.33345 -2.33345 0
    endloop
  endfacet
  facet normal -0.740948 -0.671562 0
    outer loop
      vertex -2.55093 -2.0935 0
      vertex -2.33345 -2.33345 6.81475
      vertex -2.55093 -2.0935 6.82682
    endloop
  endfacet
  facet normal -0.146736 0.989176 0
    outer loop
      vertex -0.323456 3.28411 0
      vertex -0.643798 3.23659 7.09497
      vertex -0.323456 3.28411 7.09736
    endloop
  endfacet
  facet normal -0.146736 0.989176 0
    outer loop
      vertex -0.643798 3.23659 7.09497
      vertex -0.323456 3.28411 0
      vertex -0.643798 3.23659 0
    endloop
  endfacet
  facet normal -0.671562 -0.740948 0
    outer loop
      vertex -2.33345 -2.33345 0
      vertex -2.0935 -2.55093 6.80381
      vertex -2.33345 -2.33345 6.81475
    endloop
  endfacet
  facet normal -0.671562 -0.740948 -0
    outer loop
      vertex -2.0935 -2.55093 6.80381
      vertex -2.33345 -2.33345 0
      vertex -2.0935 -2.55093 0
    endloop
  endfacet
  facet normal 0.941543 0.336893 0
    outer loop
      vertex 3.1579 0.957939 6.98033
      vertex 3.0488 1.26285 0
      vertex 3.0488 1.26285 6.99567
    endloop
  endfacet
  facet normal 0.941543 0.336893 0
    outer loop
      vertex 3.0488 1.26285 0
      vertex 3.1579 0.957939 6.98033
      vertex 3.1579 0.957939 0
    endloop
  endfacet
  facet normal 0.427542 -0.903995 0
    outer loop
      vertex 1.55561 -2.91034 0
      vertex 1.26285 -3.0488 6.77876
      vertex 1.26285 -3.0488 0
    endloop
  endfacet
  facet normal 0.427542 -0.903995 0
    outer loop
      vertex 1.26285 -3.0488 6.77876
      vertex 1.55561 -2.91034 0
      vertex 1.55561 -2.91034 6.78573
    endloop
  endfacet
  facet normal 0.427542 0.903995 0
    outer loop
      vertex 1.26285 3.0488 0
      vertex 1.55561 2.91034 7.07856
      vertex 1.55561 2.91034 0
    endloop
  endfacet
  facet normal 0.427542 0.903995 0
    outer loop
      vertex 1.55561 2.91034 7.07856
      vertex 1.26285 3.0488 0
      vertex 1.26285 3.0488 7.08552
    endloop
  endfacet
  facet normal -0.671562 0.740948 0
    outer loop
      vertex -2.0935 2.55093 0
      vertex -2.33345 2.33345 7.04953
      vertex -2.0935 2.55093 7.06047
    endloop
  endfacet
  facet normal -0.671562 0.740948 0
    outer loop
      vertex -2.33345 2.33345 7.04953
      vertex -2.0935 2.55093 0
      vertex -2.33345 2.33345 0
    endloop
  endfacet
  facet normal 0.671562 -0.740948 0
    outer loop
      vertex 2.33345 -2.33345 0
      vertex 2.0935 -2.55093 6.80381
      vertex 2.0935 -2.55093 0
    endloop
  endfacet
  facet normal 0.671562 -0.740948 0
    outer loop
      vertex 2.0935 -2.55093 6.80381
      vertex 2.33345 -2.33345 0
      vertex 2.33345 -2.33345 6.81475
    endloop
  endfacet
  facet normal 0.0490665 -0.998796 0
    outer loop
      vertex 0 -3.3 0
      vertex 0.323456 -3.28411 6.76693
      vertex 0 -3.3 6.76613
    endloop
  endfacet
  facet normal 0.0490665 -0.998796 0
    outer loop
      vertex 0.323456 -3.28411 6.76693
      vertex 0 -3.3 0
      vertex 0.323456 -3.28411 0
    endloop
  endfacet
  facet normal 0.595703 -0.803205 0
    outer loop
      vertex 2.0935 -2.55093 0
      vertex 1.83338 -2.74385 6.79411
      vertex 1.83338 -2.74385 0
    endloop
  endfacet
  facet normal 0.595703 -0.803205 0
    outer loop
      vertex 1.83338 -2.74385 6.79411
      vertex 2.0935 -2.55093 0
      vertex 2.0935 -2.55093 6.80381
    endloop
  endfacet
  facet normal 0.998796 -0.0490665 0
    outer loop
      vertex 3.28411 -0.323456 6.91587
      vertex 3.3 0 0
      vertex 3.3 0 6.93214
    endloop
  endfacet
  facet normal 0.998796 -0.0490665 0
    outer loop
      vertex 3.3 0 0
      vertex 3.28411 -0.323456 6.91587
      vertex 3.28411 -0.323456 0
    endloop
  endfacet
  facet normal -0.595703 -0.803205 0
    outer loop
      vertex -2.0935 -2.55093 0
      vertex -1.83338 -2.74385 6.79411
      vertex -2.0935 -2.55093 6.80381
    endloop
  endfacet
  facet normal -0.595703 -0.803205 -0
    outer loop
      vertex -1.83338 -2.74385 6.79411
      vertex -2.0935 -2.55093 0
      vertex -1.83338 -2.74385 0
    endloop
  endfacet
  facet normal -0.595703 0.803205 0
    outer loop
      vertex -1.83338 2.74385 0
      vertex -2.0935 2.55093 7.06047
      vertex -1.83338 2.74385 7.07018
    endloop
  endfacet
  facet normal -0.595703 0.803205 0
    outer loop
      vertex -2.0935 2.55093 7.06047
      vertex -1.83338 2.74385 0
      vertex -2.0935 2.55093 0
    endloop
  endfacet
  facet normal 0.941543 -0.336893 0
    outer loop
      vertex 3.0488 -1.26285 6.86861
      vertex 3.1579 -0.957939 0
      vertex 3.1579 -0.957939 6.88395
    endloop
  endfacet
  facet normal 0.941543 -0.336893 0
    outer loop
      vertex 3.1579 -0.957939 0
      vertex 3.0488 -1.26285 6.86861
      vertex 3.0488 -1.26285 0
    endloop
  endfacet
  facet normal 0.242985 -0.97003 0
    outer loop
      vertex 0.957939 -3.1579 0
      vertex 0.643798 -3.23659 6.76932
      vertex 0.643798 -3.23659 0
    endloop
  endfacet
  facet normal 0.242985 -0.97003 0
    outer loop
      vertex 0.643798 -3.23659 6.76932
      vertex 0.957939 -3.1579 0
      vertex 0.957939 -3.1579 6.77327
    endloop
  endfacet
  facet normal 0.989176 -0.146736 0
    outer loop
      vertex 3.23659 -0.643798 6.89975
      vertex 3.28411 -0.323456 0
      vertex 3.28411 -0.323456 6.91587
    endloop
  endfacet
  facet normal 0.989176 -0.146736 0
    outer loop
      vertex 3.28411 -0.323456 0
      vertex 3.23659 -0.643798 6.89975
      vertex 3.23659 -0.643798 0
    endloop
  endfacet
  facet normal -0.857727 0.514105 0
    outer loop
      vertex -2.91034 1.55561 7.0104
      vertex -2.74385 1.83338 0
      vertex -2.91034 1.55561 0
    endloop
  endfacet
  facet normal -0.857727 0.514105 0
    outer loop
      vertex -2.74385 1.83338 0
      vertex -2.91034 1.55561 7.0104
      vertex -2.74385 1.83338 7.02438
    endloop
  endfacet
  facet normal -0.514105 0.857727 0
    outer loop
      vertex -1.55561 2.91034 0
      vertex -1.83338 2.74385 7.07018
      vertex -1.55561 2.91034 7.07856
    endloop
  endfacet
  facet normal -0.514105 0.857727 0
    outer loop
      vertex -1.83338 2.74385 7.07018
      vertex -1.55561 2.91034 0
      vertex -1.83338 2.74385 0
    endloop
  endfacet
  facet normal -0.998796 -0.0490665 -0
    outer loop
      vertex -3.28411 -0.323456 6.91587
      vertex -3.3 0 0
      vertex -3.28411 -0.323456 0
    endloop
  endfacet
  facet normal -0.998796 -0.0490665 0
    outer loop
      vertex -3.3 0 0
      vertex -3.28411 -0.323456 6.91587
      vertex -3.3 0 6.93214
    endloop
  endfacet
  facet normal -0.941543 0.336893 0
    outer loop
      vertex -3.1579 0.957939 6.98033
      vertex -3.0488 1.26285 0
      vertex -3.1579 0.957939 0
    endloop
  endfacet
  facet normal -0.941543 0.336893 0
    outer loop
      vertex -3.0488 1.26285 0
      vertex -3.1579 0.957939 6.98033
      vertex -3.0488 1.26285 6.99567
    endloop
  endfacet
  facet normal -0.857727 -0.514105 -0
    outer loop
      vertex -2.74385 -1.83338 6.83991
      vertex -2.91034 -1.55561 0
      vertex -2.74385 -1.83338 0
    endloop
  endfacet
  facet normal -0.857727 -0.514105 0
    outer loop
      vertex -2.91034 -1.55561 0
      vertex -2.74385 -1.83338 6.83991
      vertex -2.91034 -1.55561 6.85388
    endloop
  endfacet
  facet normal 0.0490665 0.998796 -0
    outer loop
      vertex 0.323456 3.28411 0
      vertex 0 3.3 7.09816
      vertex 0.323456 3.28411 7.09736
    endloop
  endfacet
  facet normal 0.0490665 0.998796 0
    outer loop
      vertex 0 3.3 7.09816
      vertex 0.323456 3.28411 0
      vertex 0 3.3 0
    endloop
  endfacet
  facet normal 0.97003 -0.242985 0
    outer loop
      vertex 3.1579 -0.957939 6.88395
      vertex 3.23659 -0.643798 0
      vertex 3.23659 -0.643798 6.89975
    endloop
  endfacet
  facet normal 0.97003 -0.242985 0
    outer loop
      vertex 3.23659 -0.643798 0
      vertex 3.1579 -0.957939 6.88395
      vertex 3.1579 -0.957939 0
    endloop
  endfacet
  facet normal -0.97003 0.242985 0
    outer loop
      vertex -3.23659 0.643798 6.96453
      vertex -3.1579 0.957939 0
      vertex -3.23659 0.643798 0
    endloop
  endfacet
  facet normal -0.97003 0.242985 0
    outer loop
      vertex -3.1579 0.957939 0
      vertex -3.23659 0.643798 6.96453
      vertex -3.1579 0.957939 6.98033
    endloop
  endfacet
  facet normal -0.989176 -0.146736 -0
    outer loop
      vertex -3.23659 -0.643798 6.89975
      vertex -3.28411 -0.323456 0
      vertex -3.23659 -0.643798 0
    endloop
  endfacet
  facet normal -0.989176 -0.146736 0
    outer loop
      vertex -3.28411 -0.323456 0
      vertex -3.23659 -0.643798 6.89975
      vertex -3.28411 -0.323456 6.91587
    endloop
  endfacet
  facet normal 0.903995 -0.427542 0
    outer loop
      vertex 2.91034 -1.55561 6.85388
      vertex 3.0488 -1.26285 0
      vertex 3.0488 -1.26285 6.86861
    endloop
  endfacet
  facet normal 0.903995 -0.427542 0
    outer loop
      vertex 3.0488 -1.26285 0
      vertex 2.91034 -1.55561 6.85388
      vertex 2.91034 -1.55561 0
    endloop
  endfacet
  facet normal -0.941543 -0.336893 -0
    outer loop
      vertex -3.0488 -1.26285 6.86861
      vertex -3.1579 -0.957939 0
      vertex -3.0488 -1.26285 0
    endloop
  endfacet
  facet normal -0.941543 -0.336893 0
    outer loop
      vertex -3.1579 -0.957939 0
      vertex -3.0488 -1.26285 6.86861
      vertex -3.1579 -0.957939 6.88395
    endloop
  endfacet
  facet normal 0.336893 -0.941543 0
    outer loop
      vertex 1.26285 -3.0488 0
      vertex 0.957939 -3.1579 6.77327
      vertex 0.957939 -3.1579 0
    endloop
  endfacet
  facet normal 0.336893 -0.941543 0
    outer loop
      vertex 0.957939 -3.1579 6.77327
      vertex 1.26285 -3.0488 0
      vertex 1.26285 -3.0488 6.77876
    endloop
  endfacet
  facet normal -0.336893 0.941543 0
    outer loop
      vertex -0.957939 3.1579 0
      vertex -1.26285 3.0488 7.08552
      vertex -0.957939 3.1579 7.09101
    endloop
  endfacet
  facet normal -0.336893 0.941543 0
    outer loop
      vertex -1.26285 3.0488 7.08552
      vertex -0.957939 3.1579 0
      vertex -1.26285 3.0488 0
    endloop
  endfacet
  facet normal -0.242985 -0.97003 0
    outer loop
      vertex -0.957939 -3.1579 0
      vertex -0.643798 -3.23659 6.76932
      vertex -0.957939 -3.1579 6.77327
    endloop
  endfacet
  facet normal -0.242985 -0.97003 -0
    outer loop
      vertex -0.643798 -3.23659 6.76932
      vertex -0.957939 -3.1579 0
      vertex -0.643798 -3.23659 0
    endloop
  endfacet
  facet normal 0.146736 -0.989176 0
    outer loop
      vertex 0.323456 -3.28411 0
      vertex 0.643798 -3.23659 6.76932
      vertex 0.323456 -3.28411 6.76693
    endloop
  endfacet
  facet normal 0.146736 -0.989176 0
    outer loop
      vertex 0.643798 -3.23659 6.76932
      vertex 0.323456 -3.28411 0
      vertex 0.643798 -3.23659 0
    endloop
  endfacet
  facet normal 0.803205 0.595703 0
    outer loop
      vertex 2.74385 1.83338 7.02438
      vertex 2.55093 2.0935 0
      vertex 2.55093 2.0935 7.03746
    endloop
  endfacet
  facet normal 0.803205 0.595703 0
    outer loop
      vertex 2.55093 2.0935 0
      vertex 2.74385 1.83338 7.02438
      vertex 2.74385 1.83338 0
    endloop
  endfacet
  facet normal -0.803205 -0.595703 -0
    outer loop
      vertex -2.55093 -2.0935 6.82682
      vertex -2.74385 -1.83338 0
      vertex -2.55093 -2.0935 0
    endloop
  endfacet
  facet normal -0.803205 -0.595703 0
    outer loop
      vertex -2.74385 -1.83338 0
      vertex -2.55093 -2.0935 6.82682
      vertex -2.74385 -1.83338 6.83991
    endloop
  endfacet
  facet normal -0.740948 0.671562 0
    outer loop
      vertex -2.55093 2.0935 7.03746
      vertex -2.33345 2.33345 0
      vertex -2.55093 2.0935 0
    endloop
  endfacet
  facet normal -0.740948 0.671562 0
    outer loop
      vertex -2.33345 2.33345 0
      vertex -2.55093 2.0935 7.03746
      vertex -2.33345 2.33345 7.04953
    endloop
  endfacet
  facet normal -0.146736 -0.989176 0
    outer loop
      vertex -0.643798 -3.23659 0
      vertex -0.323456 -3.28411 6.76693
      vertex -0.643798 -3.23659 6.76932
    endloop
  endfacet
  facet normal -0.146736 -0.989176 -0
    outer loop
      vertex -0.323456 -3.28411 6.76693
      vertex -0.643798 -3.23659 0
      vertex -0.323456 -3.28411 0
    endloop
  endfacet
  facet normal 0.903995 0.427542 0
    outer loop
      vertex 3.0488 1.26285 6.99567
      vertex 2.91034 1.55561 0
      vertex 2.91034 1.55561 7.0104
    endloop
  endfacet
  facet normal 0.903995 0.427542 0
    outer loop
      vertex 2.91034 1.55561 0
      vertex 3.0488 1.26285 6.99567
      vertex 3.0488 1.26285 0
    endloop
  endfacet
  facet normal 0.857727 -0.514105 0
    outer loop
      vertex 2.74385 -1.83338 6.83991
      vertex 2.91034 -1.55561 0
      vertex 2.91034 -1.55561 6.85388
    endloop
  endfacet
  facet normal 0.857727 -0.514105 0
    outer loop
      vertex 2.91034 -1.55561 0
      vertex 2.74385 -1.83338 6.83991
      vertex 2.74385 -1.83338 0
    endloop
  endfacet
  facet normal 0.146736 0.989176 -0
    outer loop
      vertex 0.643798 3.23659 0
      vertex 0.323456 3.28411 7.09736
      vertex 0.643798 3.23659 7.09497
    endloop
  endfacet
  facet normal 0.146736 0.989176 0
    outer loop
      vertex 0.323456 3.28411 7.09736
      vertex 0.643798 3.23659 0
      vertex 0.323456 3.28411 0
    endloop
  endfacet
  facet normal 0.336893 0.941543 0
    outer loop
      vertex 0.957939 3.1579 0
      vertex 1.26285 3.0488 7.08552
      vertex 1.26285 3.0488 0
    endloop
  endfacet
  facet normal 0.336893 0.941543 0
    outer loop
      vertex 1.26285 3.0488 7.08552
      vertex 0.957939 3.1579 0
      vertex 0.957939 3.1579 7.09101
    endloop
  endfacet
  facet normal 0.595703 0.803205 0
    outer loop
      vertex 1.83338 2.74385 0
      vertex 2.0935 2.55093 7.06047
      vertex 2.0935 2.55093 0
    endloop
  endfacet
  facet normal 0.595703 0.803205 0
    outer loop
      vertex 2.0935 2.55093 7.06047
      vertex 1.83338 2.74385 0
      vertex 1.83338 2.74385 7.07018
    endloop
  endfacet
  facet normal -0.427542 0.903995 0
    outer loop
      vertex -1.26285 3.0488 0
      vertex -1.55561 2.91034 7.07856
      vertex -1.26285 3.0488 7.08552
    endloop
  endfacet
  facet normal -0.427542 0.903995 0
    outer loop
      vertex -1.55561 2.91034 7.07856
      vertex -1.26285 3.0488 0
      vertex -1.55561 2.91034 0
    endloop
  endfacet
  facet normal -0.336893 -0.941543 0
    outer loop
      vertex -1.26285 -3.0488 0
      vertex -0.957939 -3.1579 6.77327
      vertex -1.26285 -3.0488 6.77876
    endloop
  endfacet
  facet normal -0.336893 -0.941543 -0
    outer loop
      vertex -0.957939 -3.1579 6.77327
      vertex -1.26285 -3.0488 0
      vertex -0.957939 -3.1579 0
    endloop
  endfacet
  facet normal 0.857727 0.514105 0
    outer loop
      vertex 2.91034 1.55561 7.0104
      vertex 2.74385 1.83338 0
      vertex 2.74385 1.83338 7.02438
    endloop
  endfacet
  facet normal 0.857727 0.514105 0
    outer loop
      vertex 2.74385 1.83338 0
      vertex 2.91034 1.55561 7.0104
      vertex 2.91034 1.55561 0
    endloop
  endfacet
  facet normal -0.0490665 0.998796 0
    outer loop
      vertex 0 3.3 0
      vertex -0.323456 3.28411 7.09736
      vertex 0 3.3 7.09816
    endloop
  endfacet
  facet normal -0.0490665 0.998796 0
    outer loop
      vertex -0.323456 3.28411 7.09736
      vertex 0 3.3 0
      vertex -0.323456 3.28411 0
    endloop
  endfacet
  facet normal -0.903995 -0.427542 -0
    outer loop
      vertex -2.91034 -1.55561 6.85388
      vertex -3.0488 -1.26285 0
      vertex -2.91034 -1.55561 0
    endloop
  endfacet
  facet normal -0.903995 -0.427542 0
    outer loop
      vertex -3.0488 -1.26285 0
      vertex -2.91034 -1.55561 6.85388
      vertex -3.0488 -1.26285 6.86861
    endloop
  endfacet
  facet normal -0.242985 0.97003 0
    outer loop
      vertex -0.643798 3.23659 0
      vertex -0.957939 3.1579 7.09101
      vertex -0.643798 3.23659 7.09497
    endloop
  endfacet
  facet normal -0.242985 0.97003 0
    outer loop
      vertex -0.957939 3.1579 7.09101
      vertex -0.643798 3.23659 0
      vertex -0.957939 3.1579 0
    endloop
  endfacet
  facet normal -0.903995 0.427542 0
    outer loop
      vertex -3.0488 1.26285 6.99567
      vertex -2.91034 1.55561 0
      vertex -3.0488 1.26285 0
    endloop
  endfacet
  facet normal -0.903995 0.427542 0
    outer loop
      vertex -2.91034 1.55561 0
      vertex -3.0488 1.26285 6.99567
      vertex -2.91034 1.55561 7.0104
    endloop
  endfacet
  facet normal 0.740948 0.671562 0
    outer loop
      vertex 2.55093 2.0935 7.03746
      vertex 2.33345 2.33345 0
      vertex 2.33345 2.33345 7.04953
    endloop
  endfacet
  facet normal 0.740948 0.671562 0
    outer loop
      vertex 2.33345 2.33345 0
      vertex 2.55093 2.0935 7.03746
      vertex 2.55093 2.0935 0
    endloop
  endfacet
  facet normal -0.989176 0.146736 0
    outer loop
      vertex -3.28411 0.323456 6.94841
      vertex -3.23659 0.643798 0
      vertex -3.28411 0.323456 0
    endloop
  endfacet
  facet normal -0.989176 0.146736 0
    outer loop
      vertex -3.23659 0.643798 0
      vertex -3.28411 0.323456 6.94841
      vertex -3.23659 0.643798 6.96453
    endloop
  endfacet
  facet normal -0.803205 0.595703 0
    outer loop
      vertex -2.74385 1.83338 7.02438
      vertex -2.55093 2.0935 0
      vertex -2.74385 1.83338 0
    endloop
  endfacet
  facet normal -0.803205 0.595703 0
    outer loop
      vertex -2.55093 2.0935 0
      vertex -2.74385 1.83338 7.02438
      vertex -2.55093 2.0935 7.03746
    endloop
  endfacet
  facet normal 0.242985 0.97003 0
    outer loop
      vertex 0.643798 3.23659 0
      vertex 0.957939 3.1579 7.09101
      vertex 0.957939 3.1579 0
    endloop
  endfacet
  facet normal 0.242985 0.97003 0
    outer loop
      vertex 0.957939 3.1579 7.09101
      vertex 0.643798 3.23659 0
      vertex 0.643798 3.23659 7.09497
    endloop
  endfacet
  facet normal -0.514105 -0.857727 0
    outer loop
      vertex -1.83338 -2.74385 0
      vertex -1.55561 -2.91034 6.78573
      vertex -1.83338 -2.74385 6.79411
    endloop
  endfacet
  facet normal -0.514105 -0.857727 -0
    outer loop
      vertex -1.55561 -2.91034 6.78573
      vertex -1.83338 -2.74385 0
      vertex -1.55561 -2.91034 0
    endloop
  endfacet
  facet normal -0.0490665 -0.998796 0
    outer loop
      vertex -0.323456 -3.28411 0
      vertex 0 -3.3 6.76613
      vertex -0.323456 -3.28411 6.76693
    endloop
  endfacet
  facet normal -0.0490665 -0.998796 -0
    outer loop
      vertex 0 -3.3 6.76613
      vertex -0.323456 -3.28411 0
      vertex 0 -3.3 0
    endloop
  endfacet
  facet normal -0.998796 0.0490665 0
    outer loop
      vertex -3.3 0 6.93214
      vertex -3.28411 0.323456 0
      vertex -3.3 0 0
    endloop
  endfacet
  facet normal -0.998796 0.0490665 0
    outer loop
      vertex -3.28411 0.323456 0
      vertex -3.3 0 6.93214
      vertex -3.28411 0.323456 6.94841
    endloop
  endfacet
  facet normal 0 0 -1
    outer loop
      vertex -2.125 0.674999 0
      vertex -0.674999 2.125 0
      vertex -0.674999 0.674999 0
    endloop
  endfacet
  facet normal 0 0 -1
    outer loop
      vertex -0.674999 2.125 0
      vertex -1.26285 3.0488 0
      vertex -0.957939 3.1579 0
    endloop
  endfacet
  facet normal 0 0 -1
    outer loop
      vertex -0.674999 2.125 0
      vertex -1.55561 2.91034 0
      vertex -1.26285 3.0488 0
    endloop
  endfacet
  facet normal 0 0 -1
    outer loop
      vertex -0.674999 2.125 0
      vertex -1.83338 2.74385 0
      vertex -1.55561 2.91034 0
    endloop
  endfacet
  facet normal 0 0 -1
    outer loop
      vertex -0.674999 2.125 0
      vertex -2.0935 2.55093 0
      vertex -1.83338 2.74385 0
    endloop
  endfacet
  facet normal 0 0 -1
    outer loop
      vertex -2.33345 2.33345 0
      vertex -0.674999 2.125 0
      vertex -2.125 0.674999 0
    endloop
  endfacet
  facet normal 0 0 -1
    outer loop
      vertex -2.74385 -1.83338 0
      vertex -2.125 -0.674999 0
      vertex -2.55093 -2.0935 0
    endloop
  endfacet
  facet normal 0 0 -1
    outer loop
      vertex -0.674999 2.125 0
      vertex -2.33345 2.33345 0
      vertex -2.0935 2.55093 0
    endloop
  endfacet
  facet normal 0 0 -1
    outer loop
      vertex -2.91034 -1.55561 0
      vertex -2.125 -0.674999 0
      vertex -2.74385 -1.83338 0
    endloop
  endfacet
  facet normal 0 0 -1
    outer loop
      vertex -2.125 0.674999 0
      vertex -2.55093 2.0935 0
      vertex -2.33345 2.33345 0
    endloop
  endfacet
  facet normal 0 0 -1
    outer loop
      vertex -3.0488 -1.26285 0
      vertex -2.125 -0.674999 0
      vertex -2.91034 -1.55561 0
    endloop
  endfacet
  facet normal 0 0 -1
    outer loop
      vertex -2.125 0.674999 0
      vertex -2.74385 1.83338 0
      vertex -2.55093 2.0935 0
    endloop
  endfacet
  facet normal 0 0 -1
    outer loop
      vertex -3.1579 -0.957939 0
      vertex -2.125 -0.674999 0
      vertex -3.0488 -1.26285 0
    endloop
  endfacet
  facet normal 0 0 -1
    outer loop
      vertex -2.125 0.674999 0
      vertex -2.91034 1.55561 0
      vertex -2.74385 1.83338 0
    endloop
  endfacet
  facet normal 0 0 -1
    outer loop
      vertex -3.23659 -0.643798 0
      vertex -2.125 -0.674999 0
      vertex -3.1579 -0.957939 0
    endloop
  endfacet
  facet normal 0 0 -1
    outer loop
      vertex -2.125 0.674999 0
      vertex -3.0488 1.26285 0
      vertex -2.91034 1.55561 0
    endloop
  endfacet
  facet normal 0 0 -1
    outer loop
      vertex -3.28411 -0.323456 0
      vertex -2.125 -0.674999 0
      vertex -3.23659 -0.643798 0
    endloop
  endfacet
  facet normal 0 0 -1
    outer loop
      vertex -2.125 0.674999 0
      vertex -3.1579 0.957939 0
      vertex -3.0488 1.26285 0
    endloop
  endfacet
  facet normal 0 0 -1
    outer loop
      vertex -3.3 0 0
      vertex -2.125 -0.674999 0
      vertex -3.28411 -0.323456 0
    endloop
  endfacet
  facet normal -0 0 -1
    outer loop
      vertex -2.125 0.674999 0
      vertex -3.23659 0.643798 0
      vertex -3.1579 0.957939 0
    endloop
  endfacet
  facet normal 0 0 -1
    outer loop
      vertex -2.125 -0.674999 0
      vertex -3.3 0 0
      vertex -2.125 0.674999 0
    endloop
  endfacet
  facet normal 0 0 -1
    outer loop
      vertex -2.125 0.674999 0
      vertex -3.28411 0.323456 0
      vertex -3.23659 0.643798 0
    endloop
  endfacet
  facet normal 0 0 -1
    outer loop
      vertex -2.125 0.674999 0
      vertex -3.3 0 0
      vertex -3.28411 0.323456 0
    endloop
  endfacet
  facet normal 0 0 -1
    outer loop
      vertex 0.643798 -3.23659 0
      vertex 0.674999 -2.125 0
      vertex 0.957939 -3.1579 0
    endloop
  endfacet
  facet normal 0 0 -1
    outer loop
      vertex 0.323456 -3.28411 0
      vertex 0.674999 -2.125 0
      vertex 0.643798 -3.23659 0
    endloop
  endfacet
  facet normal 0 0 -1
    outer loop
      vertex 0 -3.3 0
      vertex 0.674999 -2.125 0
      vertex 0.323456 -3.28411 0
    endloop
  endfacet
  facet normal 0 0 -1
    outer loop
      vertex -0.674999 -2.125 0
      vertex 0 -3.3 0
      vertex -0.323456 -3.28411 0
    endloop
  endfacet
  facet normal 0 0 -1
    outer loop
      vertex -0.674999 -2.125 0
      vertex -0.323456 -3.28411 0
      vertex -0.643798 -3.23659 0
    endloop
  endfacet
  facet normal 0 0 -1
    outer loop
      vertex 0 -3.3 0
      vertex -0.674999 -2.125 0
      vertex 0.674999 -2.125 0
    endloop
  endfacet
  facet normal 0 0 -1
    outer loop
      vertex -0.957939 -3.1579 0
      vertex -0.674999 -2.125 0
      vertex -0.643798 -3.23659 0
    endloop
  endfacet
  facet normal 0 0 -1
    outer loop
      vertex -1.26285 -3.0488 0
      vertex -0.674999 -2.125 0
      vertex -0.957939 -3.1579 0
    endloop
  endfacet
  facet normal 0 0 -1
    outer loop
      vertex -1.55561 -2.91034 0
      vertex -0.674999 -2.125 0
      vertex -1.26285 -3.0488 0
    endloop
  endfacet
  facet normal 0 0 -1
    outer loop
      vertex -1.83338 -2.74385 0
      vertex -0.674999 -2.125 0
      vertex -1.55561 -2.91034 0
    endloop
  endfacet
  facet normal 0 0 -1
    outer loop
      vertex -2.0935 -2.55093 0
      vertex -0.674999 -2.125 0
      vertex -1.83338 -2.74385 0
    endloop
  endfacet
  facet normal 0 0 -1
    outer loop
      vertex -2.33345 -2.33345 0
      vertex -0.674999 -2.125 0
      vertex -2.0935 -2.55093 0
    endloop
  endfacet
  facet normal 0 0 -1
    outer loop
      vertex -0.674999 -2.125 0
      vertex -2.125 -0.674999 0
      vertex -0.674999 -0.674999 0
    endloop
  endfacet
  facet normal 0 0 -1
    outer loop
      vertex -2.55093 -2.0935 0
      vertex -2.125 -0.674999 0
      vertex -2.33345 -2.33345 0
    endloop
  endfacet
  facet normal -0 0 -1
    outer loop
      vertex -0.674999 -2.125 0
      vertex -2.33345 -2.33345 0
      vertex -2.125 -0.674999 0
    endloop
  endfacet
  facet normal 0 0 -1
    outer loop
      vertex 2.125 -0.674999 0
      vertex 3.3 0 0
      vertex 3.28411 -0.323456 0
    endloop
  endfacet
  facet normal 0 0 -1
    outer loop
      vertex 2.125 -0.674999 0
      vertex 3.28411 -0.323456 0
      vertex 3.23659 -0.643798 0
    endloop
  endfacet
  facet normal 0 0 -1
    outer loop
      vertex 2.125 0.674999 0
      vertex 3.3 0 0
      vertex 2.125 -0.674999 0
    endloop
  endfacet
  facet normal 0 0 -1
    outer loop
      vertex 2.125 -0.674999 0
      vertex 3.23659 -0.643798 0
      vertex 3.1579 -0.957939 0
    endloop
  endfacet
  facet normal 0 0 -1
    outer loop
      vertex 3.3 0 0
      vertex 2.125 0.674999 0
      vertex 3.28411 0.323456 0
    endloop
  endfacet
  facet normal 0 0 -1
    outer loop
      vertex 2.125 -0.674999 0
      vertex 3.1579 -0.957939 0
      vertex 3.0488 -1.26285 0
    endloop
  endfacet
  facet normal 0 0 -1
    outer loop
      vertex 3.28411 0.323456 0
      vertex 2.125 0.674999 0
      vertex 3.23659 0.643798 0
    endloop
  endfacet
  facet normal 0 0 -1
    outer loop
      vertex 2.125 -0.674999 0
      vertex 3.0488 -1.26285 0
      vertex 2.91034 -1.55561 0
    endloop
  endfacet
  facet normal 0 0 -1
    outer loop
      vertex 3.23659 0.643798 0
      vertex 2.125 0.674999 0
      vertex 3.1579 0.957939 0
    endloop
  endfacet
  facet normal 0 0 -1
    outer loop
      vertex 2.125 -0.674999 0
      vertex 2.91034 -1.55561 0
      vertex 2.74385 -1.83338 0
    endloop
  endfacet
  facet normal -0 0 -1
    outer loop
      vertex 3.1579 0.957939 0
      vertex 2.125 0.674999 0
      vertex 3.0488 1.26285 0
    endloop
  endfacet
  facet normal 0 0 -1
    outer loop
      vertex 2.125 -0.674999 0
      vertex 2.74385 -1.83338 0
      vertex 2.55093 -2.0935 0
    endloop
  endfacet
  facet normal -0 0 -1
    outer loop
      vertex 3.0488 1.26285 0
      vertex 2.125 0.674999 0
      vertex 2.91034 1.55561 0
    endloop
  endfacet
  facet normal 0 0 -1
    outer loop
      vertex 2.125 -0.674999 0
      vertex 2.55093 -2.0935 0
      vertex 2.33345 -2.33345 0
    endloop
  endfacet
  facet normal -0 0 -1
    outer loop
      vertex 2.91034 1.55561 0
      vertex 2.125 0.674999 0
      vertex 2.74385 1.83338 0
    endloop
  endfacet
  facet normal -0 0 -1
    outer loop
      vertex 2.74385 1.83338 0
      vertex 2.125 0.674999 0
      vertex 2.55093 2.0935 0
    endloop
  endfacet
  facet normal 0 0 -1
    outer loop
      vertex 0.674999 -2.125 0
      vertex 2.33345 -2.33345 0
      vertex 2.0935 -2.55093 0
    endloop
  endfacet
  facet normal 0 0 -1
    outer loop
      vertex 0.674999 -2.125 0
      vertex 2.0935 -2.55093 0
      vertex 1.83338 -2.74385 0
    endloop
  endfacet
  facet normal 0 0 -1
    outer loop
      vertex 0.674999 -2.125 0
      vertex 1.83338 -2.74385 0
      vertex 1.55561 -2.91034 0
    endloop
  endfacet
  facet normal 0 0 -1
    outer loop
      vertex 0.674999 -2.125 0
      vertex 1.55561 -2.91034 0
      vertex 1.26285 -3.0488 0
    endloop
  endfacet
  facet normal 0 0 -1
    outer loop
      vertex 0.674999 -2.125 0
      vertex 1.26285 -3.0488 0
      vertex 0.957939 -3.1579 0
    endloop
  endfacet
  facet normal 0 0 -1
    outer loop
      vertex 2.33345 -2.33345 0
      vertex 0.674999 -2.125 0
      vertex 2.125 -0.674999 0
    endloop
  endfacet
  facet normal -0 0 -1
    outer loop
      vertex 2.125 -0.674999 0
      vertex 0.674999 -2.125 0
      vertex 0.674999 -0.674999 0
    endloop
  endfacet
  facet normal -0 0 -1
    outer loop
      vertex 2.55093 2.0935 0
      vertex 2.125 0.674999 0
      vertex 2.33345 2.33345 0
    endloop
  endfacet
  facet normal 0 0 -1
    outer loop
      vertex 0.674999 2.125 0
      vertex 2.33345 2.33345 0
      vertex 2.125 0.674999 0
    endloop
  endfacet
  facet normal -0 0 -1
    outer loop
      vertex 2.33345 2.33345 0
      vertex 0.674999 2.125 0
      vertex 2.0935 2.55093 0
    endloop
  endfacet
  facet normal -0 0 -1
    outer loop
      vertex 2.0935 2.55093 0
      vertex 0.674999 2.125 0
      vertex 1.83338 2.74385 0
    endloop
  endfacet
  facet normal -0 0 -1
    outer loop
      vertex 1.83338 2.74385 0
      vertex 0.674999 2.125 0
      vertex 1.55561 2.91034 0
    endloop
  endfacet
  facet normal -0 0 -1
    outer loop
      vertex 1.55561 2.91034 0
      vertex 0.674999 2.125 0
      vertex 1.26285 3.0488 0
    endloop
  endfacet
  facet normal 0 0 -1
    outer loop
      vertex 0.674999 2.125 0
      vertex 2.125 0.674999 0
      vertex 0.674999 0.674999 0
    endloop
  endfacet
  facet normal -0 0 -1
    outer loop
      vertex 1.26285 3.0488 0
      vertex 0.674999 2.125 0
      vertex 0.957939 3.1579 0
    endloop
  endfacet
  facet normal 0 0 -1
    outer loop
      vertex 0.674999 2.125 0
      vertex 0.643798 3.23659 0
      vertex 0.957939 3.1579 0
    endloop
  endfacet
  facet normal 0 0 -1
    outer loop
      vertex 0.674999 2.125 0
      vertex 0.323456 3.28411 0
      vertex 0.643798 3.23659 0
    endloop
  endfacet
  facet normal 0 0 -1
    outer loop
      vertex 0.674999 2.125 0
      vertex 0 3.3 0
      vertex 0.323456 3.28411 0
    endloop
  endfacet
  facet normal 0 0 -1
    outer loop
      vertex -0.674999 2.125 0
      vertex 0 3.3 0
      vertex 0.674999 2.125 0
    endloop
  endfacet
  facet normal 0 0 -1
    outer loop
      vertex 0 3.3 0
      vertex -0.674999 2.125 0
      vertex -0.323456 3.28411 0
    endloop
  endfacet
  facet normal 0 0 -1
    outer loop
      vertex -0.323456 3.28411 0
      vertex -0.674999 2.125 0
      vertex -0.643798 3.23659 0
    endloop
  endfacet
  facet normal 0 0 -1
    outer loop
      vertex -0.643798 3.23659 0
      vertex -0.674999 2.125 0
      vertex -0.957939 3.1579 0
    endloop
  endfacet
  facet normal -0.427542 -0.903995 0
    outer loop
      vertex -1.55561 -2.91034 0
      vertex -1.26285 -3.0488 6.77876
      vertex -1.55561 -2.91034 6.78573
    endloop
  endfacet
  facet normal -0.427542 -0.903995 -0
    outer loop
      vertex -1.26285 -3.0488 6.77876
      vertex -1.55561 -2.91034 0
      vertex -1.26285 -3.0488 0
    endloop
  endfacet
  facet normal -1 0 0
    outer loop
      vertex 2.125 -0.674999 0
      vertex 2.125 0.674999 4.3
      vertex 2.125 0.674999 0
    endloop
  endfacet
  facet normal -1 -0 0
    outer loop
      vertex 2.125 0.674999 4.3
      vertex 2.125 -0.674999 0
      vertex 2.125 -0.674999 4.3
    endloop
  endfacet
  facet normal 0 0 -1
    outer loop
      vertex -2.125 -0.674999 4.3
      vertex -0.674999 0.674999 4.3
      vertex -0.674999 -0.674999 4.3
    endloop
  endfacet
  facet normal -0 0 -1
    outer loop
      vertex -0.674999 0.674999 4.3
      vertex -2.125 -0.674999 4.3
      vertex -2.125 0.674999 4.3
    endloop
  endfacet
  facet normal 0 0 -1
    outer loop
      vertex -0.674999 -0.674999 4.3
      vertex 0.674999 -0.674999 4.3
      vertex 0.674999 -2.125 4.3
    endloop
  endfacet
  facet normal 0 0 -1
    outer loop
      vertex 0.674999 -0.674999 4.3
      vertex -0.674999 -0.674999 4.3
      vertex 0.674999 0.674999 4.3
    endloop
  endfacet
  facet normal 0 0 -1
    outer loop
      vertex -0.674999 -0.674999 4.3
      vertex 0.674999 -2.125 4.3
      vertex -0.674999 -2.125 4.3
    endloop
  endfacet
  facet normal 0 0 -1
    outer loop
      vertex -0.674999 0.674999 4.3
      vertex 0.674999 0.674999 4.3
      vertex -0.674999 -0.674999 4.3
    endloop
  endfacet
  facet normal 0 0 -1
    outer loop
      vertex 0.674999 0.674999 4.3
      vertex -0.674999 0.674999 4.3
      vertex 0.674999 2.125 4.3
    endloop
  endfacet
  facet normal -0 0 -1
    outer loop
      vertex 0.674999 2.125 4.3
      vertex -0.674999 0.674999 4.3
      vertex -0.674999 2.125 4.3
    endloop
  endfacet
  facet normal 0 0 -1
    outer loop
      vertex 0.674999 -0.674999 4.3
      vertex 2.125 0.674999 4.3
      vertex 2.125 -0.674999 4.3
    endloop
  endfacet
  facet normal -0 0 -1
    outer loop
      vertex 2.125 0.674999 4.3
      vertex 0.674999 -0.674999 4.3
      vertex 0.674999 0.674999 4.3
    endloop
  endfacet
  facet normal 1 -0 0
    outer loop
      vertex -2.125 -0.674999 4.3
      vertex -2.125 0.674999 0
      vertex -2.125 0.674999 4.3
    endloop
  endfacet
  facet normal 1 0 0
    outer loop
      vertex -2.125 0.674999 0
      vertex -2.125 -0.674999 4.3
      vertex -2.125 -0.674999 0
    endloop
  endfacet
  facet normal 0 -1 0
    outer loop
      vertex -2.125 0.674999 0
      vertex -0.674999 0.674999 4.3
      vertex -2.125 0.674999 4.3
    endloop
  endfacet
  facet normal 0 -1 -0
    outer loop
      vertex -0.674999 0.674999 4.3
      vertex -2.125 0.674999 0
      vertex -0.674999 0.674999 0
    endloop
  endfacet
  facet normal 0 -1 0
    outer loop
      vertex 0.674999 0.674999 0
      vertex 2.125 0.674999 4.3
      vertex 0.674999 0.674999 4.3
    endloop
  endfacet
  facet normal 0 -1 -0
    outer loop
      vertex 2.125 0.674999 4.3
      vertex 0.674999 0.674999 0
      vertex 2.125 0.674999 0
    endloop
  endfacet
  facet normal 0 1 -0
    outer loop
      vertex -0.674999 -0.674999 0
      vertex -2.125 -0.674999 4.3
      vertex -0.674999 -0.674999 4.3
    endloop
  endfacet
  facet normal 0 1 0
    outer loop
      vertex -2.125 -0.674999 4.3
      vertex -0.674999 -0.674999 0
      vertex -2.125 -0.674999 0
    endloop
  endfacet
  facet normal 0 1 -0
    outer loop
      vertex 2.125 -0.674999 0
      vertex 0.674999 -0.674999 4.3
      vertex 2.125 -0.674999 4.3
    endloop
  endfacet
  facet normal 0 1 0
    outer loop
      vertex 0.674999 -0.674999 4.3
      vertex 2.125 -0.674999 0
      vertex 0.674999 -0.674999 0
    endloop
  endfacet
  facet normal -1 0 0
    outer loop
      vertex 0.674999 0.674999 0
      vertex 0.674999 2.125 4.3
      vertex 0.674999 2.125 0
    endloop
  endfacet
  facet normal -1 -0 0
    outer loop
      vertex 0.674999 2.125 4.3
      vertex 0.674999 0.674999 0
      vertex 0.674999 0.674999 4.3
    endloop
  endfacet
  facet normal -1 0 0
    outer loop
      vertex 0.674999 -2.125 0
      vertex 0.674999 -0.674999 4.3
      vertex 0.674999 -0.674999 0
    endloop
  endfacet
  facet normal -1 -0 0
    outer loop
      vertex 0.674999 -0.674999 4.3
      vertex 0.674999 -2.125 0
      vertex 0.674999 -2.125 4.3
    endloop
  endfacet
  facet normal 1 -0 0
    outer loop
      vertex -0.674999 0.674999 4.3
      vertex -0.674999 2.125 0
      vertex -0.674999 2.125 4.3
    endloop
  endfacet
  facet normal 1 0 0
    outer loop
      vertex -0.674999 2.125 0
      vertex -0.674999 0.674999 4.3
      vertex -0.674999 0.674999 0
    endloop
  endfacet
  facet normal 1 -0 0
    outer loop
      vertex -0.674999 -2.125 4.3
      vertex -0.674999 -0.674999 0
      vertex -0.674999 -0.674999 4.3
    endloop
  endfacet
  facet normal 1 0 0
    outer loop
      vertex -0.674999 -0.674999 0
      vertex -0.674999 -2.125 4.3
      vertex -0.674999 -2.125 0
    endloop
  endfacet
  facet normal 0 -1 0
    outer loop
      vertex -0.674999 2.125 0
      vertex 0.674999 2.125 4.3
      vertex -0.674999 2.125 4.3
    endloop
  endfacet
  facet normal 0 -1 -0
    outer loop
      vertex 0.674999 2.125 4.3
      vertex -0.674999 2.125 0
      vertex 0.674999 2.125 0
    endloop
  endfacet
  facet normal 0 1 -0
    outer loop
      vertex 0.674999 -2.125 0
      vertex -0.674999 -2.125 4.3
      vertex 0.674999 -2.125 4.3
    endloop
  endfacet
  facet normal 0 1 0
    outer loop
      vertex -0.674999 -2.125 4.3
      vertex 0.674999 -2.125 0
      vertex -0.674999 -2.125 0
    endloop
  endfacet
  facet normal 0.176565 0.0835094 0.98074
    outer loop
      vertex -5.14295 -2.74896 7.76925
      vertex -3.25347 -1.34763 7.30976
      vertex -5.38763 -2.23163 7.76925
    endloop
  endfacet
  facet normal 0.232725 -0.173964 0.956857
    outer loop
      vertex -6.24133 5.11752 8.44868
      vertex -4.50783 3.69948 7.76925
      vertex -6.24062 5.12155 8.44924
    endloop
  endfacet
  facet normal 0.164071 -0.164071 0.972708
    outer loop
      vertex -6.24133 5.11752 8.44868
      vertex -6.24062 5.12155 8.44924
      vertex -6.24082 5.12052 8.4491
    endloop
  endfacet
  facet normal 0.233418 -0.173111 0.956843
    outer loop
      vertex -4.50783 3.69948 7.76925
      vertex -6.24133 5.11752 8.44868
      vertex -4.84873 3.23982 7.76925
    endloop
  endfacet
  facet normal -0.0706188 -0.281893 0.956843
    outer loop
      vertex 1.79174 6.81071 8.13901
      vertex 1.35612 6.81767 8.10891
      vertex 1.13767 5.71947 7.76925
    endloop
  endfacet
  facet normal -0.27363 -0.0978774 0.956842
    outer loop
      vertex 6.36257 2.27952 8.05294
      vertex 5.58042 1.6928 7.76925
      vertex 6.36587 1.93107 8.01824
    endloop
  endfacet
  facet normal -0.273616 -0.0978979 0.956844
    outer loop
      vertex 5.58042 1.6928 7.76925
      vertex 6.36257 2.27952 8.05294
      vertex 5.38763 2.23163 7.76925
    endloop
  endfacet
  facet normal 0.0330591 -0.0923963 0.995173
    outer loop
      vertex -0.341846 1.12692 7.07891
      vertex -1.02225 3.36989 7.30976
      vertex -1.34763 3.25347 7.30976
    endloop
  endfacet
  facet normal 0.0330591 0.0923963 0.995173
    outer loop
      vertex -1.02225 -3.36989 7.30976
      vertex -0.341846 -1.12692 7.07891
      vertex -1.34763 -3.25347 7.30976
    endloop
  endfacet
  facet normal -0.0835094 0.176565 0.98074
    outer loop
      vertex 2.23163 -5.38763 7.76925
      vertex 2.74896 -5.14295 7.76925
      vertex 1.34763 -3.25347 7.30976
    endloop
  endfacet
  facet normal -0.170806 0.224437 0.959403
    outer loop
      vertex 4.59294 -5.59652 8.19648
      vertex 4.53609 -5.61294 8.1902
      vertex 4.53864 -5.61241 8.19053
    endloop
  endfacet
  facet normal -0.173117 0.233417 0.956842
    outer loop
      vertex 3.69948 -4.50783 7.76925
      vertex 4.53609 -5.61294 8.1902
      vertex 4.59294 -5.59652 8.19648
    endloop
  endfacet
  facet normal -0.173131 0.233406 0.956842
    outer loop
      vertex 4.53609 -5.61294 8.1902
      vertex 3.69948 -4.50783 7.76925
      vertex 4.35328 -5.64958 8.16606
    endloop
  endfacet
  facet normal -0.17352 0.233178 0.956827
    outer loop
      vertex 4.35328 -5.64958 8.16606
      vertex 3.69948 -4.50783 7.76925
      vertex 4.3503 -5.64991 8.1656
    endloop
  endfacet
  facet normal -0.173066 0.233443 0.956845
    outer loop
      vertex 4.3503 -5.64991 8.1656
      vertex 3.69948 -4.50783 7.76925
      vertex 4.32394 -5.65277 8.16153
    endloop
  endfacet
  facet normal -0.173111 0.233418 0.956843
    outer loop
      vertex 4.32394 -5.65277 8.16153
      vertex 3.69948 -4.50783 7.76925
      vertex 3.23982 -4.84873 7.76925
    endloop
  endfacet
  facet normal 0.262705 0.124251 0.956843
    outer loop
      vertex -6.25359 -2.59032 8.05358
      vertex -5.14295 -2.74896 7.76925
      vertex -5.38763 -2.23163 7.76925
    endloop
  endfacet
  facet normal 0.262705 0.124259 0.956841
    outer loop
      vertex -5.14295 -2.74896 7.76925
      vertex -6.25359 -2.59032 8.05358
      vertex -6.23478 -2.91092 8.09005
    endloop
  endfacet
  facet normal -0.00481594 -0.098014 0.995173
    outer loop
      vertex 0.115427 1.17195 7.07891
      vertex 0.34517 3.50457 7.30976
      vertex 0 3.52153 7.30976
    endloop
  endfacet
  facet normal -0.0657992 -0.183901 0.98074
    outer loop
      vertex 1.34763 3.25347 7.30976
      vertex 2.23163 5.38763 7.76925
      vertex 1.02225 3.36989 7.30976
    endloop
  endfacet
  facet normal -0.195083 0.00958543 0.98074
    outer loop
      vertex 5.80344 -0.571589 7.76925
      vertex 3.52153 0 7.30976
      vertex 3.50457 -0.34517 7.30976
    endloop
  endfacet
  facet normal 0.249259 0.149405 0.956843
    outer loop
      vertex -6.16585 -3.87756 8.21194
      vertex -4.84873 -3.23982 7.76925
      vertex -5.14295 -2.74896 7.76925
    endloop
  endfacet
  facet normal 0.249156 0.149563 0.956845
    outer loop
      vertex -4.84873 -3.23982 7.76925
      vertex -6.12514 -4.07734 8.23253
      vertex -6.12125 -4.09009 8.23351
    endloop
  endfacet
  facet normal 0.166738 0.126036 0.977913
    outer loop
      vertex -6.12125 -4.09009 8.23351
      vertex -6.12514 -4.07734 8.23253
      vertex -6.12408 -4.08107 8.23283
    endloop
  endfacet
  facet normal 0.249235 0.149442 0.956843
    outer loop
      vertex -4.84873 -3.23982 7.76925
      vertex -6.1627 -3.90201 8.21493
      vertex -6.12514 -4.07734 8.23253
    endloop
  endfacet
  facet normal 0.249388 0.149143 0.95685
    outer loop
      vertex -4.84873 -3.23982 7.76925
      vertex -6.16585 -3.87756 8.21194
      vertex -6.1627 -3.90201 8.21493
    endloop
  endfacet
  facet normal 0.258767 0.15003 0.954217
    outer loop
      vertex -6.1627 -3.90201 8.21493
      vertex -6.16585 -3.87756 8.21194
      vertex -6.16352 -3.89767 8.21447
    endloop
  endfacet
  facet normal -0.176565 -0.0835094 0.98074
    outer loop
      vertex 5.38763 2.23163 7.76925
      vertex 5.14295 2.74896 7.76925
      vertex 3.25347 1.34763 7.30976
    endloop
  endfacet
  facet normal -0.0923937 -0.0330648 0.995173
    outer loop
      vertex 1.12692 0.341846 7.07891
      vertex 3.25347 1.34763 7.30976
      vertex 1.08798 0.450657 7.07891
    endloop
  endfacet
  facet normal -0.281899 -0.0705963 0.956843
    outer loop
      vertex 6.36663 1.2664 7.96941
      vertex 6.36633 1.52539 7.98843
      vertex 5.71947 1.13767 7.76925
    endloop
  endfacet
  facet normal -0.233428 0.1731 0.956843
    outer loop
      vertex 4.84873 -3.23982 7.76925
      vertex 6.0681 -4.2538 8.25016
      vertex 6.12125 -4.09009 8.23351
    endloop
  endfacet
  facet normal -0.233345 0.173201 0.956845
    outer loop
      vertex 6.0681 -4.2538 8.25016
      vertex 4.84873 -3.23982 7.76925
      vertex 6.06688 -4.25688 8.25042
    endloop
  endfacet
  facet normal -0.233425 0.173104 0.956843
    outer loop
      vertex 6.06688 -4.25688 8.25042
      vertex 4.84873 -3.23982 7.76925
      vertex 5.9941 -4.42688 8.26342
    endloop
  endfacet
  facet normal -0.232732 0.173791 0.956887
    outer loop
      vertex 5.9941 -4.42688 8.26342
      vertex 4.84873 -3.23982 7.76925
      vertex 5.99282 -4.42942 8.26357
    endloop
  endfacet
  facet normal -0.233414 0.173117 0.956843
    outer loop
      vertex 5.99282 -4.42942 8.26357
      vertex 4.84873 -3.23982 7.76925
      vertex 5.90393 -4.59498 8.27184
    endloop
  endfacet
  facet normal -0.235093 0.171748 0.956678
    outer loop
      vertex 5.90393 -4.59498 8.27184
      vertex 4.84873 -3.23982 7.76925
      vertex 5.90264 -4.59708 8.2719
    endloop
  endfacet
  facet normal -0.233413 0.173115 0.956844
    outer loop
      vertex 5.90264 -4.59708 8.2719
      vertex 4.84873 -3.23982 7.76925
      vertex 5.88049 -4.63098 8.27263
    endloop
  endfacet
  facet normal -0.0841709 -0.0504495 0.995173
    outer loop
      vertex 1.03857 0.555128 7.07891
      vertex 2.92805 1.95646 7.30976
      vertex 0.979158 0.654252 7.07891
    endloop
  endfacet
  facet normal -0.149391 0.249264 0.956844
    outer loop
      vertex 3.23982 -4.84873 7.76925
      vertex 3.38052 -5.71536 8.01698
      vertex 3.80366 -5.69258 8.07711
    endloop
  endfacet
  facet normal -0.149406 0.249261 0.956842
    outer loop
      vertex 3.38052 -5.71536 8.01698
      vertex 3.23982 -4.84873 7.76925
      vertex 2.74896 -5.14295 7.76925
    endloop
  endfacet
  facet normal 0.156881 0.116352 0.98074
    outer loop
      vertex -2.72218 -2.23404 7.30976
      vertex -2.92805 -1.95646 7.30976
      vertex -4.84873 -3.23982 7.76925
    endloop
  endfacet
  facet normal 0.183901 0.0657987 0.98074
    outer loop
      vertex -5.38763 -2.23163 7.76925
      vertex -3.36989 -1.02225 7.30976
      vertex -5.58042 -1.6928 7.76925
    endloop
  endfacet
  facet normal -0.0841717 -0.0504485 0.995173
    outer loop
      vertex 3.10571 1.66004 7.30976
      vertex 2.92805 1.95646 7.30976
      vertex 1.03857 0.555128 7.07891
    endloop
  endfacet
  facet normal 0.00957577 0.195085 0.98074
    outer loop
      vertex 0 -3.52153 7.30976
      vertex -0.454975 -5.80917 7.76925
      vertex 0 -5.81074 7.76512
    endloop
  endfacet
  facet normal 0.00958567 0.195083 0.98074
    outer loop
      vertex -0.454975 -5.80917 7.76925
      vertex 0 -3.52153 7.30976
      vertex -0.571589 -5.80344 7.76925
    endloop
  endfacet
  facet normal 0.0395915 0.288335 0.956711
    outer loop
      vertex -0.572094 -5.80858 7.77082
      vertex -0.571589 -5.80344 7.76925
      vertex -0.574004 -5.80855 7.77089
    endloop
  endfacet
  facet normal 0.149404 -0.249257 0.956844
    outer loop
      vertex -3.23982 4.84873 7.76925
      vertex -2.74896 5.14295 7.76925
      vertex -4.49198 6.72273 8.45294
    endloop
  endfacet
  facet normal 0.144721 0.131168 0.98074
    outer loop
      vertex -4.12351 -4.12351 7.76925
      vertex -2.72218 -2.23404 7.30976
      vertex -4.50783 -3.69948 7.76925
    endloop
  endfacet
  facet normal 0.215488 -0.195305 0.956776
    outer loop
      vertex -6.24002 5.12455 8.44971
      vertex -5.71721 5.71721 8.45294
      vertex -6.23444 5.14653 8.45294
    endloop
  endfacet
  facet normal 0.22088 -0.196459 0.955309
    outer loop
      vertex -6.24002 5.12455 8.44971
      vertex -6.23444 5.14653 8.45294
      vertex -6.23871 5.13108 8.45075
    endloop
  endfacet
  facet normal 0.215322 -0.195159 0.956843
    outer loop
      vertex -5.71721 5.71721 8.45294
      vertex -6.24002 5.12455 8.44971
      vertex -4.12351 4.12351 7.76925
    endloop
  endfacet
  facet normal 0.0426524 -0.287458 0.956843
    outer loop
      vertex -0.571589 5.80344 7.76925
      vertex -0.67213 6.82426 8.08041
      vertex -1.05266 6.82059 8.09627
    endloop
  endfacet
  facet normal -0.156881 -0.116352 0.98074
    outer loop
      vertex 2.92805 1.95646 7.30976
      vertex 4.84873 3.23982 7.76925
      vertex 2.72218 2.23404 7.30976
    endloop
  endfacet
  facet normal -0.176565 0.0835094 0.98074
    outer loop
      vertex 5.14295 -2.74896 7.76925
      vertex 5.38763 -2.23163 7.76925
      vertex 3.25347 -1.34763 7.30976
    endloop
  endfacet
  facet normal 0.00958543 -0.195083 0.98074
    outer loop
      vertex -0.34517 3.50457 7.30976
      vertex 0 3.52153 7.30976
      vertex -0.571589 5.80344 7.76925
    endloop
  endfacet
  facet normal -0.0426346 0.287393 0.956864
    outer loop
      vertex 1.13767 -5.71947 7.76925
      vertex 0.574004 -5.80855 7.77089
      vertex 1.15365 -5.79977 7.79408
    endloop
  endfacet
  facet normal -0.0425741 0.287012 0.95698
    outer loop
      vertex 0.574004 -5.80855 7.77089
      vertex 1.13767 -5.71947 7.76925
      vertex 0.571589 -5.80344 7.76925
    endloop
  endfacet
  facet normal -0.173085 0.233452 0.95684
    outer loop
      vertex 3.23982 -4.84873 7.76925
      vertex 4.16825 -5.66971 8.1375
      vertex 4.32394 -5.65277 8.16153
    endloop
  endfacet
  facet normal -0.173131 0.233402 0.956844
    outer loop
      vertex 4.16825 -5.66971 8.1375
      vertex 3.23982 -4.84873 7.76925
      vertex 3.80366 -5.69258 8.07711
    endloop
  endfacet
  facet normal -0.0979014 0.273625 0.956841
    outer loop
      vertex 1.6928 -5.58042 7.76925
      vertex 2.25028 -5.76733 7.87974
      vertex 2.23163 -5.38763 7.76925
    endloop
  endfacet
  facet normal -0.0979064 0.273612 0.956844
    outer loop
      vertex 2.25028 -5.76733 7.87974
      vertex 1.6928 -5.58042 7.76925
      vertex 1.75476 -5.78465 7.83399
    endloop
  endfacet
  facet normal -0.176565 0.0835096 0.98074
    outer loop
      vertex 5.14295 -2.74896 7.76925
      vertex 3.25347 -1.34763 7.30976
      vertex 3.10571 -1.66004 7.30976
    endloop
  endfacet
  facet normal -0.156882 0.116349 0.98074
    outer loop
      vertex 4.50783 -3.69948 7.76925
      vertex 4.84873 -3.23982 7.76925
      vertex 2.72218 -2.23404 7.30976
    endloop
  endfacet
  facet normal 0.124249 0.262701 0.956844
    outer loop
      vertex -2.74896 -5.14295 7.76925
      vertex -2.38693 -5.76255 7.89235
      vertex -2.23163 -5.38763 7.76925
    endloop
  endfacet
  facet normal 0.124264 0.262709 0.95684
    outer loop
      vertex -2.38693 -5.76255 7.89235
      vertex -2.74896 -5.14295 7.76925
      vertex -2.83789 -5.74246 7.9454
    endloop
  endfacet
  facet normal 0.0835094 0.176565 0.98074
    outer loop
      vertex -2.23163 -5.38763 7.76925
      vertex -1.34763 -3.25347 7.30976
      vertex -2.74896 -5.14295 7.76925
    endloop
  endfacet
  facet normal 0.100416 0.167529 0.98074
    outer loop
      vertex -2.74896 -5.14295 7.76925
      vertex -1.95646 -2.92805 7.30976
      vertex -3.23982 -4.84873 7.76925
    endloop
  endfacet
  facet normal 0.0143931 0.0970713 0.995173
    outer loop
      vertex -0.115427 -1.17195 7.07891
      vertex -0.229743 -1.155 7.07891
      vertex -0.687016 -3.45387 7.30976
    endloop
  endfacet
  facet normal -0.116352 0.156881 0.98074
    outer loop
      vertex 3.23982 -4.84873 7.76925
      vertex 2.23404 -2.72218 7.30976
      vertex 1.95646 -2.92805 7.30976
    endloop
  endfacet
  facet normal 0.072711 -0.0659016 0.995173
    outer loop
      vertex -0.832705 0.832705 7.07891
      vertex -2.4901 2.4901 7.30976
      vertex -2.72218 2.23404 7.30976
    endloop
  endfacet
  facet normal 0.095191 0.0238464 0.995173
    outer loop
      vertex -3.36989 -1.02225 7.30976
      vertex -1.12692 -0.341846 7.07891
      vertex -3.45387 -0.687016 7.30976
    endloop
  endfacet
  facet normal 0.124251 -0.262706 0.956842
    outer loop
      vertex -2.81241 6.78976 8.22963
      vertex -2.74896 5.14295 7.76925
      vertex -2.23163 5.38763 7.76925
    endloop
  endfacet
  facet normal 0.124201 -0.26271 0.956848
    outer loop
      vertex -2.74896 5.14295 7.76925
      vertex -2.81241 6.78976 8.22963
      vertex -2.99249 6.78468 8.25161
    endloop
  endfacet
  facet normal 0.116352 -0.156881 0.98074
    outer loop
      vertex -2.23404 2.72218 7.30976
      vertex -1.95646 2.92805 7.30976
      vertex -3.23982 4.84873 7.76925
    endloop
  endfacet
  facet normal 0.144721 -0.131168 0.98074
    outer loop
      vertex -2.72218 2.23404 7.30976
      vertex -2.4901 2.4901 7.30976
      vertex -4.12351 4.12351 7.76925
    endloop
  endfacet
  facet normal 0.189463 0.0474627 0.98074
    outer loop
      vertex -3.36989 -1.02225 7.30976
      vertex -3.45387 -0.687016 7.30976
      vertex -5.58042 -1.6928 7.76925
    endloop
  endfacet
  facet normal 0.097868 -0.273631 0.956843
    outer loop
      vertex -2.30107 6.80111 8.18055
      vertex -1.6928 5.58042 7.76925
      vertex -2.06468 6.80635 8.15787
    endloop
  endfacet
  facet normal 0.0978983 -0.273617 0.956844
    outer loop
      vertex -1.6928 5.58042 7.76925
      vertex -2.30107 6.80111 8.18055
      vertex -2.23163 5.38763 7.76925
    endloop
  endfacet
  facet normal -0.097868 -0.273631 0.956843
    outer loop
      vertex 1.6928 5.58042 7.76925
      vertex 2.30107 6.80111 8.18055
      vertex 2.06468 6.80635 8.15787
    endloop
  endfacet
  facet normal -0.0978983 -0.273617 0.956844
    outer loop
      vertex 2.30107 6.80111 8.18055
      vertex 1.6928 5.58042 7.76925
      vertex 2.23163 5.38763 7.76925
    endloop
  endfacet
  facet normal -0.0426524 -0.287458 0.956843
    outer loop
      vertex 1.05266 6.82059 8.09627
      vertex 0.67213 6.82426 8.08041
      vertex 0.571589 5.80344 7.76925
    endloop
  endfacet
  facet normal -0.0426214 -0.287462 0.956843
    outer loop
      vertex 1.05266 6.82059 8.09627
      vertex 1.13767 5.71947 7.76925
      vertex 1.35612 6.81767 8.10891
    endloop
  endfacet
  facet normal -0.042641 -0.287463 0.956842
    outer loop
      vertex 1.13767 5.71947 7.76925
      vertex 1.05266 6.82059 8.09627
      vertex 0.571589 5.80344 7.76925
    endloop
  endfacet
  facet normal -0.167529 -0.100416 0.98074
    outer loop
      vertex 5.14295 2.74896 7.76925
      vertex 4.84873 3.23982 7.76925
      vertex 2.92805 1.95646 7.30976
    endloop
  endfacet
  facet normal -0.193205 0.0286592 0.98074
    outer loop
      vertex 5.71947 -1.13767 7.76925
      vertex 5.80344 -0.571589 7.76925
      vertex 3.45387 -0.687016 7.30976
    endloop
  endfacet
  facet normal -0.228191 -0.307685 0.92372
    outer loop
      vertex 5.1293 6.25006 8.45294
      vertex 5.23911 6.47319 8.55439
      vertex 5.22994 6.47885 8.55401
    endloop
  endfacet
  facet normal -0.228158 -0.307701 0.923723
    outer loop
      vertex 5.1293 6.25006 8.45294
      vertex 5.22994 6.47885 8.55401
      vertex 5.19155 6.49858 8.5511
    endloop
  endfacet
  facet normal -0.228323 -0.307616 0.923711
    outer loop
      vertex 5.23911 6.47319 8.55439
      vertex 5.1293 6.25006 8.45294
      vertex 5.28739 6.4427 8.55617
    endloop
  endfacet
  facet normal -0.0474627 -0.189463 0.98074
    outer loop
      vertex 1.02225 3.36989 7.30976
      vertex 1.6928 5.58042 7.76925
      vertex 0.687016 3.45387 7.30976
    endloop
  endfacet
  facet normal -0.23344 -0.17309 0.956842
    outer loop
      vertex 4.84873 3.23982 7.76925
      vertex 6.28568 4.75609 8.39411
      vertex 6.27211 4.93299 8.4228
    endloop
  endfacet
  facet normal -0.242227 -0.174263 0.954442
    outer loop
      vertex 6.24133 5.11752 8.44868
      vertex 6.27211 4.93299 8.4228
      vertex 6.27106 4.94387 8.42452
    endloop
  endfacet
  facet normal -0.233397 -0.173127 0.956845
    outer loop
      vertex 6.27211 4.93299 8.4228
      vertex 6.24133 5.11752 8.44868
      vertex 4.84873 3.23982 7.76925
    endloop
  endfacet
  facet normal -0.233404 -0.173124 0.956844
    outer loop
      vertex 6.28568 4.75609 8.39411
      vertex 4.84873 3.23982 7.76925
      vertex 6.31203 4.21756 8.3031
    endloop
  endfacet
  facet normal -0.290248 -0.0142294 0.956846
    outer loop
      vertex 6.35879 0.432483 7.93564
      vertex 6.3619 0.626591 7.93947
      vertex 5.80344 0.571589 7.76925
    endloop
  endfacet
  facet normal -0.290249 0.0142198 0.956846
    outer loop
      vertex 6.33644 -0.624084 7.93171
      vertex 6.34106 -0.436923 7.93033
      vertex 5.80344 -0.571589 7.76925
    endloop
  endfacet
  facet normal -0.208685 0.234019 0.949571
    outer loop
      vertex 5.2726 -5.2726 8.26221
      vertex 5.23887 -5.29716 8.26085
      vertex 5.2403 -5.29625 8.26094
    endloop
  endfacet
  facet normal -0.19528 0.215207 0.956845
    outer loop
      vertex 4.12351 -4.12351 7.76925
      vertex 5.23887 -5.29716 8.26085
      vertex 5.2726 -5.2726 8.26221
    endloop
  endfacet
  facet normal -0.195131 0.215348 0.956843
    outer loop
      vertex 5.23887 -5.29716 8.26085
      vertex 4.12351 -4.12351 7.76925
      vertex 5.07371 -5.39825 8.24992
    endloop
  endfacet
  facet normal -0.196144 0.214579 0.956809
    outer loop
      vertex 5.07371 -5.39825 8.24992
      vertex 4.12351 -4.12351 7.76925
      vertex 5.07213 -5.39907 8.24978
    endloop
  endfacet
  facet normal -0.195154 0.215329 0.956843
    outer loop
      vertex 5.07213 -5.39907 8.24978
      vertex 4.12351 -4.12351 7.76925
      vertex 4.90013 -5.48559 8.23417
    endloop
  endfacet
  facet normal -0.195857 0.214911 0.956793
    outer loop
      vertex 4.90013 -5.48559 8.23417
      vertex 4.12351 -4.12351 7.76925
      vertex 4.89833 -5.48634 8.23397
    endloop
  endfacet
  facet normal -0.195146 0.215332 0.956844
    outer loop
      vertex 4.89833 -5.48634 8.23397
      vertex 4.12351 -4.12351 7.76925
      vertex 4.78886 -5.53027 8.22153
    endloop
  endfacet
  facet normal -0.0727105 -0.0659022 0.995173
    outer loop
      vertex 0.910316 0.747076 7.07891
      vertex 2.72218 2.23404 7.30976
      vertex 0.832705 0.832705 7.07891
    endloop
  endfacet
  facet normal -0.167531 0.10041 0.98074
    outer loop
      vertex 5.14295 -2.74896 7.76925
      vertex 3.10571 -1.66004 7.30976
      vertex 2.92805 -1.95646 7.30976
    endloop
  endfacet
  facet normal -0.116349 0.156882 0.98074
    outer loop
      vertex 3.23982 -4.84873 7.76925
      vertex 3.69948 -4.50783 7.76925
      vertex 2.23404 -2.72218 7.30976
    endloop
  endfacet
  facet normal 0.0286546 0.193205 0.98074
    outer loop
      vertex -0.571589 -5.80344 7.76925
      vertex -0.34517 -3.50457 7.30976
      vertex -0.687016 -3.45387 7.30976
    endloop
  endfacet
  facet normal 0.173131 0.233402 0.956844
    outer loop
      vertex -3.23982 -4.84873 7.76925
      vertex -4.16825 -5.66971 8.1375
      vertex -3.80366 -5.69258 8.07711
    endloop
  endfacet
  facet normal 0.173085 0.233452 0.95684
    outer loop
      vertex -4.16825 -5.66971 8.1375
      vertex -3.23982 -4.84873 7.76925
      vertex -4.32394 -5.65277 8.16153
    endloop
  endfacet
  facet normal 0.215324 0.195159 0.956843
    outer loop
      vertex -4.50783 -3.69948 7.76925
      vertex -5.70589 -4.87192 8.27799
      vertex -4.12351 -4.12351 7.76925
    endloop
  endfacet
  facet normal 0.215335 0.195148 0.956843
    outer loop
      vertex -4.50783 -3.69948 7.76925
      vertex -5.79721 -4.75816 8.27534
      vertex -5.70589 -4.87192 8.27799
    endloop
  endfacet
  facet normal 0.20194 0.211227 0.956349
    outer loop
      vertex -5.79721 -4.75816 8.27534
      vertex -4.50783 -3.69948 7.76925
      vertex -5.79745 -4.75784 8.27532
    endloop
  endfacet
  facet normal 0.167529 0.100416 0.98074
    outer loop
      vertex -4.84873 -3.23982 7.76925
      vertex -2.92805 -1.95646 7.30976
      vertex -5.14295 -2.74896 7.76925
    endloop
  endfacet
  facet normal -0.0835094 -0.176565 0.98074
    outer loop
      vertex 2.74896 5.14295 7.76925
      vertex 2.23163 5.38763 7.76925
      vertex 1.34763 3.25347 7.30976
    endloop
  endfacet
  facet normal -0.0330591 0.0923963 0.995173
    outer loop
      vertex 1.02225 -3.36989 7.30976
      vertex 1.34763 -3.25347 7.30976
      vertex 0.341846 -1.12692 7.07891
    endloop
  endfacet
  facet normal 0.042641 -0.287463 0.956842
    outer loop
      vertex -1.05266 6.82059 8.09627
      vertex -1.13767 5.71947 7.76925
      vertex -0.571589 5.80344 7.76925
    endloop
  endfacet
  facet normal 0.0426214 -0.287462 0.956843
    outer loop
      vertex -1.13767 5.71947 7.76925
      vertex -1.05266 6.82059 8.09627
      vertex -1.35612 6.81767 8.10891
    endloop
  endfacet
  facet normal -0.0788209 0.0584567 0.995173
    outer loop
      vertex 2.72218 -2.23404 7.30976
      vertex 0.979158 -0.654252 7.07891
      vertex 0.910316 -0.747076 7.07891
    endloop
  endfacet
  facet normal 0.156882 0.116349 0.98074
    outer loop
      vertex -4.50783 -3.69948 7.76925
      vertex -2.72218 -2.23404 7.30976
      vertex -4.84873 -3.23982 7.76925
    endloop
  endfacet
  facet normal 0.183901 0.0657992 0.98074
    outer loop
      vertex -3.25347 -1.34763 7.30976
      vertex -3.36989 -1.02225 7.30976
      vertex -5.38763 -2.23163 7.76925
    endloop
  endfacet
  facet normal 0.0980139 -0.00481463 0.995173
    outer loop
      vertex -1.17762 0 7.07891
      vertex -1.17195 0.115427 7.07891
      vertex -3.52153 0 7.30976
    endloop
  endfacet
  facet normal 0.262707 0.124249 0.956842
    outer loop
      vertex -6.21079 -3.31974 8.13655
      vertex -5.14295 -2.74896 7.76925
      vertex -6.23478 -2.91092 8.09005
    endloop
  endfacet
  facet normal 0.290249 0.0142198 0.956846
    outer loop
      vertex -6.33644 -0.624084 7.93171
      vertex -5.80344 -0.571589 7.76925
      vertex -6.34106 -0.436923 7.93033
    endloop
  endfacet
  facet normal 0.193205 -0.0286592 0.98074
    outer loop
      vertex -3.45387 0.687016 7.30976
      vertex -5.71947 1.13767 7.76925
      vertex -5.80344 0.571589 7.76925
    endloop
  endfacet
  facet normal 0.195158 -0.215324 0.956843
    outer loop
      vertex -4.12351 4.12351 7.76925
      vertex -5.1293 6.25006 8.45294
      vertex -5.71721 5.71721 8.45294
    endloop
  endfacet
  facet normal 0.0286546 -0.193205 0.98074
    outer loop
      vertex -0.34517 3.50457 7.30976
      vertex -0.571589 5.80344 7.76925
      vertex -0.687016 3.45387 7.30976
    endloop
  endfacet
  facet normal 0.0419572 -0.0887104 0.995173
    outer loop
      vertex -0.555128 1.03857 7.07891
      vertex -1.34763 3.25347 7.30976
      vertex -1.66004 3.10571 7.30976
    endloop
  endfacet
  facet normal -0.0286592 -0.193205 0.98074
    outer loop
      vertex 0.687016 3.45387 7.30976
      vertex 1.13767 5.71947 7.76925
      vertex 0.571589 5.80344 7.76925
    endloop
  endfacet
  facet normal 0.0419561 -0.0887108 0.995173
    outer loop
      vertex -0.555128 1.03857 7.07891
      vertex -0.450657 1.08798 7.07891
      vertex -1.34763 3.25347 7.30976
    endloop
  endfacet
  facet normal -0.0951914 0.0238439 0.995173
    outer loop
      vertex 3.45387 -0.687016 7.30976
      vertex 1.155 -0.229743 7.07891
      vertex 1.12692 -0.341846 7.07891
    endloop
  endfacet
  facet normal 0.195158 -0.215323 0.956843
    outer loop
      vertex -4.12351 4.12351 7.76925
      vertex -3.69948 4.50783 7.76925
      vertex -5.1293 6.25006 8.45294
    endloop
  endfacet
  facet normal 0.19725 -0.329061 0.923478
    outer loop
      vertex -4.49198 6.72273 8.45294
      vertex -4.47785 6.7312 8.45294
      vertex -4.49647 6.72944 8.45629
    endloop
  endfacet
  facet normal 0.097914 -0.273616 0.956842
    outer loop
      vertex -2.23163 5.38763 7.76925
      vertex -2.30107 6.80111 8.18055
      vertex -2.81241 6.78976 8.22963
    endloop
  endfacet
  facet normal 0.124265 -0.262699 0.956842
    outer loop
      vertex -2.74896 5.14295 7.76925
      vertex -2.99249 6.78468 8.25161
      vertex -3.61706 6.76704 8.32788
    endloop
  endfacet
  facet normal 0.249234 0.149428 0.956846
    outer loop
      vertex -5.14295 -2.74896 7.76925
      vertex -6.18375 -3.72335 8.19252
      vertex -6.16585 -3.87756 8.21194
    endloop
  endfacet
  facet normal 0.249146 0.149525 0.956853
    outer loop
      vertex -5.14295 -2.74896 7.76925
      vertex -6.18421 -3.71836 8.19186
      vertex -6.18375 -3.72335 8.19252
    endloop
  endfacet
  facet normal 0.249271 0.149387 0.956843
    outer loop
      vertex -6.18421 -3.71836 8.19186
      vertex -5.14295 -2.74896 7.76925
      vertex -6.21079 -3.31974 8.13655
    endloop
  endfacet
  facet normal -0.195158 -0.215324 0.956843
    outer loop
      vertex 5.71721 5.71721 8.45294
      vertex 5.1293 6.25006 8.45294
      vertex 4.12351 4.12351 7.76925
    endloop
  endfacet
  facet normal -0.124265 -0.262699 0.956842
    outer loop
      vertex 3.61706 6.76704 8.32788
      vertex 2.99249 6.78468 8.25161
      vertex 2.74896 5.14295 7.76925
    endloop
  endfacet
  facet normal -0.0142386 -0.290256 0.956843
    outer loop
      vertex 0 5.83152 7.76925
      vertex 0.3156 6.82541 8.07544
      vertex 0 6.82642 8.07105
    endloop
  endfacet
  facet normal -0.0142589 -0.29025 0.956845
    outer loop
      vertex 0.3156 6.82541 8.07544
      vertex 0 5.83152 7.76925
      vertex 0.571589 5.80344 7.76925
    endloop
  endfacet
  facet normal -0.0142745 -0.290253 0.956843
    outer loop
      vertex 0.571589 5.80344 7.76925
      vertex 0.67213 6.82426 8.08041
      vertex 0.3156 6.82541 8.07544
    endloop
  endfacet
  facet normal 0.0142386 -0.290256 0.956843
    outer loop
      vertex -0.3156 6.82541 8.07544
      vertex 0 5.83152 7.76925
      vertex 0 6.82642 8.07105
    endloop
  endfacet
  facet normal 0.0142589 -0.29025 0.956845
    outer loop
      vertex 0 5.83152 7.76925
      vertex -0.3156 6.82541 8.07544
      vertex -0.571589 5.80344 7.76925
    endloop
  endfacet
  facet normal 0.0142745 -0.290253 0.956843
    outer loop
      vertex -0.571589 5.80344 7.76925
      vertex -0.3156 6.82541 8.07544
      vertex -0.67213 6.82426 8.08041
    endloop
  endfacet
  facet normal -0.131168 -0.144721 0.98074
    outer loop
      vertex 2.4901 2.4901 7.30976
      vertex 4.12351 4.12351 7.76925
      vertex 2.23404 2.72218 7.30976
    endloop
  endfacet
  facet normal -0.25727 -0.283859 0.923708
    outer loop
      vertex 5.1293 6.25006 8.45294
      vertex 5.3908 6.37553 8.56433
      vertex 5.28739 6.4427 8.55617
    endloop
  endfacet
  facet normal -0.256455 -0.285351 0.923475
    outer loop
      vertex 5.3908 6.37553 8.56433
      vertex 5.1293 6.25006 8.45294
      vertex 5.39224 6.37443 8.56439
    endloop
  endfacet
  facet normal -0.0980139 0.00481463 0.995173
    outer loop
      vertex 3.52153 0 7.30976
      vertex 1.17762 0 7.07891
      vertex 1.17195 -0.115427 7.07891
    endloop
  endfacet
  facet normal -0.0841717 0.0504485 0.995173
    outer loop
      vertex 2.92805 -1.95646 7.30976
      vertex 3.10571 -1.66004 7.30976
      vertex 1.03857 -0.555128 7.07891
    endloop
  endfacet
  facet normal -0.262699 -0.12426 0.956843
    outer loop
      vertex 6.35403 2.92861 8.12508
      vertex 6.34587 3.39194 8.18301
      vertex 5.14295 2.74896 7.76925
    endloop
  endfacet
  facet normal -0.183901 -0.0657987 0.98074
    outer loop
      vertex 5.58042 1.6928 7.76925
      vertex 5.38763 2.23163 7.76925
      vertex 3.36989 1.02225 7.30976
    endloop
  endfacet
  facet normal -0.144721 -0.131168 0.98074
    outer loop
      vertex 2.72218 2.23404 7.30976
      vertex 4.12351 4.12351 7.76925
      vertex 2.4901 2.4901 7.30976
    endloop
  endfacet
  facet normal -0.0923963 0.0330591 0.995173
    outer loop
      vertex 3.25347 -1.34763 7.30976
      vertex 3.36989 -1.02225 7.30976
      vertex 1.12692 -0.341846 7.07891
    endloop
  endfacet
  facet normal -0.0474627 0.189463 0.98074
    outer loop
      vertex 1.6928 -5.58042 7.76925
      vertex 1.02225 -3.36989 7.30976
      vertex 0.687016 -3.45387 7.30976
    endloop
  endfacet
  facet normal -0.0708681 0.281773 0.95686
    outer loop
      vertex 1.15365 -5.79977 7.79408
      vertex 1.18532 -5.79897 7.79619
      vertex 1.13767 -5.71947 7.76925
    endloop
  endfacet
  facet normal -0.124264 0.262709 0.95684
    outer loop
      vertex 2.74896 -5.14295 7.76925
      vertex 2.38693 -5.76255 7.89235
      vertex 2.83789 -5.74246 7.9454
    endloop
  endfacet
  facet normal -0.124249 0.262701 0.956844
    outer loop
      vertex 2.38693 -5.76255 7.89235
      vertex 2.74896 -5.14295 7.76925
      vertex 2.23163 -5.38763 7.76925
    endloop
  endfacet
  facet normal -0.1494 0.249267 0.956841
    outer loop
      vertex 3.06403 -5.73239 7.972
      vertex 3.38052 -5.71536 8.01698
      vertex 2.74896 -5.14295 7.76925
    endloop
  endfacet
  facet normal -0.287448 0.0426619 0.956846
    outer loop
      vertex 6.32988 -0.820574 7.9385
      vertex 6.33644 -0.624084 7.93171
      vertex 5.80344 -0.571589 7.76925
    endloop
  endfacet
  facet normal -0.287457 0.0426402 0.956844
    outer loop
      vertex 5.71947 -1.13767 7.76925
      vertex 6.32988 -0.820574 7.9385
      vertex 5.80344 -0.571589 7.76925
    endloop
  endfacet
  facet normal -0.287463 0.0426517 0.956842
    outer loop
      vertex 6.32988 -0.820574 7.9385
      vertex 5.71947 -1.13767 7.76925
      vertex 6.31534 -1.2562 7.95355
    endloop
  endfacet
  facet normal -0.290255 0.0142634 0.956843
    outer loop
      vertex 5.83152 0 7.76925
      vertex 6.34106 -0.436923 7.93033
      vertex 6.35185 0 7.92709
    endloop
  endfacet
  facet normal -0.290258 0.0142593 0.956842
    outer loop
      vertex 6.34106 -0.436923 7.93033
      vertex 5.83152 0 7.76925
      vertex 5.80344 -0.571589 7.76925
    endloop
  endfacet
  facet normal -0.290255 -0.0142587 0.956843
    outer loop
      vertex 6.35879 0.432483 7.93564
      vertex 5.83152 0 7.76925
      vertex 6.35185 0 7.92709
    endloop
  endfacet
  facet normal -0.290254 -0.0142591 0.956843
    outer loop
      vertex 5.83152 0 7.76925
      vertex 6.35879 0.432483 7.93564
      vertex 5.80344 0.571589 7.76925
    endloop
  endfacet
  facet normal -0.144721 0.131168 0.98074
    outer loop
      vertex 4.12351 -4.12351 7.76925
      vertex 4.50783 -3.69948 7.76925
      vertex 2.72218 -2.23404 7.30976
    endloop
  endfacet
  facet normal 0.0659016 0.072711 0.995173
    outer loop
      vertex -2.23404 -2.72218 7.30976
      vertex -0.832705 -0.832705 7.07891
      vertex -2.4901 -2.4901 7.30976
    endloop
  endfacet
  facet normal 0.131168 0.144721 0.98074
    outer loop
      vertex -2.23404 -2.72218 7.30976
      vertex -2.4901 -2.4901 7.30976
      vertex -4.12351 -4.12351 7.76925
    endloop
  endfacet
  facet normal -0.0584577 -0.07882 0.995173
    outer loop
      vertex 2.23404 2.72218 7.30976
      vertex 1.95646 2.92805 7.30976
      vertex 0.654252 0.979158 7.07891
    endloop
  endfacet
  facet normal 0.0978686 0.273628 0.956844
    outer loop
      vertex -2.25028 -5.76733 7.87974
      vertex -2.23163 -5.38763 7.76925
      vertex -2.38693 -5.76255 7.89235
    endloop
  endfacet
  facet normal 0.233418 0.173111 0.956843
    outer loop
      vertex -5.88049 -4.63098 8.27263
      vertex -4.50783 -3.69948 7.76925
      vertex -4.84873 -3.23982 7.76925
    endloop
  endfacet
  facet normal 0.232843 0.173813 0.956856
    outer loop
      vertex -4.50783 -3.69948 7.76925
      vertex -5.79851 -4.75642 8.27532
      vertex -5.79745 -4.75784 8.27532
    endloop
  endfacet
  facet normal 0.233438 0.17308 0.956844
    outer loop
      vertex -4.50783 -3.69948 7.76925
      vertex -5.88049 -4.63098 8.27263
      vertex -5.79851 -4.75642 8.27532
    endloop
  endfacet
  facet normal 0.0980139 0.00481463 0.995173
    outer loop
      vertex -1.17195 -0.115427 7.07891
      vertex -1.17762 0 7.07891
      vertex -3.52153 0 7.30976
    endloop
  endfacet
  facet normal 0.116349 0.156882 0.98074
    outer loop
      vertex -3.23982 -4.84873 7.76925
      vertex -2.23404 -2.72218 7.30976
      vertex -3.69948 -4.50783 7.76925
    endloop
  endfacet
  facet normal 0.173111 0.233418 0.956843
    outer loop
      vertex -3.69948 -4.50783 7.76925
      vertex -4.32394 -5.65277 8.16153
      vertex -3.23982 -4.84873 7.76925
    endloop
  endfacet
  facet normal 0.173066 0.233443 0.956845
    outer loop
      vertex -3.69948 -4.50783 7.76925
      vertex -4.3503 -5.64991 8.1656
      vertex -4.32394 -5.65277 8.16153
    endloop
  endfacet
  facet normal 0.17352 0.233178 0.956827
    outer loop
      vertex -3.69948 -4.50783 7.76925
      vertex -4.35328 -5.64958 8.16606
      vertex -4.3503 -5.64991 8.1656
    endloop
  endfacet
  facet normal 0.173131 0.233406 0.956842
    outer loop
      vertex -3.69948 -4.50783 7.76925
      vertex -4.53609 -5.61294 8.1902
      vertex -4.35328 -5.64958 8.16606
    endloop
  endfacet
  facet normal 0.173117 0.233417 0.956842
    outer loop
      vertex -4.59294 -5.59652 8.19648
      vertex -4.53609 -5.61294 8.1902
      vertex -3.69948 -4.50783 7.76925
    endloop
  endfacet
  facet normal 0.170806 0.224437 0.959403
    outer loop
      vertex -4.53609 -5.61294 8.1902
      vertex -4.59294 -5.59652 8.19648
      vertex -4.53864 -5.61241 8.19053
    endloop
  endfacet
  facet normal 0.0657992 0.183901 0.98074
    outer loop
      vertex -1.02225 -3.36989 7.30976
      vertex -1.34763 -3.25347 7.30976
      vertex -2.23163 -5.38763 7.76925
    endloop
  endfacet
  facet normal 0.0419572 0.0887104 0.995173
    outer loop
      vertex -1.34763 -3.25347 7.30976
      vertex -0.555128 -1.03857 7.07891
      vertex -1.66004 -3.10571 7.30976
    endloop
  endfacet
  facet normal 0.0176178 0.290495 0.956714
    outer loop
      vertex -0.5703 -5.80859 7.77079
      vertex -0.571589 -5.80344 7.76925
      vertex -0.572094 -5.80858 7.77082
    endloop
  endfacet
  facet normal 0.193205 0.0286592 0.98074
    outer loop
      vertex -5.71947 -1.13767 7.76925
      vertex -3.45387 -0.687016 7.30976
      vertex -5.80344 -0.571589 7.76925
    endloop
  endfacet
  facet normal 0.233413 0.173115 0.956844
    outer loop
      vertex -4.84873 -3.23982 7.76925
      vertex -5.90264 -4.59708 8.2719
      vertex -5.88049 -4.63098 8.27263
    endloop
  endfacet
  facet normal 0.235093 0.171748 0.956678
    outer loop
      vertex -4.84873 -3.23982 7.76925
      vertex -5.90393 -4.59498 8.27184
      vertex -5.90264 -4.59708 8.2719
    endloop
  endfacet
  facet normal 0.233414 0.173117 0.956843
    outer loop
      vertex -4.84873 -3.23982 7.76925
      vertex -5.99282 -4.42942 8.26357
      vertex -5.90393 -4.59498 8.27184
    endloop
  endfacet
  facet normal 0.232732 0.173791 0.956887
    outer loop
      vertex -4.84873 -3.23982 7.76925
      vertex -5.9941 -4.42688 8.26342
      vertex -5.99282 -4.42942 8.26357
    endloop
  endfacet
  facet normal 0.233425 0.173104 0.956843
    outer loop
      vertex -4.84873 -3.23982 7.76925
      vertex -6.06688 -4.25688 8.25042
      vertex -5.9941 -4.42688 8.26342
    endloop
  endfacet
  facet normal 0.233345 0.173201 0.956845
    outer loop
      vertex -4.84873 -3.23982 7.76925
      vertex -6.0681 -4.2538 8.25016
      vertex -6.06688 -4.25688 8.25042
    endloop
  endfacet
  facet normal 0.233428 0.1731 0.956843
    outer loop
      vertex -6.0681 -4.2538 8.25016
      vertex -4.84873 -3.23982 7.76925
      vertex -6.12125 -4.09009 8.23351
    endloop
  endfacet
  facet normal 0.0923937 -0.0330648 0.995173
    outer loop
      vertex -1.12692 0.341846 7.07891
      vertex -1.08798 0.450657 7.07891
      vertex -3.25347 1.34763 7.30976
    endloop
  endfacet
  facet normal 0.0504485 0.0841717 0.995173
    outer loop
      vertex -1.66004 -3.10571 7.30976
      vertex -0.555128 -1.03857 7.07891
      vertex -1.95646 -2.92805 7.30976
    endloop
  endfacet
  facet normal -0.0659016 -0.072711 0.995173
    outer loop
      vertex 2.4901 2.4901 7.30976
      vertex 2.23404 2.72218 7.30976
      vertex 0.832705 0.832705 7.07891
    endloop
  endfacet
  facet normal 0.07882 -0.0584577 0.995173
    outer loop
      vertex -0.979158 0.654252 7.07891
      vertex -2.72218 2.23404 7.30976
      vertex -2.92805 1.95646 7.30976
    endloop
  endfacet
  facet normal 0.0788209 -0.0584567 0.995173
    outer loop
      vertex -0.979158 0.654252 7.07891
      vertex -0.910316 0.747076 7.07891
      vertex -2.72218 2.23404 7.30976
    endloop
  endfacet
  facet normal 0.144721 -0.131168 0.98074
    outer loop
      vertex -2.72218 2.23404 7.30976
      vertex -4.12351 4.12351 7.76925
      vertex -4.50783 3.69948 7.76925
    endloop
  endfacet
  facet normal 0.287448 0.0426619 0.956846
    outer loop
      vertex -6.32988 -0.820574 7.9385
      vertex -5.80344 -0.571589 7.76925
      vertex -6.33644 -0.624084 7.93171
    endloop
  endfacet
  facet normal 0.173113 -0.233415 0.956843
    outer loop
      vertex -3.23982 4.84873 7.76925
      vertex -4.49198 6.72273 8.45294
      vertex -5.1293 6.25006 8.45294
    endloop
  endfacet
  facet normal 0.173111 -0.233418 0.956843
    outer loop
      vertex -3.69948 4.50783 7.76925
      vertex -3.23982 4.84873 7.76925
      vertex -5.1293 6.25006 8.45294
    endloop
  endfacet
  facet normal 0.287453 -0.0426396 0.956845
    outer loop
      vertex -5.71947 1.13767 7.76925
      vertex -6.36345 0.83645 7.94929
      vertex -5.80344 0.571589 7.76925
    endloop
  endfacet
  facet normal 0.287458 -0.0426505 0.956843
    outer loop
      vertex -6.36345 0.83645 7.94929
      vertex -5.71947 1.13767 7.76925
      vertex -6.36663 1.2664 7.96941
    endloop
  endfacet
  facet normal 0.287448 -0.0426509 0.956846
    outer loop
      vertex -6.3619 0.626591 7.93947
      vertex -5.80344 0.571589 7.76925
      vertex -6.36345 0.83645 7.94929
    endloop
  endfacet
  facet normal 0.25727 -0.283859 0.923708
    outer loop
      vertex -5.3908 6.37553 8.56433
      vertex -5.1293 6.25006 8.45294
      vertex -5.28739 6.4427 8.55617
    endloop
  endfacet
  facet normal 0.256455 -0.285351 0.923475
    outer loop
      vertex -5.1293 6.25006 8.45294
      vertex -5.3908 6.37553 8.56433
      vertex -5.39224 6.37443 8.56439
    endloop
  endfacet
  facet normal 0.0504485 -0.0841717 0.995173
    outer loop
      vertex -0.555128 1.03857 7.07891
      vertex -1.66004 3.10571 7.30976
      vertex -1.95646 2.92805 7.30976
    endloop
  endfacet
  facet normal 0.100416 -0.167529 0.98074
    outer loop
      vertex -1.95646 2.92805 7.30976
      vertex -2.74896 5.14295 7.76925
      vertex -3.23982 4.84873 7.76925
    endloop
  endfacet
  facet normal -0.0788209 -0.0584567 0.995173
    outer loop
      vertex 0.979158 0.654252 7.07891
      vertex 2.72218 2.23404 7.30976
      vertex 0.910316 0.747076 7.07891
    endloop
  endfacet
  facet normal 0.131168 -0.144721 0.98074
    outer loop
      vertex -2.23404 2.72218 7.30976
      vertex -3.69948 4.50783 7.76925
      vertex -4.12351 4.12351 7.76925
    endloop
  endfacet
  facet normal 0.116349 -0.156882 0.98074
    outer loop
      vertex -2.23404 2.72218 7.30976
      vertex -3.23982 4.84873 7.76925
      vertex -3.69948 4.50783 7.76925
    endloop
  endfacet
  facet normal 0.215287 0.195199 0.956843
    outer loop
      vertex -4.12351 -4.12351 7.76925
      vertex -5.39559 -5.18009 8.27101
      vertex -5.2726 -5.2726 8.26221
    endloop
  endfacet
  facet normal 0.217312 0.192777 0.956876
    outer loop
      vertex -4.12351 -4.12351 7.76925
      vertex -5.3969 -5.17906 8.2711
      vertex -5.39559 -5.18009 8.27101
    endloop
  endfacet
  facet normal 0.215332 0.19515 0.956843
    outer loop
      vertex -4.12351 -4.12351 7.76925
      vertex -5.54167 -5.05011 8.27738
      vertex -5.3969 -5.17906 8.2711
    endloop
  endfacet
  facet normal 0.213045 0.198548 0.956656
    outer loop
      vertex -4.12351 -4.12351 7.76925
      vertex -5.54294 -5.04894 8.27742
      vertex -5.54167 -5.05011 8.27738
    endloop
  endfacet
  facet normal 0.215332 0.195143 0.956844
    outer loop
      vertex -4.12351 -4.12351 7.76925
      vertex -5.67599 -4.90899 8.27882
      vertex -5.54294 -5.04894 8.27742
    endloop
  endfacet
  facet normal 0.215345 0.195118 0.956847
    outer loop
      vertex -5.70589 -4.87192 8.27799
      vertex -5.67599 -4.90899 8.27882
      vertex -4.12351 -4.12351 7.76925
    endloop
  endfacet
  facet normal 0.226545 0.204051 0.952387
    outer loop
      vertex -5.67599 -4.90899 8.27882
      vertex -5.70589 -4.87192 8.27799
      vertex -5.67726 -4.90758 8.27882
    endloop
  endfacet
  facet normal 0.195146 0.215332 0.956844
    outer loop
      vertex -4.12351 -4.12351 7.76925
      vertex -4.89833 -5.48634 8.23397
      vertex -4.78886 -5.53027 8.22153
    endloop
  endfacet
  facet normal 0.195857 0.214911 0.956793
    outer loop
      vertex -4.12351 -4.12351 7.76925
      vertex -4.90013 -5.48559 8.23417
      vertex -4.89833 -5.48634 8.23397
    endloop
  endfacet
  facet normal 0.195154 0.215329 0.956843
    outer loop
      vertex -4.12351 -4.12351 7.76925
      vertex -5.07213 -5.39907 8.24978
      vertex -4.90013 -5.48559 8.23417
    endloop
  endfacet
  facet normal 0.196144 0.214579 0.956809
    outer loop
      vertex -4.12351 -4.12351 7.76925
      vertex -5.07371 -5.39825 8.24992
      vertex -5.07213 -5.39907 8.24978
    endloop
  endfacet
  facet normal 0.195131 0.215348 0.956843
    outer loop
      vertex -4.12351 -4.12351 7.76925
      vertex -5.23887 -5.29716 8.26085
      vertex -5.07371 -5.39825 8.24992
    endloop
  endfacet
  facet normal 0.19528 0.215207 0.956845
    outer loop
      vertex -5.2726 -5.2726 8.26221
      vertex -5.23887 -5.29716 8.26085
      vertex -4.12351 -4.12351 7.76925
    endloop
  endfacet
  facet normal 0.208685 0.234019 0.949571
    outer loop
      vertex -5.23887 -5.29716 8.26085
      vertex -5.2726 -5.2726 8.26221
      vertex -5.2403 -5.29625 8.26094
    endloop
  endfacet
  facet normal -0.0706203 -0.281897 0.956842
    outer loop
      vertex 1.79174 6.81071 8.13901
      vertex 1.6928 5.58042 7.76925
      vertex 2.06468 6.80635 8.15787
    endloop
  endfacet
  facet normal -0.0706103 -0.281898 0.956843
    outer loop
      vertex 1.6928 5.58042 7.76925
      vertex 1.79174 6.81071 8.13901
      vertex 1.13767 5.71947 7.76925
    endloop
  endfacet
  facet normal -0.0474577 -0.189466 0.98074
    outer loop
      vertex 1.6928 5.58042 7.76925
      vertex 1.13767 5.71947 7.76925
      vertex 0.687016 3.45387 7.30976
    endloop
  endfacet
  facet normal 0.0095837 -0.195083 0.98074
    outer loop
      vertex 0 3.52153 7.30976
      vertex 0 5.83152 7.76925
      vertex -0.571589 5.80344 7.76925
    endloop
  endfacet
  facet normal -0.0095837 -0.195083 0.98074
    outer loop
      vertex 0.571589 5.80344 7.76925
      vertex 0 5.83152 7.76925
      vertex 0 3.52153 7.30976
    endloop
  endfacet
  facet normal -0.256844 -0.28403 0.923774
    outer loop
      vertex 5.71721 5.71721 8.45294
      vertex 5.81946 5.97402 8.56033
      vertex 5.8132 5.98199 8.56104
    endloop
  endfacet
  facet normal -0.257254 -0.283843 0.923717
    outer loop
      vertex 5.81946 5.97402 8.56033
      vertex 5.71721 5.71721 8.45294
      vertex 5.88601 5.88601 8.55182
    endloop
  endfacet
  facet normal -0.257282 -0.283845 0.923709
    outer loop
      vertex 5.69047 6.11813 8.56869
      vertex 5.71721 5.71721 8.45294
      vertex 5.8132 5.98199 8.56104
    endloop
  endfacet
  facet normal -0.257158 -0.283846 0.923743
    outer loop
      vertex 5.68354 6.12558 8.56905
      vertex 5.71721 5.71721 8.45294
      vertex 5.69047 6.11813 8.56869
    endloop
  endfacet
  facet normal -0.257236 -0.283847 0.923721
    outer loop
      vertex 5.54989 6.25028 8.57015
      vertex 5.71721 5.71721 8.45294
      vertex 5.68354 6.12558 8.56905
    endloop
  endfacet
  facet normal -0.257254 -0.284059 0.923651
    outer loop
      vertex 5.1293 6.25006 8.45294
      vertex 5.54989 6.25028 8.57015
      vertex 5.54226 6.25719 8.57015
    endloop
  endfacet
  facet normal -0.257283 -0.283766 0.923733
    outer loop
      vertex 5.1293 6.25006 8.45294
      vertex 5.54226 6.25719 8.57015
      vertex 5.39915 6.36917 8.56469
    endloop
  endfacet
  facet normal -0.25681 -0.284693 0.923579
    outer loop
      vertex 5.1293 6.25006 8.45294
      vertex 5.39915 6.36917 8.56469
      vertex 5.39224 6.37443 8.56439
    endloop
  endfacet
  facet normal -0.257271 -0.283855 0.923709
    outer loop
      vertex 5.54989 6.25028 8.57015
      vertex 5.1293 6.25006 8.45294
      vertex 5.71721 5.71721 8.45294
    endloop
  endfacet
  facet normal -0.149341 -0.249137 0.956884
    outer loop
      vertex 4.35719 6.74123 8.43672
      vertex 4.49198 6.72273 8.45294
      vertex 4.47785 6.7312 8.45294
    endloop
  endfacet
  facet normal -0.150404 -0.259431 0.953978
    outer loop
      vertex 4.34455 6.74227 8.43501
      vertex 4.49198 6.72273 8.45294
      vertex 4.35719 6.74123 8.43672
    endloop
  endfacet
  facet normal -0.149392 -0.249268 0.956842
    outer loop
      vertex 2.74896 5.14295 7.76925
      vertex 4.34455 6.74227 8.43501
      vertex 3.61706 6.76704 8.32788
    endloop
  endfacet
  facet normal -0.149404 -0.249256 0.956844
    outer loop
      vertex 4.34455 6.74227 8.43501
      vertex 2.74896 5.14295 7.76925
      vertex 4.49198 6.72273 8.45294
    endloop
  endfacet
  facet normal -0.249295 -0.149342 0.956843
    outer loop
      vertex 4.84873 3.23982 7.76925
      vertex 6.3192 4.04676 8.27831
      vertex 6.31203 4.21756 8.3031
    endloop
  endfacet
  facet normal -0.24926 -0.149406 0.956843
    outer loop
      vertex 6.3192 4.04676 8.27831
      vertex 4.84873 3.23982 7.76925
      vertex 5.14295 2.74896 7.76925
    endloop
  endfacet
  facet normal -0.0970703 0.0143967 0.995173
    outer loop
      vertex 3.45387 -0.687016 7.30976
      vertex 3.50457 -0.34517 7.30976
      vertex 1.17195 -0.115427 7.07891
    endloop
  endfacet
  facet normal -0.0887104 0.0419572 0.995173
    outer loop
      vertex 3.10571 -1.66004 7.30976
      vertex 3.25347 -1.34763 7.30976
      vertex 1.03857 -0.555128 7.07891
    endloop
  endfacet
  facet normal -0.273614 -0.0979129 0.956843
    outer loop
      vertex 6.36257 2.27952 8.05294
      vertex 6.35921 2.63407 8.08826
      vertex 5.38763 2.23163 7.76925
    endloop
  endfacet
  facet normal -0.249271 0.149387 0.956843
    outer loop
      vertex 5.14295 -2.74896 7.76925
      vertex 6.18421 -3.71836 8.19186
      vertex 6.21079 -3.31974 8.13655
    endloop
  endfacet
  facet normal -0.249146 0.149525 0.956853
    outer loop
      vertex 6.18421 -3.71836 8.19186
      vertex 5.14295 -2.74896 7.76925
      vertex 6.18375 -3.72335 8.19252
    endloop
  endfacet
  facet normal -0.249234 0.149428 0.956846
    outer loop
      vertex 6.18375 -3.72335 8.19252
      vertex 5.14295 -2.74896 7.76925
      vertex 6.16585 -3.87756 8.21194
    endloop
  endfacet
  facet normal -0.0978686 0.273628 0.956844
    outer loop
      vertex 2.25028 -5.76733 7.87974
      vertex 2.38693 -5.76255 7.89235
      vertex 2.23163 -5.38763 7.76925
    endloop
  endfacet
  facet normal -0.0657987 0.183901 0.98074
    outer loop
      vertex 1.6928 -5.58042 7.76925
      vertex 2.23163 -5.38763 7.76925
      vertex 1.02225 -3.36989 7.30976
    endloop
  endfacet
  facet normal -0.124248 0.262712 0.956841
    outer loop
      vertex 2.83789 -5.74246 7.9454
      vertex 3.06403 -5.73239 7.972
      vertex 2.74896 -5.14295 7.76925
    endloop
  endfacet
  facet normal -0.287458 -0.0426505 0.956843
    outer loop
      vertex 5.71947 1.13767 7.76925
      vertex 6.36345 0.83645 7.94929
      vertex 6.36663 1.2664 7.96941
    endloop
  endfacet
  facet normal -0.287453 -0.0426396 0.956845
    outer loop
      vertex 6.36345 0.83645 7.94929
      vertex 5.71947 1.13767 7.76925
      vertex 5.80344 0.571589 7.76925
    endloop
  endfacet
  facet normal -0.287448 -0.0426509 0.956846
    outer loop
      vertex 6.3619 0.626591 7.93947
      vertex 6.36345 0.83645 7.94929
      vertex 5.80344 0.571589 7.76925
    endloop
  endfacet
  facet normal -0.095191 0.0238464 0.995173
    outer loop
      vertex 3.36989 -1.02225 7.30976
      vertex 3.45387 -0.687016 7.30976
      vertex 1.12692 -0.341846 7.07891
    endloop
  endfacet
  facet normal -0.262707 0.124249 0.956842
    outer loop
      vertex 6.21079 -3.31974 8.13655
      vertex 6.23478 -2.91092 8.09005
      vertex 5.14295 -2.74896 7.76925
    endloop
  endfacet
  facet normal -0.233438 0.17308 0.956844
    outer loop
      vertex 4.50783 -3.69948 7.76925
      vertex 5.79851 -4.75642 8.27532
      vertex 5.88049 -4.63098 8.27263
    endloop
  endfacet
  facet normal -0.233418 0.173111 0.956843
    outer loop
      vertex 4.50783 -3.69948 7.76925
      vertex 5.88049 -4.63098 8.27263
      vertex 4.84873 -3.23982 7.76925
    endloop
  endfacet
  facet normal -0.232843 0.173813 0.956856
    outer loop
      vertex 5.79851 -4.75642 8.27532
      vertex 4.50783 -3.69948 7.76925
      vertex 5.79745 -4.75784 8.27532
    endloop
  endfacet
  facet normal -0.2819 0.0706148 0.956842
    outer loop
      vertex 6.30557 -1.48897 7.96785
      vertex 6.31534 -1.2562 7.95355
      vertex 5.71947 -1.13767 7.76925
    endloop
  endfacet
  facet normal -0.100416 0.167529 0.98074
    outer loop
      vertex 2.74896 -5.14295 7.76925
      vertex 3.23982 -4.84873 7.76925
      vertex 1.95646 -2.92805 7.30976
    endloop
  endfacet
  facet normal -0.10041 0.167531 0.98074
    outer loop
      vertex 2.74896 -5.14295 7.76925
      vertex 1.95646 -2.92805 7.30976
      vertex 1.66004 -3.10571 7.30976
    endloop
  endfacet
  facet normal -0.156881 0.116352 0.98074
    outer loop
      vertex 4.84873 -3.23982 7.76925
      vertex 2.92805 -1.95646 7.30976
      vertex 2.72218 -2.23404 7.30976
    endloop
  endfacet
  facet normal -0.184708 0.186759 0.964885
    outer loop
      vertex 4.78886 -5.53027 8.22153
      vertex 4.7192 -5.55804 8.21357
      vertex 4.72133 -5.55738 8.21385
    endloop
  endfacet
  facet normal -0.195174 0.215318 0.956841
    outer loop
      vertex 4.12351 -4.12351 7.76925
      vertex 4.7192 -5.55804 8.21357
      vertex 4.78886 -5.53027 8.22153
    endloop
  endfacet
  facet normal -0.195141 0.215333 0.956845
    outer loop
      vertex 4.7192 -5.55804 8.21357
      vertex 4.12351 -4.12351 7.76925
      vertex 4.59294 -5.59652 8.19648
    endloop
  endfacet
  facet normal -0.195161 0.215326 0.956842
    outer loop
      vertex 4.59294 -5.59652 8.19648
      vertex 4.12351 -4.12351 7.76925
      vertex 3.69948 -4.50783 7.76925
    endloop
  endfacet
  facet normal -0.0142365 0.289735 0.957001
    outer loop
      vertex 0.5703 -5.80859 7.77079
      vertex 0.571589 -5.80344 7.76925
      vertex 0.454975 -5.80917 7.76925
    endloop
  endfacet
  facet normal 0.195161 0.215326 0.956842
    outer loop
      vertex -4.12351 -4.12351 7.76925
      vertex -4.59294 -5.59652 8.19648
      vertex -3.69948 -4.50783 7.76925
    endloop
  endfacet
  facet normal 0.195141 0.215333 0.956845
    outer loop
      vertex -4.12351 -4.12351 7.76925
      vertex -4.7192 -5.55804 8.21357
      vertex -4.59294 -5.59652 8.19648
    endloop
  endfacet
  facet normal 0.195174 0.215318 0.956841
    outer loop
      vertex -4.78886 -5.53027 8.22153
      vertex -4.7192 -5.55804 8.21357
      vertex -4.12351 -4.12351 7.76925
    endloop
  endfacet
  facet normal 0.184708 0.186759 0.964885
    outer loop
      vertex -4.7192 -5.55804 8.21357
      vertex -4.78886 -5.53027 8.22153
      vertex -4.72133 -5.55738 8.21385
    endloop
  endfacet
  facet normal 0.131168 0.144721 0.98074
    outer loop
      vertex -3.69948 -4.50783 7.76925
      vertex -2.23404 -2.72218 7.30976
      vertex -4.12351 -4.12351 7.76925
    endloop
  endfacet
  facet normal 0.0584567 -0.0788209 0.995173
    outer loop
      vertex -0.747076 0.910316 7.07891
      vertex -0.654252 0.979158 7.07891
      vertex -2.23404 2.72218 7.30976
    endloop
  endfacet
  facet normal 0.0708681 0.281773 0.95686
    outer loop
      vertex -1.15365 -5.79977 7.79408
      vertex -1.13767 -5.71947 7.76925
      vertex -1.18532 -5.79897 7.79619
    endloop
  endfacet
  facet normal -0.0659022 0.0727105 0.995173
    outer loop
      vertex 2.23404 -2.72218 7.30976
      vertex 0.832705 -0.832705 7.07891
      vertex 0.747076 -0.910316 7.07891
    endloop
  endfacet
  facet normal 0.00958543 0.195083 0.98074
    outer loop
      vertex 0 -3.52153 7.30976
      vertex -0.34517 -3.50457 7.30976
      vertex -0.571589 -5.80344 7.76925
    endloop
  endfacet
  facet normal -0.00481594 0.098014 0.995173
    outer loop
      vertex 0.34517 -3.50457 7.30976
      vertex 0.115427 -1.17195 7.07891
      vertex 0 -3.52153 7.30976
    endloop
  endfacet
  facet normal -0.00481463 -0.0980139 0.995173
    outer loop
      vertex 0.115427 1.17195 7.07891
      vertex 0 3.52153 7.30976
      vertex 0 1.17762 7.07891
    endloop
  endfacet
  facet normal -0.00958567 0.195083 0.98074
    outer loop
      vertex 0 -3.52153 7.30976
      vertex 0.454975 -5.80917 7.76925
      vertex 0.571589 -5.80344 7.76925
    endloop
  endfacet
  facet normal -0.00957577 0.195085 0.98074
    outer loop
      vertex 0.454975 -5.80917 7.76925
      vertex 0 -3.52153 7.30976
      vertex 0 -5.81074 7.76512
    endloop
  endfacet
  facet normal -0.00958543 0.195083 0.98074
    outer loop
      vertex 0.571589 -5.80344 7.76925
      vertex 0.34517 -3.50457 7.30976
      vertex 0 -3.52153 7.30976
    endloop
  endfacet
  facet normal -0.07882 -0.0584577 0.995173
    outer loop
      vertex 2.92805 1.95646 7.30976
      vertex 2.72218 2.23404 7.30976
      vertex 0.979158 0.654252 7.07891
    endloop
  endfacet
  facet normal 0.0923963 0.0330591 0.995173
    outer loop
      vertex -3.25347 -1.34763 7.30976
      vertex -1.12692 -0.341846 7.07891
      vertex -3.36989 -1.02225 7.30976
    endloop
  endfacet
  facet normal 0.0238464 -0.095191 0.995173
    outer loop
      vertex -0.341846 1.12692 7.07891
      vertex -0.687016 3.45387 7.30976
      vertex -1.02225 3.36989 7.30976
    endloop
  endfacet
  facet normal -0.00481463 0.0980139 0.995173
    outer loop
      vertex 0.115427 -1.17195 7.07891
      vertex 0 -1.17762 7.07891
      vertex 0 -3.52153 7.30976
    endloop
  endfacet
  facet normal 0.156881 -0.116352 0.98074
    outer loop
      vertex -2.92805 1.95646 7.30976
      vertex -2.72218 2.23404 7.30976
      vertex -4.84873 3.23982 7.76925
    endloop
  endfacet
  facet normal 0.189466 0.0474577 0.98074
    outer loop
      vertex -5.58042 -1.6928 7.76925
      vertex -3.45387 -0.687016 7.30976
      vertex -5.71947 -1.13767 7.76925
    endloop
  endfacet
  facet normal 0.0584577 -0.07882 0.995173
    outer loop
      vertex -0.654252 0.979158 7.07891
      vertex -1.95646 2.92805 7.30976
      vertex -2.23404 2.72218 7.30976
    endloop
  endfacet
  facet normal 0.0835094 -0.176565 0.98074
    outer loop
      vertex -1.34763 3.25347 7.30976
      vertex -2.23163 5.38763 7.76925
      vertex -2.74896 5.14295 7.76925
    endloop
  endfacet
  facet normal 0.0706188 -0.281893 0.956843
    outer loop
      vertex -1.13767 5.71947 7.76925
      vertex -1.35612 6.81767 8.10891
      vertex -1.79174 6.81071 8.13901
    endloop
  endfacet
  facet normal 0.0330648 -0.0923937 0.995173
    outer loop
      vertex -0.450657 1.08798 7.07891
      vertex -0.341846 1.12692 7.07891
      vertex -1.34763 3.25347 7.30976
    endloop
  endfacet
  facet normal 0.0951914 -0.0238439 0.995173
    outer loop
      vertex -1.155 0.229743 7.07891
      vertex -1.12692 0.341846 7.07891
      vertex -3.45387 0.687016 7.30976
    endloop
  endfacet
  facet normal -0.0970713 0.0143931 0.995173
    outer loop
      vertex 3.45387 -0.687016 7.30976
      vertex 1.17195 -0.115427 7.07891
      vertex 1.155 -0.229743 7.07891
    endloop
  endfacet
  facet normal -0.173111 -0.233418 0.956843
    outer loop
      vertex 3.69948 4.50783 7.76925
      vertex 5.1293 6.25006 8.45294
      vertex 3.23982 4.84873 7.76925
    endloop
  endfacet
  facet normal -0.0659016 0.072711 0.995173
    outer loop
      vertex 2.23404 -2.72218 7.30976
      vertex 2.4901 -2.4901 7.30976
      vertex 0.832705 -0.832705 7.07891
    endloop
  endfacet
  facet normal -0.0951914 -0.0238439 0.995173
    outer loop
      vertex 1.155 0.229743 7.07891
      vertex 3.45387 0.687016 7.30976
      vertex 1.12692 0.341846 7.07891
    endloop
  endfacet
  facet normal 0.281902 0.0706114 0.956841
    outer loop
      vertex -6.30557 -1.48897 7.96785
      vertex -5.58042 -1.6928 7.76925
      vertex -5.71947 -1.13767 7.76925
    endloop
  endfacet
  facet normal 0.281897 0.0705912 0.956844
    outer loop
      vertex -5.58042 -1.6928 7.76925
      vertex -6.30557 -1.48897 7.96785
      vertex -6.28801 -1.90745 7.99355
    endloop
  endfacet
  facet normal 0.149392 -0.249268 0.956842
    outer loop
      vertex -4.34455 6.74227 8.43501
      vertex -2.74896 5.14295 7.76925
      vertex -3.61706 6.76704 8.32788
    endloop
  endfacet
  facet normal 0.149921 -0.248761 0.956892
    outer loop
      vertex -4.35719 6.74123 8.43672
      vertex -2.74896 5.14295 7.76925
      vertex -4.34455 6.74227 8.43501
    endloop
  endfacet
  facet normal 0.149341 -0.249137 0.956884
    outer loop
      vertex -4.49198 6.72273 8.45294
      vertex -4.35719 6.74123 8.43672
      vertex -4.47785 6.7312 8.45294
    endloop
  endfacet
  facet normal 0.149359 -0.249304 0.956838
    outer loop
      vertex -4.35719 6.74123 8.43672
      vertex -4.49198 6.72273 8.45294
      vertex -2.74896 5.14295 7.76925
    endloop
  endfacet
  facet normal 0.228158 -0.307701 0.923723
    outer loop
      vertex -5.22994 6.47885 8.55401
      vertex -5.1293 6.25006 8.45294
      vertex -5.19155 6.49858 8.5511
    endloop
  endfacet
  facet normal 0.228191 -0.307685 0.92372
    outer loop
      vertex -5.23911 6.47319 8.55439
      vertex -5.1293 6.25006 8.45294
      vertex -5.22994 6.47885 8.55401
    endloop
  endfacet
  facet normal 0.228323 -0.307616 0.923711
    outer loop
      vertex -5.1293 6.25006 8.45294
      vertex -5.23911 6.47319 8.55439
      vertex -5.28739 6.4427 8.55617
    endloop
  endfacet
  facet normal 0.25681 -0.284693 0.923579
    outer loop
      vertex -5.39915 6.36917 8.56469
      vertex -5.1293 6.25006 8.45294
      vertex -5.39224 6.37443 8.56439
    endloop
  endfacet
  facet normal 0.257283 -0.283766 0.923733
    outer loop
      vertex -5.54226 6.25719 8.57015
      vertex -5.1293 6.25006 8.45294
      vertex -5.39915 6.36917 8.56469
    endloop
  endfacet
  facet normal 0.257254 -0.284059 0.923651
    outer loop
      vertex -5.54989 6.25028 8.57015
      vertex -5.1293 6.25006 8.45294
      vertex -5.54226 6.25719 8.57015
    endloop
  endfacet
  facet normal 0.257269 -0.283881 0.923701
    outer loop
      vertex -5.68354 6.12558 8.56905
      vertex -5.1293 6.25006 8.45294
      vertex -5.54989 6.25028 8.57015
    endloop
  endfacet
  facet normal 0.257158 -0.283846 0.923743
    outer loop
      vertex -5.71721 5.71721 8.45294
      vertex -5.68354 6.12558 8.56905
      vertex -5.69047 6.11813 8.56869
    endloop
  endfacet
  facet normal 0.257263 -0.283847 0.923714
    outer loop
      vertex -5.68354 6.12558 8.56905
      vertex -5.71721 5.71721 8.45294
      vertex -5.1293 6.25006 8.45294
    endloop
  endfacet
  facet normal 0.257282 -0.283845 0.923709
    outer loop
      vertex -5.8132 5.98199 8.56104
      vertex -5.71721 5.71721 8.45294
      vertex -5.69047 6.11813 8.56869
    endloop
  endfacet
  facet normal 0.256844 -0.28403 0.923774
    outer loop
      vertex -5.81946 5.97402 8.56033
      vertex -5.71721 5.71721 8.45294
      vertex -5.8132 5.98199 8.56104
    endloop
  endfacet
  facet normal 0.257254 -0.283843 0.923717
    outer loop
      vertex -5.71721 5.71721 8.45294
      vertex -5.81946 5.97402 8.56033
      vertex -5.88601 5.88601 8.55182
    endloop
  endfacet
  facet normal 0.228123 -0.308411 0.923495
    outer loop
      vertex -4.52796 6.72621 8.46299
      vertex -4.49198 6.72273 8.45294
      vertex -4.49647 6.72944 8.45629
    endloop
  endfacet
  facet normal 0.228163 -0.308183 0.923561
    outer loop
      vertex -4.53981 6.72385 8.46513
      vertex -4.49198 6.72273 8.45294
      vertex -4.52796 6.72621 8.46299
    endloop
  endfacet
  facet normal 0.228214 -0.30768 0.923716
    outer loop
      vertex -4.70794 6.68999 8.49539
      vertex -4.49198 6.72273 8.45294
      vertex -4.53981 6.72385 8.46513
    endloop
  endfacet
  facet normal 0.228438 -0.307914 0.923583
    outer loop
      vertex -5.1293 6.25006 8.45294
      vertex -4.70794 6.68999 8.49539
      vertex -4.71914 6.68666 8.49705
    endloop
  endfacet
  facet normal 0.228158 -0.307667 0.923734
    outer loop
      vertex -5.1293 6.25006 8.45294
      vertex -4.71914 6.68666 8.49705
      vertex -4.88612 6.63633 8.52153
    endloop
  endfacet
  facet normal 0.228826 -0.308036 0.923446
    outer loop
      vertex -5.1293 6.25006 8.45294
      vertex -4.88612 6.63633 8.52153
      vertex -4.89663 6.63215 8.52274
    endloop
  endfacet
  facet normal 0.22815 -0.307677 0.923733
    outer loop
      vertex -5.1293 6.25006 8.45294
      vertex -4.89663 6.63215 8.52274
      vertex -5.0607 6.56573 8.54114
    endloop
  endfacet
  facet normal 0.227992 -0.307655 0.923779
    outer loop
      vertex -5.1293 6.25006 8.45294
      vertex -5.0607 6.56573 8.54114
      vertex -5.07054 6.56078 8.54192
    endloop
  endfacet
  facet normal 0.228217 -0.307715 0.923704
    outer loop
      vertex -4.70794 6.68999 8.49539
      vertex -5.1293 6.25006 8.45294
      vertex -4.49198 6.72273 8.45294
    endloop
  endfacet
  facet normal 0.228224 -0.30768 0.923713
    outer loop
      vertex -5.1293 6.25006 8.45294
      vertex -5.07054 6.56078 8.54192
      vertex -5.19155 6.49858 8.5511
    endloop
  endfacet
  facet normal 0.156882 -0.116349 0.98074
    outer loop
      vertex -2.72218 2.23404 7.30976
      vertex -4.50783 3.69948 7.76925
      vertex -4.84873 3.23982 7.76925
    endloop
  endfacet
  facet normal 0.167531 -0.10041 0.98074
    outer loop
      vertex -3.10571 1.66004 7.30976
      vertex -2.92805 1.95646 7.30976
      vertex -5.14295 2.74896 7.76925
    endloop
  endfacet
  facet normal 0.281899 -0.0705963 0.956843
    outer loop
      vertex -5.71947 1.13767 7.76925
      vertex -6.36633 1.52539 7.98843
      vertex -6.36663 1.2664 7.96941
    endloop
  endfacet
  facet normal 0.0286592 -0.193205 0.98074
    outer loop
      vertex -0.687016 3.45387 7.30976
      vertex -0.571589 5.80344 7.76925
      vertex -1.13767 5.71947 7.76925
    endloop
  endfacet
  facet normal 0.0657987 -0.183901 0.98074
    outer loop
      vertex -1.02225 3.36989 7.30976
      vertex -1.6928 5.58042 7.76925
      vertex -2.23163 5.38763 7.76925
    endloop
  endfacet
  facet normal 0.0887104 0.0419572 0.995173
    outer loop
      vertex -3.10571 -1.66004 7.30976
      vertex -1.03857 -0.555128 7.07891
      vertex -3.25347 -1.34763 7.30976
    endloop
  endfacet
  facet normal -0.0504485 0.0841717 0.995173
    outer loop
      vertex 1.66004 -3.10571 7.30976
      vertex 1.95646 -2.92805 7.30976
      vertex 0.555128 -1.03857 7.07891
    endloop
  endfacet
  facet normal -0.284452 -0.257988 0.923325
    outer loop
      vertex 5.71721 5.71721 8.45294
      vertex 6.18871 5.30278 8.4824
      vertex 6.18557 5.31272 8.48421
    endloop
  endfacet
  facet normal -0.283821 -0.257226 0.923732
    outer loop
      vertex 5.71721 5.71721 8.45294
      vertex 6.18557 5.31272 8.48421
      vertex 6.11963 5.48093 8.51079
    endloop
  endfacet
  facet normal -0.284016 -0.257599 0.923568
    outer loop
      vertex 5.71721 5.71721 8.45294
      vertex 6.11963 5.48093 8.51079
      vertex 6.1157 5.49039 8.51222
    endloop
  endfacet
  facet normal -0.28385 -0.257269 0.923711
    outer loop
      vertex 5.71721 5.71721 8.45294
      vertex 6.1157 5.49039 8.51222
      vertex 6.03465 5.65349 8.53274
    endloop
  endfacet
  facet normal -0.28378 -0.256695 0.923892
    outer loop
      vertex 5.71721 5.71721 8.45294
      vertex 6.03465 5.65349 8.53274
      vertex 6.02996 5.66249 8.5338
    endloop
  endfacet
  facet normal -0.283837 -0.257285 0.923711
    outer loop
      vertex 5.71721 5.71721 8.45294
      vertex 6.02996 5.66249 8.5338
      vertex 5.93464 5.8187 8.54802
    endloop
  endfacet
  facet normal -0.283947 -0.257071 0.923736
    outer loop
      vertex 5.71721 5.71721 8.45294
      vertex 5.93464 5.8187 8.54802
      vertex 5.9292 5.82726 8.54873
    endloop
  endfacet
  facet normal -0.283845 -0.257252 0.923717
    outer loop
      vertex 5.71721 5.71721 8.45294
      vertex 5.9292 5.82726 8.54873
      vertex 5.88601 5.88601 8.55182
    endloop
  endfacet
  facet normal -0.283809 -0.257228 0.923735
    outer loop
      vertex 6.18871 5.30278 8.4824
      vertex 5.71721 5.71721 8.45294
      vertex 6.23444 5.14653 8.45294
    endloop
  endfacet
  facet normal -0.116349 -0.156882 0.98074
    outer loop
      vertex 3.69948 4.50783 7.76925
      vertex 3.23982 4.84873 7.76925
      vertex 2.23404 2.72218 7.30976
    endloop
  endfacet
  facet normal -0.262704 -0.124234 0.956845
    outer loop
      vertex 5.14295 2.74896 7.76925
      vertex 6.35921 2.63407 8.08826
      vertex 6.35403 2.92861 8.12508
    endloop
  endfacet
  facet normal -0.262705 -0.124251 0.956843
    outer loop
      vertex 6.35921 2.63407 8.08826
      vertex 5.14295 2.74896 7.76925
      vertex 5.38763 2.23163 7.76925
    endloop
  endfacet
  facet normal -0.183901 -0.0657992 0.98074
    outer loop
      vertex 3.36989 1.02225 7.30976
      vertex 5.38763 2.23163 7.76925
      vertex 3.25347 1.34763 7.30976
    endloop
  endfacet
  facet normal -0.249263 -0.149402 0.956842
    outer loop
      vertex 5.14295 2.74896 7.76925
      vertex 6.34456 3.44361 8.19074
      vertex 6.3192 4.04676 8.27831
    endloop
  endfacet
  facet normal -0.249227 -0.149465 0.956842
    outer loop
      vertex 6.34456 3.44361 8.19074
      vertex 5.14295 2.74896 7.76925
      vertex 6.34587 3.39194 8.18301
    endloop
  endfacet
  facet normal -0.193205 0.0286546 0.98074
    outer loop
      vertex 5.80344 -0.571589 7.76925
      vertex 3.50457 -0.34517 7.30976
      vertex 3.45387 -0.687016 7.30976
    endloop
  endfacet
  facet normal -0.098014 0.00481594 0.995173
    outer loop
      vertex 3.50457 -0.34517 7.30976
      vertex 3.52153 0 7.30976
      vertex 1.17195 -0.115427 7.07891
    endloop
  endfacet
  facet normal 0.0841709 0.0504495 0.995173
    outer loop
      vertex -0.979158 -0.654252 7.07891
      vertex -1.03857 -0.555128 7.07891
      vertex -2.92805 -1.95646 7.30976
    endloop
  endfacet
  facet normal 0.0584567 0.0788209 0.995173
    outer loop
      vertex -0.654252 -0.979158 7.07891
      vertex -0.747076 -0.910316 7.07891
      vertex -2.23404 -2.72218 7.30976
    endloop
  endfacet
  facet normal -0.281896 -0.0706299 0.956842
    outer loop
      vertex 5.58042 1.6928 7.76925
      vertex 6.36633 1.52539 7.98843
      vertex 6.36587 1.93107 8.01824
    endloop
  endfacet
  facet normal -0.281892 -0.0706089 0.956844
    outer loop
      vertex 6.36633 1.52539 7.98843
      vertex 5.58042 1.6928 7.76925
      vertex 5.71947 1.13767 7.76925
    endloop
  endfacet
  facet normal -0.193205 -0.0286546 0.98074
    outer loop
      vertex 3.50457 0.34517 7.30976
      vertex 5.80344 0.571589 7.76925
      vertex 3.45387 0.687016 7.30976
    endloop
  endfacet
  facet normal -0.19725 -0.329061 0.923478
    outer loop
      vertex 4.49198 6.72273 8.45294
      vertex 4.49647 6.72944 8.45629
      vertex 4.47785 6.7312 8.45294
    endloop
  endfacet
  facet normal -0.228224 -0.30768 0.923713
    outer loop
      vertex 5.07054 6.56078 8.54192
      vertex 5.1293 6.25006 8.45294
      vertex 5.19155 6.49858 8.5511
    endloop
  endfacet
  facet normal -0.227992 -0.307655 0.923779
    outer loop
      vertex 5.0607 6.56573 8.54114
      vertex 5.1293 6.25006 8.45294
      vertex 5.07054 6.56078 8.54192
    endloop
  endfacet
  facet normal -0.22815 -0.307677 0.923733
    outer loop
      vertex 4.89663 6.63215 8.52274
      vertex 5.1293 6.25006 8.45294
      vertex 5.0607 6.56573 8.54114
    endloop
  endfacet
  facet normal -0.228826 -0.308036 0.923446
    outer loop
      vertex 4.88612 6.63633 8.52153
      vertex 5.1293 6.25006 8.45294
      vertex 4.89663 6.63215 8.52274
    endloop
  endfacet
  facet normal -0.228158 -0.307667 0.923734
    outer loop
      vertex 4.71914 6.68666 8.49705
      vertex 5.1293 6.25006 8.45294
      vertex 4.88612 6.63633 8.52153
    endloop
  endfacet
  facet normal -0.228438 -0.307914 0.923583
    outer loop
      vertex 4.70794 6.68999 8.49539
      vertex 5.1293 6.25006 8.45294
      vertex 4.71914 6.68666 8.49705
    endloop
  endfacet
  facet normal -0.228214 -0.30768 0.923716
    outer loop
      vertex 4.49198 6.72273 8.45294
      vertex 4.70794 6.68999 8.49539
      vertex 4.53981 6.72385 8.46513
    endloop
  endfacet
  facet normal -0.228163 -0.308183 0.923561
    outer loop
      vertex 4.49198 6.72273 8.45294
      vertex 4.53981 6.72385 8.46513
      vertex 4.52796 6.72621 8.46299
    endloop
  endfacet
  facet normal -0.228123 -0.308411 0.923495
    outer loop
      vertex 4.49198 6.72273 8.45294
      vertex 4.52796 6.72621 8.46299
      vertex 4.49647 6.72944 8.45629
    endloop
  endfacet
  facet normal -0.228217 -0.307715 0.923704
    outer loop
      vertex 4.70794 6.68999 8.49539
      vertex 4.49198 6.72273 8.45294
      vertex 5.1293 6.25006 8.45294
    endloop
  endfacet
  facet normal -0.0706052 0.281895 0.956844
    outer loop
      vertex 1.6928 -5.58042 7.76925
      vertex 1.18532 -5.79897 7.79619
      vertex 1.75476 -5.78465 7.83399
    endloop
  endfacet
  facet normal -0.070615 0.281917 0.956837
    outer loop
      vertex 1.18532 -5.79897 7.79619
      vertex 1.6928 -5.58042 7.76925
      vertex 1.13767 -5.71947 7.76925
    endloop
  endfacet
  facet normal -0.0474577 0.189466 0.98074
    outer loop
      vertex 1.13767 -5.71947 7.76925
      vertex 1.6928 -5.58042 7.76925
      vertex 0.687016 -3.45387 7.30976
    endloop
  endfacet
  facet normal -0.195083 0.0095837 0.98074
    outer loop
      vertex 5.80344 -0.571589 7.76925
      vertex 5.83152 0 7.76925
      vertex 3.52153 0 7.30976
    endloop
  endfacet
  facet normal -0.195083 -0.0095837 0.98074
    outer loop
      vertex 5.83152 0 7.76925
      vertex 5.80344 0.571589 7.76925
      vertex 3.52153 0 7.30976
    endloop
  endfacet
  facet normal -0.131168 0.144721 0.98074
    outer loop
      vertex 3.69948 -4.50783 7.76925
      vertex 4.12351 -4.12351 7.76925
      vertex 2.23404 -2.72218 7.30976
    endloop
  endfacet
  facet normal -0.131168 0.144721 0.98074
    outer loop
      vertex 4.12351 -4.12351 7.76925
      vertex 2.4901 -2.4901 7.30976
      vertex 2.23404 -2.72218 7.30976
    endloop
  endfacet
  facet normal -0.262705 0.124251 0.956843
    outer loop
      vertex 5.14295 -2.74896 7.76925
      vertex 6.25359 -2.59032 8.05358
      vertex 5.38763 -2.23163 7.76925
    endloop
  endfacet
  facet normal -0.262705 0.124259 0.956841
    outer loop
      vertex 6.25359 -2.59032 8.05358
      vertex 5.14295 -2.74896 7.76925
      vertex 6.23478 -2.91092 8.09005
    endloop
  endfacet
  facet normal -0.27362 0.0978985 0.956843
    outer loop
      vertex 6.25359 -2.59032 8.05358
      vertex 6.26949 -2.27495 8.02586
      vertex 5.38763 -2.23163 7.76925
    endloop
  endfacet
  facet normal 0.098014 -0.00481594 0.995173
    outer loop
      vertex -1.17195 0.115427 7.07891
      vertex -3.50457 0.34517 7.30976
      vertex -3.52153 0 7.30976
    endloop
  endfacet
  facet normal -0.20194 0.211227 0.956349
    outer loop
      vertex 4.50783 -3.69948 7.76925
      vertex 5.79721 -4.75816 8.27534
      vertex 5.79745 -4.75784 8.27532
    endloop
  endfacet
  facet normal -0.215335 0.195148 0.956843
    outer loop
      vertex 5.79721 -4.75816 8.27534
      vertex 4.50783 -3.69948 7.76925
      vertex 5.70589 -4.87192 8.27799
    endloop
  endfacet
  facet normal -0.215324 0.195159 0.956843
    outer loop
      vertex 5.70589 -4.87192 8.27799
      vertex 4.50783 -3.69948 7.76925
      vertex 4.12351 -4.12351 7.76925
    endloop
  endfacet
  facet normal -0.226545 0.204051 0.952387
    outer loop
      vertex 5.70589 -4.87192 8.27799
      vertex 5.67599 -4.90899 8.27882
      vertex 5.67726 -4.90758 8.27882
    endloop
  endfacet
  facet normal -0.215345 0.195118 0.956847
    outer loop
      vertex 4.12351 -4.12351 7.76925
      vertex 5.67599 -4.90899 8.27882
      vertex 5.70589 -4.87192 8.27799
    endloop
  endfacet
  facet normal -0.215332 0.195143 0.956844
    outer loop
      vertex 5.67599 -4.90899 8.27882
      vertex 4.12351 -4.12351 7.76925
      vertex 5.54294 -5.04894 8.27742
    endloop
  endfacet
  facet normal -0.213045 0.198548 0.956656
    outer loop
      vertex 5.54294 -5.04894 8.27742
      vertex 4.12351 -4.12351 7.76925
      vertex 5.54167 -5.05011 8.27738
    endloop
  endfacet
  facet normal -0.215332 0.19515 0.956843
    outer loop
      vertex 5.54167 -5.05011 8.27738
      vertex 4.12351 -4.12351 7.76925
      vertex 5.3969 -5.17906 8.2711
    endloop
  endfacet
  facet normal -0.217312 0.192777 0.956876
    outer loop
      vertex 5.3969 -5.17906 8.2711
      vertex 4.12351 -4.12351 7.76925
      vertex 5.39559 -5.18009 8.27101
    endloop
  endfacet
  facet normal -0.215287 0.195199 0.956843
    outer loop
      vertex 5.39559 -5.18009 8.27101
      vertex 4.12351 -4.12351 7.76925
      vertex 5.2726 -5.2726 8.26221
    endloop
  endfacet
  facet normal 0.0142365 0.289735 0.957001
    outer loop
      vertex -0.5703 -5.80859 7.77079
      vertex -0.454975 -5.80917 7.76925
      vertex -0.571589 -5.80344 7.76925
    endloop
  endfacet
  facet normal -0.0286592 0.193205 0.98074
    outer loop
      vertex 1.13767 -5.71947 7.76925
      vertex 0.687016 -3.45387 7.30976
      vertex 0.571589 -5.80344 7.76925
    endloop
  endfacet
  facet normal 0.124248 0.262712 0.956841
    outer loop
      vertex -2.83789 -5.74246 7.9454
      vertex -2.74896 -5.14295 7.76925
      vertex -3.06403 -5.73239 7.972
    endloop
  endfacet
  facet normal 0.0657987 0.183901 0.98074
    outer loop
      vertex -1.6928 -5.58042 7.76925
      vertex -1.02225 -3.36989 7.30976
      vertex -2.23163 -5.38763 7.76925
    endloop
  endfacet
  facet normal -0.0395915 0.288335 0.956711
    outer loop
      vertex 0.572094 -5.80858 7.77082
      vertex 0.574004 -5.80855 7.77089
      vertex 0.571589 -5.80344 7.76925
    endloop
  endfacet
  facet normal -0.0176178 0.290495 0.956714
    outer loop
      vertex 0.572094 -5.80858 7.77082
      vertex 0.571589 -5.80344 7.76925
      vertex 0.5703 -5.80859 7.77079
    endloop
  endfacet
  facet normal -0.0330648 0.0923937 0.995173
    outer loop
      vertex 1.34763 -3.25347 7.30976
      vertex 0.450657 -1.08798 7.07891
      vertex 0.341846 -1.12692 7.07891
    endloop
  endfacet
  facet normal 0.116352 0.156881 0.98074
    outer loop
      vertex -1.95646 -2.92805 7.30976
      vertex -2.23404 -2.72218 7.30976
      vertex -3.23982 -4.84873 7.76925
    endloop
  endfacet
  facet normal -0.0143967 -0.0970703 0.995173
    outer loop
      vertex 0.687016 3.45387 7.30976
      vertex 0.34517 3.50457 7.30976
      vertex 0.115427 1.17195 7.07891
    endloop
  endfacet
  facet normal -0.0238464 -0.095191 0.995173
    outer loop
      vertex 1.02225 3.36989 7.30976
      vertex 0.687016 3.45387 7.30976
      vertex 0.341846 1.12692 7.07891
    endloop
  endfacet
  facet normal 0.07882 0.0584577 0.995173
    outer loop
      vertex -2.72218 -2.23404 7.30976
      vertex -0.979158 -0.654252 7.07891
      vertex -2.92805 -1.95646 7.30976
    endloop
  endfacet
  facet normal 0.00481463 -0.0980139 0.995173
    outer loop
      vertex 0 1.17762 7.07891
      vertex 0 3.52153 7.30976
      vertex -0.115427 1.17195 7.07891
    endloop
  endfacet
  facet normal 0.098014 0.00481594 0.995173
    outer loop
      vertex -3.50457 -0.34517 7.30976
      vertex -1.17195 -0.115427 7.07891
      vertex -3.52153 0 7.30976
    endloop
  endfacet
  facet normal 0.0970703 0.0143967 0.995173
    outer loop
      vertex -3.45387 -0.687016 7.30976
      vertex -1.17195 -0.115427 7.07891
      vertex -3.50457 -0.34517 7.30976
    endloop
  endfacet
  facet normal 0.195083 -0.00958543 0.98074
    outer loop
      vertex -3.52153 0 7.30976
      vertex -3.50457 0.34517 7.30976
      vertex -5.80344 0.571589 7.76925
    endloop
  endfacet
  facet normal 0.193205 -0.0286546 0.98074
    outer loop
      vertex -3.50457 0.34517 7.30976
      vertex -3.45387 0.687016 7.30976
      vertex -5.80344 0.571589 7.76925
    endloop
  endfacet
  facet normal 0.290254 -0.0142591 0.956843
    outer loop
      vertex -6.35879 0.432483 7.93564
      vertex -5.83152 0 7.76925
      vertex -5.80344 0.571589 7.76925
    endloop
  endfacet
  facet normal 0.290255 -0.0142587 0.956843
    outer loop
      vertex -5.83152 0 7.76925
      vertex -6.35879 0.432483 7.93564
      vertex -6.35185 0 7.92709
    endloop
  endfacet
  facet normal 0.195083 0.00958543 0.98074
    outer loop
      vertex -3.50457 -0.34517 7.30976
      vertex -3.52153 0 7.30976
      vertex -5.80344 -0.571589 7.76925
    endloop
  endfacet
  facet normal 0.10041 -0.167531 0.98074
    outer loop
      vertex -1.95646 2.92805 7.30976
      vertex -1.66004 3.10571 7.30976
      vertex -2.74896 5.14295 7.76925
    endloop
  endfacet
  facet normal 0.0835096 -0.176565 0.98074
    outer loop
      vertex -1.66004 3.10571 7.30976
      vertex -1.34763 3.25347 7.30976
      vertex -2.74896 5.14295 7.76925
    endloop
  endfacet
  facet normal 0.00481463 0.0980139 0.995173
    outer loop
      vertex 0 -3.52153 7.30976
      vertex 0 -1.17762 7.07891
      vertex -0.115427 -1.17195 7.07891
    endloop
  endfacet
  facet normal 0.0727105 -0.0659022 0.995173
    outer loop
      vertex -0.910316 0.747076 7.07891
      vertex -0.832705 0.832705 7.07891
      vertex -2.72218 2.23404 7.30976
    endloop
  endfacet
  facet normal -0.00958543 -0.195083 0.98074
    outer loop
      vertex 0.34517 3.50457 7.30976
      vertex 0.571589 5.80344 7.76925
      vertex 0 3.52153 7.30976
    endloop
  endfacet
  facet normal -0.0286546 -0.193205 0.98074
    outer loop
      vertex 0.687016 3.45387 7.30976
      vertex 0.571589 5.80344 7.76925
      vertex 0.34517 3.50457 7.30976
    endloop
  endfacet
  facet normal -0.0923937 0.0330648 0.995173
    outer loop
      vertex 3.25347 -1.34763 7.30976
      vertex 1.12692 -0.341846 7.07891
      vertex 1.08798 -0.450657 7.07891
    endloop
  endfacet
  facet normal 0.0970703 -0.0143967 0.995173
    outer loop
      vertex -1.17195 0.115427 7.07891
      vertex -3.45387 0.687016 7.30976
      vertex -3.50457 0.34517 7.30976
    endloop
  endfacet
  facet normal -0.100416 -0.167529 0.98074
    outer loop
      vertex 3.23982 4.84873 7.76925
      vertex 2.74896 5.14295 7.76925
      vertex 1.95646 2.92805 7.30976
    endloop
  endfacet
  facet normal -0.10041 -0.167531 0.98074
    outer loop
      vertex 1.95646 2.92805 7.30976
      vertex 2.74896 5.14295 7.76925
      vertex 1.66004 3.10571 7.30976
    endloop
  endfacet
  facet normal -0.0143931 0.0970713 0.995173
    outer loop
      vertex 0.687016 -3.45387 7.30976
      vertex 0.229743 -1.155 7.07891
      vertex 0.115427 -1.17195 7.07891
    endloop
  endfacet
  facet normal -0.072711 -0.0659016 0.995173
    outer loop
      vertex 2.72218 2.23404 7.30976
      vertex 2.4901 2.4901 7.30976
      vertex 0.832705 0.832705 7.07891
    endloop
  endfacet
  facet normal -0.116352 -0.156881 0.98074
    outer loop
      vertex 2.23404 2.72218 7.30976
      vertex 3.23982 4.84873 7.76925
      vertex 1.95646 2.92805 7.30976
    endloop
  endfacet
  facet normal -0.22088 -0.196459 0.955309
    outer loop
      vertex 6.23444 5.14653 8.45294
      vertex 6.24002 5.12455 8.44971
      vertex 6.23871 5.13108 8.45075
    endloop
  endfacet
  facet normal -0.215488 -0.195305 0.956776
    outer loop
      vertex 5.71721 5.71721 8.45294
      vertex 6.24002 5.12455 8.44971
      vertex 6.23444 5.14653 8.45294
    endloop
  endfacet
  facet normal -0.215322 -0.195159 0.956843
    outer loop
      vertex 6.24002 5.12455 8.44971
      vertex 5.71721 5.71721 8.45294
      vertex 4.12351 4.12351 7.76925
    endloop
  endfacet
  facet normal -0.167531 -0.10041 0.98074
    outer loop
      vertex 3.10571 1.66004 7.30976
      vertex 5.14295 2.74896 7.76925
      vertex 2.92805 1.95646 7.30976
    endloop
  endfacet
  facet normal -0.095191 -0.0238464 0.995173
    outer loop
      vertex 3.45387 0.687016 7.30976
      vertex 3.36989 1.02225 7.30976
      vertex 1.12692 0.341846 7.07891
    endloop
  endfacet
  facet normal -0.193205 -0.0286592 0.98074
    outer loop
      vertex 5.80344 0.571589 7.76925
      vertex 5.71947 1.13767 7.76925
      vertex 3.45387 0.687016 7.30976
    endloop
  endfacet
  facet normal -0.195083 -0.00958543 0.98074
    outer loop
      vertex 3.52153 0 7.30976
      vertex 5.80344 0.571589 7.76925
      vertex 3.50457 0.34517 7.30976
    endloop
  endfacet
  facet normal -0.0330648 -0.0923937 0.995173
    outer loop
      vertex 0.450657 1.08798 7.07891
      vertex 1.34763 3.25347 7.30976
      vertex 0.341846 1.12692 7.07891
    endloop
  endfacet
  facet normal 0.290248 -0.0142294 0.956846
    outer loop
      vertex -6.35879 0.432483 7.93564
      vertex -5.80344 0.571589 7.76925
      vertex -6.3619 0.626591 7.93947
    endloop
  endfacet
  facet normal 0.290258 0.0142593 0.956842
    outer loop
      vertex -5.83152 0 7.76925
      vertex -6.34106 -0.436923 7.93033
      vertex -5.80344 -0.571589 7.76925
    endloop
  endfacet
  facet normal 0.290255 0.0142634 0.956843
    outer loop
      vertex -6.34106 -0.436923 7.93033
      vertex -5.83152 0 7.76925
      vertex -6.35185 0 7.92709
    endloop
  endfacet
  facet normal 0.283845 -0.257252 0.923717
    outer loop
      vertex -5.9292 5.82726 8.54873
      vertex -5.71721 5.71721 8.45294
      vertex -5.88601 5.88601 8.55182
    endloop
  endfacet
  facet normal 0.283947 -0.257071 0.923736
    outer loop
      vertex -5.93464 5.8187 8.54802
      vertex -5.71721 5.71721 8.45294
      vertex -5.9292 5.82726 8.54873
    endloop
  endfacet
  facet normal 0.283837 -0.257285 0.923711
    outer loop
      vertex -6.02996 5.66249 8.5338
      vertex -5.71721 5.71721 8.45294
      vertex -5.93464 5.8187 8.54802
    endloop
  endfacet
  facet normal 0.28378 -0.256695 0.923892
    outer loop
      vertex -6.03465 5.65349 8.53274
      vertex -5.71721 5.71721 8.45294
      vertex -6.02996 5.66249 8.5338
    endloop
  endfacet
  facet normal 0.28385 -0.257269 0.923711
    outer loop
      vertex -6.1157 5.49039 8.51222
      vertex -5.71721 5.71721 8.45294
      vertex -6.03465 5.65349 8.53274
    endloop
  endfacet
  facet normal 0.284016 -0.257599 0.923568
    outer loop
      vertex -6.11963 5.48093 8.51079
      vertex -5.71721 5.71721 8.45294
      vertex -6.1157 5.49039 8.51222
    endloop
  endfacet
  facet normal 0.283821 -0.257226 0.923732
    outer loop
      vertex -6.18557 5.31272 8.48421
      vertex -5.71721 5.71721 8.45294
      vertex -6.11963 5.48093 8.51079
    endloop
  endfacet
  facet normal 0.284452 -0.257988 0.923325
    outer loop
      vertex -6.18871 5.30278 8.4824
      vertex -5.71721 5.71721 8.45294
      vertex -6.18557 5.31272 8.48421
    endloop
  endfacet
  facet normal 0.283809 -0.257228 0.923735
    outer loop
      vertex -5.71721 5.71721 8.45294
      vertex -6.18871 5.30278 8.4824
      vertex -6.23444 5.14653 8.45294
    endloop
  endfacet
  facet normal 0.176565 -0.0835094 0.98074
    outer loop
      vertex -3.25347 1.34763 7.30976
      vertex -5.14295 2.74896 7.76925
      vertex -5.38763 2.23163 7.76925
    endloop
  endfacet
  facet normal 0.216308 -0.193195 0.95702
    outer loop
      vertex -6.24062 5.12155 8.44924
      vertex -4.12351 4.12351 7.76925
      vertex -6.24002 5.12455 8.44971
    endloop
  endfacet
  facet normal 0.215325 -0.19516 0.956843
    outer loop
      vertex -4.12351 4.12351 7.76925
      vertex -6.24062 5.12155 8.44924
      vertex -4.50783 3.69948 7.76925
    endloop
  endfacet
  facet normal 0.273616 -0.0978979 0.956844
    outer loop
      vertex -6.36257 2.27952 8.05294
      vertex -5.58042 1.6928 7.76925
      vertex -5.38763 2.23163 7.76925
    endloop
  endfacet
  facet normal 0.27363 -0.0978774 0.956842
    outer loop
      vertex -5.58042 1.6928 7.76925
      vertex -6.36257 2.27952 8.05294
      vertex -6.36587 1.93107 8.01824
    endloop
  endfacet
  facet normal 0.183901 -0.0657987 0.98074
    outer loop
      vertex -3.36989 1.02225 7.30976
      vertex -5.38763 2.23163 7.76925
      vertex -5.58042 1.6928 7.76925
    endloop
  endfacet
  facet normal 0.249263 -0.149402 0.956842
    outer loop
      vertex -6.34456 3.44361 8.19074
      vertex -5.14295 2.74896 7.76925
      vertex -6.3192 4.04676 8.27831
    endloop
  endfacet
  facet normal 0.249227 -0.149465 0.956842
    outer loop
      vertex -5.14295 2.74896 7.76925
      vertex -6.34456 3.44361 8.19074
      vertex -6.34587 3.39194 8.18301
    endloop
  endfacet
  facet normal -0.0238464 0.095191 0.995173
    outer loop
      vertex 0.687016 -3.45387 7.30976
      vertex 1.02225 -3.36989 7.30976
      vertex 0.341846 -1.12692 7.07891
    endloop
  endfacet
  facet normal 0.183901 -0.0657992 0.98074
    outer loop
      vertex -3.36989 1.02225 7.30976
      vertex -3.25347 1.34763 7.30976
      vertex -5.38763 2.23163 7.76925
    endloop
  endfacet
  facet normal 0.0706103 -0.281898 0.956843
    outer loop
      vertex -1.79174 6.81071 8.13901
      vertex -1.6928 5.58042 7.76925
      vertex -1.13767 5.71947 7.76925
    endloop
  endfacet
  facet normal 0.0706203 -0.281897 0.956842
    outer loop
      vertex -1.6928 5.58042 7.76925
      vertex -1.79174 6.81071 8.13901
      vertex -2.06468 6.80635 8.15787
    endloop
  endfacet
  facet normal 0.0657992 -0.183901 0.98074
    outer loop
      vertex -1.34763 3.25347 7.30976
      vertex -1.02225 3.36989 7.30976
      vertex -2.23163 5.38763 7.76925
    endloop
  endfacet
  facet normal 0.0659022 0.0727105 0.995173
    outer loop
      vertex -0.747076 -0.910316 7.07891
      vertex -0.832705 -0.832705 7.07891
      vertex -2.23404 -2.72218 7.30976
    endloop
  endfacet
  facet normal -0.0659022 -0.0727105 0.995173
    outer loop
      vertex 0.832705 0.832705 7.07891
      vertex 2.23404 2.72218 7.30976
      vertex 0.747076 0.910316 7.07891
    endloop
  endfacet
  facet normal -0.0887108 0.0419561 0.995173
    outer loop
      vertex 3.25347 -1.34763 7.30976
      vertex 1.08798 -0.450657 7.07891
      vertex 1.03857 -0.555128 7.07891
    endloop
  endfacet
  facet normal 0.27362 0.0978995 0.956843
    outer loop
      vertex -5.58042 -1.6928 7.76925
      vertex -6.26949 -2.27495 8.02586
      vertex -5.38763 -2.23163 7.76925
    endloop
  endfacet
  facet normal 0.273609 0.0979126 0.956844
    outer loop
      vertex -6.26949 -2.27495 8.02586
      vertex -5.58042 -1.6928 7.76925
      vertex -6.28801 -1.90745 7.99355
    endloop
  endfacet
  facet normal 0.27362 0.0978985 0.956843
    outer loop
      vertex -6.25359 -2.59032 8.05358
      vertex -5.38763 -2.23163 7.76925
      vertex -6.26949 -2.27495 8.02586
    endloop
  endfacet
  facet normal -0.144721 -0.131168 0.98074
    outer loop
      vertex 4.50783 3.69948 7.76925
      vertex 4.12351 4.12351 7.76925
      vertex 2.72218 2.23404 7.30976
    endloop
  endfacet
  facet normal -0.216308 -0.193195 0.95702
    outer loop
      vertex 4.12351 4.12351 7.76925
      vertex 6.24062 5.12155 8.44924
      vertex 6.24002 5.12455 8.44971
    endloop
  endfacet
  facet normal -0.215325 -0.19516 0.956843
    outer loop
      vertex 6.24062 5.12155 8.44924
      vertex 4.12351 4.12351 7.76925
      vertex 4.50783 3.69948 7.76925
    endloop
  endfacet
  facet normal 0.0887108 0.0419561 0.995173
    outer loop
      vertex -1.03857 -0.555128 7.07891
      vertex -1.08798 -0.450657 7.07891
      vertex -3.25347 -1.34763 7.30976
    endloop
  endfacet
  facet normal 0.00481594 0.098014 0.995173
    outer loop
      vertex 0 -3.52153 7.30976
      vertex -0.115427 -1.17195 7.07891
      vertex -0.34517 -3.50457 7.30976
    endloop
  endfacet
  facet normal 0.0143967 0.0970703 0.995173
    outer loop
      vertex -0.34517 -3.50457 7.30976
      vertex -0.115427 -1.17195 7.07891
      vertex -0.687016 -3.45387 7.30976
    endloop
  endfacet
  facet normal -0.173113 -0.233415 0.956843
    outer loop
      vertex 5.1293 6.25006 8.45294
      vertex 4.49198 6.72273 8.45294
      vertex 3.23982 4.84873 7.76925
    endloop
  endfacet
  facet normal -0.149404 -0.249257 0.956844
    outer loop
      vertex 3.23982 4.84873 7.76925
      vertex 4.49198 6.72273 8.45294
      vertex 2.74896 5.14295 7.76925
    endloop
  endfacet
  facet normal -0.167529 0.100416 0.98074
    outer loop
      vertex 4.84873 -3.23982 7.76925
      vertex 5.14295 -2.74896 7.76925
      vertex 2.92805 -1.95646 7.30976
    endloop
  endfacet
  facet normal -0.258767 0.15003 0.954217
    outer loop
      vertex 6.16585 -3.87756 8.21194
      vertex 6.1627 -3.90201 8.21493
      vertex 6.16352 -3.89767 8.21447
    endloop
  endfacet
  facet normal -0.249388 0.149143 0.95685
    outer loop
      vertex 4.84873 -3.23982 7.76925
      vertex 6.1627 -3.90201 8.21493
      vertex 6.16585 -3.87756 8.21194
    endloop
  endfacet
  facet normal -0.249235 0.149442 0.956843
    outer loop
      vertex 6.1627 -3.90201 8.21493
      vertex 4.84873 -3.23982 7.76925
      vertex 6.12514 -4.07734 8.23253
    endloop
  endfacet
  facet normal -0.249156 0.149563 0.956845
    outer loop
      vertex 6.12125 -4.09009 8.23351
      vertex 6.12514 -4.07734 8.23253
      vertex 4.84873 -3.23982 7.76925
    endloop
  endfacet
  facet normal -0.249259 0.149405 0.956843
    outer loop
      vertex 4.84873 -3.23982 7.76925
      vertex 6.16585 -3.87756 8.21194
      vertex 5.14295 -2.74896 7.76925
    endloop
  endfacet
  facet normal -0.166738 0.126036 0.977913
    outer loop
      vertex 6.12514 -4.07734 8.23253
      vertex 6.12125 -4.09009 8.23351
      vertex 6.12408 -4.08107 8.23283
    endloop
  endfacet
  facet normal -0.183901 0.0657992 0.98074
    outer loop
      vertex 5.38763 -2.23163 7.76925
      vertex 3.36989 -1.02225 7.30976
      vertex 3.25347 -1.34763 7.30976
    endloop
  endfacet
  facet normal -0.189466 0.0474577 0.98074
    outer loop
      vertex 5.58042 -1.6928 7.76925
      vertex 5.71947 -1.13767 7.76925
      vertex 3.45387 -0.687016 7.30976
    endloop
  endfacet
  facet normal -0.281902 0.0706114 0.956841
    outer loop
      vertex 5.58042 -1.6928 7.76925
      vertex 6.30557 -1.48897 7.96785
      vertex 5.71947 -1.13767 7.76925
    endloop
  endfacet
  facet normal -0.281897 0.0705912 0.956844
    outer loop
      vertex 6.30557 -1.48897 7.96785
      vertex 5.58042 -1.6928 7.76925
      vertex 6.28801 -1.90745 7.99355
    endloop
  endfacet
  facet normal -0.273609 0.0979126 0.956844
    outer loop
      vertex 5.58042 -1.6928 7.76925
      vertex 6.26949 -2.27495 8.02586
      vertex 6.28801 -1.90745 7.99355
    endloop
  endfacet
  facet normal -0.27362 0.0978995 0.956843
    outer loop
      vertex 6.26949 -2.27495 8.02586
      vertex 5.58042 -1.6928 7.76925
      vertex 5.38763 -2.23163 7.76925
    endloop
  endfacet
  facet normal -0.189463 -0.0474627 0.98074
    outer loop
      vertex 3.45387 0.687016 7.30976
      vertex 5.58042 1.6928 7.76925
      vertex 3.36989 1.02225 7.30976
    endloop
  endfacet
  facet normal -0.0923963 -0.0330591 0.995173
    outer loop
      vertex 3.36989 1.02225 7.30976
      vertex 3.25347 1.34763 7.30976
      vertex 1.12692 0.341846 7.07891
    endloop
  endfacet
  facet normal -0.0657992 0.183901 0.98074
    outer loop
      vertex 2.23163 -5.38763 7.76925
      vertex 1.34763 -3.25347 7.30976
      vertex 1.02225 -3.36989 7.30976
    endloop
  endfacet
  facet normal -0.0727105 0.0659022 0.995173
    outer loop
      vertex 2.72218 -2.23404 7.30976
      vertex 0.910316 -0.747076 7.07891
      vertex 0.832705 -0.832705 7.07891
    endloop
  endfacet
  facet normal 0.0238439 0.0951914 0.995173
    outer loop
      vertex -0.229743 -1.155 7.07891
      vertex -0.341846 -1.12692 7.07891
      vertex -0.687016 -3.45387 7.30976
    endloop
  endfacet
  facet normal 0.0238464 0.095191 0.995173
    outer loop
      vertex -0.687016 -3.45387 7.30976
      vertex -0.341846 -1.12692 7.07891
      vertex -1.02225 -3.36989 7.30976
    endloop
  endfacet
  facet normal -0.072711 0.0659016 0.995173
    outer loop
      vertex 2.4901 -2.4901 7.30976
      vertex 2.72218 -2.23404 7.30976
      vertex 0.832705 -0.832705 7.07891
    endloop
  endfacet
  facet normal -0.144721 0.131168 0.98074
    outer loop
      vertex 4.12351 -4.12351 7.76925
      vertex 2.72218 -2.23404 7.30976
      vertex 2.4901 -2.4901 7.30976
    endloop
  endfacet
  facet normal 0.0474627 0.189463 0.98074
    outer loop
      vertex -0.687016 -3.45387 7.30976
      vertex -1.02225 -3.36989 7.30976
      vertex -1.6928 -5.58042 7.76925
    endloop
  endfacet
  facet normal 0.0474577 0.189466 0.98074
    outer loop
      vertex -1.13767 -5.71947 7.76925
      vertex -0.687016 -3.45387 7.30976
      vertex -1.6928 -5.58042 7.76925
    endloop
  endfacet
  facet normal 0.0286592 0.193205 0.98074
    outer loop
      vertex -0.571589 -5.80344 7.76925
      vertex -0.687016 -3.45387 7.30976
      vertex -1.13767 -5.71947 7.76925
    endloop
  endfacet
  facet normal 0.0425741 0.287012 0.95698
    outer loop
      vertex -1.13767 -5.71947 7.76925
      vertex -0.574004 -5.80855 7.77089
      vertex -0.571589 -5.80344 7.76925
    endloop
  endfacet
  facet normal 0.0426346 0.287393 0.956864
    outer loop
      vertex -0.574004 -5.80855 7.77089
      vertex -1.13767 -5.71947 7.76925
      vertex -1.15365 -5.79977 7.79408
    endloop
  endfacet
  facet normal -0.0143967 0.0970703 0.995173
    outer loop
      vertex 0.34517 -3.50457 7.30976
      vertex 0.687016 -3.45387 7.30976
      vertex 0.115427 -1.17195 7.07891
    endloop
  endfacet
  facet normal -0.0286546 0.193205 0.98074
    outer loop
      vertex 0.571589 -5.80344 7.76925
      vertex 0.687016 -3.45387 7.30976
      vertex 0.34517 -3.50457 7.30976
    endloop
  endfacet
  facet normal 0.0923963 -0.0330591 0.995173
    outer loop
      vertex -1.12692 0.341846 7.07891
      vertex -3.25347 1.34763 7.30976
      vertex -3.36989 1.02225 7.30976
    endloop
  endfacet
  facet normal 0.0659022 -0.0727105 0.995173
    outer loop
      vertex -0.832705 0.832705 7.07891
      vertex -0.747076 0.910316 7.07891
      vertex -2.23404 2.72218 7.30976
    endloop
  endfacet
  facet normal 0.0835096 0.176565 0.98074
    outer loop
      vertex -1.34763 -3.25347 7.30976
      vertex -1.66004 -3.10571 7.30976
      vertex -2.74896 -5.14295 7.76925
    endloop
  endfacet
  facet normal 0.10041 0.167531 0.98074
    outer loop
      vertex -1.66004 -3.10571 7.30976
      vertex -1.95646 -2.92805 7.30976
      vertex -2.74896 -5.14295 7.76925
    endloop
  endfacet
  facet normal 0.0727105 0.0659022 0.995173
    outer loop
      vertex -0.832705 -0.832705 7.07891
      vertex -0.910316 -0.747076 7.07891
      vertex -2.72218 -2.23404 7.30976
    endloop
  endfacet
  facet normal 0.0788209 0.0584567 0.995173
    outer loop
      vertex -0.910316 -0.747076 7.07891
      vertex -0.979158 -0.654252 7.07891
      vertex -2.72218 -2.23404 7.30976
    endloop
  endfacet
  facet normal 0.144721 0.131168 0.98074
    outer loop
      vertex -2.4901 -2.4901 7.30976
      vertex -2.72218 -2.23404 7.30976
      vertex -4.12351 -4.12351 7.76925
    endloop
  endfacet
  facet normal 0.072711 0.0659016 0.995173
    outer loop
      vertex -2.4901 -2.4901 7.30976
      vertex -0.832705 -0.832705 7.07891
      vertex -2.72218 -2.23404 7.30976
    endloop
  endfacet
  facet normal -0.0584567 0.0788209 0.995173
    outer loop
      vertex 2.23404 -2.72218 7.30976
      vertex 0.747076 -0.910316 7.07891
      vertex 0.654252 -0.979158 7.07891
    endloop
  endfacet
  facet normal 0.00481594 -0.098014 0.995173
    outer loop
      vertex -0.115427 1.17195 7.07891
      vertex 0 3.52153 7.30976
      vertex -0.34517 3.50457 7.30976
    endloop
  endfacet
  facet normal 0.167531 0.10041 0.98074
    outer loop
      vertex -2.92805 -1.95646 7.30976
      vertex -3.10571 -1.66004 7.30976
      vertex -5.14295 -2.74896 7.76925
    endloop
  endfacet
  facet normal 0.176565 0.0835096 0.98074
    outer loop
      vertex -3.10571 -1.66004 7.30976
      vertex -3.25347 -1.34763 7.30976
      vertex -5.14295 -2.74896 7.76925
    endloop
  endfacet
  facet normal 0.2819 0.0706148 0.956842
    outer loop
      vertex -6.30557 -1.48897 7.96785
      vertex -5.71947 -1.13767 7.76925
      vertex -6.31534 -1.2562 7.95355
    endloop
  endfacet
  facet normal 0.287457 0.0426402 0.956844
    outer loop
      vertex -6.32988 -0.820574 7.9385
      vertex -5.71947 -1.13767 7.76925
      vertex -5.80344 -0.571589 7.76925
    endloop
  endfacet
  facet normal 0.287463 0.0426517 0.956842
    outer loop
      vertex -5.71947 -1.13767 7.76925
      vertex -6.32988 -0.820574 7.9385
      vertex -6.31534 -1.2562 7.95355
    endloop
  endfacet
  facet normal -0.0143931 -0.0970713 0.995173
    outer loop
      vertex 0.229743 1.155 7.07891
      vertex 0.687016 3.45387 7.30976
      vertex 0.115427 1.17195 7.07891
    endloop
  endfacet
  facet normal 0.193205 0.0286546 0.98074
    outer loop
      vertex -3.45387 -0.687016 7.30976
      vertex -3.50457 -0.34517 7.30976
      vertex -5.80344 -0.571589 7.76925
    endloop
  endfacet
  facet normal -0.0504485 -0.0841717 0.995173
    outer loop
      vertex 1.95646 2.92805 7.30976
      vertex 1.66004 3.10571 7.30976
      vertex 0.555128 1.03857 7.07891
    endloop
  endfacet
  facet normal -0.0419561 0.0887108 0.995173
    outer loop
      vertex 1.34763 -3.25347 7.30976
      vertex 0.555128 -1.03857 7.07891
      vertex 0.450657 -1.08798 7.07891
    endloop
  endfacet
  facet normal 0.095191 -0.0238464 0.995173
    outer loop
      vertex -1.12692 0.341846 7.07891
      vertex -3.36989 1.02225 7.30976
      vertex -3.45387 0.687016 7.30976
    endloop
  endfacet
  facet normal -0.0238439 0.0951914 0.995173
    outer loop
      vertex 0.687016 -3.45387 7.30976
      vertex 0.341846 -1.12692 7.07891
      vertex 0.229743 -1.155 7.07891
    endloop
  endfacet
  facet normal 0.0841717 0.0504485 0.995173
    outer loop
      vertex -2.92805 -1.95646 7.30976
      vertex -1.03857 -0.555128 7.07891
      vertex -3.10571 -1.66004 7.30976
    endloop
  endfacet
  facet normal -0.0657987 -0.183901 0.98074
    outer loop
      vertex 2.23163 5.38763 7.76925
      vertex 1.6928 5.58042 7.76925
      vertex 1.02225 3.36989 7.30976
    endloop
  endfacet
  facet normal -0.0330591 -0.0923963 0.995173
    outer loop
      vertex 1.34763 3.25347 7.30976
      vertex 1.02225 3.36989 7.30976
      vertex 0.341846 1.12692 7.07891
    endloop
  endfacet
  facet normal -0.097914 -0.273616 0.956842
    outer loop
      vertex 2.81241 6.78976 8.22963
      vertex 2.30107 6.80111 8.18055
      vertex 2.23163 5.38763 7.76925
    endloop
  endfacet
  facet normal -0.124201 -0.26271 0.956848
    outer loop
      vertex 2.81241 6.78976 8.22963
      vertex 2.74896 5.14295 7.76925
      vertex 2.99249 6.78468 8.25161
    endloop
  endfacet
  facet normal -0.124251 -0.262706 0.956842
    outer loop
      vertex 2.74896 5.14295 7.76925
      vertex 2.81241 6.78976 8.22963
      vertex 2.23163 5.38763 7.76925
    endloop
  endfacet
  facet normal -0.0419572 -0.0887104 0.995173
    outer loop
      vertex 1.66004 3.10571 7.30976
      vertex 1.34763 3.25347 7.30976
      vertex 0.555128 1.03857 7.07891
    endloop
  endfacet
  facet normal -0.0835096 -0.176565 0.98074
    outer loop
      vertex 1.66004 3.10571 7.30976
      vertex 2.74896 5.14295 7.76925
      vertex 1.34763 3.25347 7.30976
    endloop
  endfacet
  facet normal 0.0143967 -0.0970703 0.995173
    outer loop
      vertex -0.115427 1.17195 7.07891
      vertex -0.34517 3.50457 7.30976
      vertex -0.687016 3.45387 7.30976
    endloop
  endfacet
  facet normal -0.0887108 -0.0419561 0.995173
    outer loop
      vertex 1.08798 0.450657 7.07891
      vertex 3.25347 1.34763 7.30976
      vertex 1.03857 0.555128 7.07891
    endloop
  endfacet
  facet normal -0.189466 -0.0474577 0.98074
    outer loop
      vertex 5.71947 1.13767 7.76925
      vertex 5.58042 1.6928 7.76925
      vertex 3.45387 0.687016 7.30976
    endloop
  endfacet
  facet normal 0.0923937 0.0330648 0.995173
    outer loop
      vertex -1.08798 -0.450657 7.07891
      vertex -1.12692 -0.341846 7.07891
      vertex -3.25347 -1.34763 7.30976
    endloop
  endfacet
  facet normal -0.098014 -0.00481594 0.995173
    outer loop
      vertex 3.52153 0 7.30976
      vertex 3.50457 0.34517 7.30976
      vertex 1.17195 0.115427 7.07891
    endloop
  endfacet
  facet normal -0.0980139 -0.00481463 0.995173
    outer loop
      vertex 1.17762 0 7.07891
      vertex 3.52153 0 7.30976
      vertex 1.17195 0.115427 7.07891
    endloop
  endfacet
  facet normal -0.0970703 -0.0143967 0.995173
    outer loop
      vertex 3.50457 0.34517 7.30976
      vertex 3.45387 0.687016 7.30976
      vertex 1.17195 0.115427 7.07891
    endloop
  endfacet
  facet normal -0.0970713 -0.0143931 0.995173
    outer loop
      vertex 1.17195 0.115427 7.07891
      vertex 3.45387 0.687016 7.30976
      vertex 1.155 0.229743 7.07891
    endloop
  endfacet
  facet normal 0.195083 -0.0095837 0.98074
    outer loop
      vertex -3.52153 0 7.30976
      vertex -5.80344 0.571589 7.76925
      vertex -5.83152 0 7.76925
    endloop
  endfacet
  facet normal 0.195083 0.0095837 0.98074
    outer loop
      vertex -5.80344 -0.571589 7.76925
      vertex -3.52153 0 7.30976
      vertex -5.83152 0 7.76925
    endloop
  endfacet
  facet normal 0.249295 -0.149342 0.956843
    outer loop
      vertex -6.3192 4.04676 8.27831
      vertex -4.84873 3.23982 7.76925
      vertex -6.31203 4.21756 8.3031
    endloop
  endfacet
  facet normal 0.24926 -0.149406 0.956843
    outer loop
      vertex -4.84873 3.23982 7.76925
      vertex -6.3192 4.04676 8.27831
      vertex -5.14295 2.74896 7.76925
    endloop
  endfacet
  facet normal 0.167529 -0.100416 0.98074
    outer loop
      vertex -2.92805 1.95646 7.30976
      vertex -4.84873 3.23982 7.76925
      vertex -5.14295 2.74896 7.76925
    endloop
  endfacet
  facet normal 0.273614 -0.0979129 0.956843
    outer loop
      vertex -5.38763 2.23163 7.76925
      vertex -6.35921 2.63407 8.08826
      vertex -6.36257 2.27952 8.05294
    endloop
  endfacet
  facet normal 0.281896 -0.0706299 0.956842
    outer loop
      vertex -6.36633 1.52539 7.98843
      vertex -5.58042 1.6928 7.76925
      vertex -6.36587 1.93107 8.01824
    endloop
  endfacet
  facet normal 0.281892 -0.0706089 0.956844
    outer loop
      vertex -5.58042 1.6928 7.76925
      vertex -6.36633 1.52539 7.98843
      vertex -5.71947 1.13767 7.76925
    endloop
  endfacet
  facet normal 0.0474627 -0.189463 0.98074
    outer loop
      vertex -1.02225 3.36989 7.30976
      vertex -0.687016 3.45387 7.30976
      vertex -1.6928 5.58042 7.76925
    endloop
  endfacet
  facet normal 0.0474577 -0.189466 0.98074
    outer loop
      vertex -0.687016 3.45387 7.30976
      vertex -1.13767 5.71947 7.76925
      vertex -1.6928 5.58042 7.76925
    endloop
  endfacet
  facet normal 0.0887104 -0.0419572 0.995173
    outer loop
      vertex -1.03857 0.555128 7.07891
      vertex -3.10571 1.66004 7.30976
      vertex -3.25347 1.34763 7.30976
    endloop
  endfacet
  facet normal 0.131168 -0.144721 0.98074
    outer loop
      vertex -2.4901 2.4901 7.30976
      vertex -2.23404 2.72218 7.30976
      vertex -4.12351 4.12351 7.76925
    endloop
  endfacet
  facet normal 0.0659016 -0.072711 0.995173
    outer loop
      vertex -0.832705 0.832705 7.07891
      vertex -2.23404 2.72218 7.30976
      vertex -2.4901 2.4901 7.30976
    endloop
  endfacet
  facet normal 0.0887108 -0.0419561 0.995173
    outer loop
      vertex -1.08798 0.450657 7.07891
      vertex -1.03857 0.555128 7.07891
      vertex -3.25347 1.34763 7.30976
    endloop
  endfacet
  facet normal -0.0504495 -0.0841709 0.995173
    outer loop
      vertex 0.654252 0.979158 7.07891
      vertex 1.95646 2.92805 7.30976
      vertex 0.555128 1.03857 7.07891
    endloop
  endfacet
  facet normal 0.149406 0.249261 0.956842
    outer loop
      vertex -3.23982 -4.84873 7.76925
      vertex -3.38052 -5.71536 8.01698
      vertex -2.74896 -5.14295 7.76925
    endloop
  endfacet
  facet normal 0.149391 0.249264 0.956844
    outer loop
      vertex -3.38052 -5.71536 8.01698
      vertex -3.23982 -4.84873 7.76925
      vertex -3.80366 -5.69258 8.07711
    endloop
  endfacet
  facet normal 0.1494 0.249267 0.956841
    outer loop
      vertex -3.06403 -5.73239 7.972
      vertex -2.74896 -5.14295 7.76925
      vertex -3.38052 -5.71536 8.01698
    endloop
  endfacet
  facet normal -0.195158 -0.215323 0.956843
    outer loop
      vertex 4.12351 4.12351 7.76925
      vertex 5.1293 6.25006 8.45294
      vertex 3.69948 4.50783 7.76925
    endloop
  endfacet
  facet normal -0.131168 -0.144721 0.98074
    outer loop
      vertex 4.12351 4.12351 7.76925
      vertex 3.69948 4.50783 7.76925
      vertex 2.23404 2.72218 7.30976
    endloop
  endfacet
  facet normal -0.164071 -0.164071 0.972708
    outer loop
      vertex 6.24062 5.12155 8.44924
      vertex 6.24133 5.11752 8.44868
      vertex 6.24082 5.12052 8.4491
    endloop
  endfacet
  facet normal -0.232725 -0.173964 0.956857
    outer loop
      vertex 4.50783 3.69948 7.76925
      vertex 6.24133 5.11752 8.44868
      vertex 6.24062 5.12155 8.44924
    endloop
  endfacet
  facet normal -0.233418 -0.173111 0.956843
    outer loop
      vertex 6.24133 5.11752 8.44868
      vertex 4.50783 3.69948 7.76925
      vertex 4.84873 3.23982 7.76925
    endloop
  endfacet
  facet normal -0.156882 -0.116349 0.98074
    outer loop
      vertex 4.84873 3.23982 7.76925
      vertex 4.50783 3.69948 7.76925
      vertex 2.72218 2.23404 7.30976
    endloop
  endfacet
  facet normal 0.0841717 -0.0504485 0.995173
    outer loop
      vertex -1.03857 0.555128 7.07891
      vertex -2.92805 1.95646 7.30976
      vertex -3.10571 1.66004 7.30976
    endloop
  endfacet
  facet normal -0.189463 0.0474627 0.98074
    outer loop
      vertex 5.58042 -1.6928 7.76925
      vertex 3.45387 -0.687016 7.30976
      vertex 3.36989 -1.02225 7.30976
    endloop
  endfacet
  facet normal -0.183901 0.0657987 0.98074
    outer loop
      vertex 5.38763 -2.23163 7.76925
      vertex 5.58042 -1.6928 7.76925
      vertex 3.36989 -1.02225 7.30976
    endloop
  endfacet
  facet normal 0.0504495 0.0841709 0.995173
    outer loop
      vertex -0.555128 -1.03857 7.07891
      vertex -0.654252 -0.979158 7.07891
      vertex -1.95646 -2.92805 7.30976
    endloop
  endfacet
  facet normal 0.0584577 0.07882 0.995173
    outer loop
      vertex -1.95646 -2.92805 7.30976
      vertex -0.654252 -0.979158 7.07891
      vertex -2.23404 -2.72218 7.30976
    endloop
  endfacet
  facet normal -0.0419561 -0.0887108 0.995173
    outer loop
      vertex 0.555128 1.03857 7.07891
      vertex 1.34763 3.25347 7.30976
      vertex 0.450657 1.08798 7.07891
    endloop
  endfacet
  facet normal -0.0835096 0.176565 0.98074
    outer loop
      vertex 2.74896 -5.14295 7.76925
      vertex 1.66004 -3.10571 7.30976
      vertex 1.34763 -3.25347 7.30976
    endloop
  endfacet
  facet normal -0.0419572 0.0887104 0.995173
    outer loop
      vertex 1.34763 -3.25347 7.30976
      vertex 1.66004 -3.10571 7.30976
      vertex 0.555128 -1.03857 7.07891
    endloop
  endfacet
  facet normal 0.0330648 0.0923937 0.995173
    outer loop
      vertex -0.341846 -1.12692 7.07891
      vertex -0.450657 -1.08798 7.07891
      vertex -1.34763 -3.25347 7.30976
    endloop
  endfacet
  facet normal 0.0419561 0.0887108 0.995173
    outer loop
      vertex -0.450657 -1.08798 7.07891
      vertex -0.555128 -1.03857 7.07891
      vertex -1.34763 -3.25347 7.30976
    endloop
  endfacet
  facet normal 0.070615 0.281917 0.956837
    outer loop
      vertex -1.6928 -5.58042 7.76925
      vertex -1.18532 -5.79897 7.79619
      vertex -1.13767 -5.71947 7.76925
    endloop
  endfacet
  facet normal 0.0706052 0.281895 0.956844
    outer loop
      vertex -1.18532 -5.79897 7.79619
      vertex -1.6928 -5.58042 7.76925
      vertex -1.75476 -5.78465 7.83399
    endloop
  endfacet
  facet normal 0.0979014 0.273625 0.956841
    outer loop
      vertex -2.25028 -5.76733 7.87974
      vertex -1.6928 -5.58042 7.76925
      vertex -2.23163 -5.38763 7.76925
    endloop
  endfacet
  facet normal 0.0979064 0.273612 0.956844
    outer loop
      vertex -1.6928 -5.58042 7.76925
      vertex -2.25028 -5.76733 7.87974
      vertex -1.75476 -5.78465 7.83399
    endloop
  endfacet
  facet normal 0.0841709 -0.0504495 0.995173
    outer loop
      vertex -1.03857 0.555128 7.07891
      vertex -0.979158 0.654252 7.07891
      vertex -2.92805 1.95646 7.30976
    endloop
  endfacet
  facet normal 0.0970713 -0.0143931 0.995173
    outer loop
      vertex -1.17195 0.115427 7.07891
      vertex -1.155 0.229743 7.07891
      vertex -3.45387 0.687016 7.30976
    endloop
  endfacet
  facet normal -0.0238439 -0.0951914 0.995173
    outer loop
      vertex 0.341846 1.12692 7.07891
      vertex 0.687016 3.45387 7.30976
      vertex 0.229743 1.155 7.07891
    endloop
  endfacet
  facet normal -0.07882 0.0584577 0.995173
    outer loop
      vertex 2.72218 -2.23404 7.30976
      vertex 2.92805 -1.95646 7.30976
      vertex 0.979158 -0.654252 7.07891
    endloop
  endfacet
  facet normal 0.0504495 -0.0841709 0.995173
    outer loop
      vertex -0.654252 0.979158 7.07891
      vertex -0.555128 1.03857 7.07891
      vertex -1.95646 2.92805 7.30976
    endloop
  endfacet
  facet normal -0.0841709 0.0504495 0.995173
    outer loop
      vertex 2.92805 -1.95646 7.30976
      vertex 1.03857 -0.555128 7.07891
      vertex 0.979158 -0.654252 7.07891
    endloop
  endfacet
  facet normal -0.0504495 0.0841709 0.995173
    outer loop
      vertex 1.95646 -2.92805 7.30976
      vertex 0.654252 -0.979158 7.07891
      vertex 0.555128 -1.03857 7.07891
    endloop
  endfacet
  facet normal -0.176565 -0.0835096 0.98074
    outer loop
      vertex 3.25347 1.34763 7.30976
      vertex 5.14295 2.74896 7.76925
      vertex 3.10571 1.66004 7.30976
    endloop
  endfacet
  facet normal -0.0887104 -0.0419572 0.995173
    outer loop
      vertex 3.25347 1.34763 7.30976
      vertex 3.10571 1.66004 7.30976
      vertex 1.03857 0.555128 7.07891
    endloop
  endfacet
  facet normal 0.176565 -0.0835096 0.98074
    outer loop
      vertex -3.25347 1.34763 7.30976
      vertex -3.10571 1.66004 7.30976
      vertex -5.14295 2.74896 7.76925
    endloop
  endfacet
  facet normal 0.242227 -0.174263 0.954442
    outer loop
      vertex -6.27211 4.93299 8.4228
      vertex -6.24133 5.11752 8.44868
      vertex -6.27106 4.94387 8.42452
    endloop
  endfacet
  facet normal 0.233397 -0.173127 0.956845
    outer loop
      vertex -6.24133 5.11752 8.44868
      vertex -6.27211 4.93299 8.4228
      vertex -4.84873 3.23982 7.76925
    endloop
  endfacet
  facet normal 0.23344 -0.17309 0.956842
    outer loop
      vertex -6.28568 4.75609 8.39411
      vertex -4.84873 3.23982 7.76925
      vertex -6.27211 4.93299 8.4228
    endloop
  endfacet
  facet normal 0.233404 -0.173124 0.956844
    outer loop
      vertex -4.84873 3.23982 7.76925
      vertex -6.28568 4.75609 8.39411
      vertex -6.31203 4.21756 8.3031
    endloop
  endfacet
  facet normal 0.189463 -0.0474627 0.98074
    outer loop
      vertex -3.45387 0.687016 7.30976
      vertex -3.36989 1.02225 7.30976
      vertex -5.58042 1.6928 7.76925
    endloop
  endfacet
  facet normal 0.189466 -0.0474577 0.98074
    outer loop
      vertex -3.45387 0.687016 7.30976
      vertex -5.58042 1.6928 7.76925
      vertex -5.71947 1.13767 7.76925
    endloop
  endfacet
  facet normal 0.0143931 -0.0970713 0.995173
    outer loop
      vertex -0.229743 1.155 7.07891
      vertex -0.115427 1.17195 7.07891
      vertex -0.687016 3.45387 7.30976
    endloop
  endfacet
  facet normal 0.0238439 -0.0951914 0.995173
    outer loop
      vertex -0.341846 1.12692 7.07891
      vertex -0.229743 1.155 7.07891
      vertex -0.687016 3.45387 7.30976
    endloop
  endfacet
  facet normal -0.0584567 -0.0788209 0.995173
    outer loop
      vertex 0.747076 0.910316 7.07891
      vertex 2.23404 2.72218 7.30976
      vertex 0.654252 0.979158 7.07891
    endloop
  endfacet
  facet normal -0.0584577 0.07882 0.995173
    outer loop
      vertex 1.95646 -2.92805 7.30976
      vertex 2.23404 -2.72218 7.30976
      vertex 0.654252 -0.979158 7.07891
    endloop
  endfacet
  facet normal 0.0951914 0.0238439 0.995173
    outer loop
      vertex -1.12692 -0.341846 7.07891
      vertex -1.155 -0.229743 7.07891
      vertex -3.45387 -0.687016 7.30976
    endloop
  endfacet
  facet normal 0.0970713 0.0143931 0.995173
    outer loop
      vertex -1.155 -0.229743 7.07891
      vertex -1.17195 -0.115427 7.07891
      vertex -3.45387 -0.687016 7.30976
    endloop
  endfacet
  facet normal 0 0 1
    outer loop
      vertex 1.17195 0.115427 7.07891
      vertex 1.17195 -0.115427 7.07891
      vertex 1.17762 0 7.07891
    endloop
  endfacet
  facet normal 0 0 1
    outer loop
      vertex 1.155 0.229743 7.07891
      vertex 1.17195 -0.115427 7.07891
      vertex 1.17195 0.115427 7.07891
    endloop
  endfacet
  facet normal 0 0 1
    outer loop
      vertex 1.155 0.229743 7.07891
      vertex 1.155 -0.229743 7.07891
      vertex 1.17195 -0.115427 7.07891
    endloop
  endfacet
  facet normal 0 0 1
    outer loop
      vertex 1.12692 0.341846 7.07891
      vertex 1.155 -0.229743 7.07891
      vertex 1.155 0.229743 7.07891
    endloop
  endfacet
  facet normal 0 0 1
    outer loop
      vertex 1.12692 0.341846 7.07891
      vertex 1.12692 -0.341846 7.07891
      vertex 1.155 -0.229743 7.07891
    endloop
  endfacet
  facet normal 0 0 1
    outer loop
      vertex 1.08798 0.450657 7.07891
      vertex 1.12692 -0.341846 7.07891
      vertex 1.12692 0.341846 7.07891
    endloop
  endfacet
  facet normal 0 0 1
    outer loop
      vertex 1.08798 0.450657 7.07891
      vertex 1.08798 -0.450657 7.07891
      vertex 1.12692 -0.341846 7.07891
    endloop
  endfacet
  facet normal 0 0 1
    outer loop
      vertex 1.03857 0.555128 7.07891
      vertex 1.08798 -0.450657 7.07891
      vertex 1.08798 0.450657 7.07891
    endloop
  endfacet
  facet normal 0 0 1
    outer loop
      vertex 1.03857 0.555128 7.07891
      vertex 1.03857 -0.555128 7.07891
      vertex 1.08798 -0.450657 7.07891
    endloop
  endfacet
  facet normal 0 0 1
    outer loop
      vertex 0.979158 0.654252 7.07891
      vertex 1.03857 -0.555128 7.07891
      vertex 1.03857 0.555128 7.07891
    endloop
  endfacet
  facet normal 0 0 1
    outer loop
      vertex 0.979158 0.654252 7.07891
      vertex 0.979158 -0.654252 7.07891
      vertex 1.03857 -0.555128 7.07891
    endloop
  endfacet
  facet normal 0 0 1
    outer loop
      vertex 0.910316 0.747076 7.07891
      vertex 0.979158 -0.654252 7.07891
      vertex 0.979158 0.654252 7.07891
    endloop
  endfacet
  facet normal 0 0 1
    outer loop
      vertex 0.910316 0.747076 7.07891
      vertex 0.910316 -0.747076 7.07891
      vertex 0.979158 -0.654252 7.07891
    endloop
  endfacet
  facet normal 0 0 1
    outer loop
      vertex 0.832705 0.832705 7.07891
      vertex 0.910316 -0.747076 7.07891
      vertex 0.910316 0.747076 7.07891
    endloop
  endfacet
  facet normal 0 0 1
    outer loop
      vertex 0.832705 0.832705 7.07891
      vertex 0.832705 -0.832705 7.07891
      vertex 0.910316 -0.747076 7.07891
    endloop
  endfacet
  facet normal 0 0 1
    outer loop
      vertex 0.747076 0.910316 7.07891
      vertex 0.832705 -0.832705 7.07891
      vertex 0.832705 0.832705 7.07891
    endloop
  endfacet
  facet normal 0 0 1
    outer loop
      vertex 0.747076 0.910316 7.07891
      vertex 0.747076 -0.910316 7.07891
      vertex 0.832705 -0.832705 7.07891
    endloop
  endfacet
  facet normal 0 0 1
    outer loop
      vertex 0.654252 0.979158 7.07891
      vertex 0.747076 -0.910316 7.07891
      vertex 0.747076 0.910316 7.07891
    endloop
  endfacet
  facet normal 0 0 1
    outer loop
      vertex 0.654252 0.979158 7.07891
      vertex 0.654252 -0.979158 7.07891
      vertex 0.747076 -0.910316 7.07891
    endloop
  endfacet
  facet normal 0 0 1
    outer loop
      vertex 0.555128 1.03857 7.07891
      vertex 0.654252 -0.979158 7.07891
      vertex 0.654252 0.979158 7.07891
    endloop
  endfacet
  facet normal 0 0 1
    outer loop
      vertex 0.555128 1.03857 7.07891
      vertex 0.555128 -1.03857 7.07891
      vertex 0.654252 -0.979158 7.07891
    endloop
  endfacet
  facet normal 0 0 1
    outer loop
      vertex 0.450657 1.08798 7.07891
      vertex 0.555128 -1.03857 7.07891
      vertex 0.555128 1.03857 7.07891
    endloop
  endfacet
  facet normal 0 0 1
    outer loop
      vertex 0.450657 1.08798 7.07891
      vertex 0.450657 -1.08798 7.07891
      vertex 0.555128 -1.03857 7.07891
    endloop
  endfacet
  facet normal 0 0 1
    outer loop
      vertex 0.341846 1.12692 7.07891
      vertex 0.450657 -1.08798 7.07891
      vertex 0.450657 1.08798 7.07891
    endloop
  endfacet
  facet normal 0 0 1
    outer loop
      vertex 0.341846 1.12692 7.07891
      vertex 0.341846 -1.12692 7.07891
      vertex 0.450657 -1.08798 7.07891
    endloop
  endfacet
  facet normal 0 0 1
    outer loop
      vertex 0.229743 1.155 7.07891
      vertex 0.341846 -1.12692 7.07891
      vertex 0.341846 1.12692 7.07891
    endloop
  endfacet
  facet normal 0 0 1
    outer loop
      vertex 0.229743 1.155 7.07891
      vertex 0.229743 -1.155 7.07891
      vertex 0.341846 -1.12692 7.07891
    endloop
  endfacet
  facet normal 0 0 1
    outer loop
      vertex 0.115427 1.17195 7.07891
      vertex 0.229743 -1.155 7.07891
      vertex 0.229743 1.155 7.07891
    endloop
  endfacet
  facet normal 0 0 1
    outer loop
      vertex 0.115427 1.17195 7.07891
      vertex 0.115427 -1.17195 7.07891
      vertex 0.229743 -1.155 7.07891
    endloop
  endfacet
  facet normal 0 0 1
    outer loop
      vertex 0 1.17762 7.07891
      vertex 0.115427 -1.17195 7.07891
      vertex 0.115427 1.17195 7.07891
    endloop
  endfacet
  facet normal 0 0 1
    outer loop
      vertex 0 1.17762 7.07891
      vertex 0 -1.17762 7.07891
      vertex 0.115427 -1.17195 7.07891
    endloop
  endfacet
  facet normal -0 0 1
    outer loop
      vertex -0.115427 1.17195 7.07891
      vertex 0 -1.17762 7.07891
      vertex 0 1.17762 7.07891
    endloop
  endfacet
  facet normal 0 0 1
    outer loop
      vertex -0.115427 1.17195 7.07891
      vertex -0.115427 -1.17195 7.07891
      vertex 0 -1.17762 7.07891
    endloop
  endfacet
  facet normal -0 0 1
    outer loop
      vertex -0.229743 1.155 7.07891
      vertex -0.115427 -1.17195 7.07891
      vertex -0.115427 1.17195 7.07891
    endloop
  endfacet
  facet normal 0 0 1
    outer loop
      vertex -0.229743 1.155 7.07891
      vertex -0.229743 -1.155 7.07891
      vertex -0.115427 -1.17195 7.07891
    endloop
  endfacet
  facet normal -0 0 1
    outer loop
      vertex -0.341846 1.12692 7.07891
      vertex -0.229743 -1.155 7.07891
      vertex -0.229743 1.155 7.07891
    endloop
  endfacet
  facet normal 0 0 1
    outer loop
      vertex -0.341846 1.12692 7.07891
      vertex -0.341846 -1.12692 7.07891
      vertex -0.229743 -1.155 7.07891
    endloop
  endfacet
  facet normal -0 0 1
    outer loop
      vertex -0.450657 1.08798 7.07891
      vertex -0.341846 -1.12692 7.07891
      vertex -0.341846 1.12692 7.07891
    endloop
  endfacet
  facet normal 0 0 1
    outer loop
      vertex -0.450657 1.08798 7.07891
      vertex -0.450657 -1.08798 7.07891
      vertex -0.341846 -1.12692 7.07891
    endloop
  endfacet
  facet normal -0 0 1
    outer loop
      vertex -0.555128 1.03857 7.07891
      vertex -0.450657 -1.08798 7.07891
      vertex -0.450657 1.08798 7.07891
    endloop
  endfacet
  facet normal 0 0 1
    outer loop
      vertex -0.555128 1.03857 7.07891
      vertex -0.555128 -1.03857 7.07891
      vertex -0.450657 -1.08798 7.07891
    endloop
  endfacet
  facet normal -0 0 1
    outer loop
      vertex -0.654252 0.979158 7.07891
      vertex -0.555128 -1.03857 7.07891
      vertex -0.555128 1.03857 7.07891
    endloop
  endfacet
  facet normal 0 0 1
    outer loop
      vertex -0.654252 0.979158 7.07891
      vertex -0.654252 -0.979158 7.07891
      vertex -0.555128 -1.03857 7.07891
    endloop
  endfacet
  facet normal -0 0 1
    outer loop
      vertex -0.747076 0.910316 7.07891
      vertex -0.654252 -0.979158 7.07891
      vertex -0.654252 0.979158 7.07891
    endloop
  endfacet
  facet normal 0 0 1
    outer loop
      vertex -0.747076 0.910316 7.07891
      vertex -0.747076 -0.910316 7.07891
      vertex -0.654252 -0.979158 7.07891
    endloop
  endfacet
  facet normal -0 0 1
    outer loop
      vertex -0.832705 0.832705 7.07891
      vertex -0.747076 -0.910316 7.07891
      vertex -0.747076 0.910316 7.07891
    endloop
  endfacet
  facet normal 0 0 1
    outer loop
      vertex -0.832705 0.832705 7.07891
      vertex -0.832705 -0.832705 7.07891
      vertex -0.747076 -0.910316 7.07891
    endloop
  endfacet
  facet normal -0 0 1
    outer loop
      vertex -0.910316 0.747076 7.07891
      vertex -0.832705 -0.832705 7.07891
      vertex -0.832705 0.832705 7.07891
    endloop
  endfacet
  facet normal 0 0 1
    outer loop
      vertex -0.910316 0.747076 7.07891
      vertex -0.910316 -0.747076 7.07891
      vertex -0.832705 -0.832705 7.07891
    endloop
  endfacet
  facet normal -0 0 1
    outer loop
      vertex -0.979158 0.654252 7.07891
      vertex -0.910316 -0.747076 7.07891
      vertex -0.910316 0.747076 7.07891
    endloop
  endfacet
  facet normal 0 0 1
    outer loop
      vertex -0.979158 0.654252 7.07891
      vertex -0.979158 -0.654252 7.07891
      vertex -0.910316 -0.747076 7.07891
    endloop
  endfacet
  facet normal -0 0 1
    outer loop
      vertex -1.03857 0.555128 7.07891
      vertex -0.979158 -0.654252 7.07891
      vertex -0.979158 0.654252 7.07891
    endloop
  endfacet
  facet normal 0 0 1
    outer loop
      vertex -1.03857 0.555128 7.07891
      vertex -1.03857 -0.555128 7.07891
      vertex -0.979158 -0.654252 7.07891
    endloop
  endfacet
  facet normal -0 0 1
    outer loop
      vertex -1.08798 0.450657 7.07891
      vertex -1.03857 -0.555128 7.07891
      vertex -1.03857 0.555128 7.07891
    endloop
  endfacet
  facet normal 0 0 1
    outer loop
      vertex -1.08798 0.450657 7.07891
      vertex -1.08798 -0.450657 7.07891
      vertex -1.03857 -0.555128 7.07891
    endloop
  endfacet
  facet normal -0 0 1
    outer loop
      vertex -1.12692 0.341846 7.07891
      vertex -1.08798 -0.450657 7.07891
      vertex -1.08798 0.450657 7.07891
    endloop
  endfacet
  facet normal 0 0 1
    outer loop
      vertex -1.12692 0.341846 7.07891
      vertex -1.12692 -0.341846 7.07891
      vertex -1.08798 -0.450657 7.07891
    endloop
  endfacet
  facet normal -0 0 1
    outer loop
      vertex -1.155 0.229743 7.07891
      vertex -1.12692 -0.341846 7.07891
      vertex -1.12692 0.341846 7.07891
    endloop
  endfacet
  facet normal 0 0 1
    outer loop
      vertex -1.155 0.229743 7.07891
      vertex -1.155 -0.229743 7.07891
      vertex -1.12692 -0.341846 7.07891
    endloop
  endfacet
  facet normal -0 0 1
    outer loop
      vertex -1.17195 0.115427 7.07891
      vertex -1.155 -0.229743 7.07891
      vertex -1.155 0.229743 7.07891
    endloop
  endfacet
  facet normal 0 0 1
    outer loop
      vertex -1.17195 0.115427 7.07891
      vertex -1.17195 -0.115427 7.07891
      vertex -1.155 -0.229743 7.07891
    endloop
  endfacet
  facet normal 0 -0 1
    outer loop
      vertex -1.17195 -0.115427 7.07891
      vertex -1.17195 0.115427 7.07891
      vertex -1.17762 0 7.07891
    endloop
  endfacet
  facet normal 0.262704 -0.124234 0.956845
    outer loop
      vertex -6.35921 2.63407 8.08826
      vertex -5.14295 2.74896 7.76925
      vertex -6.35403 2.92861 8.12508
    endloop
  endfacet
  facet normal 0.262705 -0.124251 0.956843
    outer loop
      vertex -5.14295 2.74896 7.76925
      vertex -6.35921 2.63407 8.08826
      vertex -5.38763 2.23163 7.76925
    endloop
  endfacet
  facet normal 0.262699 -0.12426 0.956843
    outer loop
      vertex -5.14295 2.74896 7.76925
      vertex -6.34587 3.39194 8.18301
      vertex -6.35403 2.92861 8.12508
    endloop
  endfacet
endsolid OpenSCAD_Model
