solid OpenSCAD_Model
  facet normal 0.0473776 -0.960901 0.272808
    outer loop
      vertex 7 -8.60001 0.4
      vertex 4.41213 -6.60695 7.8695
      vertex 4.39603 -6.60767 7.86976
    endloop
  endfacet
  facet normal 0.0472403 -0.96092 0.272766
    outer loop
      vertex 4.41213 -6.60695 7.8695
      vertex 7 -8.60001 0.4
      vertex 7.15683 -8.5923 0.4
    endloop
  endfacet
  facet normal 0.0478271 -0.960836 0.272959
    outer loop
      vertex 4.58897 -6.59896 7.86664
      vertex 4.41213 -6.60695 7.8695
      vertex 7.15683 -8.5923 0.4
    endloop
  endfacet
  facet normal 0 -1 0
    outer loop
      vertex -7 -8.60001 0
      vertex 7 -8.60001 0.4
      vertex -7 -8.60001 0.4
    endloop
  endfacet
  facet normal 0 -1 -0
    outer loop
      vertex 7 -8.60001 0.4
      vertex -7 -8.60001 0
      vertex 7 -8.60001 0
    endloop
  endfacet
  facet normal 0.938181 -0.122444 0.323765
    outer loop
      vertex 6.4884 -4.98967 7.3161
      vertex 6.45492 -5.144 7.35475
      vertex 8.5923 -7.15683 0.4
    endloop
  endfacet
  facet normal 0.6615 0.599472 0.450612
    outer loop
      vertex 5.87119 5.34907 7.41942
      vertex 8.23682 8.01503 0.4
      vertex 8.13138 8.13138 0.4
    endloop
  endfacet
  facet normal 0.661357 0.599623 0.450621
    outer loop
      vertex 8.23682 8.01503 0.4
      vertex 5.87119 5.34907 7.41942
      vertex 5.88185 5.3398 7.41611
    endloop
  endfacet
  facet normal 0.970019 0.24303 0
    outer loop
      vertex 8.56926 7.31215 0.4
      vertex 8.5311 7.46446 0
      vertex 8.5311 7.46446 0.4
    endloop
  endfacet
  facet normal 0.970019 0.24303 0
    outer loop
      vertex 8.5311 7.46446 0
      vertex 8.56926 7.31215 0.4
      vertex 8.56926 7.31215 0
    endloop
  endfacet
  facet normal -0.427569 0.903983 0
    outer loop
      vertex -7.61229 8.47821 0
      vertex -7.75424 8.41107 0.4
      vertex -7.61229 8.47821 0.4
    endloop
  endfacet
  facet normal -0.427569 0.903983 0
    outer loop
      vertex -7.75424 8.41107 0.4
      vertex -7.61229 8.47821 0
      vertex -7.75424 8.41107 0
    endloop
  endfacet
  facet normal -0.62842 -0.674007 0.388333
    outer loop
      vertex -5.8323 -6.08 7.68095
      vertex -8.13138 -8.13138 0.4
      vertex -5.6938 -6.18706 7.71926
    endloop
  endfacet
  facet normal 0.146733 -0.989176 0
    outer loop
      vertex 7.15683 -8.5923 0
      vertex 7.31215 -8.56926 0.4
      vertex 7.15683 -8.5923 0.4
    endloop
  endfacet
  facet normal 0.146733 -0.989176 0
    outer loop
      vertex 7.31215 -8.56926 0.4
      vertex 7.15683 -8.5923 0
      vertex 7.31215 -8.56926 0
    endloop
  endfacet
  facet normal 0.903983 -0.427569 0
    outer loop
      vertex 8.41107 -7.75424 0.4
      vertex 8.47821 -7.61229 0
      vertex 8.47821 -7.61229 0.4
    endloop
  endfacet
  facet normal 0.903983 -0.427569 0
    outer loop
      vertex 8.47821 -7.61229 0
      vertex 8.41107 -7.75424 0.4
      vertex 8.41107 -7.75424 0
    endloop
  endfacet
  facet normal -1 0 0
    outer loop
      vertex -8.60001 -7 0
      vertex -8.60001 7 0.4
      vertex -8.60001 7 0
    endloop
  endfacet
  facet normal -1 -0 0
    outer loop
      vertex -8.60001 7 0.4
      vertex -8.60001 -7 0
      vertex -8.60001 -7 0.4
    endloop
  endfacet
  facet normal 0.559316 -0.735141 0.383057
    outer loop
      vertex 5.67883 -6.19834 7.7233
      vertex 5.52994 -6.29382 7.75746
      vertex 8.01503 -8.23682 0.4
    endloop
  endfacet
  facet normal -0.216986 0.888562 0.404195
    outer loop
      vertex -4.65739 5.92996 7.62727
      vertex -7.31215 8.56926 0.4
      vertex -4.84205 5.89118 7.61339
    endloop
  endfacet
  facet normal 0.38471 0.81337 0.436381
    outer loop
      vertex 7.61229 8.47821 0.4
      vertex 5.22821 5.76081 7.56675
      vertex 7.75424 8.41107 0.4
    endloop
  endfacet
  facet normal 0.384235 0.813627 0.43632
    outer loop
      vertex 5.22821 5.76081 7.56675
      vertex 7.61229 8.47821 0.4
      vertex 5.21802 5.76485 7.56819
    endloop
  endfacet
  facet normal 0 0.939596 0.342285
    outer loop
      vertex 7 8.60001 0.4
      vertex -4.26666 5.9629 7.63905
      vertex 4.26666 5.9629 7.63905
    endloop
  endfacet
  facet normal 0 0.939596 0.342285
    outer loop
      vertex -4.26666 5.9629 7.63905
      vertex 7 8.60001 0.4
      vertex -7 8.60001 0.4
    endloop
  endfacet
  facet normal 0.0458639 0.932923 0.357144
    outer loop
      vertex 7 8.60001 0.4
      vertex 4.46172 5.95465 7.6361
      vertex 7.15683 8.5923 0.4
    endloop
  endfacet
  facet normal 0.0452793 0.933016 0.356973
    outer loop
      vertex 4.46172 5.95465 7.6361
      vertex 7 8.60001 0.4
      vertex 4.45258 5.95504 7.63624
    endloop
  endfacet
  facet normal 0.0448408 0.933087 0.356845
    outer loop
      vertex 7 8.60001 0.4
      vertex 4.26666 5.9629 7.63905
      vertex 4.45258 5.95504 7.63624
    endloop
  endfacet
  facet normal -0.945373 0.046476 0.32266
    outer loop
      vertex -8.60001 7 0.4
      vertex -6.43688 4.25794 7.13281
      vertex -8.5923 7.15683 0.4
    endloop
  endfacet
  facet normal -0.945377 0.0464556 0.322652
    outer loop
      vertex -6.43688 4.25794 7.13281
      vertex -8.60001 7 0.4
      vertex -6.43947 4.23871 7.12799
    endloop
  endfacet
  facet normal -0.950013 0.0163422 0.311782
    outer loop
      vertex -8.60001 7 0.4
      vertex -6.51175 3.51163 6.94586
      vertex -6.43947 4.23871 7.12799
    endloop
  endfacet
  facet normal -0.950014 0.016337 0.31178
    outer loop
      vertex -8.60001 7 0.4
      vertex -6.62686 1.76431 6.68667
      vertex -6.51175 3.51163 6.94586
    endloop
  endfacet
  facet normal -0.950013 0.0163402 0.311782
    outer loop
      vertex -8.60001 7 0.4
      vertex -6.68565 0 6.6
      vertex -6.62686 1.76431 6.68667
    endloop
  endfacet
  facet normal -0.950013 0.0163394 0.311781
    outer loop
      vertex -6.68565 0 6.6
      vertex -8.60001 7 0.4
      vertex -6.68749 -1.70869 6.68394
    endloop
  endfacet
  facet normal 0.920058 0.155527 0.35959
    outer loop
      vertex 8.56926 7.31215 0.4
      vertex 6.36903 4.57676 7.21267
      vertex 6.40915 4.42647 7.17502
    endloop
  endfacet
  facet normal 0.146733 0.989176 -0
    outer loop
      vertex 7.31215 8.56926 0
      vertex 7.15683 8.5923 0.4
      vertex 7.31215 8.56926 0.4
    endloop
  endfacet
  facet normal 0.146733 0.989176 0
    outer loop
      vertex 7.15683 8.5923 0.4
      vertex 7.31215 8.56926 0
      vertex 7.15683 8.5923 0
    endloop
  endfacet
  facet normal -0.925315 0.13726 0.353485
    outer loop
      vertex -8.5923 7.15683 0.4
      vertex -6.40915 4.42647 7.17502
      vertex -8.56926 7.31215 0.4
    endloop
  endfacet
  facet normal -0.92524 0.137539 0.353574
    outer loop
      vertex -6.40915 4.42647 7.17502
      vertex -8.5923 7.15683 0.4
      vertex -6.41358 4.40834 7.17048
    endloop
  endfacet
  facet normal 0.956677 1.44817e-05 0.291153
    outer loop
      vertex 8.60001 -7 0.4
      vertex 6.68749 -1.70869 6.68394
      vertex 6.68666 -1.76431 6.68667
    endloop
  endfacet
  facet normal 0.956674 2.22133e-06 0.291162
    outer loop
      vertex 8.60001 -7 0.4
      vertex 6.68666 -1.76431 6.68667
      vertex 6.60778 -3.51163 6.94586
    endloop
  endfacet
  facet normal 0.956674 1.5083e-06 0.291162
    outer loop
      vertex 8.60001 -7 0.4
      vertex 6.60778 -3.51163 6.94586
      vertex 6.50868 -4.81157 7.27148
    endloop
  endfacet
  facet normal 0.956673 0 0.291164
    outer loop
      vertex 6.68749 -1.70869 6.68394
      vertex 8.60001 -7 0.4
      vertex 8.60001 7 0.4
    endloop
  endfacet
  facet normal 0.427569 0.903983 -0
    outer loop
      vertex 7.75424 8.41107 0
      vertex 7.61229 8.47821 0.4
      vertex 7.75424 8.41107 0.4
    endloop
  endfacet
  facet normal 0.427569 0.903983 0
    outer loop
      vertex 7.61229 8.47821 0.4
      vertex 7.75424 8.41107 0
      vertex 7.61229 8.47821 0
    endloop
  endfacet
  facet normal 0.0491022 -0.998794 0
    outer loop
      vertex 7 -8.60001 0
      vertex 7.15683 -8.5923 0.4
      vertex 7 -8.60001 0.4
    endloop
  endfacet
  facet normal 0.0491022 -0.998794 0
    outer loop
      vertex 7.15683 -8.5923 0.4
      vertex 7 -8.60001 0
      vertex 7.15683 -8.5923 0
    endloop
  endfacet
  facet normal -0.941553 -0.336865 0
    outer loop
      vertex -8.47821 -7.61229 0
      vertex -8.5311 -7.46446 0.4
      vertex -8.5311 -7.46446 0
    endloop
  endfacet
  facet normal -0.941553 -0.336865 0
    outer loop
      vertex -8.5311 -7.46446 0.4
      vertex -8.47821 -7.61229 0
      vertex -8.47821 -7.61229 0.4
    endloop
  endfacet
  facet normal -0.998794 0.0491022 0
    outer loop
      vertex -8.60001 7 0
      vertex -8.5923 7.15683 0.4
      vertex -8.5923 7.15683 0
    endloop
  endfacet
  facet normal -0.998794 0.0491022 0
    outer loop
      vertex -8.5923 7.15683 0.4
      vertex -8.60001 7 0
      vertex -8.60001 7 0.4
    endloop
  endfacet
  facet normal -0.970019 -0.24303 0
    outer loop
      vertex -8.5311 -7.46446 0
      vertex -8.56926 -7.31215 0.4
      vertex -8.56926 -7.31215 0
    endloop
  endfacet
  facet normal -0.970019 -0.24303 0
    outer loop
      vertex -8.56926 -7.31215 0.4
      vertex -8.5311 -7.46446 0
      vertex -8.5311 -7.46446 0.4
    endloop
  endfacet
  facet normal 0.820215 0.387948 0.420408
    outer loop
      vertex 6.21716 4.91751 7.29802
      vertex 8.47821 7.61229 0.4
      vertex 8.41107 7.75424 0.4
    endloop
  endfacet
  facet normal 0.820274 0.387847 0.420388
    outer loop
      vertex 8.47821 7.61229 0.4
      vertex 6.21716 4.91751 7.29802
      vertex 6.22566 4.90337 7.29448
    endloop
  endfacet
  facet normal 0.719502 0.533622 0.444481
    outer loop
      vertex 6.00431 5.217 7.37304
      vertex 8.33035 7.88892 0.4
      vertex 8.23682 8.01503 0.4
    endloop
  endfacet
  facet normal 0.719641 0.533451 0.444462
    outer loop
      vertex 8.33035 7.88892 0.4
      vertex 6.00431 5.217 7.37304
      vertex 6.01437 5.20577 7.37023
    endloop
  endfacet
  facet normal -0.956673 0 0.291164
    outer loop
      vertex -8.60001 -7 0.4
      vertex -6.68749 -1.70869 6.68394
      vertex -8.60001 7 0.4
    endloop
  endfacet
  facet normal -0.956677 1.44817e-05 0.291153
    outer loop
      vertex -6.68749 -1.70869 6.68394
      vertex -8.60001 -7 0.4
      vertex -6.68666 -1.76431 6.68667
    endloop
  endfacet
  facet normal -0.956674 2.22133e-06 0.291162
    outer loop
      vertex -6.68666 -1.76431 6.68667
      vertex -8.60001 -7 0.4
      vertex -6.60778 -3.51163 6.94586
    endloop
  endfacet
  facet normal -0.956674 1.5083e-06 0.291162
    outer loop
      vertex -6.60778 -3.51163 6.94586
      vertex -8.60001 -7 0.4
      vertex -6.50868 -4.81157 7.27148
    endloop
  endfacet
  facet normal 0.0491022 0.998794 -0
    outer loop
      vertex 7.15683 8.5923 0
      vertex 7 8.60001 0.4
      vertex 7.15683 8.5923 0.4
    endloop
  endfacet
  facet normal 0.0491022 0.998794 0
    outer loop
      vertex 7 8.60001 0.4
      vertex 7.15683 8.5923 0
      vertex 7 8.60001 0
    endloop
  endfacet
  facet normal -0.0448408 0.933087 0.356845
    outer loop
      vertex -4.26666 5.9629 7.63905
      vertex -7 8.60001 0.4
      vertex -4.45258 5.95504 7.63624
    endloop
  endfacet
  facet normal 0 -0.966222 0.257711
    outer loop
      vertex -7 -8.60001 0.4
      vertex 4.39603 -6.60767 7.86976
      vertex -4.39603 -6.60767 7.86976
    endloop
  endfacet
  facet normal 0 -0.966222 0.257711
    outer loop
      vertex 4.39603 -6.60767 7.86976
      vertex -7 -8.60001 0.4
      vertex 7 -8.60001 0.4
    endloop
  endfacet
  facet normal 0.230144 -0.91772 0.323765
    outer loop
      vertex 7.31215 -8.56926 0.4
      vertex 4.79806 -6.5693 7.85603
      vertex 4.78185 -6.57291 7.85732
    endloop
  endfacet
  facet normal 0.229944 -0.917787 0.323716
    outer loop
      vertex 4.79806 -6.5693 7.85603
      vertex 7.31215 -8.56926 0.4
      vertex 7.46446 -8.5311 0.4
    endloop
  endfacet
  facet normal 0.321517 -0.881853 0.344909
    outer loop
      vertex 5.15967 -6.47011 7.82054
      vertex 4.98887 -6.52474 7.84008
      vertex 7.61229 -8.47821 0.4
    endloop
  endfacet
  facet normal 0.740049 -0.549129 0.38831
    outer loop
      vertex 5.97339 -5.94968 7.63433
      vertex 8.33035 -7.88892 0.4
      vertex 5.9869 -5.93515 7.62913
    endloop
  endfacet
  facet normal 0.740179 -0.548957 0.388306
    outer loop
      vertex 8.33035 -7.88892 0.4
      vertex 5.97339 -5.94968 7.63433
      vertex 8.23682 -8.01503 0.4
    endloop
  endfacet
  facet normal 0.950013 0.0163422 0.311782
    outer loop
      vertex 6.51175 3.51163 6.94586
      vertex 8.60001 7 0.4
      vertex 6.43947 4.23871 7.12799
    endloop
  endfacet
  facet normal 0.950014 0.016337 0.31178
    outer loop
      vertex 6.62686 1.76431 6.68667
      vertex 8.60001 7 0.4
      vertex 6.51175 3.51163 6.94586
    endloop
  endfacet
  facet normal 0.950013 0.0163402 0.311782
    outer loop
      vertex 6.68565 0 6.6
      vertex 8.60001 7 0.4
      vertex 6.62686 1.76431 6.68667
    endloop
  endfacet
  facet normal 0.950013 0.0163394 0.311781
    outer loop
      vertex 8.60001 7 0.4
      vertex 6.68565 0 6.6
      vertex 6.68749 -1.70869 6.68394
    endloop
  endfacet
  facet normal 0.216986 0.888562 0.404195
    outer loop
      vertex 7.31215 8.56926 0.4
      vertex 4.65739 5.92996 7.62727
      vertex 4.84205 5.89118 7.61339
    endloop
  endfacet
  facet normal 0.595701 -0.803206 0
    outer loop
      vertex 7.88892 -8.33035 0
      vertex 8.01503 -8.23682 0.4
      vertex 7.88892 -8.33035 0.4
    endloop
  endfacet
  facet normal 0.595701 -0.803206 0
    outer loop
      vertex 8.01503 -8.23682 0.4
      vertex 7.88892 -8.33035 0
      vertex 8.01503 -8.23682 0
    endloop
  endfacet
  facet normal -0.719502 0.533622 0.444481
    outer loop
      vertex -8.33035 7.88892 0.4
      vertex -6.00431 5.217 7.37304
      vertex -8.23682 8.01503 0.4
    endloop
  endfacet
  facet normal -0.719641 0.533451 0.444462
    outer loop
      vertex -6.00431 5.217 7.37304
      vertex -8.33035 7.88892 0.4
      vertex -6.01437 5.20577 7.37023
    endloop
  endfacet
  facet normal -0.838017 -0.396501 0.374852
    outer loop
      vertex -8.47821 -7.61229 0.4
      vertex -6.21322 -5.65856 7.53016
      vertex -6.22444 -5.64084 7.52382
    endloop
  endfacet
  facet normal -0.838073 -0.396395 0.374841
    outer loop
      vertex -6.21322 -5.65856 7.53016
      vertex -8.47821 -7.61229 0.4
      vertex -8.41107 -7.75424 0.4
    endloop
  endfacet
  facet normal -0.24303 0.970019 0
    outer loop
      vertex -7.31215 8.56926 0
      vertex -7.46446 8.5311 0.4
      vertex -7.31215 8.56926 0.4
    endloop
  endfacet
  facet normal -0.24303 0.970019 0
    outer loop
      vertex -7.46446 8.5311 0.4
      vertex -7.31215 8.56926 0
      vertex -7.46446 8.5311 0
    endloop
  endfacet
  facet normal -0.134897 0.913741 0.383251
    outer loop
      vertex -7.15683 8.5923 0.4
      vertex -4.65739 5.92996 7.62727
      vertex -4.64804 5.93116 7.6277
    endloop
  endfacet
  facet normal -0.13552 0.913582 0.383408
    outer loop
      vertex -4.65739 5.92996 7.62727
      vertex -7.15683 8.5923 0.4
      vertex -7.31215 8.56926 0.4
    endloop
  endfacet
  facet normal -0.909901 -0.227558 0.346838
    outer loop
      vertex -8.56926 -7.31215 0.4
      vertex -6.38932 -5.33667 7.41499
      vertex -6.39729 -5.31605 7.40761
    endloop
  endfacet
  facet normal -0.90978 -0.227938 0.346907
    outer loop
      vertex -6.38932 -5.33667 7.41499
      vertex -8.56926 -7.31215 0.4
      vertex -8.5311 -7.46446 0.4
    endloop
  endfacet
  facet normal -0.550529 -0.742299 0.38198
    outer loop
      vertex -7.88892 -8.33035 0.4
      vertex -5.52994 -6.29382 7.75746
      vertex -8.01503 -8.23682 0.4
    endloop
  endfacet
  facet normal -0.550592 -0.74225 0.381986
    outer loop
      vertex -5.52994 -6.29382 7.75746
      vertex -7.88892 -8.33035 0.4
      vertex -5.51449 -6.3035 7.76092
    endloop
  endfacet
  facet normal -0.914905 -0.211512 0.343818
    outer loop
      vertex -6.43054 -5.22512 7.37507
      vertex -8.56926 -7.31215 0.4
      vertex -6.39729 -5.31605 7.40761
    endloop
  endfacet
  facet normal -0.914935 -0.211416 0.343799
    outer loop
      vertex -8.56926 -7.31215 0.4
      vertex -6.43054 -5.22512 7.37507
      vertex -6.44963 -5.16641 7.36037
    endloop
  endfacet
  facet normal -0.953397 -0.0311946 0.300101
    outer loop
      vertex -6.50868 -4.81157 7.27148
      vertex -8.60001 -7 0.4
      vertex -6.4914 -4.96643 7.31028
    endloop
  endfacet
  facet normal -0.559316 -0.735141 0.383057
    outer loop
      vertex -5.67883 -6.19834 7.7233
      vertex -8.01503 -8.23682 0.4
      vertex -5.52994 -6.29382 7.75746
    endloop
  endfacet
  facet normal -0.619016 -0.683066 0.387608
    outer loop
      vertex -8.01503 -8.23682 0.4
      vertex -5.6938 -6.18706 7.71926
      vertex -8.13138 -8.13138 0.4
    endloop
  endfacet
  facet normal -0.619184 -0.682909 0.387617
    outer loop
      vertex -5.6938 -6.18706 7.71926
      vertex -8.01503 -8.23682 0.4
      vertex -5.67883 -6.19834 7.7233
    endloop
  endfacet
  facet normal -0.85774 0.514084 0
    outer loop
      vertex -8.41107 7.75424 0
      vertex -8.33035 7.88892 0.4
      vertex -8.33035 7.88892 0
    endloop
  endfacet
  facet normal -0.85774 0.514084 0
    outer loop
      vertex -8.33035 7.88892 0.4
      vertex -8.41107 7.75424 0
      vertex -8.41107 7.75424 0.4
    endloop
  endfacet
  facet normal 0.877596 -0.313551 0.362645
    outer loop
      vertex 6.30971 -5.50068 7.47367
      vertex 8.5311 -7.46446 0.4
      vertex 6.31942 -5.48146 7.46679
    endloop
  endfacet
  facet normal 0.877439 -0.313926 0.3627
    outer loop
      vertex 8.5311 -7.46446 0.4
      vertex 6.30971 -5.50068 7.47367
      vertex 8.47821 -7.61229 0.4
    endloop
  endfacet
  facet normal 0.903983 0.427569 0
    outer loop
      vertex 8.47821 7.61229 0.4
      vertex 8.41107 7.75424 0
      vertex 8.41107 7.75424 0.4
    endloop
  endfacet
  facet normal 0.903983 0.427569 0
    outer loop
      vertex 8.41107 7.75424 0
      vertex 8.47821 7.61229 0.4
      vertex 8.47821 7.61229 0
    endloop
  endfacet
  facet normal 0.691994 -0.607523 0.38995
    outer loop
      vertex 5.97339 -5.94968 7.63433
      vertex 5.84663 -6.0671 7.67634
      vertex 8.23682 -8.01503 0.4
    endloop
  endfacet
  facet normal 0.845898 -0.38113 0.373092
    outer loop
      vertex 6.30971 -5.50068 7.47367
      vertex 6.22444 -5.64084 7.52382
      vertex 8.47821 -7.61229 0.4
    endloop
  endfacet
  facet normal 0.93469 -0.138545 0.327353
    outer loop
      vertex 6.44963 -5.16641 7.36037
      vertex 8.5923 -7.15683 0.4
      vertex 6.45492 -5.144 7.35475
    endloop
  endfacet
  facet normal 0.934667 -0.138648 0.327375
    outer loop
      vertex 8.5923 -7.15683 0.4
      vertex 6.44963 -5.16641 7.36037
      vertex 8.56926 -7.31215 0.4
    endloop
  endfacet
  facet normal -0.146733 0.989176 0
    outer loop
      vertex -7.15683 8.5923 0
      vertex -7.31215 8.56926 0.4
      vertex -7.15683 8.5923 0.4
    endloop
  endfacet
  facet normal -0.146733 0.989176 0
    outer loop
      vertex -7.31215 8.56926 0.4
      vertex -7.15683 8.5923 0
      vertex -7.31215 8.56926 0
    endloop
  endfacet
  facet normal 0.460172 0.76779 0.445803
    outer loop
      vertex 7.75424 8.41107 0.4
      vertex 5.40669 5.67471 7.53594
      vertex 7.88892 8.33035 0.4
    endloop
  endfacet
  facet normal 0.459666 0.768117 0.445762
    outer loop
      vertex 5.40669 5.67471 7.53594
      vertex 7.75424 8.41107 0.4
      vertex 5.39624 5.67989 7.53779
    endloop
  endfacet
  facet normal 0.519916 0.725542 0.450862
    outer loop
      vertex 7.88892 8.33035 0.4
      vertex 5.40669 5.67471 7.53594
      vertex 5.56557 5.58157 7.50261
    endloop
  endfacet
  facet normal 0.598701 0.660649 0.452879
    outer loop
      vertex 8.01503 8.23682 0.4
      vertex 5.73513 5.46311 7.46023
      vertex 8.13138 8.13138 0.4
    endloop
  endfacet
  facet normal 0.598653 0.660692 0.45288
    outer loop
      vertex 5.73513 5.46311 7.46023
      vertex 8.01503 8.23682 0.4
      vertex 5.7244 5.47092 7.46302
    endloop
  endfacet
  facet normal 0.336865 0.941553 -0
    outer loop
      vertex 7.61229 8.47821 0
      vertex 7.46446 8.5311 0.4
      vertex 7.61229 8.47821 0.4
    endloop
  endfacet
  facet normal 0.336865 0.941553 0
    outer loop
      vertex 7.46446 8.5311 0.4
      vertex 7.61229 8.47821 0
      vertex 7.46446 8.5311 0
    endloop
  endfacet
  facet normal -0.800994 -0.460701 0.382312
    outer loop
      vertex -6.21322 -5.65856 7.53016
      vertex -8.41107 -7.75424 0.4
      vertex -6.11324 -5.79259 7.57812
    endloop
  endfacet
  facet normal -0.671512 0.740994 0
    outer loop
      vertex -8.01503 8.23682 0
      vertex -8.13138 8.13138 0.4
      vertex -8.01503 8.23682 0.4
    endloop
  endfacet
  facet normal -0.671512 0.740994 0
    outer loop
      vertex -8.13138 8.13138 0.4
      vertex -8.01503 8.23682 0
      vertex -8.13138 8.13138 0
    endloop
  endfacet
  facet normal -0.862002 0.308403 0.402293
    outer loop
      vertex -8.5311 7.46446 0.4
      vertex -6.29884 4.75785 7.25803
      vertex -8.47821 7.61229 0.4
    endloop
  endfacet
  facet normal -0.862074 0.308251 0.402257
    outer loop
      vertex -6.29884 4.75785 7.25803
      vertex -8.5311 7.46446 0.4
      vertex -6.30622 4.7423 7.25413
    endloop
  endfacet
  facet normal 0.970019 -0.24303 0
    outer loop
      vertex 8.5311 -7.46446 0.4
      vertex 8.56926 -7.31215 0
      vertex 8.56926 -7.31215 0.4
    endloop
  endfacet
  facet normal 0.970019 -0.24303 0
    outer loop
      vertex 8.56926 -7.31215 0
      vertex 8.5311 -7.46446 0.4
      vertex 8.5311 -7.46446 0
    endloop
  endfacet
  facet normal -0.942189 0.0635619 0.328997
    outer loop
      vertex -6.41358 4.40834 7.17048
      vertex -8.5923 7.15683 0.4
      vertex -6.43688 4.25794 7.13281
    endloop
  endfacet
  facet normal -0.29808 0.856358 0.421663
    outer loop
      vertex -4.85166 5.88911 7.61265
      vertex -7.46446 8.5311 0.4
      vertex -5.03268 5.83554 7.59348
    endloop
  endfacet
  facet normal -0.85774 -0.514084 0
    outer loop
      vertex -8.33035 -7.88892 0
      vertex -8.41107 -7.75424 0.4
      vertex -8.41107 -7.75424 0
    endloop
  endfacet
  facet normal -0.85774 -0.514084 0
    outer loop
      vertex -8.41107 -7.75424 0.4
      vertex -8.33035 -7.88892 0
      vertex -8.33035 -7.88892 0.4
    endloop
  endfacet
  facet normal -0.132525 0.91434 0.382648
    outer loop
      vertex -4.46172 5.95465 7.6361
      vertex -7.15683 8.5923 0.4
      vertex -4.64804 5.93116 7.6277
    endloop
  endfacet
  facet normal 1 -0 0
    outer loop
      vertex 8.60001 -7 0.4
      vertex 8.60001 7 0
      vertex 8.60001 7 0.4
    endloop
  endfacet
  facet normal 1 0 0
    outer loop
      vertex 8.60001 7 0
      vertex 8.60001 -7 0.4
      vertex 8.60001 -7 0
    endloop
  endfacet
  facet normal 0.682243 -0.618602 0.389713
    outer loop
      vertex 5.8323 -6.08 7.68095
      vertex 8.23682 -8.01503 0.4
      vertex 5.84663 -6.0671 7.67634
    endloop
  endfacet
  facet normal 0.682407 -0.618418 0.389718
    outer loop
      vertex 8.23682 -8.01503 0.4
      vertex 5.8323 -6.08 7.68095
      vertex 8.13138 -8.13138 0.4
    endloop
  endfacet
  facet normal -0.4849 -0.790525 0.374089
    outer loop
      vertex -5.51449 -6.3035 7.76092
      vertex -7.88892 -8.33035 0.4
      vertex -5.35666 -6.38629 7.79055
    endloop
  endfacet
  facet normal -0.514084 -0.85774 0
    outer loop
      vertex -7.88892 -8.33035 0
      vertex -7.75424 -8.41107 0.4
      vertex -7.88892 -8.33035 0.4
    endloop
  endfacet
  facet normal -0.514084 -0.85774 -0
    outer loop
      vertex -7.75424 -8.41107 0.4
      vertex -7.88892 -8.33035 0
      vertex -7.75424 -8.41107 0
    endloop
  endfacet
  facet normal 0.740994 0.671512 0
    outer loop
      vertex 8.23682 8.01503 0.4
      vertex 8.13138 8.13138 0
      vertex 8.13138 8.13138 0.4
    endloop
  endfacet
  facet normal 0.740994 0.671512 0
    outer loop
      vertex 8.13138 8.13138 0
      vertex 8.23682 8.01503 0.4
      vertex 8.23682 8.01503 0
    endloop
  endfacet
  facet normal 0.514084 -0.85774 0
    outer loop
      vertex 7.75424 -8.41107 0
      vertex 7.88892 -8.33035 0.4
      vertex 7.75424 -8.41107 0.4
    endloop
  endfacet
  facet normal 0.514084 -0.85774 0
    outer loop
      vertex 7.88892 -8.33035 0.4
      vertex 7.75424 -8.41107 0
      vertex 7.88892 -8.33035 0
    endloop
  endfacet
  facet normal -0.671512 -0.740994 0
    outer loop
      vertex -8.13138 -8.13138 0
      vertex -8.01503 -8.23682 0.4
      vertex -8.13138 -8.13138 0.4
    endloop
  endfacet
  facet normal -0.671512 -0.740994 -0
    outer loop
      vertex -8.01503 -8.23682 0.4
      vertex -8.13138 -8.13138 0
      vertex -8.01503 -8.23682 0
    endloop
  endfacet
  facet normal 0.85774 0.514084 0
    outer loop
      vertex 8.41107 7.75424 0.4
      vertex 8.33035 7.88892 0
      vertex 8.33035 7.88892 0.4
    endloop
  endfacet
  facet normal 0.85774 0.514084 0
    outer loop
      vertex 8.33035 7.88892 0
      vertex 8.41107 7.75424 0.4
      vertex 8.41107 7.75424 0
    endloop
  endfacet
  facet normal 0.550592 -0.74225 0.381986
    outer loop
      vertex 7.88892 -8.33035 0.4
      vertex 5.52994 -6.29382 7.75746
      vertex 5.51449 -6.3035 7.76092
    endloop
  endfacet
  facet normal 0.550529 -0.742299 0.38198
    outer loop
      vertex 5.52994 -6.29382 7.75746
      vertex 7.88892 -8.33035 0.4
      vertex 8.01503 -8.23682 0.4
    endloop
  endfacet
  facet normal -0.845898 -0.38113 0.373092
    outer loop
      vertex -6.30971 -5.50068 7.47367
      vertex -8.47821 -7.61229 0.4
      vertex -6.22444 -5.64084 7.52382
    endloop
  endfacet
  facet normal -0.877596 -0.313551 0.362645
    outer loop
      vertex -8.5311 -7.46446 0.4
      vertex -6.30971 -5.50068 7.47367
      vertex -6.31942 -5.48146 7.46679
    endloop
  endfacet
  facet normal -0.877439 -0.313926 0.3627
    outer loop
      vertex -6.30971 -5.50068 7.47367
      vertex -8.5311 -7.46446 0.4
      vertex -8.47821 -7.61229 0.4
    endloop
  endfacet
  facet normal -0.93469 -0.138545 0.327353
    outer loop
      vertex -8.5923 -7.15683 0.4
      vertex -6.44963 -5.16641 7.36037
      vertex -6.45492 -5.144 7.35475
    endloop
  endfacet
  facet normal -0.934667 -0.138648 0.327375
    outer loop
      vertex -6.44963 -5.16641 7.36037
      vertex -8.5923 -7.15683 0.4
      vertex -8.56926 -7.31215 0.4
    endloop
  endfacet
  facet normal -0.146733 -0.989176 0
    outer loop
      vertex -7.31215 -8.56926 0
      vertex -7.15683 -8.5923 0.4
      vertex -7.31215 -8.56926 0.4
    endloop
  endfacet
  facet normal -0.146733 -0.989176 -0
    outer loop
      vertex -7.15683 -8.5923 0.4
      vertex -7.31215 -8.56926 0
      vertex -7.15683 -8.5923 0
    endloop
  endfacet
  facet normal 0.142063 -0.943088 0.30067
    outer loop
      vertex 4.78185 -6.57291 7.85732
      vertex 4.60516 -6.5968 7.86587
      vertex 7.31215 -8.56926 0.4
    endloop
  endfacet
  facet normal 0.140158 -0.943555 0.300099
    outer loop
      vertex 7.15683 -8.5923 0.4
      vertex 4.60516 -6.5968 7.86587
      vertex 4.58897 -6.59896 7.86664
    endloop
  endfacet
  facet normal 0.139972 -0.943599 0.300047
    outer loop
      vertex 4.60516 -6.5968 7.86587
      vertex 7.15683 -8.5923 0.4
      vertex 7.31215 -8.56926 0.4
    endloop
  endfacet
  facet normal 0.897241 0.224796 0.380033
    outer loop
      vertex 6.36301 4.59365 7.2169
      vertex 8.56926 7.31215 0.4
      vertex 8.5311 7.46446 0.4
    endloop
  endfacet
  facet normal 0.897295 0.224651 0.379992
    outer loop
      vertex 8.56926 7.31215 0.4
      vertex 6.36301 4.59365 7.2169
      vertex 6.36903 4.57676 7.21267
    endloop
  endfacet
  facet normal -0.336865 0.941553 0
    outer loop
      vertex -7.46446 8.5311 0
      vertex -7.61229 8.47821 0.4
      vertex -7.46446 8.5311 0.4
    endloop
  endfacet
  facet normal -0.336865 0.941553 0
    outer loop
      vertex -7.61229 8.47821 0.4
      vertex -7.46446 8.5311 0
      vertex -7.61229 8.47821 0
    endloop
  endfacet
  facet normal 0.998794 0.0491022 0
    outer loop
      vertex 8.60001 7 0.4
      vertex 8.5923 7.15683 0
      vertex 8.5923 7.15683 0.4
    endloop
  endfacet
  facet normal 0.998794 0.0491022 0
    outer loop
      vertex 8.5923 7.15683 0
      vertex 8.60001 7 0.4
      vertex 8.60001 7 0
    endloop
  endfacet
  facet normal 0.233495 -0.916556 0.324662
    outer loop
      vertex 4.97272 -6.52981 7.8419
      vertex 4.79806 -6.5693 7.85603
      vertex 7.46446 -8.5311 0.4
    endloop
  endfacet
  facet normal 0.838017 -0.396501 0.374852
    outer loop
      vertex 6.21322 -5.65856 7.53016
      vertex 8.47821 -7.61229 0.4
      vertex 6.22444 -5.64084 7.52382
    endloop
  endfacet
  facet normal 0.838073 -0.396395 0.374841
    outer loop
      vertex 8.47821 -7.61229 0.4
      vertex 6.21322 -5.65856 7.53016
      vertex 8.41107 -7.75424 0.4
    endloop
  endfacet
  facet normal 0.749568 -0.536332 0.387937
    outer loop
      vertex 6.10077 -5.80873 7.58389
      vertex 5.9869 -5.93515 7.62913
      vertex 8.33035 -7.88892 0.4
    endloop
  endfacet
  facet normal 0.998794 -0.0491022 0
    outer loop
      vertex 8.5923 -7.15683 0.4
      vertex 8.60001 -7 0
      vertex 8.60001 -7 0.4
    endloop
  endfacet
  facet normal 0.998794 -0.0491022 0
    outer loop
      vertex 8.60001 -7 0
      vertex 8.5923 -7.15683 0.4
      vertex 8.5923 -7.15683 0
    endloop
  endfacet
  facet normal 0.671512 0.740994 -0
    outer loop
      vertex 8.13138 8.13138 0
      vertex 8.01503 8.23682 0.4
      vertex 8.13138 8.13138 0.4
    endloop
  endfacet
  facet normal 0.671512 0.740994 0
    outer loop
      vertex 8.01503 8.23682 0.4
      vertex 8.13138 8.13138 0
      vertex 8.01503 8.23682 0
    endloop
  endfacet
  facet normal 0.595701 0.803206 -0
    outer loop
      vertex 8.01503 8.23682 0
      vertex 7.88892 8.33035 0.4
      vertex 8.01503 8.23682 0.4
    endloop
  endfacet
  facet normal 0.595701 0.803206 0
    outer loop
      vertex 7.88892 8.33035 0.4
      vertex 8.01503 8.23682 0
      vertex 7.88892 8.33035 0
    endloop
  endfacet
  facet normal 0.914935 -0.211416 0.343799
    outer loop
      vertex 6.43054 -5.22512 7.37507
      vertex 8.56926 -7.31215 0.4
      vertex 6.44963 -5.16641 7.36037
    endloop
  endfacet
  facet normal 0.914905 -0.211512 0.343818
    outer loop
      vertex 8.56926 -7.31215 0.4
      vertex 6.43054 -5.22512 7.37507
      vertex 6.39729 -5.31605 7.40761
    endloop
  endfacet
  facet normal -0.740994 -0.671512 0
    outer loop
      vertex -8.13138 -8.13138 0
      vertex -8.23682 -8.01503 0.4
      vertex -8.23682 -8.01503 0
    endloop
  endfacet
  facet normal -0.740994 -0.671512 0
    outer loop
      vertex -8.23682 -8.01503 0.4
      vertex -8.13138 -8.13138 0
      vertex -8.13138 -8.13138 0.4
    endloop
  endfacet
  facet normal 0.809578 0.405647 0.424303
    outer loop
      vertex 8.41107 7.75424 0.4
      vertex 6.12808 5.05838 7.33331
      vertex 6.21716 4.91751 7.29802
    endloop
  endfacet
  facet normal 0.316313 -0.884207 0.343692
    outer loop
      vertex 7.46446 -8.5311 0.4
      vertex 4.98887 -6.52474 7.84008
      vertex 4.97272 -6.52981 7.8419
    endloop
  endfacet
  facet normal 0.316343 -0.884194 0.343699
    outer loop
      vertex 4.98887 -6.52474 7.84008
      vertex 7.46446 -8.5311 0.4
      vertex 7.61229 -8.47821 0.4
    endloop
  endfacet
  facet normal 0.449667 0.774507 0.444904
    outer loop
      vertex 7.75424 8.41107 0.4
      vertex 5.22821 5.76081 7.56675
      vertex 5.39624 5.67989 7.53779
    endloop
  endfacet
  facet normal -0.809578 0.405647 0.424303
    outer loop
      vertex -6.12808 5.05838 7.33331
      vertex -8.41107 7.75424 0.4
      vertex -6.21716 4.91751 7.29802
    endloop
  endfacet
  facet normal 0.531592 0.716765 0.451285
    outer loop
      vertex 7.88892 8.33035 0.4
      vertex 5.57621 5.57513 7.50031
      vertex 8.01503 8.23682 0.4
    endloop
  endfacet
  facet normal 0.531449 0.716874 0.451281
    outer loop
      vertex 5.57621 5.57513 7.50031
      vertex 7.88892 8.33035 0.4
      vertex 5.56557 5.58157 7.50261
    endloop
  endfacet
  facet normal 0.942189 0.0635619 0.328997
    outer loop
      vertex 8.5923 7.15683 0.4
      vertex 6.41358 4.40834 7.17048
      vertex 6.43688 4.25794 7.13281
    endloop
  endfacet
  facet normal 0.375717 0.818191 0.435202
    outer loop
      vertex 7.61229 8.47821 0.4
      vertex 5.04258 5.83253 7.59241
      vertex 5.21802 5.76485 7.56819
    endloop
  endfacet
  facet normal -0.884012 -0.297887 0.360257
    outer loop
      vertex -6.38932 -5.33667 7.41499
      vertex -8.5311 -7.46446 0.4
      vertex -6.31942 -5.48146 7.46679
    endloop
  endfacet
  facet normal 0.514084 0.85774 -0
    outer loop
      vertex 7.88892 8.33035 0
      vertex 7.75424 8.41107 0.4
      vertex 7.88892 8.33035 0.4
    endloop
  endfacet
  facet normal 0.514084 0.85774 0
    outer loop
      vertex 7.75424 8.41107 0.4
      vertex 7.88892 8.33035 0
      vertex 7.75424 8.41107 0
    endloop
  endfacet
  facet normal -0.229944 -0.917787 0.323716
    outer loop
      vertex -7.31215 -8.56926 0.4
      vertex -4.79806 -6.5693 7.85603
      vertex -7.46446 -8.5311 0.4
    endloop
  endfacet
  facet normal -0.230144 -0.91772 0.323765
    outer loop
      vertex -4.79806 -6.5693 7.85603
      vertex -7.31215 -8.56926 0.4
      vertex -4.78185 -6.57291 7.85732
    endloop
  endfacet
  facet normal -0.24303 -0.970019 0
    outer loop
      vertex -7.46446 -8.5311 0
      vertex -7.31215 -8.56926 0.4
      vertex -7.46446 -8.5311 0.4
    endloop
  endfacet
  facet normal -0.24303 -0.970019 -0
    outer loop
      vertex -7.31215 -8.56926 0.4
      vertex -7.46446 -8.5311 0
      vertex -7.31215 -8.56926 0
    endloop
  endfacet
  facet normal -0.941553 0.336865 0
    outer loop
      vertex -8.5311 7.46446 0
      vertex -8.47821 7.61229 0.4
      vertex -8.47821 7.61229 0
    endloop
  endfacet
  facet normal -0.941553 0.336865 0
    outer loop
      vertex -8.47821 7.61229 0.4
      vertex -8.5311 7.46446 0
      vertex -8.5311 7.46446 0.4
    endloop
  endfacet
  facet normal -0.0478271 -0.960836 0.272959
    outer loop
      vertex -4.58897 -6.59896 7.86664
      vertex -7.15683 -8.5923 0.4
      vertex -4.41213 -6.60695 7.8695
    endloop
  endfacet
  facet normal -0.305133 0.853264 0.422888
    outer loop
      vertex -7.46446 8.5311 0.4
      vertex -5.04258 5.83253 7.59241
      vertex -5.03268 5.83554 7.59348
    endloop
  endfacet
  facet normal -0.305257 0.853209 0.42291
    outer loop
      vertex -5.04258 5.83253 7.59241
      vertex -7.46446 8.5311 0.4
      vertex -7.61229 8.47821 0.4
    endloop
  endfacet
  facet normal 0 1 -0
    outer loop
      vertex 7 8.60001 0
      vertex -7 8.60001 0.4
      vertex 7 8.60001 0.4
    endloop
  endfacet
  facet normal 0 1 0
    outer loop
      vertex -7 8.60001 0.4
      vertex 7 8.60001 0
      vertex -7 8.60001 0
    endloop
  endfacet
  facet normal -0.903983 -0.427569 0
    outer loop
      vertex -8.41107 -7.75424 0
      vertex -8.47821 -7.61229 0.4
      vertex -8.47821 -7.61229 0
    endloop
  endfacet
  facet normal -0.903983 -0.427569 0
    outer loop
      vertex -8.47821 -7.61229 0.4
      vertex -8.41107 -7.75424 0
      vertex -8.41107 -7.75424 0.4
    endloop
  endfacet
  facet normal -0.316343 -0.884194 0.343699
    outer loop
      vertex -7.46446 -8.5311 0.4
      vertex -4.98887 -6.52474 7.84008
      vertex -7.61229 -8.47821 0.4
    endloop
  endfacet
  facet normal -0.316313 -0.884207 0.343692
    outer loop
      vertex -4.98887 -6.52474 7.84008
      vertex -7.46446 -8.5311 0.4
      vertex -4.97272 -6.52981 7.8419
    endloop
  endfacet
  facet normal 0.336865 -0.941553 0
    outer loop
      vertex 7.46446 -8.5311 0
      vertex 7.61229 -8.47821 0.4
      vertex 7.46446 -8.5311 0.4
    endloop
  endfacet
  facet normal 0.336865 -0.941553 0
    outer loop
      vertex 7.61229 -8.47821 0.4
      vertex 7.46446 -8.5311 0
      vertex 7.61229 -8.47821 0
    endloop
  endfacet
  facet normal -0.740049 -0.549129 0.38831
    outer loop
      vertex -8.33035 -7.88892 0.4
      vertex -5.97339 -5.94968 7.63433
      vertex -5.9869 -5.93515 7.62913
    endloop
  endfacet
  facet normal -0.740179 -0.548957 0.388306
    outer loop
      vertex -5.97339 -5.94968 7.63433
      vertex -8.33035 -7.88892 0.4
      vertex -8.23682 -8.01503 0.4
    endloop
  endfacet
  facet normal -0.792119 -0.474951 0.383365
    outer loop
      vertex -8.41107 -7.75424 0.4
      vertex -6.10077 -5.80873 7.58389
      vertex -6.11324 -5.79259 7.57812
    endloop
  endfacet
  facet normal -0.792209 -0.474808 0.383356
    outer loop
      vertex -6.10077 -5.80873 7.58389
      vertex -8.41107 -7.75424 0.4
      vertex -8.33035 -7.88892 0.4
    endloop
  endfacet
  facet normal 0.909901 -0.227558 0.346838
    outer loop
      vertex 6.38932 -5.33667 7.41499
      vertex 8.56926 -7.31215 0.4
      vertex 6.39729 -5.31605 7.40761
    endloop
  endfacet
  facet normal 0.90978 -0.227938 0.346907
    outer loop
      vertex 8.56926 -7.31215 0.4
      vertex 6.38932 -5.33667 7.41499
      vertex 8.5311 -7.46446 0.4
    endloop
  endfacet
  facet normal 0.85774 -0.514084 0
    outer loop
      vertex 8.33035 -7.88892 0.4
      vertex 8.41107 -7.75424 0
      vertex 8.41107 -7.75424 0.4
    endloop
  endfacet
  facet normal 0.85774 -0.514084 0
    outer loop
      vertex 8.41107 -7.75424 0
      vertex 8.33035 -7.88892 0.4
      vertex 8.33035 -7.88892 0
    endloop
  endfacet
  facet normal 0.29808 0.856358 0.421663
    outer loop
      vertex 7.46446 8.5311 0.4
      vertex 4.85166 5.88911 7.61265
      vertex 5.03268 5.83554 7.59348
    endloop
  endfacet
  facet normal 0.305257 0.853209 0.42291
    outer loop
      vertex 7.46446 8.5311 0.4
      vertex 5.04258 5.83253 7.59241
      vertex 7.61229 8.47821 0.4
    endloop
  endfacet
  facet normal 0.305133 0.853264 0.422888
    outer loop
      vertex 5.04258 5.83253 7.59241
      vertex 7.46446 8.5311 0.4
      vertex 5.03268 5.83554 7.59348
    endloop
  endfacet
  facet normal -0.749568 -0.536332 0.387937
    outer loop
      vertex -6.10077 -5.80873 7.58389
      vertex -8.33035 -7.88892 0.4
      vertex -5.9869 -5.93515 7.62913
    endloop
  endfacet
  facet normal -0.691994 -0.607523 0.38995
    outer loop
      vertex -5.97339 -5.94968 7.63433
      vertex -8.23682 -8.01503 0.4
      vertex -5.84663 -6.0671 7.67634
    endloop
  endfacet
  facet normal -0.233495 -0.916556 0.324662
    outer loop
      vertex -4.97272 -6.52981 7.8419
      vertex -7.46446 -8.5311 0.4
      vertex -4.79806 -6.5693 7.85603
    endloop
  endfacet
  facet normal 0.24303 -0.970019 0
    outer loop
      vertex 7.31215 -8.56926 0
      vertex 7.46446 -8.5311 0.4
      vertex 7.31215 -8.56926 0.4
    endloop
  endfacet
  facet normal 0.24303 -0.970019 0
    outer loop
      vertex 7.46446 -8.5311 0.4
      vertex 7.31215 -8.56926 0
      vertex 7.46446 -8.5311 0
    endloop
  endfacet
  facet normal 0.399139 -0.843214 0.360108
    outer loop
      vertex 7.61229 -8.47821 0.4
      vertex 5.1757 -6.46353 7.81818
      vertex 5.15967 -6.47011 7.82054
    endloop
  endfacet
  facet normal 0.398891 -0.843351 0.360063
    outer loop
      vertex 5.1757 -6.46353 7.81818
      vertex 7.61229 -8.47821 0.4
      vertex 7.75424 -8.41107 0.4
    endloop
  endfacet
  facet normal 0.427569 -0.903983 0
    outer loop
      vertex 7.61229 -8.47821 0
      vertex 7.75424 -8.41107 0.4
      vertex 7.61229 -8.47821 0.4
    endloop
  endfacet
  facet normal 0.427569 -0.903983 0
    outer loop
      vertex 7.75424 -8.41107 0.4
      vertex 7.61229 -8.47821 0
      vertex 7.75424 -8.41107 0
    endloop
  endfacet
  facet normal 0.4849 -0.790525 0.374089
    outer loop
      vertex 5.51449 -6.3035 7.76092
      vertex 5.35666 -6.38629 7.79055
      vertex 7.88892 -8.33035 0.4
    endloop
  endfacet
  facet normal 0.803206 -0.595701 0
    outer loop
      vertex 8.23682 -8.01503 0.4
      vertex 8.33035 -7.88892 0
      vertex 8.33035 -7.88892 0.4
    endloop
  endfacet
  facet normal 0.803206 -0.595701 0
    outer loop
      vertex 8.33035 -7.88892 0
      vertex 8.23682 -8.01503 0.4
      vertex 8.23682 -8.01503 0
    endloop
  endfacet
  facet normal -0.595701 -0.803206 0
    outer loop
      vertex -8.01503 -8.23682 0
      vertex -7.88892 -8.33035 0.4
      vertex -8.01503 -8.23682 0.4
    endloop
  endfacet
  facet normal -0.595701 -0.803206 -0
    outer loop
      vertex -7.88892 -8.33035 0.4
      vertex -8.01503 -8.23682 0
      vertex -7.88892 -8.33035 0
    endloop
  endfacet
  facet normal 0.792119 -0.474951 0.383365
    outer loop
      vertex 6.10077 -5.80873 7.58389
      vertex 8.41107 -7.75424 0.4
      vertex 6.11324 -5.79259 7.57812
    endloop
  endfacet
  facet normal 0.792209 -0.474808 0.383356
    outer loop
      vertex 8.41107 -7.75424 0.4
      vertex 6.10077 -5.80873 7.58389
      vertex 8.33035 -7.88892 0.4
    endloop
  endfacet
  facet normal 0.884012 -0.297887 0.360257
    outer loop
      vertex 6.38932 -5.33667 7.41499
      vertex 6.31942 -5.48146 7.46679
      vertex 8.5311 -7.46446 0.4
    endloop
  endfacet
  facet normal 0.222173 0.886772 0.405307
    outer loop
      vertex 7.31215 8.56926 0.4
      vertex 4.85166 5.88911 7.61265
      vertex 7.46446 8.5311 0.4
    endloop
  endfacet
  facet normal 0.222219 0.886757 0.405317
    outer loop
      vertex 4.85166 5.88911 7.61265
      vertex 7.31215 8.56926 0.4
      vertex 4.84205 5.89118 7.61339
    endloop
  endfacet
  facet normal 0.951503 -0.0466769 0.304079
    outer loop
      vertex 6.4884 -4.98967 7.3161
      vertex 8.60001 -7 0.4
      vertex 6.4914 -4.96643 7.31028
    endloop
  endfacet
  facet normal 0.95149 -0.0467767 0.304104
    outer loop
      vertex 8.60001 -7 0.4
      vertex 6.4884 -4.98967 7.3161
      vertex 8.5923 -7.15683 0.4
    endloop
  endfacet
  facet normal 0.953397 -0.0311946 0.300101
    outer loop
      vertex 6.50868 -4.81157 7.27148
      vertex 6.4914 -4.96643 7.31028
      vertex 8.60001 -7 0.4
    endloop
  endfacet
  facet normal 0.803206 0.595701 0
    outer loop
      vertex 8.33035 7.88892 0.4
      vertex 8.23682 8.01503 0
      vertex 8.23682 8.01503 0.4
    endloop
  endfacet
  facet normal 0.803206 0.595701 0
    outer loop
      vertex 8.23682 8.01503 0
      vertex 8.33035 7.88892 0.4
      vertex 8.33035 7.88892 0
    endloop
  endfacet
  facet normal 0.852871 0.326926 0.407101
    outer loop
      vertex 8.47821 7.61229 0.4
      vertex 6.22566 4.90337 7.29448
      vertex 6.29884 4.75785 7.25803
    endloop
  endfacet
  facet normal 0.925315 0.13726 0.353485
    outer loop
      vertex 6.40915 4.42647 7.17502
      vertex 8.5923 7.15683 0.4
      vertex 8.56926 7.31215 0.4
    endloop
  endfacet
  facet normal 0.92524 0.137539 0.353574
    outer loop
      vertex 8.5923 7.15683 0.4
      vertex 6.40915 4.42647 7.17502
      vertex 6.41358 4.40834 7.17048
    endloop
  endfacet
  facet normal 0.64879 0.612436 0.451658
    outer loop
      vertex 8.13138 8.13138 0.4
      vertex 5.73513 5.46311 7.46023
      vertex 5.87119 5.34907 7.41942
    endloop
  endfacet
  facet normal -0.0472403 -0.96092 0.272766
    outer loop
      vertex -7 -8.60001 0.4
      vertex -4.41213 -6.60695 7.8695
      vertex -7.15683 -8.5923 0.4
    endloop
  endfacet
  facet normal -0.0473776 -0.960901 0.272808
    outer loop
      vertex -4.41213 -6.60695 7.8695
      vertex -7 -8.60001 0.4
      vertex -4.39603 -6.60767 7.86976
    endloop
  endfacet
  facet normal 0.13552 0.913582 0.383408
    outer loop
      vertex 7.15683 8.5923 0.4
      vertex 4.65739 5.92996 7.62727
      vertex 7.31215 8.56926 0.4
    endloop
  endfacet
  facet normal 0.134897 0.913741 0.383251
    outer loop
      vertex 4.65739 5.92996 7.62727
      vertex 7.15683 8.5923 0.4
      vertex 4.64804 5.93116 7.6277
    endloop
  endfacet
  facet normal 0.132525 0.91434 0.382648
    outer loop
      vertex 7.15683 8.5923 0.4
      vertex 4.46172 5.95465 7.6361
      vertex 4.64804 5.93116 7.6277
    endloop
  endfacet
  facet normal 0.989176 0.146733 0
    outer loop
      vertex 8.5923 7.15683 0.4
      vertex 8.56926 7.31215 0
      vertex 8.56926 7.31215 0.4
    endloop
  endfacet
  facet normal 0.989176 0.146733 0
    outer loop
      vertex 8.56926 7.31215 0
      vertex 8.5923 7.15683 0.4
      vertex 8.5923 7.15683 0
    endloop
  endfacet
  facet normal -0.889983 0.243439 0.385575
    outer loop
      vertex -6.30622 4.7423 7.25413
      vertex -8.5311 7.46446 0.4
      vertex -6.36301 4.59365 7.2169
    endloop
  endfacet
  facet normal 0.941553 -0.336865 0
    outer loop
      vertex 8.47821 -7.61229 0.4
      vertex 8.5311 -7.46446 0
      vertex 8.5311 -7.46446 0.4
    endloop
  endfacet
  facet normal 0.941553 -0.336865 0
    outer loop
      vertex 8.5311 -7.46446 0
      vertex 8.47821 -7.61229 0.4
      vertex 8.47821 -7.61229 0
    endloop
  endfacet
  facet normal 0.62842 -0.674007 0.388333
    outer loop
      vertex 5.8323 -6.08 7.68095
      vertex 5.6938 -6.18706 7.71926
      vertex 8.13138 -8.13138 0.4
    endloop
  endfacet
  facet normal -0.222219 0.886757 0.405317
    outer loop
      vertex -7.31215 8.56926 0.4
      vertex -4.85166 5.88911 7.61265
      vertex -4.84205 5.89118 7.61339
    endloop
  endfacet
  facet normal -0.222173 0.886772 0.405307
    outer loop
      vertex -4.85166 5.88911 7.61265
      vertex -7.31215 8.56926 0.4
      vertex -7.46446 8.5311 0.4
    endloop
  endfacet
  facet normal -0.803206 0.595701 0
    outer loop
      vertex -8.33035 7.88892 0
      vertex -8.23682 8.01503 0.4
      vertex -8.23682 8.01503 0
    endloop
  endfacet
  facet normal -0.803206 0.595701 0
    outer loop
      vertex -8.23682 8.01503 0.4
      vertex -8.33035 7.88892 0
      vertex -8.33035 7.88892 0.4
    endloop
  endfacet
  facet normal -0.586266 0.67155 0.453115
    outer loop
      vertex -5.57621 5.57513 7.50031
      vertex -8.01503 8.23682 0.4
      vertex -5.7244 5.47092 7.46302
    endloop
  endfacet
  facet normal -0.970019 0.24303 0
    outer loop
      vertex -8.56926 7.31215 0
      vertex -8.5311 7.46446 0.4
      vertex -8.5311 7.46446 0
    endloop
  endfacet
  facet normal -0.970019 0.24303 0
    outer loop
      vertex -8.5311 7.46446 0.4
      vertex -8.56926 7.31215 0
      vertex -8.56926 7.31215 0.4
    endloop
  endfacet
  facet normal -0.760749 0.479549 0.437372
    outer loop
      vertex -6.01437 5.20577 7.37023
      vertex -8.33035 7.88892 0.4
      vertex -6.11869 5.07106 7.33648
    endloop
  endfacet
  facet normal -0.459666 0.768117 0.445762
    outer loop
      vertex -7.75424 8.41107 0.4
      vertex -5.40669 5.67471 7.53594
      vertex -5.39624 5.67989 7.53779
    endloop
  endfacet
  facet normal -0.460172 0.76779 0.445803
    outer loop
      vertex -5.40669 5.67471 7.53594
      vertex -7.75424 8.41107 0.4
      vertex -7.88892 8.33035 0.4
    endloop
  endfacet
  facet normal -0.0452793 0.933016 0.356973
    outer loop
      vertex -7 8.60001 0.4
      vertex -4.46172 5.95465 7.6361
      vertex -4.45258 5.95504 7.63624
    endloop
  endfacet
  facet normal -0.0458639 0.932923 0.357144
    outer loop
      vertex -4.46172 5.95465 7.6361
      vertex -7 8.60001 0.4
      vertex -7.15683 8.5923 0.4
    endloop
  endfacet
  facet normal -0.989176 -0.146733 0
    outer loop
      vertex -8.56926 -7.31215 0
      vertex -8.5923 -7.15683 0.4
      vertex -8.5923 -7.15683 0
    endloop
  endfacet
  facet normal -0.989176 -0.146733 0
    outer loop
      vertex -8.5923 -7.15683 0.4
      vertex -8.56926 -7.31215 0
      vertex -8.56926 -7.31215 0.4
    endloop
  endfacet
  facet normal -0.998794 -0.0491022 0
    outer loop
      vertex -8.5923 -7.15683 0
      vertex -8.60001 -7 0.4
      vertex -8.60001 -7 0
    endloop
  endfacet
  facet normal -0.998794 -0.0491022 0
    outer loop
      vertex -8.60001 -7 0.4
      vertex -8.5923 -7.15683 0
      vertex -8.5923 -7.15683 0.4
    endloop
  endfacet
  facet normal -0.321517 -0.881853 0.344909
    outer loop
      vertex -5.15967 -6.47011 7.82054
      vertex -7.61229 -8.47821 0.4
      vertex -4.98887 -6.52474 7.84008
    endloop
  endfacet
  facet normal -0.142063 -0.943088 0.30067
    outer loop
      vertex -4.78185 -6.57291 7.85732
      vertex -7.31215 -8.56926 0.4
      vertex -4.60516 -6.5968 7.86587
    endloop
  endfacet
  facet normal -0.682243 -0.618602 0.389713
    outer loop
      vertex -8.23682 -8.01503 0.4
      vertex -5.8323 -6.08 7.68095
      vertex -5.84663 -6.0671 7.67634
    endloop
  endfacet
  facet normal -0.682407 -0.618418 0.389718
    outer loop
      vertex -5.8323 -6.08 7.68095
      vertex -8.23682 -8.01503 0.4
      vertex -8.13138 -8.13138 0.4
    endloop
  endfacet
  facet normal -0.803206 -0.595701 0
    outer loop
      vertex -8.23682 -8.01503 0
      vertex -8.33035 -7.88892 0.4
      vertex -8.33035 -7.88892 0
    endloop
  endfacet
  facet normal -0.803206 -0.595701 0
    outer loop
      vertex -8.33035 -7.88892 0.4
      vertex -8.23682 -8.01503 0
      vertex -8.23682 -8.01503 0.4
    endloop
  endfacet
  facet normal -0.852871 0.326926 0.407101
    outer loop
      vertex -6.22566 4.90337 7.29448
      vertex -8.47821 7.61229 0.4
      vertex -6.29884 4.75785 7.25803
    endloop
  endfacet
  facet normal 0.477356 -0.795684 0.372852
    outer loop
      vertex 7.75424 -8.41107 0.4
      vertex 5.35666 -6.38629 7.79055
      vertex 5.34086 -6.39441 7.79345
    endloop
  endfacet
  facet normal 0.477023 -0.795905 0.372805
    outer loop
      vertex 5.35666 -6.38629 7.79055
      vertex 7.75424 -8.41107 0.4
      vertex 7.88892 -8.33035 0.4
    endloop
  endfacet
  facet normal 0.405498 -0.839627 0.361383
    outer loop
      vertex 5.34086 -6.39441 7.79345
      vertex 5.1757 -6.46353 7.81818
      vertex 7.75424 -8.41107 0.4
    endloop
  endfacet
  facet normal -0.820215 0.387948 0.420408
    outer loop
      vertex -8.47821 7.61229 0.4
      vertex -6.21716 4.91751 7.29802
      vertex -8.41107 7.75424 0.4
    endloop
  endfacet
  facet normal -0.820274 0.387847 0.420388
    outer loop
      vertex -6.21716 4.91751 7.29802
      vertex -8.47821 7.61229 0.4
      vertex -6.22566 4.90337 7.29448
    endloop
  endfacet
  facet normal 0.740994 -0.671512 0
    outer loop
      vertex 8.13138 -8.13138 0.4
      vertex 8.23682 -8.01503 0
      vertex 8.23682 -8.01503 0.4
    endloop
  endfacet
  facet normal 0.740994 -0.671512 0
    outer loop
      vertex 8.23682 -8.01503 0
      vertex 8.13138 -8.13138 0.4
      vertex 8.13138 -8.13138 0
    endloop
  endfacet
  facet normal 0.941553 0.336865 0
    outer loop
      vertex 8.5311 7.46446 0.4
      vertex 8.47821 7.61229 0
      vertex 8.47821 7.61229 0.4
    endloop
  endfacet
  facet normal 0.941553 0.336865 0
    outer loop
      vertex 8.47821 7.61229 0
      vertex 8.5311 7.46446 0.4
      vertex 8.5311 7.46446 0
    endloop
  endfacet
  facet normal 0.671512 -0.740994 0
    outer loop
      vertex 8.01503 -8.23682 0
      vertex 8.13138 -8.13138 0.4
      vertex 8.01503 -8.23682 0.4
    endloop
  endfacet
  facet normal 0.671512 -0.740994 0
    outer loop
      vertex 8.13138 -8.13138 0.4
      vertex 8.01503 -8.23682 0
      vertex 8.13138 -8.13138 0
    endloop
  endfacet
  facet normal 0.800994 -0.460701 0.382312
    outer loop
      vertex 6.21322 -5.65856 7.53016
      vertex 6.11324 -5.79259 7.57812
      vertex 8.41107 -7.75424 0.4
    endloop
  endfacet
  facet normal 0.989176 -0.146733 0
    outer loop
      vertex 8.56926 -7.31215 0.4
      vertex 8.5923 -7.15683 0
      vertex 8.5923 -7.15683 0.4
    endloop
  endfacet
  facet normal 0.989176 -0.146733 0
    outer loop
      vertex 8.5923 -7.15683 0
      vertex 8.56926 -7.31215 0.4
      vertex 8.56926 -7.31215 0
    endloop
  endfacet
  facet normal 0.77257 0.463037 0.434433
    outer loop
      vertex 6.11869 5.07106 7.33648
      vertex 8.41107 7.75424 0.4
      vertex 8.33035 7.88892 0.4
    endloop
  endfacet
  facet normal 0.772361 0.463341 0.434481
    outer loop
      vertex 8.41107 7.75424 0.4
      vertex 6.11869 5.07106 7.33648
      vertex 6.12808 5.05838 7.33331
    endloop
  endfacet
  facet normal 0.760749 0.479549 0.437372
    outer loop
      vertex 8.33035 7.88892 0.4
      vertex 6.01437 5.20577 7.37023
      vertex 6.11869 5.07106 7.33648
    endloop
  endfacet
  facet normal 0.945373 0.046476 0.32266
    outer loop
      vertex 6.43688 4.25794 7.13281
      vertex 8.60001 7 0.4
      vertex 8.5923 7.15683 0.4
    endloop
  endfacet
  facet normal 0.945377 0.0464556 0.322652
    outer loop
      vertex 8.60001 7 0.4
      vertex 6.43688 4.25794 7.13281
      vertex 6.43947 4.23871 7.12799
    endloop
  endfacet
  facet normal 0.707037 0.548444 0.446439
    outer loop
      vertex 5.99672 5.22512 7.37507
      vertex 8.23682 8.01503 0.4
      vertex 5.88185 5.3398 7.41611
    endloop
  endfacet
  facet normal 0.706647 0.5489 0.446496
    outer loop
      vertex 8.23682 8.01503 0.4
      vertex 5.99672 5.22512 7.37507
      vertex 6.00431 5.217 7.37304
    endloop
  endfacet
  facet normal 0.586266 0.67155 0.453115
    outer loop
      vertex 8.01503 8.23682 0.4
      vertex 5.57621 5.57513 7.50031
      vertex 5.7244 5.47092 7.46302
    endloop
  endfacet
  facet normal 0 0 -1
    outer loop
      vertex 6.73146 -6.45557 0
      vertex 8.60001 -7 0
      vertex 8.5923 -7.15683 0
    endloop
  endfacet
  facet normal 0 0 -1
    outer loop
      vertex 8.60001 -7 0
      vertex 6.89999 -5.89999 0
      vertex 8.60001 7 0
    endloop
  endfacet
  facet normal 0 0 -1
    outer loop
      vertex 6.73146 -6.45557 0
      vertex 8.5923 -7.15683 0
      vertex 8.56926 -7.31215 0
    endloop
  endfacet
  facet normal 0 0 -1
    outer loop
      vertex 6.89999 5.89999 0
      vertex 8.60001 7 0
      vertex 6.89999 -5.89999 0
    endloop
  endfacet
  facet normal 0 0 -1
    outer loop
      vertex 6.673 -6.53439 0
      vertex 8.56926 -7.31215 0
      vertex 8.5311 -7.46446 0
    endloop
  endfacet
  facet normal 0 0 -1
    outer loop
      vertex 6.89517 5.99802 0
      vertex 8.60001 7 0
      vertex 6.89999 5.89999 0
    endloop
  endfacet
  facet normal 0 0 -1
    outer loop
      vertex 6.673 -6.53439 0
      vertex 8.5311 -7.46446 0
      vertex 8.47821 -7.61229 0
    endloop
  endfacet
  facet normal 0 0 -1
    outer loop
      vertex 6.88078 6.09508 0
      vertex 8.60001 7 0
      vertex 6.89517 5.99802 0
    endloop
  endfacet
  facet normal 0 0 -1
    outer loop
      vertex 6.673 -6.53439 0
      vertex 8.47821 -7.61229 0
      vertex 8.41107 -7.75424 0
    endloop
  endfacet
  facet normal 0 0 -1
    outer loop
      vertex 6.85693 6.19028 0
      vertex 8.60001 7 0
      vertex 6.88078 6.09508 0
    endloop
  endfacet
  facet normal 0 0 -1
    outer loop
      vertex 6.673 -6.53439 0
      vertex 8.41107 -7.75424 0
      vertex 8.33035 -7.88892 0
    endloop
  endfacet
  facet normal 0 0 -1
    outer loop
      vertex 6.82387 6.28268 0
      vertex 8.60001 7 0
      vertex 6.85693 6.19028 0
    endloop
  endfacet
  facet normal 0 0 -1
    outer loop
      vertex 6.6071 -6.6071 0
      vertex 8.33035 -7.88892 0
      vertex 8.23682 -8.01503 0
    endloop
  endfacet
  facet normal 0 0 -1
    outer loop
      vertex 6.78192 6.37138 0
      vertex 8.60001 7 0
      vertex 6.82387 6.28268 0
    endloop
  endfacet
  facet normal 0 0 -1
    outer loop
      vertex 6.6071 -6.6071 0
      vertex 8.23682 -8.01503 0
      vertex 8.13138 -8.13138 0
    endloop
  endfacet
  facet normal 0 0 -1
    outer loop
      vertex 6.73146 6.45557 0
      vertex 8.60001 7 0
      vertex 6.78192 6.37138 0
    endloop
  endfacet
  facet normal 0 0 -1
    outer loop
      vertex 6.6071 -6.6071 0
      vertex 8.13138 -8.13138 0
      vertex 8.01503 -8.23682 0
    endloop
  endfacet
  facet normal -0 0 -1
    outer loop
      vertex 8.60001 7 0
      vertex 6.73146 6.45557 0
      vertex 8.5923 7.15683 0
    endloop
  endfacet
  facet normal 0 0 -1
    outer loop
      vertex 6.6071 -6.6071 0
      vertex 8.01503 -8.23682 0
      vertex 7.88892 -8.33035 0
    endloop
  endfacet
  facet normal -0 0 -1
    outer loop
      vertex 8.5923 7.15683 0
      vertex 6.73146 6.45557 0
      vertex 8.56926 7.31215 0
    endloop
  endfacet
  facet normal 0 0 -1
    outer loop
      vertex 6.53439 -6.673 0
      vertex 7.88892 -8.33035 0
      vertex 7.75424 -8.41107 0
    endloop
  endfacet
  facet normal 0 0 -1
    outer loop
      vertex 6.673 6.53439 0
      vertex 8.56926 7.31215 0
      vertex 6.73146 6.45557 0
    endloop
  endfacet
  facet normal 0 0 -1
    outer loop
      vertex 6.53439 -6.673 0
      vertex 7.75424 -8.41107 0
      vertex 7.61229 -8.47821 0
    endloop
  endfacet
  facet normal -0 0 -1
    outer loop
      vertex 8.56926 7.31215 0
      vertex 6.673 6.53439 0
      vertex 8.5311 7.46446 0
    endloop
  endfacet
  facet normal 0 0 -1
    outer loop
      vertex 6.53439 -6.673 0
      vertex 7.61229 -8.47821 0
      vertex 7.46446 -8.5311 0
    endloop
  endfacet
  facet normal -0 0 -1
    outer loop
      vertex 8.5311 7.46446 0
      vertex 6.673 6.53439 0
      vertex 8.47821 7.61229 0
    endloop
  endfacet
  facet normal 0 0 -1
    outer loop
      vertex 6.53439 -6.673 0
      vertex 7.46446 -8.5311 0
      vertex 7.31215 -8.56926 0
    endloop
  endfacet
  facet normal -0 0 -1
    outer loop
      vertex 8.47821 7.61229 0
      vertex 6.673 6.53439 0
      vertex 8.41107 7.75424 0
    endloop
  endfacet
  facet normal 0 0 -1
    outer loop
      vertex 6.45557 -6.73146 0
      vertex 7.31215 -8.56926 0
      vertex 7.15683 -8.5923 0
    endloop
  endfacet
  facet normal -0 0 -1
    outer loop
      vertex 8.41107 7.75424 0
      vertex 6.673 6.53439 0
      vertex 8.33035 7.88892 0
    endloop
  endfacet
  facet normal 0 0 -1
    outer loop
      vertex 6.45557 -6.73146 0
      vertex 7.15683 -8.5923 0
      vertex 7 -8.60001 0
    endloop
  endfacet
  facet normal 0 0 -1
    outer loop
      vertex 6.6071 6.6071 0
      vertex 8.33035 7.88892 0
      vertex 6.673 6.53439 0
    endloop
  endfacet
  facet normal -0 0 -1
    outer loop
      vertex 8.33035 7.88892 0
      vertex 6.6071 6.6071 0
      vertex 8.23682 8.01503 0
    endloop
  endfacet
  facet normal 0 0 -1
    outer loop
      vertex 8.60001 -7 0
      vertex 6.89517 -5.99802 0
      vertex 6.89999 -5.89999 0
    endloop
  endfacet
  facet normal 0 0 -1
    outer loop
      vertex 8.60001 -7 0
      vertex 6.88078 -6.09508 0
      vertex 6.89517 -5.99802 0
    endloop
  endfacet
  facet normal 0 0 -1
    outer loop
      vertex 8.60001 -7 0
      vertex 6.85693 -6.19028 0
      vertex 6.88078 -6.09508 0
    endloop
  endfacet
  facet normal 0 0 -1
    outer loop
      vertex 8.60001 -7 0
      vertex 6.82387 -6.28268 0
      vertex 6.85693 -6.19028 0
    endloop
  endfacet
  facet normal 0 0 -1
    outer loop
      vertex 8.60001 -7 0
      vertex 6.78192 -6.37138 0
      vertex 6.82387 -6.28268 0
    endloop
  endfacet
  facet normal 0 0 -1
    outer loop
      vertex 8.60001 -7 0
      vertex 6.73146 -6.45557 0
      vertex 6.78192 -6.37138 0
    endloop
  endfacet
  facet normal 0 0 -1
    outer loop
      vertex 8.56926 -7.31215 0
      vertex 6.673 -6.53439 0
      vertex 6.73146 -6.45557 0
    endloop
  endfacet
  facet normal 0 0 -1
    outer loop
      vertex 8.33035 -7.88892 0
      vertex 6.6071 -6.6071 0
      vertex 6.673 -6.53439 0
    endloop
  endfacet
  facet normal 0 0 -1
    outer loop
      vertex 7.88892 -8.33035 0
      vertex 6.53439 -6.673 0
      vertex 6.6071 -6.6071 0
    endloop
  endfacet
  facet normal 0 0 -1
    outer loop
      vertex 7.31215 -8.56926 0
      vertex 6.45557 -6.73146 0
      vertex 6.53439 -6.673 0
    endloop
  endfacet
  facet normal 0 0 -1
    outer loop
      vertex 7 -8.60001 0
      vertex 6.37138 -6.78192 0
      vertex 6.45557 -6.73146 0
    endloop
  endfacet
  facet normal 0 0 -1
    outer loop
      vertex 7 -8.60001 0
      vertex 6.28268 -6.82387 0
      vertex 6.37138 -6.78192 0
    endloop
  endfacet
  facet normal 0 0 -1
    outer loop
      vertex 7 -8.60001 0
      vertex 6.19028 -6.85693 0
      vertex 6.28268 -6.82387 0
    endloop
  endfacet
  facet normal 0 0 -1
    outer loop
      vertex 7 -8.60001 0
      vertex 6.09508 -6.88078 0
      vertex 6.19028 -6.85693 0
    endloop
  endfacet
  facet normal 0 0 -1
    outer loop
      vertex 7 -8.60001 0
      vertex 5.99802 -6.89517 0
      vertex 6.09508 -6.88078 0
    endloop
  endfacet
  facet normal 0 0 -1
    outer loop
      vertex 7 -8.60001 0
      vertex 5.89999 -6.89999 0
      vertex 5.99802 -6.89517 0
    endloop
  endfacet
  facet normal 0 0 -1
    outer loop
      vertex 7 -8.60001 0
      vertex -5.89999 -6.89999 0
      vertex 5.89999 -6.89999 0
    endloop
  endfacet
  facet normal 0 0 -1
    outer loop
      vertex -7 -8.60001 0
      vertex -5.89999 -6.89999 0
      vertex 7 -8.60001 0
    endloop
  endfacet
  facet normal 0 0 -1
    outer loop
      vertex -8.23682 -8.01503 0
      vertex -6.6071 -6.6071 0
      vertex -8.13138 -8.13138 0
    endloop
  endfacet
  facet normal 0 0 -1
    outer loop
      vertex -8.13138 -8.13138 0
      vertex -6.6071 -6.6071 0
      vertex -8.01503 -8.23682 0
    endloop
  endfacet
  facet normal 0 0 -1
    outer loop
      vertex -8.01503 -8.23682 0
      vertex -6.6071 -6.6071 0
      vertex -7.88892 -8.33035 0
    endloop
  endfacet
  facet normal -0 0 -1
    outer loop
      vertex -6.53439 -6.673 0
      vertex -7.88892 -8.33035 0
      vertex -6.6071 -6.6071 0
    endloop
  endfacet
  facet normal 0 0 -1
    outer loop
      vertex -7.88892 -8.33035 0
      vertex -6.53439 -6.673 0
      vertex -7.75424 -8.41107 0
    endloop
  endfacet
  facet normal 0 0 -1
    outer loop
      vertex -7.75424 -8.41107 0
      vertex -6.53439 -6.673 0
      vertex -7.61229 -8.47821 0
    endloop
  endfacet
  facet normal 0 0 -1
    outer loop
      vertex -7.61229 -8.47821 0
      vertex -6.53439 -6.673 0
      vertex -7.46446 -8.5311 0
    endloop
  endfacet
  facet normal 0 0 -1
    outer loop
      vertex -7.46446 -8.5311 0
      vertex -6.53439 -6.673 0
      vertex -7.31215 -8.56926 0
    endloop
  endfacet
  facet normal -0 0 -1
    outer loop
      vertex -6.45557 -6.73146 0
      vertex -7.31215 -8.56926 0
      vertex -6.53439 -6.673 0
    endloop
  endfacet
  facet normal 0 0 -1
    outer loop
      vertex -7.31215 -8.56926 0
      vertex -6.45557 -6.73146 0
      vertex -7.15683 -8.5923 0
    endloop
  endfacet
  facet normal 0 0 -1
    outer loop
      vertex -7.15683 -8.5923 0
      vertex -6.45557 -6.73146 0
      vertex -7 -8.60001 0
    endloop
  endfacet
  facet normal -0 0 -1
    outer loop
      vertex -6.37138 -6.78192 0
      vertex -7 -8.60001 0
      vertex -6.45557 -6.73146 0
    endloop
  endfacet
  facet normal -0 0 -1
    outer loop
      vertex -6.28268 -6.82387 0
      vertex -7 -8.60001 0
      vertex -6.37138 -6.78192 0
    endloop
  endfacet
  facet normal -0 0 -1
    outer loop
      vertex -6.19028 -6.85693 0
      vertex -7 -8.60001 0
      vertex -6.28268 -6.82387 0
    endloop
  endfacet
  facet normal -0 0 -1
    outer loop
      vertex -6.09508 -6.88078 0
      vertex -7 -8.60001 0
      vertex -6.19028 -6.85693 0
    endloop
  endfacet
  facet normal -0 0 -1
    outer loop
      vertex -5.99802 -6.89517 0
      vertex -7 -8.60001 0
      vertex -6.09508 -6.88078 0
    endloop
  endfacet
  facet normal -0 0 -1
    outer loop
      vertex -5.89999 -6.89999 0
      vertex -7 -8.60001 0
      vertex -5.99802 -6.89517 0
    endloop
  endfacet
  facet normal -0 0 -1
    outer loop
      vertex 8.23682 8.01503 0
      vertex 6.6071 6.6071 0
      vertex 8.13138 8.13138 0
    endloop
  endfacet
  facet normal -0 0 -1
    outer loop
      vertex 8.13138 8.13138 0
      vertex 6.6071 6.6071 0
      vertex 8.01503 8.23682 0
    endloop
  endfacet
  facet normal -0 0 -1
    outer loop
      vertex 8.01503 8.23682 0
      vertex 6.6071 6.6071 0
      vertex 7.88892 8.33035 0
    endloop
  endfacet
  facet normal 0 0 -1
    outer loop
      vertex 6.53439 6.673 0
      vertex 7.88892 8.33035 0
      vertex 6.6071 6.6071 0
    endloop
  endfacet
  facet normal -0 0 -1
    outer loop
      vertex 7.88892 8.33035 0
      vertex 6.53439 6.673 0
      vertex 7.75424 8.41107 0
    endloop
  endfacet
  facet normal -0 0 -1
    outer loop
      vertex 7.75424 8.41107 0
      vertex 6.53439 6.673 0
      vertex 7.61229 8.47821 0
    endloop
  endfacet
  facet normal -0 0 -1
    outer loop
      vertex 7.61229 8.47821 0
      vertex 6.53439 6.673 0
      vertex 7.46446 8.5311 0
    endloop
  endfacet
  facet normal -0 0 -1
    outer loop
      vertex 7.46446 8.5311 0
      vertex 6.53439 6.673 0
      vertex 7.31215 8.56926 0
    endloop
  endfacet
  facet normal 0 0 -1
    outer loop
      vertex 6.45557 6.73146 0
      vertex 7.31215 8.56926 0
      vertex 6.53439 6.673 0
    endloop
  endfacet
  facet normal -0 0 -1
    outer loop
      vertex 7.31215 8.56926 0
      vertex 6.45557 6.73146 0
      vertex 7.15683 8.5923 0
    endloop
  endfacet
  facet normal -0 0 -1
    outer loop
      vertex 7.15683 8.5923 0
      vertex 6.45557 6.73146 0
      vertex 7 8.60001 0
    endloop
  endfacet
  facet normal 0 0 -1
    outer loop
      vertex 6.37138 6.78192 0
      vertex 7 8.60001 0
      vertex 6.45557 6.73146 0
    endloop
  endfacet
  facet normal 0 0 -1
    outer loop
      vertex 6.28268 6.82387 0
      vertex 7 8.60001 0
      vertex 6.37138 6.78192 0
    endloop
  endfacet
  facet normal 0 0 -1
    outer loop
      vertex 6.19028 6.85693 0
      vertex 7 8.60001 0
      vertex 6.28268 6.82387 0
    endloop
  endfacet
  facet normal 0 0 -1
    outer loop
      vertex 6.09508 6.88078 0
      vertex 7 8.60001 0
      vertex 6.19028 6.85693 0
    endloop
  endfacet
  facet normal 0 0 -1
    outer loop
      vertex 5.99802 6.89517 0
      vertex 7 8.60001 0
      vertex 6.09508 6.88078 0
    endloop
  endfacet
  facet normal 0 0 -1
    outer loop
      vertex 5.89999 6.89999 0
      vertex 7 8.60001 0
      vertex 5.99802 6.89517 0
    endloop
  endfacet
  facet normal 0 0 -1
    outer loop
      vertex -5.89999 6.89999 0
      vertex 7 8.60001 0
      vertex 5.89999 6.89999 0
    endloop
  endfacet
  facet normal 0 0 -1
    outer loop
      vertex -7 8.60001 0
      vertex -5.89999 6.89999 0
      vertex -5.99802 6.89517 0
    endloop
  endfacet
  facet normal 0 0 -1
    outer loop
      vertex -5.89999 6.89999 0
      vertex -7 8.60001 0
      vertex 7 8.60001 0
    endloop
  endfacet
  facet normal 0 0 -1
    outer loop
      vertex -6.09508 6.88078 0
      vertex -7 8.60001 0
      vertex -5.99802 6.89517 0
    endloop
  endfacet
  facet normal 0 0 -1
    outer loop
      vertex -6.19028 6.85693 0
      vertex -7 8.60001 0
      vertex -6.09508 6.88078 0
    endloop
  endfacet
  facet normal 0 0 -1
    outer loop
      vertex -6.28268 6.82387 0
      vertex -7 8.60001 0
      vertex -6.19028 6.85693 0
    endloop
  endfacet
  facet normal 0 0 -1
    outer loop
      vertex -6.37138 6.78192 0
      vertex -7 8.60001 0
      vertex -6.28268 6.82387 0
    endloop
  endfacet
  facet normal 0 0 -1
    outer loop
      vertex -6.45557 6.73146 0
      vertex -7 8.60001 0
      vertex -6.37138 6.78192 0
    endloop
  endfacet
  facet normal 0 0 -1
    outer loop
      vertex -7.31215 8.56926 0
      vertex -6.45557 6.73146 0
      vertex -6.53439 6.673 0
    endloop
  endfacet
  facet normal 0 0 -1
    outer loop
      vertex -7.88892 8.33035 0
      vertex -6.53439 6.673 0
      vertex -6.6071 6.6071 0
    endloop
  endfacet
  facet normal 0 0 -1
    outer loop
      vertex -8.33035 7.88892 0
      vertex -6.6071 6.6071 0
      vertex -6.673 6.53439 0
    endloop
  endfacet
  facet normal 0 0 -1
    outer loop
      vertex -8.56926 7.31215 0
      vertex -6.673 6.53439 0
      vertex -6.73146 6.45557 0
    endloop
  endfacet
  facet normal 0 0 -1
    outer loop
      vertex -8.60001 7 0
      vertex -6.73146 6.45557 0
      vertex -6.78192 6.37138 0
    endloop
  endfacet
  facet normal 0 0 -1
    outer loop
      vertex -8.60001 7 0
      vertex -6.78192 6.37138 0
      vertex -6.82387 6.28268 0
    endloop
  endfacet
  facet normal 0 0 -1
    outer loop
      vertex -8.60001 7 0
      vertex -6.82387 6.28268 0
      vertex -6.85693 6.19028 0
    endloop
  endfacet
  facet normal 0 0 -1
    outer loop
      vertex -8.60001 7 0
      vertex -6.85693 6.19028 0
      vertex -6.88078 6.09508 0
    endloop
  endfacet
  facet normal 0 0 -1
    outer loop
      vertex -8.60001 7 0
      vertex -6.88078 6.09508 0
      vertex -6.89517 5.99802 0
    endloop
  endfacet
  facet normal 0 0 -1
    outer loop
      vertex -8.60001 7 0
      vertex -6.89517 5.99802 0
      vertex -6.89999 5.89999 0
    endloop
  endfacet
  facet normal -0 0 -1
    outer loop
      vertex -6.89999 -5.89999 0
      vertex -8.60001 -7 0
      vertex -6.89999 5.89999 0
    endloop
  endfacet
  facet normal 0 0 -1
    outer loop
      vertex -8.33035 -7.88892 0
      vertex -6.6071 -6.6071 0
      vertex -8.23682 -8.01503 0
    endloop
  endfacet
  facet normal 0 0 -1
    outer loop
      vertex -8.60001 7 0
      vertex -6.89999 5.89999 0
      vertex -8.60001 -7 0
    endloop
  endfacet
  facet normal -0 0 -1
    outer loop
      vertex -6.6071 -6.6071 0
      vertex -8.33035 -7.88892 0
      vertex -6.673 -6.53439 0
    endloop
  endfacet
  facet normal 0 0 -1
    outer loop
      vertex -6.73146 6.45557 0
      vertex -8.60001 7 0
      vertex -8.5923 7.15683 0
    endloop
  endfacet
  facet normal 0 0 -1
    outer loop
      vertex -8.41107 -7.75424 0
      vertex -6.673 -6.53439 0
      vertex -8.33035 -7.88892 0
    endloop
  endfacet
  facet normal 0 0 -1
    outer loop
      vertex -6.45557 6.73146 0
      vertex -7.15683 8.5923 0
      vertex -7 8.60001 0
    endloop
  endfacet
  facet normal 0 0 -1
    outer loop
      vertex -8.47821 -7.61229 0
      vertex -6.673 -6.53439 0
      vertex -8.41107 -7.75424 0
    endloop
  endfacet
  facet normal 0 0 -1
    outer loop
      vertex -6.45557 6.73146 0
      vertex -7.31215 8.56926 0
      vertex -7.15683 8.5923 0
    endloop
  endfacet
  facet normal 0 0 -1
    outer loop
      vertex -8.5311 -7.46446 0
      vertex -6.673 -6.53439 0
      vertex -8.47821 -7.61229 0
    endloop
  endfacet
  facet normal 0 0 -1
    outer loop
      vertex -6.53439 6.673 0
      vertex -7.46446 8.5311 0
      vertex -7.31215 8.56926 0
    endloop
  endfacet
  facet normal 0 0 -1
    outer loop
      vertex -8.56926 -7.31215 0
      vertex -6.673 -6.53439 0
      vertex -8.5311 -7.46446 0
    endloop
  endfacet
  facet normal 0 0 -1
    outer loop
      vertex -6.53439 6.673 0
      vertex -7.61229 8.47821 0
      vertex -7.46446 8.5311 0
    endloop
  endfacet
  facet normal -0 0 -1
    outer loop
      vertex -6.673 -6.53439 0
      vertex -8.56926 -7.31215 0
      vertex -6.73146 -6.45557 0
    endloop
  endfacet
  facet normal 0 0 -1
    outer loop
      vertex -6.53439 6.673 0
      vertex -7.75424 8.41107 0
      vertex -7.61229 8.47821 0
    endloop
  endfacet
  facet normal 0 0 -1
    outer loop
      vertex -8.5923 -7.15683 0
      vertex -6.73146 -6.45557 0
      vertex -8.56926 -7.31215 0
    endloop
  endfacet
  facet normal 0 0 -1
    outer loop
      vertex -6.53439 6.673 0
      vertex -7.88892 8.33035 0
      vertex -7.75424 8.41107 0
    endloop
  endfacet
  facet normal 0 0 -1
    outer loop
      vertex -8.60001 -7 0
      vertex -6.73146 -6.45557 0
      vertex -8.5923 -7.15683 0
    endloop
  endfacet
  facet normal 0 0 -1
    outer loop
      vertex -6.6071 6.6071 0
      vertex -8.01503 8.23682 0
      vertex -7.88892 8.33035 0
    endloop
  endfacet
  facet normal -0 0 -1
    outer loop
      vertex -6.73146 -6.45557 0
      vertex -8.60001 -7 0
      vertex -6.78192 -6.37138 0
    endloop
  endfacet
  facet normal 0 0 -1
    outer loop
      vertex -6.6071 6.6071 0
      vertex -8.13138 8.13138 0
      vertex -8.01503 8.23682 0
    endloop
  endfacet
  facet normal -0 0 -1
    outer loop
      vertex -6.78192 -6.37138 0
      vertex -8.60001 -7 0
      vertex -6.82387 -6.28268 0
    endloop
  endfacet
  facet normal 0 0 -1
    outer loop
      vertex -6.6071 6.6071 0
      vertex -8.23682 8.01503 0
      vertex -8.13138 8.13138 0
    endloop
  endfacet
  facet normal -0 0 -1
    outer loop
      vertex -6.82387 -6.28268 0
      vertex -8.60001 -7 0
      vertex -6.85693 -6.19028 0
    endloop
  endfacet
  facet normal 0 0 -1
    outer loop
      vertex -6.6071 6.6071 0
      vertex -8.33035 7.88892 0
      vertex -8.23682 8.01503 0
    endloop
  endfacet
  facet normal -0 0 -1
    outer loop
      vertex -6.85693 -6.19028 0
      vertex -8.60001 -7 0
      vertex -6.88078 -6.09508 0
    endloop
  endfacet
  facet normal 0 0 -1
    outer loop
      vertex -6.673 6.53439 0
      vertex -8.41107 7.75424 0
      vertex -8.33035 7.88892 0
    endloop
  endfacet
  facet normal -0 0 -1
    outer loop
      vertex -6.88078 -6.09508 0
      vertex -8.60001 -7 0
      vertex -6.89517 -5.99802 0
    endloop
  endfacet
  facet normal 0 0 -1
    outer loop
      vertex -6.673 6.53439 0
      vertex -8.47821 7.61229 0
      vertex -8.41107 7.75424 0
    endloop
  endfacet
  facet normal -0 0 -1
    outer loop
      vertex -6.89517 -5.99802 0
      vertex -8.60001 -7 0
      vertex -6.89999 -5.89999 0
    endloop
  endfacet
  facet normal 0 0 -1
    outer loop
      vertex -6.673 6.53439 0
      vertex -8.5311 7.46446 0
      vertex -8.47821 7.61229 0
    endloop
  endfacet
  facet normal 0 0 -1
    outer loop
      vertex -6.673 6.53439 0
      vertex -8.56926 7.31215 0
      vertex -8.5311 7.46446 0
    endloop
  endfacet
  facet normal 0 0 -1
    outer loop
      vertex -6.73146 6.45557 0
      vertex -8.5923 7.15683 0
      vertex -8.56926 7.31215 0
    endloop
  endfacet
  facet normal -0.989176 0.146733 0
    outer loop
      vertex -8.5923 7.15683 0
      vertex -8.56926 7.31215 0.4
      vertex -8.56926 7.31215 0
    endloop
  endfacet
  facet normal -0.989176 0.146733 0
    outer loop
      vertex -8.56926 7.31215 0.4
      vertex -8.5923 7.15683 0
      vertex -8.5923 7.15683 0.4
    endloop
  endfacet
  facet normal -0.427569 -0.903983 0
    outer loop
      vertex -7.75424 -8.41107 0
      vertex -7.61229 -8.47821 0.4
      vertex -7.75424 -8.41107 0.4
    endloop
  endfacet
  facet normal -0.427569 -0.903983 -0
    outer loop
      vertex -7.61229 -8.47821 0.4
      vertex -7.75424 -8.41107 0
      vertex -7.61229 -8.47821 0
    endloop
  endfacet
  facet normal -0.514084 0.85774 0
    outer loop
      vertex -7.75424 8.41107 0
      vertex -7.88892 8.33035 0.4
      vertex -7.75424 8.41107 0.4
    endloop
  endfacet
  facet normal -0.514084 0.85774 0
    outer loop
      vertex -7.88892 8.33035 0.4
      vertex -7.75424 8.41107 0
      vertex -7.88892 8.33035 0
    endloop
  endfacet
  facet normal -0.375717 0.818191 0.435202
    outer loop
      vertex -5.04258 5.83253 7.59241
      vertex -7.61229 8.47821 0.4
      vertex -5.21802 5.76485 7.56819
    endloop
  endfacet
  facet normal -0.740994 0.671512 0
    outer loop
      vertex -8.23682 8.01503 0
      vertex -8.13138 8.13138 0.4
      vertex -8.13138 8.13138 0
    endloop
  endfacet
  facet normal -0.740994 0.671512 0
    outer loop
      vertex -8.13138 8.13138 0.4
      vertex -8.23682 8.01503 0
      vertex -8.23682 8.01503 0.4
    endloop
  endfacet
  facet normal -0.384235 0.813627 0.43632
    outer loop
      vertex -7.61229 8.47821 0.4
      vertex -5.22821 5.76081 7.56675
      vertex -5.21802 5.76485 7.56819
    endloop
  endfacet
  facet normal -0.38471 0.81337 0.436381
    outer loop
      vertex -5.22821 5.76081 7.56675
      vertex -7.61229 8.47821 0.4
      vertex -7.75424 8.41107 0.4
    endloop
  endfacet
  facet normal -0.64879 0.612436 0.451658
    outer loop
      vertex -5.73513 5.46311 7.46023
      vertex -8.13138 8.13138 0.4
      vertex -5.87119 5.34907 7.41942
    endloop
  endfacet
  facet normal -0.598653 0.660692 0.45288
    outer loop
      vertex -8.01503 8.23682 0.4
      vertex -5.73513 5.46311 7.46023
      vertex -5.7244 5.47092 7.46302
    endloop
  endfacet
  facet normal -0.598701 0.660649 0.452879
    outer loop
      vertex -5.73513 5.46311 7.46023
      vertex -8.01503 8.23682 0.4
      vertex -8.13138 8.13138 0.4
    endloop
  endfacet
  facet normal -0.595701 0.803206 0
    outer loop
      vertex -7.88892 8.33035 0
      vertex -8.01503 8.23682 0.4
      vertex -7.88892 8.33035 0.4
    endloop
  endfacet
  facet normal -0.595701 0.803206 0
    outer loop
      vertex -8.01503 8.23682 0.4
      vertex -7.88892 8.33035 0
      vertex -8.01503 8.23682 0
    endloop
  endfacet
  facet normal -0.0491022 0.998794 0
    outer loop
      vertex -7 8.60001 0
      vertex -7.15683 8.5923 0.4
      vertex -7 8.60001 0.4
    endloop
  endfacet
  facet normal -0.0491022 0.998794 0
    outer loop
      vertex -7.15683 8.5923 0.4
      vertex -7 8.60001 0
      vertex -7.15683 8.5923 0
    endloop
  endfacet
  facet normal -0.0491022 -0.998794 0
    outer loop
      vertex -7.15683 -8.5923 0
      vertex -7 -8.60001 0.4
      vertex -7.15683 -8.5923 0.4
    endloop
  endfacet
  facet normal -0.0491022 -0.998794 -0
    outer loop
      vertex -7 -8.60001 0.4
      vertex -7.15683 -8.5923 0
      vertex -7 -8.60001 0
    endloop
  endfacet
  facet normal -0.398891 -0.843351 0.360063
    outer loop
      vertex -7.61229 -8.47821 0.4
      vertex -5.1757 -6.46353 7.81818
      vertex -7.75424 -8.41107 0.4
    endloop
  endfacet
  facet normal -0.399139 -0.843214 0.360108
    outer loop
      vertex -5.1757 -6.46353 7.81818
      vertex -7.61229 -8.47821 0.4
      vertex -5.15967 -6.47011 7.82054
    endloop
  endfacet
  facet normal -0.938181 -0.122444 0.323765
    outer loop
      vertex -6.4884 -4.98967 7.3161
      vertex -8.5923 -7.15683 0.4
      vertex -6.45492 -5.144 7.35475
    endloop
  endfacet
  facet normal -0.951503 -0.0466769 0.304079
    outer loop
      vertex -8.60001 -7 0.4
      vertex -6.4884 -4.98967 7.3161
      vertex -6.4914 -4.96643 7.31028
    endloop
  endfacet
  facet normal -0.95149 -0.0467767 0.304104
    outer loop
      vertex -6.4884 -4.98967 7.3161
      vertex -8.60001 -7 0.4
      vertex -8.5923 -7.15683 0.4
    endloop
  endfacet
  facet normal 0.619184 -0.682909 0.387617
    outer loop
      vertex 8.01503 -8.23682 0.4
      vertex 5.6938 -6.18706 7.71926
      vertex 5.67883 -6.19834 7.7233
    endloop
  endfacet
  facet normal 0.619016 -0.683066 0.387608
    outer loop
      vertex 5.6938 -6.18706 7.71926
      vertex 8.01503 -8.23682 0.4
      vertex 8.13138 -8.13138 0.4
    endloop
  endfacet
  facet normal 0.862002 0.308403 0.402293
    outer loop
      vertex 6.29884 4.75785 7.25803
      vertex 8.5311 7.46446 0.4
      vertex 8.47821 7.61229 0.4
    endloop
  endfacet
  facet normal 0.862074 0.308251 0.402257
    outer loop
      vertex 8.5311 7.46446 0.4
      vertex 6.29884 4.75785 7.25803
      vertex 6.30622 4.7423 7.25413
    endloop
  endfacet
  facet normal 0.24303 0.970019 -0
    outer loop
      vertex 7.46446 8.5311 0
      vertex 7.31215 8.56926 0.4
      vertex 7.46446 8.5311 0.4
    endloop
  endfacet
  facet normal 0.24303 0.970019 0
    outer loop
      vertex 7.31215 8.56926 0.4
      vertex 7.46446 8.5311 0
      vertex 7.31215 8.56926 0
    endloop
  endfacet
  facet normal -0.897241 0.224796 0.380033
    outer loop
      vertex -8.56926 7.31215 0.4
      vertex -6.36301 4.59365 7.2169
      vertex -8.5311 7.46446 0.4
    endloop
  endfacet
  facet normal -0.897295 0.224651 0.379992
    outer loop
      vertex -6.36301 4.59365 7.2169
      vertex -8.56926 7.31215 0.4
      vertex -6.36903 4.57676 7.21267
    endloop
  endfacet
  facet normal -0.920058 0.155527 0.35959
    outer loop
      vertex -6.36903 4.57676 7.21267
      vertex -8.56926 7.31215 0.4
      vertex -6.40915 4.42647 7.17502
    endloop
  endfacet
  facet normal -0.77257 0.463037 0.434433
    outer loop
      vertex -8.41107 7.75424 0.4
      vertex -6.11869 5.07106 7.33648
      vertex -8.33035 7.88892 0.4
    endloop
  endfacet
  facet normal -0.772361 0.463341 0.434481
    outer loop
      vertex -6.11869 5.07106 7.33648
      vertex -8.41107 7.75424 0.4
      vertex -6.12808 5.05838 7.33331
    endloop
  endfacet
  facet normal -0.449667 0.774507 0.444904
    outer loop
      vertex -5.22821 5.76081 7.56675
      vertex -7.75424 8.41107 0.4
      vertex -5.39624 5.67989 7.53779
    endloop
  endfacet
  facet normal -0.519916 0.725542 0.450862
    outer loop
      vertex -5.40669 5.67471 7.53594
      vertex -7.88892 8.33035 0.4
      vertex -5.56557 5.58157 7.50261
    endloop
  endfacet
  facet normal -0.531449 0.716874 0.451281
    outer loop
      vertex -7.88892 8.33035 0.4
      vertex -5.57621 5.57513 7.50031
      vertex -5.56557 5.58157 7.50261
    endloop
  endfacet
  facet normal -0.531592 0.716765 0.451285
    outer loop
      vertex -5.57621 5.57513 7.50031
      vertex -7.88892 8.33035 0.4
      vertex -8.01503 8.23682 0.4
    endloop
  endfacet
  facet normal -0.6615 0.599472 0.450612
    outer loop
      vertex -8.23682 8.01503 0.4
      vertex -5.87119 5.34907 7.41942
      vertex -8.13138 8.13138 0.4
    endloop
  endfacet
  facet normal -0.661357 0.599623 0.450621
    outer loop
      vertex -5.87119 5.34907 7.41942
      vertex -8.23682 8.01503 0.4
      vertex -5.88185 5.3398 7.41611
    endloop
  endfacet
  facet normal -0.707037 0.548444 0.446439
    outer loop
      vertex -8.23682 8.01503 0.4
      vertex -5.99672 5.22512 7.37507
      vertex -5.88185 5.3398 7.41611
    endloop
  endfacet
  facet normal -0.706647 0.5489 0.446496
    outer loop
      vertex -5.99672 5.22512 7.37507
      vertex -8.23682 8.01503 0.4
      vertex -6.00431 5.217 7.37304
    endloop
  endfacet
  facet normal -0.903983 0.427569 0
    outer loop
      vertex -8.47821 7.61229 0
      vertex -8.41107 7.75424 0.4
      vertex -8.41107 7.75424 0
    endloop
  endfacet
  facet normal -0.903983 0.427569 0
    outer loop
      vertex -8.41107 7.75424 0.4
      vertex -8.47821 7.61229 0
      vertex -8.47821 7.61229 0.4
    endloop
  endfacet
  facet normal -0.139972 -0.943599 0.300047
    outer loop
      vertex -7.15683 -8.5923 0.4
      vertex -4.60516 -6.5968 7.86587
      vertex -7.31215 -8.56926 0.4
    endloop
  endfacet
  facet normal -0.140158 -0.943555 0.300099
    outer loop
      vertex -4.60516 -6.5968 7.86587
      vertex -7.15683 -8.5923 0.4
      vertex -4.58897 -6.59896 7.86664
    endloop
  endfacet
  facet normal -0.405498 -0.839627 0.361383
    outer loop
      vertex -5.34086 -6.39441 7.79345
      vertex -7.75424 -8.41107 0.4
      vertex -5.1757 -6.46353 7.81818
    endloop
  endfacet
  facet normal -0.477023 -0.795905 0.372805
    outer loop
      vertex -7.75424 -8.41107 0.4
      vertex -5.35666 -6.38629 7.79055
      vertex -7.88892 -8.33035 0.4
    endloop
  endfacet
  facet normal -0.477356 -0.795684 0.372852
    outer loop
      vertex -5.35666 -6.38629 7.79055
      vertex -7.75424 -8.41107 0.4
      vertex -5.34086 -6.39441 7.79345
    endloop
  endfacet
  facet normal -0.336865 -0.941553 0
    outer loop
      vertex -7.61229 -8.47821 0
      vertex -7.46446 -8.5311 0.4
      vertex -7.61229 -8.47821 0.4
    endloop
  endfacet
  facet normal -0.336865 -0.941553 -0
    outer loop
      vertex -7.46446 -8.5311 0.4
      vertex -7.61229 -8.47821 0
      vertex -7.46446 -8.5311 0
    endloop
  endfacet
  facet normal 0.889983 0.243439 0.385575
    outer loop
      vertex 8.5311 7.46446 0.4
      vertex 6.30622 4.7423 7.25413
      vertex 6.36301 4.59365 7.2169
    endloop
  endfacet
  facet normal -0.0462199 0.940029 -0.33795
    outer loop
      vertex 5.99802 -6.89517 0
      vertex 5.89999 -6.89999 0
      vertex 3.09999 -4.60533 6.76569
    endloop
  endfacet
  facet normal -0.0467111 0.93994 -0.33813
    outer loop
      vertex 3.22742 -4.59908 6.76546
      vertex 5.99802 -6.89517 0
      vertex 3.09999 -4.60533 6.76569
    endloop
  endfacet
  facet normal -0.223384 0.891663 -0.393746
    outer loop
      vertex 6.19028 -6.85693 0
      vertex 6.09508 -6.88078 0
      vertex 3.35361 -4.58037 6.76475
    endloop
  endfacet
  facet normal 0.914306 0.121143 -0.386482
    outer loop
      vertex -4.39374 -3.43359 6.7215
      vertex -4.37502 -3.55969 6.72626
      vertex -6.89517 -5.99802 0
    endloop
  endfacet
  facet normal 0 -0.037709 -0.999289
    outer loop
      vertex -3.47736 -4.54938 6.76358
      vertex 3.59747 -4.50645 6.76196
      vertex 3.47736 -4.54938 6.76358
    endloop
  endfacet
  facet normal -0 -0.037709 -0.999289
    outer loop
      vertex 3.59747 -4.50645 6.76196
      vertex -3.47736 -4.54938 6.76358
      vertex -3.59747 -4.50645 6.76196
    endloop
  endfacet
  facet normal -0.849928 0.304098 -0.430287
    outer loop
      vertex 6.85693 -6.19028 0
      vertex 6.82387 -6.28268 0
      vertex 4.30104 -3.80338 6.73545
    endloop
  endfacet
  facet normal -0.809959 0.383064 -0.444103
    outer loop
      vertex 6.82387 -6.28268 0
      vertex 6.78192 -6.37138 0
      vertex 4.24649 -3.91862 6.73979
    endloop
  endfacet
  facet normal 0.138364 0.91921 -0.368658
    outer loop
      vertex -3.35361 -4.58037 6.76475
      vertex -3.22742 -4.59908 6.76546
      vertex -6.09508 -6.88078 0
    endloop
  endfacet
  facet normal -6.72952e-05 -0.0377221 -0.999288
    outer loop
      vertex -4.01923 -4.22483 6.75134
      vertex -4.1049 -4.13037 6.74778
      vertex -4.18091 -4.02798 6.74392
    endloop
  endfacet
  facet normal -0.897422 -0.148902 -0.415285
    outer loop
      vertex 6.88078 6.09508 0
      vertex 4.39374 3.01666 6.47822
      vertex 4.37502 3.14276 6.47346
    endloop
  endfacet
  facet normal -0.436784 -0.748174 -0.499455
    outer loop
      vertex 6.37138 6.78192 0
      vertex 3.82224 3.96947 6.44228
      vertex 3.7128 4.03501 6.43981
    endloop
  endfacet
  facet normal -0.460216 0.767848 -0.445657
    outer loop
      vertex 6.45557 -6.73146 0
      vertex 6.37138 -6.78192 0
      vertex 3.7128 -4.45193 6.75991
    endloop
  endfacet
  facet normal -5.31116e-05 -0.0376904 -0.999289
    outer loop
      vertex -4.39999 2.88933 6.48302
      vertex -4.37502 3.14276 6.47346
      vertex -4.39999 -3.30625 6.7167
    endloop
  endfacet
  facet normal 0.924795 -0.0454709 -0.377738
    outer loop
      vertex -6.89517 5.99802 0
      vertex -4.39999 2.88933 6.48302
      vertex -6.89999 5.89999 0
    endloop
  endfacet
  facet normal -3.07702e-05 -0.0376873 -0.99929
    outer loop
      vertex -3.59747 4.08952 6.43775
      vertex -4.24649 -3.91862 6.73979
      vertex -4.34401 -3.68335 6.73092
    endloop
  endfacet
  facet normal -2.54384e-05 -0.0376897 -0.999289
    outer loop
      vertex 3.59747 -4.50645 6.76196
      vertex 3.3 0 6.592
      vertex 3.59747 4.08952 6.43775
    endloop
  endfacet
  facet normal -2.44618e-05 -0.0376896 -0.999289
    outer loop
      vertex 3.59747 -4.50645 6.76196
      vertex 3.28411 -0.323456 6.6042
      vertex 3.3 0 6.592
    endloop
  endfacet
  facet normal 2.20008e-05 -0.0376862 -0.99929
    outer loop
      vertex 3.59747 -4.50645 6.76196
      vertex 3.23659 -0.643798 6.61628
      vertex 3.28411 -0.323456 6.6042
    endloop
  endfacet
  facet normal -2.00311e-05 -0.0376901 -0.999289
    outer loop
      vertex 3.59747 -4.50645 6.76196
      vertex 3.1579 -0.957939 6.62813
      vertex 3.23659 -0.643798 6.61628
    endloop
  endfacet
  facet normal -3.13947e-06 -0.037688 -0.99929
    outer loop
      vertex 3.59747 -4.50645 6.76196
      vertex 3.0488 -1.26285 6.63963
      vertex 3.1579 -0.957939 6.62813
    endloop
  endfacet
  facet normal 6.53391e-06 -0.0376864 -0.99929
    outer loop
      vertex 3.59747 -4.50645 6.76196
      vertex 2.91034 -1.55561 6.65067
      vertex 3.0488 -1.26285 6.63963
    endloop
  endfacet
  facet normal 2.59707e-05 -0.0376819 -0.99929
    outer loop
      vertex 3.59747 -4.50645 6.76196
      vertex 2.74385 -1.83338 6.66114
      vertex 2.91034 -1.55561 6.65067
    endloop
  endfacet
  facet normal -3.28463e-05 -0.0377006 -0.999289
    outer loop
      vertex 3.59747 -4.50645 6.76196
      vertex 2.55093 -2.0935 6.67096
      vertex 2.74385 -1.83338 6.66114
    endloop
  endfacet
  facet normal -2.25066e-06 -0.0376874 -0.99929
    outer loop
      vertex 3.59747 -4.50645 6.76196
      vertex 2.33345 -2.33345 6.68001
      vertex 2.55093 -2.0935 6.67096
    endloop
  endfacet
  facet normal 4.87654e-06 -0.0376832 -0.99929
    outer loop
      vertex 3.59747 -4.50645 6.76196
      vertex 2.0935 -2.55093 6.68821
      vertex 2.33345 -2.33345 6.68001
    endloop
  endfacet
  facet normal -1.04275e-05 -0.037695 -0.999289
    outer loop
      vertex 3.59747 -4.50645 6.76196
      vertex 1.83338 -2.74385 6.69549
      vertex 2.0935 -2.55093 6.68821
    endloop
  endfacet
  facet normal 1.92488e-05 -0.0376653 -0.99929
    outer loop
      vertex 3.59747 -4.50645 6.76196
      vertex 1.55561 -2.91034 6.70176
      vertex 1.83338 -2.74385 6.69549
    endloop
  endfacet
  facet normal -1.64728e-05 -0.0377109 -0.999289
    outer loop
      vertex 3.59747 -4.50645 6.76196
      vertex 1.26285 -3.0488 6.70699
      vertex 1.55561 -2.91034 6.70176
    endloop
  endfacet
  facet normal 8.98369e-06 -0.0376702 -0.99929
    outer loop
      vertex 3.59747 -4.50645 6.76196
      vertex 0.957939 -3.1579 6.7111
      vertex 1.26285 -3.0488 6.70699
    endloop
  endfacet
  facet normal -4.78024e-06 -0.0376971 -0.999289
    outer loop
      vertex 3.59747 -4.50645 6.76196
      vertex 0.643798 -3.23659 6.71407
      vertex 0.957939 -3.1579 6.7111
    endloop
  endfacet
  facet normal 4.90086e-06 -0.0376746 -0.99929
    outer loop
      vertex 3.59747 -4.50645 6.76196
      vertex 0.323456 -3.28411 6.71586
      vertex 0.643798 -3.23659 6.71407
    endloop
  endfacet
  facet normal -1.95437e-06 -0.037693 -0.999289
    outer loop
      vertex 3.59747 -4.50645 6.76196
      vertex 0 -3.3 6.71646
      vertex 0.323456 -3.28411 6.71586
    endloop
  endfacet
  facet normal 0 -0.0376872 -0.99929
    outer loop
      vertex -3.59747 -4.50645 6.76196
      vertex 0 -3.3 6.71646
      vertex 3.59747 -4.50645 6.76196
    endloop
  endfacet
  facet normal 1.95437e-06 -0.037693 -0.999289
    outer loop
      vertex 0 -3.3 6.71646
      vertex -3.59747 -4.50645 6.76196
      vertex -0.323456 -3.28411 6.71586
    endloop
  endfacet
  facet normal -4.90086e-06 -0.0376746 -0.99929
    outer loop
      vertex -0.323456 -3.28411 6.71586
      vertex -3.59747 -4.50645 6.76196
      vertex -0.643798 -3.23659 6.71407
    endloop
  endfacet
  facet normal 2.44618e-05 -0.0376896 -0.999289
    outer loop
      vertex -3.28411 -0.323456 6.6042
      vertex -3.59747 -4.50645 6.76196
      vertex -3.3 0 6.592
    endloop
  endfacet
  facet normal -2.20008e-05 -0.0376862 -0.99929
    outer loop
      vertex -3.23659 -0.643798 6.61628
      vertex -3.59747 -4.50645 6.76196
      vertex -3.28411 -0.323456 6.6042
    endloop
  endfacet
  facet normal 2.00311e-05 -0.0376901 -0.999289
    outer loop
      vertex -3.1579 -0.957939 6.62813
      vertex -3.59747 -4.50645 6.76196
      vertex -3.23659 -0.643798 6.61628
    endloop
  endfacet
  facet normal 3.13947e-06 -0.037688 -0.99929
    outer loop
      vertex -3.0488 -1.26285 6.63963
      vertex -3.59747 -4.50645 6.76196
      vertex -3.1579 -0.957939 6.62813
    endloop
  endfacet
  facet normal -6.53391e-06 -0.0376864 -0.99929
    outer loop
      vertex -2.91034 -1.55561 6.65067
      vertex -3.59747 -4.50645 6.76196
      vertex -3.0488 -1.26285 6.63963
    endloop
  endfacet
  facet normal -2.59707e-05 -0.0376819 -0.99929
    outer loop
      vertex -2.74385 -1.83338 6.66114
      vertex -3.59747 -4.50645 6.76196
      vertex -2.91034 -1.55561 6.65067
    endloop
  endfacet
  facet normal 3.28463e-05 -0.0377006 -0.999289
    outer loop
      vertex -2.55093 -2.0935 6.67096
      vertex -3.59747 -4.50645 6.76196
      vertex -2.74385 -1.83338 6.66114
    endloop
  endfacet
  facet normal 2.25066e-06 -0.0376874 -0.99929
    outer loop
      vertex -2.33345 -2.33345 6.68001
      vertex -3.59747 -4.50645 6.76196
      vertex -2.55093 -2.0935 6.67096
    endloop
  endfacet
  facet normal -4.87654e-06 -0.0376832 -0.99929
    outer loop
      vertex -2.0935 -2.55093 6.68821
      vertex -3.59747 -4.50645 6.76196
      vertex -2.33345 -2.33345 6.68001
    endloop
  endfacet
  facet normal 1.04275e-05 -0.037695 -0.999289
    outer loop
      vertex -1.83338 -2.74385 6.69549
      vertex -3.59747 -4.50645 6.76196
      vertex -2.0935 -2.55093 6.68821
    endloop
  endfacet
  facet normal -1.92488e-05 -0.0376653 -0.99929
    outer loop
      vertex -1.55561 -2.91034 6.70176
      vertex -3.59747 -4.50645 6.76196
      vertex -1.83338 -2.74385 6.69549
    endloop
  endfacet
  facet normal 1.64728e-05 -0.0377109 -0.999289
    outer loop
      vertex -1.26285 -3.0488 6.70699
      vertex -3.59747 -4.50645 6.76196
      vertex -1.55561 -2.91034 6.70176
    endloop
  endfacet
  facet normal -8.98369e-06 -0.0376702 -0.99929
    outer loop
      vertex -0.957939 -3.1579 6.7111
      vertex -3.59747 -4.50645 6.76196
      vertex -1.26285 -3.0488 6.70699
    endloop
  endfacet
  facet normal 4.78024e-06 -0.0376971 -0.999289
    outer loop
      vertex -0.643798 -3.23659 6.71407
      vertex -3.59747 -4.50645 6.76196
      vertex -0.957939 -3.1579 6.7111
    endloop
  endfacet
  facet normal -5.85188e-06 -0.0376911 -0.999289
    outer loop
      vertex 3.28411 0.323456 6.5798
      vertex 3.59747 4.08952 6.43775
      vertex 3.3 0 6.592
    endloop
  endfacet
  facet normal 9.70603e-05 -0.0376997 -0.999289
    outer loop
      vertex 3.23659 0.643798 6.56771
      vertex 3.59747 4.08952 6.43775
      vertex 3.28411 0.323456 6.5798
    endloop
  endfacet
  facet normal 1.57006e-05 -0.0376912 -0.999289
    outer loop
      vertex 3.1579 0.957939 6.55586
      vertex 3.59747 4.08952 6.43775
      vertex 3.23659 0.643798 6.56771
    endloop
  endfacet
  facet normal 3.01015e-07 -0.037689 -0.99929
    outer loop
      vertex 3.0488 1.26285 6.54436
      vertex 3.59747 4.08952 6.43775
      vertex 3.1579 0.957939 6.55586
    endloop
  endfacet
  facet normal -8.52061e-06 -0.0376873 -0.99929
    outer loop
      vertex 2.91034 1.55561 6.53332
      vertex 3.59747 4.08952 6.43775
      vertex 3.0488 1.26285 6.54436
    endloop
  endfacet
  facet normal -2.68134e-05 -0.0376824 -0.99929
    outer loop
      vertex 2.74385 1.83338 6.52285
      vertex 3.59747 4.08952 6.43775
      vertex 2.91034 1.55561 6.53332
    endloop
  endfacet
  facet normal 2.90115e-05 -0.0377034 -0.999289
    outer loop
      vertex 2.55093 2.0935 6.51303
      vertex 3.59747 4.08952 6.43775
      vertex 2.74385 1.83338 6.52285
    endloop
  endfacet
  facet normal 7.9481e-07 -0.0376887 -0.99929
    outer loop
      vertex 2.33345 2.33345 6.50398
      vertex 3.59747 4.08952 6.43775
      vertex 2.55093 2.0935 6.51303
    endloop
  endfacet
  facet normal -5.6352e-06 -0.0376841 -0.99929
    outer loop
      vertex 2.0935 2.55093 6.49578
      vertex 3.59747 4.08952 6.43775
      vertex 2.33345 2.33345 6.50398
    endloop
  endfacet
  facet normal -1.38934e-05 -0.037676 -0.99929
    outer loop
      vertex 1.83338 2.74385 6.48851
      vertex 3.59747 4.08952 6.43775
      vertex 2.0935 2.55093 6.49578
    endloop
  endfacet
  facet normal -3.36545e-07 -0.0376937 -0.999289
    outer loop
      vertex 1.55561 2.91034 6.48223
      vertex 3.59747 4.08952 6.43775
      vertex 1.83338 2.74385 6.48851
    endloop
  endfacet
  facet normal 1.33846e-05 -0.0377175 -0.999288
    outer loop
      vertex 1.26285 3.0488 6.477
      vertex 3.59747 4.08952 6.43775
      vertex 1.55561 2.91034 6.48223
    endloop
  endfacet
  facet normal -8.41276e-06 -0.0376686 -0.99929
    outer loop
      vertex 0.957939 3.1579 6.47289
      vertex 3.59747 4.08952 6.43775
      vertex 1.26285 3.0488 6.477
    endloop
  endfacet
  facet normal 3.48458e-06 -0.0377023 -0.999289
    outer loop
      vertex 0.643798 3.23659 6.46992
      vertex 3.59747 4.08952 6.43775
      vertex 0.957939 3.1579 6.47289
    endloop
  endfacet
  facet normal -4.76875e-06 -0.0376738 -0.99929
    outer loop
      vertex 0.323456 3.28411 6.46813
      vertex 3.59747 4.08952 6.43775
      vertex 0.643798 3.23659 6.46992
    endloop
  endfacet
  facet normal 1.6236e-06 -0.0376997 -0.999289
    outer loop
      vertex 0 3.3 6.46753
      vertex 3.59747 4.08952 6.43775
      vertex 0.323456 3.28411 6.46813
    endloop
  endfacet
  facet normal -1.6236e-06 -0.0376997 -0.999289
    outer loop
      vertex -3.59747 4.08952 6.43775
      vertex 0 3.3 6.46753
      vertex -0.323456 3.28411 6.46813
    endloop
  endfacet
  facet normal 4.76875e-06 -0.0376738 -0.99929
    outer loop
      vertex -3.59747 4.08952 6.43775
      vertex -0.323456 3.28411 6.46813
      vertex -0.643798 3.23659 6.46992
    endloop
  endfacet
  facet normal 2.54384e-05 -0.0376897 -0.999289
    outer loop
      vertex -3.59747 4.08952 6.43775
      vertex -3.3 0 6.592
      vertex -3.59747 -4.50645 6.76196
    endloop
  endfacet
  facet normal 0 -0.0376923 -0.999289
    outer loop
      vertex 0 3.3 6.46753
      vertex -3.59747 4.08952 6.43775
      vertex 3.59747 4.08952 6.43775
    endloop
  endfacet
  facet normal -3.48458e-06 -0.0377023 -0.999289
    outer loop
      vertex -0.957939 3.1579 6.47289
      vertex -3.59747 4.08952 6.43775
      vertex -0.643798 3.23659 6.46992
    endloop
  endfacet
  facet normal 8.41276e-06 -0.0376686 -0.99929
    outer loop
      vertex -1.26285 3.0488 6.477
      vertex -3.59747 4.08952 6.43775
      vertex -0.957939 3.1579 6.47289
    endloop
  endfacet
  facet normal -1.33846e-05 -0.0377175 -0.999288
    outer loop
      vertex -1.55561 2.91034 6.48223
      vertex -3.59747 4.08952 6.43775
      vertex -1.26285 3.0488 6.477
    endloop
  endfacet
  facet normal 3.36545e-07 -0.0376937 -0.999289
    outer loop
      vertex -1.83338 2.74385 6.48851
      vertex -3.59747 4.08952 6.43775
      vertex -1.55561 2.91034 6.48223
    endloop
  endfacet
  facet normal 1.38934e-05 -0.037676 -0.99929
    outer loop
      vertex -2.0935 2.55093 6.49578
      vertex -3.59747 4.08952 6.43775
      vertex -1.83338 2.74385 6.48851
    endloop
  endfacet
  facet normal 5.6352e-06 -0.0376841 -0.99929
    outer loop
      vertex -2.33345 2.33345 6.50398
      vertex -3.59747 4.08952 6.43775
      vertex -2.0935 2.55093 6.49578
    endloop
  endfacet
  facet normal -7.9481e-07 -0.0376887 -0.99929
    outer loop
      vertex -2.55093 2.0935 6.51303
      vertex -3.59747 4.08952 6.43775
      vertex -2.33345 2.33345 6.50398
    endloop
  endfacet
  facet normal -2.90115e-05 -0.0377034 -0.999289
    outer loop
      vertex -2.74385 1.83338 6.52285
      vertex -3.59747 4.08952 6.43775
      vertex -2.55093 2.0935 6.51303
    endloop
  endfacet
  facet normal 2.68134e-05 -0.0376824 -0.99929
    outer loop
      vertex -2.91034 1.55561 6.53332
      vertex -3.59747 4.08952 6.43775
      vertex -2.74385 1.83338 6.52285
    endloop
  endfacet
  facet normal 8.52061e-06 -0.0376873 -0.99929
    outer loop
      vertex -3.0488 1.26285 6.54436
      vertex -3.59747 4.08952 6.43775
      vertex -2.91034 1.55561 6.53332
    endloop
  endfacet
  facet normal -3.01015e-07 -0.037689 -0.99929
    outer loop
      vertex -3.1579 0.957939 6.55586
      vertex -3.59747 4.08952 6.43775
      vertex -3.0488 1.26285 6.54436
    endloop
  endfacet
  facet normal -1.57006e-05 -0.0376912 -0.999289
    outer loop
      vertex -3.23659 0.643798 6.56771
      vertex -3.59747 4.08952 6.43775
      vertex -3.1579 0.957939 6.55586
    endloop
  endfacet
  facet normal -9.70603e-05 -0.0376997 -0.999289
    outer loop
      vertex -3.28411 0.323456 6.5798
      vertex -3.59747 4.08952 6.43775
      vertex -3.23659 0.643798 6.56771
    endloop
  endfacet
  facet normal 5.85188e-06 -0.0376911 -0.999289
    outer loop
      vertex -3.3 0 6.592
      vertex -3.59747 4.08952 6.43775
      vertex -3.28411 0.323456 6.5798
    endloop
  endfacet
  facet normal 4.24711e-05 -0.0377367 -0.999288
    outer loop
      vertex 4.18091 -4.02798 6.74392
      vertex 3.82224 -4.3864 6.75744
      vertex 3.7128 -4.45193 6.75991
    endloop
  endfacet
  facet normal 0.902248 -0.133766 -0.409945
    outer loop
      vertex -6.88078 6.09508 0
      vertex -4.39374 3.01666 6.47822
      vertex -6.89517 5.99802 0
    endloop
  endfacet
  facet normal 0.538223 0.708861 -0.455886
    outer loop
      vertex -3.9247 -4.31045 6.75457
      vertex -3.82224 -4.3864 6.75744
      vertex -6.53439 -6.673 0
    endloop
  endfacet
  facet normal -0.578099 -0.637839 -0.508885
    outer loop
      vertex 6.53439 6.673 0
      vertex 6.6071 6.6071 0
      vertex 4.01923 3.80791 6.44837
    endloop
  endfacet
  facet normal 0.604341 0.649842 -0.460953
    outer loop
      vertex -4.01923 -4.22483 6.75134
      vertex -3.9247 -4.31045 6.75457
      vertex -6.6071 -6.6071 0
    endloop
  endfacet
  facet normal 0.856026 0.29031 -0.427714
    outer loop
      vertex -4.34401 -3.68335 6.73092
      vertex -4.30104 -3.80338 6.73545
      vertex -6.85693 -6.19028 0
    endloop
  endfacet
  facet normal -0.310991 0.854385 -0.416306
    outer loop
      vertex 3.59747 -4.50645 6.76196
      vertex 6.28268 -6.82387 0
      vertex 3.47736 -4.54938 6.76358
    endloop
  endfacet
  facet normal -0.290687 -0.830991 -0.474294
    outer loop
      vertex 6.19028 6.85693 0
      vertex 3.59747 4.08952 6.43775
      vertex 3.47736 4.13246 6.43613
    endloop
  endfacet
  facet normal 0.930777 -0.0137791 -0.365328
    outer loop
      vertex -4.39999 2.88933 6.48302
      vertex -4.39999 -3.30625 6.7167
      vertex -6.89999 5.89999 0
    endloop
  endfacet
  facet normal 0.883703 0.22139 -0.412378
    outer loop
      vertex -4.34401 -3.68335 6.73092
      vertex -6.85693 -6.19028 0
      vertex -6.88078 -6.09508 0
    endloop
  endfacet
  facet normal -0.764271 0.458072 -0.453938
    outer loop
      vertex 6.78192 -6.37138 0
      vertex 6.73146 -6.45557 0
      vertex 4.18091 -4.02798 6.74392
    endloop
  endfacet
  facet normal -0.86595 -0.233848 -0.442092
    outer loop
      vertex 6.85693 6.19028 0
      vertex 4.37502 3.14276 6.47346
      vertex 4.34401 3.26642 6.46879
    endloop
  endfacet
  facet normal -0.226709 0.890396 -0.394713
    outer loop
      vertex 3.47736 -4.54938 6.76358
      vertex 6.19028 -6.85693 0
      vertex 3.35361 -4.58037 6.76475
    endloop
  endfacet
  facet normal -3.27489e-05 -0.0376088 -0.999293
    outer loop
      vertex -3.47736 4.13246 6.43613
      vertex -3.35361 4.16344 6.43496
      vertex -3.59747 4.08952 6.43775
    endloop
  endfacet
  facet normal 5.31116e-05 -0.0376904 -0.999289
    outer loop
      vertex 4.39999 2.88933 6.48302
      vertex 4.39999 -3.30625 6.7167
      vertex 4.37502 3.14276 6.47346
    endloop
  endfacet
  facet normal -0.872339 -0.218543 -0.437337
    outer loop
      vertex 6.85693 6.19028 0
      vertex 6.88078 6.09508 0
      vertex 4.37502 3.14276 6.47346
    endloop
  endfacet
  facet normal -0.538223 0.708861 -0.455886
    outer loop
      vertex 3.9247 -4.31045 6.75457
      vertex 6.53439 -6.673 0
      vertex 3.82224 -4.3864 6.75744
    endloop
  endfacet
  facet normal -0.000257749 -0.0374138 -0.9993
    outer loop
      vertex 4.01923 -4.22483 6.75134
      vertex 3.9247 -4.31045 6.75457
      vertex 3.82224 -4.3864 6.75744
    endloop
  endfacet
  facet normal -0.00100264 -0.037989 -0.999278
    outer loop
      vertex 4.34401 3.26642 6.46879
      vertex 4.37502 3.14276 6.47346
      vertex 4.30104 3.38645 6.46427
    endloop
  endfacet
  facet normal 0.000257749 -0.0374138 -0.9993
    outer loop
      vertex -3.82224 -4.3864 6.75744
      vertex -3.9247 -4.31045 6.75457
      vertex -4.01923 -4.22483 6.75134
    endloop
  endfacet
  facet normal -0.628448 -0.589111 -0.507938
    outer loop
      vertex 6.6071 6.6071 0
      vertex 4.1049 3.71345 6.45193
      vertex 4.01923 3.80791 6.44837
    endloop
  endfacet
  facet normal 1.38089e-06 -0.0376897 -0.999289
    outer loop
      vertex 3.59747 4.08952 6.43775
      vertex 4.24649 -3.91862 6.73979
      vertex 3.59747 -4.50645 6.76196
    endloop
  endfacet
  facet normal -0.216219 -0.863061 -0.456481
    outer loop
      vertex 6.09508 6.88078 0
      vertex 6.19028 6.85693 0
      vertex 3.47736 4.13246 6.43613
    endloop
  endfacet
  facet normal 0 -0.921506 -0.388363
    outer loop
      vertex -5.89999 6.89999 0
      vertex 3.09999 4.18841 6.43402
      vertex -3.09999 4.18841 6.43402
    endloop
  endfacet
  facet normal 0 -0.921506 -0.388363
    outer loop
      vertex 3.09999 4.18841 6.43402
      vertex -5.89999 6.89999 0
      vertex 5.89999 6.89999 0
    endloop
  endfacet
  facet normal 0.888561 0.207403 -0.409198
    outer loop
      vertex -4.37502 -3.55969 6.72626
      vertex -4.34401 -3.68335 6.73092
      vertex -6.88078 -6.09508 0
    endloop
  endfacet
  facet normal 0.872339 -0.218543 -0.437337
    outer loop
      vertex -6.85693 6.19028 0
      vertex -4.37502 3.14276 6.47346
      vertex -6.88078 6.09508 0
    endloop
  endfacet
  facet normal 0.000145508 -0.0376605 -0.999291
    outer loop
      vertex -4.34401 -3.68335 6.73092
      vertex -4.39374 -3.43359 6.7215
      vertex -4.39999 -3.30625 6.7167
    endloop
  endfacet
  facet normal 0.937187 0 -0.348827
    outer loop
      vertex -6.89999 5.89999 0
      vertex -4.39999 -3.30625 6.7167
      vertex -6.89999 -5.89999 0
    endloop
  endfacet
  facet normal -7.02838e-05 -0.037447 -0.999299
    outer loop
      vertex 3.47736 -4.54938 6.76358
      vertex 3.35361 -4.58037 6.76475
      vertex 3.22742 -4.59908 6.76546
    endloop
  endfacet
  facet normal 0 -0.0367751 -0.999324
    outer loop
      vertex -3.09999 -4.60533 6.76569
      vertex 3.22742 -4.59908 6.76546
      vertex 3.09999 -4.60533 6.76569
    endloop
  endfacet
  facet normal -0 -0.0367751 -0.999324
    outer loop
      vertex 3.22742 -4.59908 6.76546
      vertex -3.09999 -4.60533 6.76569
      vertex -3.22742 -4.59908 6.76546
    endloop
  endfacet
  facet normal -0.306474 0.856569 -0.415167
    outer loop
      vertex 6.28268 -6.82387 0
      vertex 6.19028 -6.85693 0
      vertex 3.47736 -4.54938 6.76358
    endloop
  endfacet
  facet normal 1.43281e-05 -0.0377639 -0.999287
    outer loop
      vertex -3.35361 4.16344 6.43496
      vertex -3.09999 4.18841 6.43402
      vertex -3.59747 4.08952 6.43775
    endloop
  endfacet
  facet normal 0 -0.0376919 -0.999289
    outer loop
      vertex 3.59747 4.08952 6.43775
      vertex -3.09999 4.18841 6.43402
      vertex 3.09999 4.18841 6.43402
    endloop
  endfacet
  facet normal 0 -0.0376919 -0.999289
    outer loop
      vertex -3.09999 4.18841 6.43402
      vertex 3.59747 4.08952 6.43775
      vertex -3.59747 4.08952 6.43775
    endloop
  endfacet
  facet normal 0.000152845 -0.0375416 -0.999295
    outer loop
      vertex -3.82224 -4.3864 6.75744
      vertex -4.01923 -4.22483 6.75134
      vertex -4.18091 -4.02798 6.74392
    endloop
  endfacet
  facet normal 0.0462199 0.940029 -0.33795
    outer loop
      vertex -3.09999 -4.60533 6.76569
      vertex -5.89999 -6.89999 0
      vertex -5.99802 -6.89517 0
    endloop
  endfacet
  facet normal 0.136364 0.919772 -0.368
    outer loop
      vertex -3.22742 -4.59908 6.76546
      vertex -5.99802 -6.89517 0
      vertex -6.09508 -6.88078 0
    endloop
  endfacet
  facet normal -0.665496 0.586152 -0.462105
    outer loop
      vertex 4.1049 -4.13037 6.74778
      vertex 6.673 -6.53439 0
      vertex 4.01923 -4.22483 6.75134
    endloop
  endfacet
  facet normal -0.000152845 -0.0375416 -0.999295
    outer loop
      vertex 4.18091 -4.02798 6.74392
      vertex 4.01923 -4.22483 6.75134
      vertex 3.82224 -4.3864 6.75744
    endloop
  endfacet
  facet normal -0.604341 0.649842 -0.460953
    outer loop
      vertex 4.01923 -4.22483 6.75134
      vertex 6.6071 -6.6071 0
      vertex 3.9247 -4.31045 6.75457
    endloop
  endfacet
  facet normal -0.721402 0.51822 -0.459377
    outer loop
      vertex 4.18091 -4.02798 6.74392
      vertex 6.73146 -6.45557 0
      vertex 4.1049 -4.13037 6.74778
    endloop
  endfacet
  facet normal -0.937187 -0 -0.348827
    outer loop
      vertex 6.89999 5.89999 0
      vertex 6.89999 -5.89999 0
      vertex 4.39999 -3.30625 6.7167
    endloop
  endfacet
  facet normal -0.684713 -0.527317 -0.503096
    outer loop
      vertex 6.673 6.53439 0
      vertex 4.18091 3.61106 6.4558
      vertex 4.1049 3.71345 6.45193
    endloop
  endfacet
  facet normal -0.000145508 -0.0376605 -0.999291
    outer loop
      vertex 4.39999 -3.30625 6.7167
      vertex 4.39374 -3.43359 6.7215
      vertex 4.34401 -3.68335 6.73092
    endloop
  endfacet
  facet normal -0.81699 0.370075 -0.442235
    outer loop
      vertex 4.30104 -3.80338 6.73545
      vertex 6.82387 -6.28268 0
      vertex 4.24649 -3.91862 6.73979
    endloop
  endfacet
  facet normal 0.665496 0.586152 -0.462105
    outer loop
      vertex -4.1049 -4.13037 6.74778
      vertex -4.01923 -4.22483 6.75134
      vertex -6.673 -6.53439 0
    endloop
  endfacet
  facet normal 8.08399e-07 -0.0376779 -0.99929
    outer loop
      vertex 3.9247 3.89353 6.44514
      vertex 4.1049 3.71345 6.45193
      vertex 3.59747 4.08952 6.43775
    endloop
  endfacet
  facet normal -0.638566 -0.578758 -0.50722
    outer loop
      vertex 6.6071 6.6071 0
      vertex 6.673 6.53439 0
      vertex 4.1049 3.71345 6.45193
    endloop
  endfacet
  facet normal -0.132204 -0.891709 -0.432871
    outer loop
      vertex 5.99802 6.89517 0
      vertex 6.09508 6.88078 0
      vertex 3.35361 4.16344 6.43496
    endloop
  endfacet
  facet normal -0.129912 -0.892367 -0.432209
    outer loop
      vertex 5.99802 6.89517 0
      vertex 3.35361 4.16344 6.43496
      vertex 3.22742 4.18215 6.43426
    endloop
  endfacet
  facet normal 0.910777 0.135031 -0.390194
    outer loop
      vertex -4.37502 -3.55969 6.72626
      vertex -6.88078 -6.09508 0
      vertex -6.89517 -5.99802 0
    endloop
  endfacet
  facet normal -0.513616 -0.692495 -0.506606
    outer loop
      vertex 6.45557 6.73146 0
      vertex 6.53439 6.673 0
      vertex 3.9247 3.89353 6.44514
    endloop
  endfacet
  facet normal -5.63315e-05 -0.0376904 -0.999289
    outer loop
      vertex -4.37502 3.14276 6.47346
      vertex -4.34401 -3.68335 6.73092
      vertex -4.39999 -3.30625 6.7167
    endloop
  endfacet
  facet normal -6.79473e-05 -0.0369294 -0.999318
    outer loop
      vertex -3.22742 4.18215 6.43426
      vertex -3.09999 4.18841 6.43402
      vertex -3.35361 4.16344 6.43496
    endloop
  endfacet
  facet normal 0.044119 -0.913593 -0.404229
    outer loop
      vertex -3.09999 4.18841 6.43402
      vertex -3.22742 4.18215 6.43426
      vertex -5.89999 6.89999 0
    endloop
  endfacet
  facet normal 6.79473e-05 -0.0369294 -0.999318
    outer loop
      vertex 3.22742 4.18215 6.43426
      vertex 3.35361 4.16344 6.43496
      vertex 3.09999 4.18841 6.43402
    endloop
  endfacet
  facet normal -1.43281e-05 -0.0377639 -0.999287
    outer loop
      vertex 3.35361 4.16344 6.43496
      vertex 3.59747 4.08952 6.43775
      vertex 3.09999 4.18841 6.43402
    endloop
  endfacet
  facet normal -0.466996 0.763077 -0.446799
    outer loop
      vertex 3.82224 -4.3864 6.75744
      vertex 6.45557 -6.73146 0
      vertex 3.7128 -4.45193 6.75991
    endloop
  endfacet
  facet normal 0.000114466 -0.0378161 -0.999285
    outer loop
      vertex 4.18091 -4.02798 6.74392
      vertex 3.7128 -4.45193 6.75991
      vertex 3.59747 -4.50645 6.76196
    endloop
  endfacet
  facet normal -0.772124 0.445922 -0.452745
    outer loop
      vertex 4.24649 -3.91862 6.73979
      vertex 6.78192 -6.37138 0
      vertex 4.18091 -4.02798 6.74392
    endloop
  endfacet
  facet normal 0.932569 0.0322186 -0.35955
    outer loop
      vertex -4.39999 -3.30625 6.7167
      vertex -4.39374 -3.43359 6.7215
      vertex -6.89999 -5.89999 0
    endloop
  endfacet
  facet normal -1.41524e-06 -0.0376902 -0.999289
    outer loop
      vertex -3.59747 4.08952 6.43775
      vertex -4.34401 -3.68335 6.73092
      vertex -4.37502 3.14276 6.47346
    endloop
  endfacet
  facet normal 0.466996 0.763077 -0.446799
    outer loop
      vertex -3.82224 -4.3864 6.75744
      vertex -3.7128 -4.45193 6.75991
      vertex -6.45557 -6.73146 0
    endloop
  endfacet
  facet normal -1.38089e-06 -0.0376897 -0.999289
    outer loop
      vertex -3.59747 4.08952 6.43775
      vertex -3.59747 -4.50645 6.76196
      vertex -4.24649 -3.91862 6.73979
    endloop
  endfacet
  facet normal 0.596151 0.657756 -0.460392
    outer loop
      vertex -3.9247 -4.31045 6.75457
      vertex -6.53439 -6.673 0
      vertex -6.6071 -6.6071 0
    endloop
  endfacet
  facet normal -0.138364 0.91921 -0.368658
    outer loop
      vertex 3.35361 -4.58037 6.76475
      vertex 6.09508 -6.88078 0
      vertex 3.22742 -4.59908 6.76546
    endloop
  endfacet
  facet normal -0.136364 0.919772 -0.368
    outer loop
      vertex 6.09508 -6.88078 0
      vertex 5.99802 -6.89517 0
      vertex 3.22742 -4.59908 6.76546
    endloop
  endfacet
  facet normal -0.888561 0.207403 -0.409198
    outer loop
      vertex 4.37502 -3.55969 6.72626
      vertex 6.88078 -6.09508 0
      vertex 4.34401 -3.68335 6.73092
    endloop
  endfacet
  facet normal -0.883703 0.22139 -0.412378
    outer loop
      vertex 6.88078 -6.09508 0
      vertex 6.85693 -6.19028 0
      vertex 4.34401 -3.68335 6.73092
    endloop
  endfacet
  facet normal 0.0467111 0.93994 -0.33813
    outer loop
      vertex -3.22742 -4.59908 6.76546
      vertex -3.09999 -4.60533 6.76569
      vertex -5.99802 -6.89517 0
    endloop
  endfacet
  facet normal 6.72952e-05 -0.0377221 -0.999288
    outer loop
      vertex 4.18091 -4.02798 6.74392
      vertex 4.1049 -4.13037 6.74778
      vertex 4.01923 -4.22483 6.75134
    endloop
  endfacet
  facet normal 8.48592e-05 -0.0376593 -0.999291
    outer loop
      vertex 4.30104 3.38645 6.46427
      vertex 4.37502 3.14276 6.47346
      vertex 4.1049 3.71345 6.45193
    endloop
  endfacet
  facet normal -2.34029e-05 -0.0377105 -0.999289
    outer loop
      vertex 4.1049 3.71345 6.45193
      vertex 4.37502 3.14276 6.47346
      vertex 3.59747 4.08952 6.43775
    endloop
  endfacet
  facet normal -0.746775 -0.447586 -0.491929
    outer loop
      vertex 6.73146 6.45557 0
      vertex 6.78192 6.37138 0
      vertex 4.24649 3.5017 6.45992
    endloop
  endfacet
  facet normal -0.737207 -0.460702 -0.494246
    outer loop
      vertex 6.73146 6.45557 0
      vertex 4.24649 3.5017 6.45992
      vertex 4.18091 3.61106 6.4558
    endloop
  endfacet
  facet normal -0.856026 0.29031 -0.427714
    outer loop
      vertex 4.34401 -3.68335 6.73092
      vertex 6.85693 -6.19028 0
      vertex 4.30104 -3.80338 6.73545
    endloop
  endfacet
  facet normal 9.94357e-05 -0.0377978 -0.999285
    outer loop
      vertex 4.24649 -3.91862 6.73979
      vertex 4.18091 -4.02798 6.74392
      vertex 3.59747 -4.50645 6.76196
    endloop
  endfacet
  facet normal 0.638566 -0.578758 -0.50722
    outer loop
      vertex -6.6071 6.6071 0
      vertex -4.1049 3.71345 6.45193
      vertex -6.673 6.53439 0
    endloop
  endfacet
  facet normal 0.226709 0.890396 -0.394713
    outer loop
      vertex -3.47736 -4.54938 6.76358
      vertex -3.35361 -4.58037 6.76475
      vertex -6.19028 -6.85693 0
    endloop
  endfacet
  facet normal 0.657122 0.595577 -0.462037
    outer loop
      vertex -4.01923 -4.22483 6.75134
      vertex -6.6071 -6.6071 0
      vertex -6.673 -6.53439 0
    endloop
  endfacet
  facet normal -0.568254 -0.646588 -0.508932
    outer loop
      vertex 6.53439 6.673 0
      vertex 4.01923 3.80791 6.44837
      vertex 3.9247 3.89353 6.44514
    endloop
  endfacet
  facet normal 0.000187168 -0.0374917 -0.999297
    outer loop
      vertex 4.01923 3.80791 6.44837
      vertex 4.1049 3.71345 6.45193
      vertex 3.9247 3.89353 6.44514
    endloop
  endfacet
  facet normal -0.296369 -0.828327 -0.475437
    outer loop
      vertex 6.19028 6.85693 0
      vertex 6.28268 6.82387 0
      vertex 3.59747 4.08952 6.43775
    endloop
  endfacet
  facet normal 0.897422 -0.148902 -0.415285
    outer loop
      vertex -4.37502 3.14276 6.47346
      vertex -4.39374 3.01666 6.47822
      vertex -6.88078 6.09508 0
    endloop
  endfacet
  facet normal -0.785124 -0.38978 -0.481302
    outer loop
      vertex 6.78192 6.37138 0
      vertex 4.30104 3.38645 6.46427
      vertex 4.24649 3.5017 6.45992
    endloop
  endfacet
  facet normal 0.764271 0.458072 -0.453938
    outer loop
      vertex -4.18091 -4.02798 6.74392
      vertex -6.73146 -6.45557 0
      vertex -6.78192 -6.37138 0
    endloop
  endfacet
  facet normal 0.385498 0.815104 -0.432431
    outer loop
      vertex -3.59747 -4.50645 6.76196
      vertex -6.28268 -6.82387 0
      vertex -6.37138 -6.78192 0
    endloop
  endfacet
  facet normal 0.793981 -0.375507 -0.47811
    outer loop
      vertex -6.78192 6.37138 0
      vertex -4.30104 3.38645 6.46427
      vertex -6.82387 6.28268 0
    endloop
  endfacet
  facet normal 0.223384 0.891663 -0.393746
    outer loop
      vertex -3.35361 -4.58037 6.76475
      vertex -6.09508 -6.88078 0
      vertex -6.19028 -6.85693 0
    endloop
  endfacet
  facet normal 0.212141 -0.864601 -0.455479
    outer loop
      vertex -3.35361 4.16344 6.43496
      vertex -3.47736 4.13246 6.43613
      vertex -6.09508 6.88078 0
    endloop
  endfacet
  facet normal -0.000507821 -0.0376457 -0.999291
    outer loop
      vertex -4.39374 3.01666 6.47822
      vertex -4.37502 3.14276 6.47346
      vertex -4.39999 2.88933 6.48302
    endloop
  endfacet
  facet normal 0.785124 -0.38978 -0.481302
    outer loop
      vertex -4.24649 3.5017 6.45992
      vertex -4.30104 3.38645 6.46427
      vertex -6.78192 6.37138 0
    endloop
  endfacet
  facet normal 2.34029e-05 -0.0377105 -0.999289
    outer loop
      vertex -4.1049 3.71345 6.45193
      vertex -3.59747 4.08952 6.43775
      vertex -4.37502 3.14276 6.47346
    endloop
  endfacet
  facet normal -0.212141 -0.864601 -0.455479
    outer loop
      vertex 6.09508 6.88078 0
      vertex 3.47736 4.13246 6.43613
      vertex 3.35361 4.16344 6.43496
    endloop
  endfacet
  facet normal 3.27489e-05 -0.0376088 -0.999293
    outer loop
      vertex 3.47736 4.13246 6.43613
      vertex 3.59747 4.08952 6.43775
      vertex 3.35361 4.16344 6.43496
    endloop
  endfacet
  facet normal -0.0449125 -0.913438 -0.404492
    outer loop
      vertex 5.89999 6.89999 0
      vertex 5.99802 6.89517 0
      vertex 3.22742 4.18215 6.43426
    endloop
  endfacet
  facet normal -0.044119 -0.913593 -0.404229
    outer loop
      vertex 5.89999 6.89999 0
      vertex 3.22742 4.18215 6.43426
      vertex 3.09999 4.18841 6.43402
    endloop
  endfacet
  facet normal 0 0.947015 -0.321191
    outer loop
      vertex 5.89999 -6.89999 0
      vertex -3.09999 -4.60533 6.76569
      vertex 3.09999 -4.60533 6.76569
    endloop
  endfacet
  facet normal 0 0.947015 -0.321191
    outer loop
      vertex -3.09999 -4.60533 6.76569
      vertex 5.89999 -6.89999 0
      vertex -5.89999 -6.89999 0
    endloop
  endfacet
  facet normal -0.391389 0.811627 -0.433678
    outer loop
      vertex 3.7128 -4.45193 6.75991
      vertex 6.37138 -6.78192 0
      vertex 3.59747 -4.50645 6.76196
    endloop
  endfacet
  facet normal -0.385498 0.815104 -0.432431
    outer loop
      vertex 6.37138 -6.78192 0
      vertex 6.28268 -6.82387 0
      vertex 3.59747 -4.50645 6.76196
    endloop
  endfacet
  facet normal 0 -0.0377999 -0.999285
    outer loop
      vertex -3.22742 -4.59908 6.76546
      vertex 3.47736 -4.54938 6.76358
      vertex 3.22742 -4.59908 6.76546
    endloop
  endfacet
  facet normal -0 -0.0377999 -0.999285
    outer loop
      vertex 3.47736 -4.54938 6.76358
      vertex -3.22742 -4.59908 6.76546
      vertex -3.47736 -4.54938 6.76358
    endloop
  endfacet
  facet normal -0.00062358 -0.0378134 -0.999285
    outer loop
      vertex -4.34401 -3.68335 6.73092
      vertex -4.37502 -3.55969 6.72626
      vertex -4.39374 -3.43359 6.7215
    endloop
  endfacet
  facet normal -9.94357e-05 -0.0377978 -0.999285
    outer loop
      vertex -3.59747 -4.50645 6.76196
      vertex -4.18091 -4.02798 6.74392
      vertex -4.24649 -3.91862 6.73979
    endloop
  endfacet
  facet normal 0.809959 0.383064 -0.444103
    outer loop
      vertex -4.24649 -3.91862 6.73979
      vertex -6.78192 -6.37138 0
      vertex -6.82387 -6.28268 0
    endloop
  endfacet
  facet normal 0.772124 0.445922 -0.452745
    outer loop
      vertex -4.24649 -3.91862 6.73979
      vertex -4.18091 -4.02798 6.74392
      vertex -6.78192 -6.37138 0
    endloop
  endfacet
  facet normal 0.721402 0.51822 -0.459377
    outer loop
      vertex -4.18091 -4.02798 6.74392
      vertex -4.1049 -4.13037 6.74778
      vertex -6.73146 -6.45557 0
    endloop
  endfacet
  facet normal 0.713212 0.528983 -0.459897
    outer loop
      vertex -4.1049 -4.13037 6.74778
      vertex -6.673 -6.53439 0
      vertex -6.73146 -6.45557 0
    endloop
  endfacet
  facet normal -0.000114466 -0.0378161 -0.999285
    outer loop
      vertex -3.59747 -4.50645 6.76196
      vertex -3.7128 -4.45193 6.75991
      vertex -4.18091 -4.02798 6.74392
    endloop
  endfacet
  facet normal -4.24711e-05 -0.0377367 -0.999288
    outer loop
      vertex -3.7128 -4.45193 6.75991
      vertex -3.82224 -4.3864 6.75744
      vertex -4.18091 -4.02798 6.74392
    endloop
  endfacet
  facet normal -0.000187168 -0.0374917 -0.999297
    outer loop
      vertex -4.01923 3.80791 6.44837
      vertex -3.9247 3.89353 6.44514
      vertex -4.1049 3.71345 6.45193
    endloop
  endfacet
  facet normal -0.910777 0.135031 -0.390194
    outer loop
      vertex 6.89517 -5.99802 0
      vertex 6.88078 -6.09508 0
      vertex 4.37502 -3.55969 6.72626
    endloop
  endfacet
  facet normal -0.713212 0.528983 -0.459897
    outer loop
      vertex 6.73146 -6.45557 0
      vertex 6.673 -6.53439 0
      vertex 4.1049 -4.13037 6.74778
    endloop
  endfacet
  facet normal -0.92167 -0.0596917 -0.383355
    outer loop
      vertex 6.89517 5.99802 0
      vertex 4.39999 2.88933 6.48302
      vertex 4.39374 3.01666 6.47822
    endloop
  endfacet
  facet normal 1.41524e-06 -0.0376902 -0.999289
    outer loop
      vertex 4.37502 3.14276 6.47346
      vertex 4.34401 -3.68335 6.73092
      vertex 3.59747 4.08952 6.43775
    endloop
  endfacet
  facet normal -0.930777 -0.0137791 -0.365328
    outer loop
      vertex 4.39999 2.88933 6.48302
      vertex 6.89999 5.89999 0
      vertex 4.39999 -3.30625 6.7167
    endloop
  endfacet
  facet normal 0.00062358 -0.0378134 -0.999285
    outer loop
      vertex 4.39374 -3.43359 6.7215
      vertex 4.37502 -3.55969 6.72626
      vertex 4.34401 -3.68335 6.73092
    endloop
  endfacet
  facet normal 0.000860885 -0.0371315 -0.99931
    outer loop
      vertex 4.18091 3.61106 6.4558
      vertex 4.24649 3.5017 6.45992
      vertex 4.1049 3.71345 6.45193
    endloop
  endfacet
  facet normal -0.694845 -0.515359 -0.501593
    outer loop
      vertex 6.673 6.53439 0
      vertex 6.73146 6.45557 0
      vertex 4.18091 3.61106 6.4558
    endloop
  endfacet
  facet normal -0.836031 -0.299125 -0.459975
    outer loop
      vertex 6.82387 6.28268 0
      vertex 6.85693 6.19028 0
      vertex 4.34401 3.26642 6.46879
    endloop
  endfacet
  facet normal -5.55476e-05 -0.0377434 -0.999287
    outer loop
      vertex 4.24649 3.5017 6.45992
      vertex 4.30104 3.38645 6.46427
      vertex 4.1049 3.71345 6.45193
    endloop
  endfacet
  facet normal 0.391389 0.811627 -0.433678
    outer loop
      vertex -3.7128 -4.45193 6.75991
      vertex -3.59747 -4.50645 6.76196
      vertex -6.37138 -6.78192 0
    endloop
  endfacet
  facet normal 0.460216 0.767848 -0.445657
    outer loop
      vertex -3.7128 -4.45193 6.75991
      vertex -6.37138 -6.78192 0
      vertex -6.45557 -6.73146 0
    endloop
  endfacet
  facet normal 0.694845 -0.515359 -0.501593
    outer loop
      vertex -6.673 6.53439 0
      vertex -4.18091 3.61106 6.4558
      vertex -6.73146 6.45557 0
    endloop
  endfacet
  facet normal 0.530499 0.715256 -0.45495
    outer loop
      vertex -3.82224 -4.3864 6.75744
      vertex -6.45557 -6.73146 0
      vertex -6.53439 -6.673 0
    endloop
  endfacet
  facet normal 0.000139395 -0.0374468 -0.999299
    outer loop
      vertex 3.82224 3.96947 6.44228
      vertex 3.9247 3.89353 6.44514
      vertex 3.59747 4.08952 6.43775
    endloop
  endfacet
  facet normal -0.504393 -0.699599 -0.506112
    outer loop
      vertex 6.45557 6.73146 0
      vertex 3.9247 3.89353 6.44514
      vertex 3.82224 3.96947 6.44228
    endloop
  endfacet
  facet normal -0.530499 0.715256 -0.45495
    outer loop
      vertex 6.53439 -6.673 0
      vertex 6.45557 -6.73146 0
      vertex 3.82224 -4.3864 6.75744
    endloop
  endfacet
  facet normal 0.436784 -0.748174 -0.499455
    outer loop
      vertex -3.7128 4.03501 6.43981
      vertex -3.82224 3.96947 6.44228
      vertex -6.37138 6.78192 0
    endloop
  endfacet
  facet normal 0.372695 -0.788035 -0.489999
    outer loop
      vertex -6.28268 6.82387 0
      vertex -3.7128 4.03501 6.43981
      vertex -6.37138 6.78192 0
    endloop
  endfacet
  facet normal 0.445115 -0.742652 -0.50034
    outer loop
      vertex -6.37138 6.78192 0
      vertex -3.82224 3.96947 6.44228
      vertex -6.45557 6.73146 0
    endloop
  endfacet
  facet normal 0.216219 -0.863061 -0.456481
    outer loop
      vertex -6.09508 6.88078 0
      vertex -3.47736 4.13246 6.43613
      vertex -6.19028 6.85693 0
    endloop
  endfacet
  facet normal 0.290687 -0.830991 -0.474294
    outer loop
      vertex -3.47736 4.13246 6.43613
      vertex -3.59747 4.08952 6.43775
      vertex -6.19028 6.85693 0
    endloop
  endfacet
  facet normal 0.00100264 -0.037989 -0.999278
    outer loop
      vertex -4.34401 3.26642 6.46879
      vertex -4.30104 3.38645 6.46427
      vertex -4.37502 3.14276 6.47346
    endloop
  endfacet
  facet normal 0.92167 -0.0596917 -0.383355
    outer loop
      vertex -4.39374 3.01666 6.47822
      vertex -4.39999 2.88933 6.48302
      vertex -6.89517 5.99802 0
    endloop
  endfacet
  facet normal -8.48592e-05 -0.0376593 -0.999291
    outer loop
      vertex -4.30104 3.38645 6.46427
      vertex -4.1049 3.71345 6.45193
      vertex -4.37502 3.14276 6.47346
    endloop
  endfacet
  facet normal 5.55476e-05 -0.0377434 -0.999287
    outer loop
      vertex -4.24649 3.5017 6.45992
      vertex -4.1049 3.71345 6.45193
      vertex -4.30104 3.38645 6.46427
    endloop
  endfacet
  facet normal 0.310991 0.854385 -0.416306
    outer loop
      vertex -3.59747 -4.50645 6.76196
      vertex -3.47736 -4.54938 6.76358
      vertex -6.28268 -6.82387 0
    endloop
  endfacet
  facet normal 7.02838e-05 -0.037447 -0.999299
    outer loop
      vertex -3.22742 -4.59908 6.76546
      vertex -3.35361 -4.58037 6.76475
      vertex -3.47736 -4.54938 6.76358
    endloop
  endfacet
  facet normal 0.930391 0.0457461 -0.363702
    outer loop
      vertex -4.39374 -3.43359 6.7215
      vertex -6.89517 -5.99802 0
      vertex -6.89999 -5.89999 0
    endloop
  endfacet
  facet normal 0.849928 0.304098 -0.430287
    outer loop
      vertex -4.30104 -3.80338 6.73545
      vertex -6.82387 -6.28268 0
      vertex -6.85693 -6.19028 0
    endloop
  endfacet
  facet normal -0.000693207 -0.0379615 -0.999279
    outer loop
      vertex -4.24649 -3.91862 6.73979
      vertex -4.30104 -3.80338 6.73545
      vertex -4.34401 -3.68335 6.73092
    endloop
  endfacet
  facet normal 0.81699 0.370075 -0.442235
    outer loop
      vertex -4.30104 -3.80338 6.73545
      vertex -4.24649 -3.91862 6.73979
      vertex -6.82387 -6.28268 0
    endloop
  endfacet
  facet normal 0.000693207 -0.0379615 -0.999279
    outer loop
      vertex 4.34401 -3.68335 6.73092
      vertex 4.30104 -3.80338 6.73545
      vertex 4.24649 -3.91862 6.73979
    endloop
  endfacet
  facet normal 3.07702e-05 -0.0376873 -0.99929
    outer loop
      vertex 4.34401 -3.68335 6.73092
      vertex 4.24649 -3.91862 6.73979
      vertex 3.59747 4.08952 6.43775
    endloop
  endfacet
  facet normal 5.63315e-05 -0.0376904 -0.999289
    outer loop
      vertex 4.37502 3.14276 6.47346
      vertex 4.39999 -3.30625 6.7167
      vertex 4.34401 -3.68335 6.73092
    endloop
  endfacet
  facet normal -0.914306 0.121143 -0.386482
    outer loop
      vertex 4.39374 -3.43359 6.7215
      vertex 6.89517 -5.99802 0
      vertex 4.37502 -3.55969 6.72626
    endloop
  endfacet
  facet normal 0.000507821 -0.0376457 -0.999291
    outer loop
      vertex 4.39374 3.01666 6.47822
      vertex 4.39999 2.88933 6.48302
      vertex 4.37502 3.14276 6.47346
    endloop
  endfacet
  facet normal -0.924795 -0.0454709 -0.377738
    outer loop
      vertex 6.89517 5.99802 0
      vertex 6.89999 5.89999 0
      vertex 4.39999 2.88933 6.48302
    endloop
  endfacet
  facet normal -0.828333 -0.31401 -0.463964
    outer loop
      vertex 6.82387 6.28268 0
      vertex 4.34401 3.26642 6.46879
      vertex 4.30104 3.38645 6.46427
    endloop
  endfacet
  facet normal -0.793981 -0.375507 -0.47811
    outer loop
      vertex 6.78192 6.37138 0
      vertex 6.82387 6.28268 0
      vertex 4.30104 3.38645 6.46427
    endloop
  endfacet
  facet normal -0.445115 -0.742652 -0.50034
    outer loop
      vertex 6.37138 6.78192 0
      vertex 6.45557 6.73146 0
      vertex 3.82224 3.96947 6.44228
    endloop
  endfacet
  facet normal 0.000233776 -0.0372704 -0.999305
    outer loop
      vertex 3.7128 4.03501 6.43981
      vertex 3.82224 3.96947 6.44228
      vertex 3.59747 4.08952 6.43775
    endloop
  endfacet
  facet normal 0.132204 -0.891709 -0.432871
    outer loop
      vertex -5.99802 6.89517 0
      vertex -3.35361 4.16344 6.43496
      vertex -6.09508 6.88078 0
    endloop
  endfacet
  facet normal 0.129912 -0.892367 -0.432209
    outer loop
      vertex -3.22742 4.18215 6.43426
      vertex -3.35361 4.16344 6.43496
      vertex -5.99802 6.89517 0
    endloop
  endfacet
  facet normal 0.0449125 -0.913438 -0.404492
    outer loop
      vertex -5.89999 6.89999 0
      vertex -3.22742 4.18215 6.43426
      vertex -5.99802 6.89517 0
    endloop
  endfacet
  facet normal 0.296369 -0.828327 -0.475437
    outer loop
      vertex -6.19028 6.85693 0
      vertex -3.59747 4.08952 6.43775
      vertex -6.28268 6.82387 0
    endloop
  endfacet
  facet normal 0.504393 -0.699599 -0.506112
    outer loop
      vertex -3.82224 3.96947 6.44228
      vertex -3.9247 3.89353 6.44514
      vertex -6.45557 6.73146 0
    endloop
  endfacet
  facet normal -0.000139395 -0.0374468 -0.999299
    outer loop
      vertex -3.82224 3.96947 6.44228
      vertex -3.59747 4.08952 6.43775
      vertex -3.9247 3.89353 6.44514
    endloop
  endfacet
  facet normal 0.746775 -0.447586 -0.491929
    outer loop
      vertex -6.73146 6.45557 0
      vertex -4.24649 3.5017 6.45992
      vertex -6.78192 6.37138 0
    endloop
  endfacet
  facet normal 0.737207 -0.460702 -0.494246
    outer loop
      vertex -4.18091 3.61106 6.4558
      vertex -4.24649 3.5017 6.45992
      vertex -6.73146 6.45557 0
    endloop
  endfacet
  facet normal -8.08399e-07 -0.0376779 -0.99929
    outer loop
      vertex -3.9247 3.89353 6.44514
      vertex -3.59747 4.08952 6.43775
      vertex -4.1049 3.71345 6.45193
    endloop
  endfacet
  facet normal 0.513616 -0.692495 -0.506606
    outer loop
      vertex -6.45557 6.73146 0
      vertex -3.9247 3.89353 6.44514
      vertex -6.53439 6.673 0
    endloop
  endfacet
  facet normal 0.568254 -0.646588 -0.508932
    outer loop
      vertex -3.9247 3.89353 6.44514
      vertex -4.01923 3.80791 6.44837
      vertex -6.53439 6.673 0
    endloop
  endfacet
  facet normal -0.657122 0.595577 -0.462037
    outer loop
      vertex 6.673 -6.53439 0
      vertex 6.6071 -6.6071 0
      vertex 4.01923 -4.22483 6.75134
    endloop
  endfacet
  facet normal -0.596151 0.657756 -0.460392
    outer loop
      vertex 6.6071 -6.6071 0
      vertex 6.53439 -6.673 0
      vertex 3.9247 -4.31045 6.75457
    endloop
  endfacet
  facet normal -0.930391 0.0457461 -0.363702
    outer loop
      vertex 6.89999 -5.89999 0
      vertex 6.89517 -5.99802 0
      vertex 4.39374 -3.43359 6.7215
    endloop
  endfacet
  facet normal -0.932569 0.0322186 -0.35955
    outer loop
      vertex 4.39999 -3.30625 6.7167
      vertex 6.89999 -5.89999 0
      vertex 4.39374 -3.43359 6.7215
    endloop
  endfacet
  facet normal -0.902248 -0.133766 -0.409945
    outer loop
      vertex 6.88078 6.09508 0
      vertex 6.89517 5.99802 0
      vertex 4.39374 3.01666 6.47822
    endloop
  endfacet
  facet normal 0.306474 0.856569 -0.415167
    outer loop
      vertex -3.47736 -4.54938 6.76358
      vertex -6.19028 -6.85693 0
      vertex -6.28268 -6.82387 0
    endloop
  endfacet
  facet normal -0.372695 -0.788035 -0.489999
    outer loop
      vertex 6.28268 6.82387 0
      vertex 6.37138 6.78192 0
      vertex 3.7128 4.03501 6.43981
    endloop
  endfacet
  facet normal -0.365613 -0.792025 -0.488901
    outer loop
      vertex 6.28268 6.82387 0
      vertex 3.7128 4.03501 6.43981
      vertex 3.59747 4.08952 6.43775
    endloop
  endfacet
  facet normal 0.86595 -0.233848 -0.442092
    outer loop
      vertex -4.34401 3.26642 6.46879
      vertex -4.37502 3.14276 6.47346
      vertex -6.85693 6.19028 0
    endloop
  endfacet
  facet normal -0.000233776 -0.0372704 -0.999305
    outer loop
      vertex -3.7128 4.03501 6.43981
      vertex -3.59747 4.08952 6.43775
      vertex -3.82224 3.96947 6.44228
    endloop
  endfacet
  facet normal 0.365613 -0.792025 -0.488901
    outer loop
      vertex -3.59747 4.08952 6.43775
      vertex -3.7128 4.03501 6.43981
      vertex -6.28268 6.82387 0
    endloop
  endfacet
  facet normal -0.000860885 -0.0371315 -0.99931
    outer loop
      vertex -4.18091 3.61106 6.4558
      vertex -4.1049 3.71345 6.45193
      vertex -4.24649 3.5017 6.45992
    endloop
  endfacet
  facet normal 0.684713 -0.527317 -0.503096
    outer loop
      vertex -4.1049 3.71345 6.45193
      vertex -4.18091 3.61106 6.4558
      vertex -6.673 6.53439 0
    endloop
  endfacet
  facet normal 0.836031 -0.299125 -0.459975
    outer loop
      vertex -6.82387 6.28268 0
      vertex -4.34401 3.26642 6.46879
      vertex -6.85693 6.19028 0
    endloop
  endfacet
  facet normal 0.828333 -0.31401 -0.463964
    outer loop
      vertex -4.30104 3.38645 6.46427
      vertex -4.34401 3.26642 6.46879
      vertex -6.82387 6.28268 0
    endloop
  endfacet
  facet normal 0.578099 -0.637839 -0.508885
    outer loop
      vertex -6.53439 6.673 0
      vertex -4.01923 3.80791 6.44837
      vertex -6.6071 6.6071 0
    endloop
  endfacet
  facet normal 0.628448 -0.589111 -0.507938
    outer loop
      vertex -4.01923 3.80791 6.44837
      vertex -4.1049 3.71345 6.45193
      vertex -6.6071 6.6071 0
    endloop
  endfacet
  facet normal 0.941543 -0.336893 0
    outer loop
      vertex 3.0488 -1.26285 0
      vertex 3.1579 -0.957939 6.62813
      vertex 3.0488 -1.26285 6.63963
    endloop
  endfacet
  facet normal 0.941543 -0.336893 0
    outer loop
      vertex 3.1579 -0.957939 6.62813
      vertex 3.0488 -1.26285 0
      vertex 3.1579 -0.957939 0
    endloop
  endfacet
  facet normal 0.941543 0.336893 -0
    outer loop
      vertex 3.1579 0.957939 0
      vertex 3.0488 1.26285 6.54436
      vertex 3.1579 0.957939 6.55586
    endloop
  endfacet
  facet normal 0.941543 0.336893 0
    outer loop
      vertex 3.0488 1.26285 6.54436
      vertex 3.1579 0.957939 0
      vertex 3.0488 1.26285 0
    endloop
  endfacet
  facet normal -0.97003 -0.242985 0
    outer loop
      vertex -3.1579 -0.957939 0
      vertex -3.23659 -0.643798 6.61628
      vertex -3.23659 -0.643798 0
    endloop
  endfacet
  facet normal -0.97003 -0.242985 0
    outer loop
      vertex -3.23659 -0.643798 6.61628
      vertex -3.1579 -0.957939 0
      vertex -3.1579 -0.957939 6.62813
    endloop
  endfacet
  facet normal -0.671562 0.740948 0
    outer loop
      vertex -2.33345 2.33345 0
      vertex -2.0935 2.55093 6.49578
      vertex -2.0935 2.55093 0
    endloop
  endfacet
  facet normal -0.671562 0.740948 0
    outer loop
      vertex -2.0935 2.55093 6.49578
      vertex -2.33345 2.33345 0
      vertex -2.33345 2.33345 6.50398
    endloop
  endfacet
  facet normal 0.514105 0.857727 -0
    outer loop
      vertex 1.83338 2.74385 0
      vertex 1.55561 2.91034 6.48223
      vertex 1.83338 2.74385 6.48851
    endloop
  endfacet
  facet normal 0.514105 0.857727 0
    outer loop
      vertex 1.55561 2.91034 6.48223
      vertex 1.83338 2.74385 0
      vertex 1.55561 2.91034 0
    endloop
  endfacet
  facet normal -0.998796 0.0490665 0
    outer loop
      vertex -3.3 0 0
      vertex -3.28411 0.323456 6.5798
      vertex -3.28411 0.323456 0
    endloop
  endfacet
  facet normal -0.998796 0.0490665 0
    outer loop
      vertex -3.28411 0.323456 6.5798
      vertex -3.3 0 0
      vertex -3.3 0 6.592
    endloop
  endfacet
  facet normal -0.97003 0.242985 0
    outer loop
      vertex -3.23659 0.643798 0
      vertex -3.1579 0.957939 6.55586
      vertex -3.1579 0.957939 0
    endloop
  endfacet
  facet normal -0.97003 0.242985 0
    outer loop
      vertex -3.1579 0.957939 6.55586
      vertex -3.23659 0.643798 0
      vertex -3.23659 0.643798 6.56771
    endloop
  endfacet
  facet normal 0.427542 -0.903995 0
    outer loop
      vertex 1.26285 -3.0488 0
      vertex 1.55561 -2.91034 6.70176
      vertex 1.26285 -3.0488 6.70699
    endloop
  endfacet
  facet normal 0.427542 -0.903995 0
    outer loop
      vertex 1.55561 -2.91034 6.70176
      vertex 1.26285 -3.0488 0
      vertex 1.55561 -2.91034 0
    endloop
  endfacet
  facet normal 0.998796 -0.0490665 0
    outer loop
      vertex 3.28411 -0.323456 0
      vertex 3.3 0 6.592
      vertex 3.28411 -0.323456 6.6042
    endloop
  endfacet
  facet normal 0.998796 -0.0490665 0
    outer loop
      vertex 3.3 0 6.592
      vertex 3.28411 -0.323456 0
      vertex 3.3 0 0
    endloop
  endfacet
  facet normal -0.941543 -0.336893 0
    outer loop
      vertex -3.0488 -1.26285 0
      vertex -3.1579 -0.957939 6.62813
      vertex -3.1579 -0.957939 0
    endloop
  endfacet
  facet normal -0.941543 -0.336893 0
    outer loop
      vertex -3.1579 -0.957939 6.62813
      vertex -3.0488 -1.26285 0
      vertex -3.0488 -1.26285 6.63963
    endloop
  endfacet
  facet normal -0.146736 0.989176 0
    outer loop
      vertex -0.323456 3.28411 0
      vertex -0.643798 3.23659 6.46992
      vertex -0.323456 3.28411 6.46813
    endloop
  endfacet
  facet normal -0.146736 0.989176 0
    outer loop
      vertex -0.643798 3.23659 6.46992
      vertex -0.323456 3.28411 0
      vertex -0.643798 3.23659 0
    endloop
  endfacet
  facet normal 0.595703 -0.803205 0
    outer loop
      vertex 1.83338 -2.74385 0
      vertex 2.0935 -2.55093 6.68821
      vertex 1.83338 -2.74385 6.69549
    endloop
  endfacet
  facet normal 0.595703 -0.803205 0
    outer loop
      vertex 2.0935 -2.55093 6.68821
      vertex 1.83338 -2.74385 0
      vertex 2.0935 -2.55093 0
    endloop
  endfacet
  facet normal 0.595703 0.803205 -0
    outer loop
      vertex 2.0935 2.55093 0
      vertex 1.83338 2.74385 6.48851
      vertex 2.0935 2.55093 6.49578
    endloop
  endfacet
  facet normal 0.595703 0.803205 0
    outer loop
      vertex 1.83338 2.74385 6.48851
      vertex 2.0935 2.55093 0
      vertex 1.83338 2.74385 0
    endloop
  endfacet
  facet normal -0.146736 -0.989176 0
    outer loop
      vertex -0.643798 -3.23659 0
      vertex -0.323456 -3.28411 6.71586
      vertex -0.643798 -3.23659 6.71407
    endloop
  endfacet
  facet normal -0.146736 -0.989176 -0
    outer loop
      vertex -0.323456 -3.28411 6.71586
      vertex -0.643798 -3.23659 0
      vertex -0.323456 -3.28411 0
    endloop
  endfacet
  facet normal 0.989176 0.146736 -0
    outer loop
      vertex 3.28411 0.323456 0
      vertex 3.23659 0.643798 6.56771
      vertex 3.28411 0.323456 6.5798
    endloop
  endfacet
  facet normal 0.989176 0.146736 0
    outer loop
      vertex 3.23659 0.643798 6.56771
      vertex 3.28411 0.323456 0
      vertex 3.23659 0.643798 0
    endloop
  endfacet
  facet normal 0.989176 -0.146736 0
    outer loop
      vertex 3.23659 -0.643798 0
      vertex 3.28411 -0.323456 6.6042
      vertex 3.23659 -0.643798 6.61628
    endloop
  endfacet
  facet normal 0.989176 -0.146736 0
    outer loop
      vertex 3.28411 -0.323456 6.6042
      vertex 3.23659 -0.643798 0
      vertex 3.28411 -0.323456 0
    endloop
  endfacet
  facet normal 0.803205 0.595703 -0
    outer loop
      vertex 2.74385 1.83338 0
      vertex 2.55093 2.0935 6.51303
      vertex 2.74385 1.83338 6.52285
    endloop
  endfacet
  facet normal 0.803205 0.595703 0
    outer loop
      vertex 2.55093 2.0935 6.51303
      vertex 2.74385 1.83338 0
      vertex 2.55093 2.0935 0
    endloop
  endfacet
  facet normal 0.803205 -0.595703 0
    outer loop
      vertex 2.55093 -2.0935 0
      vertex 2.74385 -1.83338 6.66114
      vertex 2.55093 -2.0935 6.67096
    endloop
  endfacet
  facet normal 0.803205 -0.595703 0
    outer loop
      vertex 2.74385 -1.83338 6.66114
      vertex 2.55093 -2.0935 0
      vertex 2.74385 -1.83338 0
    endloop
  endfacet
  facet normal 0.0490665 0.998796 -0
    outer loop
      vertex 0.323456 3.28411 0
      vertex 0 3.3 6.46753
      vertex 0.323456 3.28411 6.46813
    endloop
  endfacet
  facet normal 0.0490665 0.998796 0
    outer loop
      vertex 0 3.3 6.46753
      vertex 0.323456 3.28411 0
      vertex 0 3.3 0
    endloop
  endfacet
  facet normal 0.998796 0.0490665 -0
    outer loop
      vertex 3.3 0 0
      vertex 3.28411 0.323456 6.5798
      vertex 3.3 0 6.592
    endloop
  endfacet
  facet normal 0.998796 0.0490665 0
    outer loop
      vertex 3.28411 0.323456 6.5798
      vertex 3.3 0 0
      vertex 3.28411 0.323456 0
    endloop
  endfacet
  facet normal -0.336893 0.941543 0
    outer loop
      vertex -1.26285 3.0488 0
      vertex -0.957939 3.1579 6.47289
      vertex -0.957939 3.1579 0
    endloop
  endfacet
  facet normal -0.336893 0.941543 0
    outer loop
      vertex -0.957939 3.1579 6.47289
      vertex -1.26285 3.0488 0
      vertex -1.26285 3.0488 6.477
    endloop
  endfacet
  facet normal 0.97003 0.242985 -0
    outer loop
      vertex 3.23659 0.643798 0
      vertex 3.1579 0.957939 6.55586
      vertex 3.23659 0.643798 6.56771
    endloop
  endfacet
  facet normal 0.97003 0.242985 0
    outer loop
      vertex 3.1579 0.957939 6.55586
      vertex 3.23659 0.643798 0
      vertex 3.1579 0.957939 0
    endloop
  endfacet
  facet normal 0.146736 0.989176 -0
    outer loop
      vertex 0.643798 3.23659 0
      vertex 0.323456 3.28411 6.46813
      vertex 0.643798 3.23659 6.46992
    endloop
  endfacet
  facet normal 0.146736 0.989176 0
    outer loop
      vertex 0.323456 3.28411 6.46813
      vertex 0.643798 3.23659 0
      vertex 0.323456 3.28411 0
    endloop
  endfacet
  facet normal 0.857727 -0.514105 0
    outer loop
      vertex 2.74385 -1.83338 0
      vertex 2.91034 -1.55561 6.65067
      vertex 2.74385 -1.83338 6.66114
    endloop
  endfacet
  facet normal 0.857727 -0.514105 0
    outer loop
      vertex 2.91034 -1.55561 6.65067
      vertex 2.74385 -1.83338 0
      vertex 2.91034 -1.55561 0
    endloop
  endfacet
  facet normal 0.146736 -0.989176 0
    outer loop
      vertex 0.323456 -3.28411 0
      vertex 0.643798 -3.23659 6.71407
      vertex 0.323456 -3.28411 6.71586
    endloop
  endfacet
  facet normal 0.146736 -0.989176 0
    outer loop
      vertex 0.643798 -3.23659 6.71407
      vertex 0.323456 -3.28411 0
      vertex 0.643798 -3.23659 0
    endloop
  endfacet
  facet normal 0.242985 0.97003 -0
    outer loop
      vertex 0.957939 3.1579 0
      vertex 0.643798 3.23659 6.46992
      vertex 0.957939 3.1579 6.47289
    endloop
  endfacet
  facet normal 0.242985 0.97003 0
    outer loop
      vertex 0.643798 3.23659 6.46992
      vertex 0.957939 3.1579 0
      vertex 0.643798 3.23659 0
    endloop
  endfacet
  facet normal 0.514105 -0.857727 0
    outer loop
      vertex 1.55561 -2.91034 0
      vertex 1.83338 -2.74385 6.69549
      vertex 1.55561 -2.91034 6.70176
    endloop
  endfacet
  facet normal 0.514105 -0.857727 0
    outer loop
      vertex 1.83338 -2.74385 6.69549
      vertex 1.55561 -2.91034 0
      vertex 1.83338 -2.74385 0
    endloop
  endfacet
  facet normal -0.998796 -0.0490665 0
    outer loop
      vertex -3.28411 -0.323456 0
      vertex -3.3 0 6.592
      vertex -3.3 0 0
    endloop
  endfacet
  facet normal -0.998796 -0.0490665 0
    outer loop
      vertex -3.3 0 6.592
      vertex -3.28411 -0.323456 0
      vertex -3.28411 -0.323456 6.6042
    endloop
  endfacet
  facet normal -0.941543 0.336893 0
    outer loop
      vertex -3.1579 0.957939 0
      vertex -3.0488 1.26285 6.54436
      vertex -3.0488 1.26285 0
    endloop
  endfacet
  facet normal -0.941543 0.336893 0
    outer loop
      vertex -3.0488 1.26285 6.54436
      vertex -3.1579 0.957939 0
      vertex -3.1579 0.957939 6.55586
    endloop
  endfacet
  facet normal -0.671562 -0.740948 0
    outer loop
      vertex -2.0935 -2.55093 0
      vertex -2.33345 -2.33345 6.68001
      vertex -2.33345 -2.33345 0
    endloop
  endfacet
  facet normal -0.671562 -0.740948 0
    outer loop
      vertex -2.33345 -2.33345 6.68001
      vertex -2.0935 -2.55093 0
      vertex -2.0935 -2.55093 6.68821
    endloop
  endfacet
  facet normal -0.427542 0.903995 0
    outer loop
      vertex -1.55561 2.91034 0
      vertex -1.26285 3.0488 6.477
      vertex -1.26285 3.0488 0
    endloop
  endfacet
  facet normal -0.427542 0.903995 0
    outer loop
      vertex -1.26285 3.0488 6.477
      vertex -1.55561 2.91034 0
      vertex -1.55561 2.91034 6.48223
    endloop
  endfacet
  facet normal -0.0490665 0.998796 0
    outer loop
      vertex 0 3.3 0
      vertex -0.323456 3.28411 6.46813
      vertex 0 3.3 6.46753
    endloop
  endfacet
  facet normal -0.0490665 0.998796 0
    outer loop
      vertex -0.323456 3.28411 6.46813
      vertex 0 3.3 0
      vertex -0.323456 3.28411 0
    endloop
  endfacet
  facet normal 0.336893 0.941543 -0
    outer loop
      vertex 1.26285 3.0488 0
      vertex 0.957939 3.1579 6.47289
      vertex 1.26285 3.0488 6.477
    endloop
  endfacet
  facet normal 0.336893 0.941543 0
    outer loop
      vertex 0.957939 3.1579 6.47289
      vertex 1.26285 3.0488 0
      vertex 0.957939 3.1579 0
    endloop
  endfacet
  facet normal -0.0490665 -0.998796 0
    outer loop
      vertex -0.323456 -3.28411 0
      vertex 0 -3.3 6.71646
      vertex -0.323456 -3.28411 6.71586
    endloop
  endfacet
  facet normal -0.0490665 -0.998796 -0
    outer loop
      vertex 0 -3.3 6.71646
      vertex -0.323456 -3.28411 0
      vertex 0 -3.3 0
    endloop
  endfacet
  facet normal 0.671562 -0.740948 0
    outer loop
      vertex 2.0935 -2.55093 0
      vertex 2.33345 -2.33345 6.68001
      vertex 2.0935 -2.55093 6.68821
    endloop
  endfacet
  facet normal 0.671562 -0.740948 0
    outer loop
      vertex 2.33345 -2.33345 6.68001
      vertex 2.0935 -2.55093 0
      vertex 2.33345 -2.33345 0
    endloop
  endfacet
  facet normal 0.671562 0.740948 -0
    outer loop
      vertex 2.33345 2.33345 0
      vertex 2.0935 2.55093 6.49578
      vertex 2.33345 2.33345 6.50398
    endloop
  endfacet
  facet normal 0.671562 0.740948 0
    outer loop
      vertex 2.0935 2.55093 6.49578
      vertex 2.33345 2.33345 0
      vertex 2.0935 2.55093 0
    endloop
  endfacet
  facet normal 0.336893 -0.941543 0
    outer loop
      vertex 0.957939 -3.1579 0
      vertex 1.26285 -3.0488 6.70699
      vertex 0.957939 -3.1579 6.7111
    endloop
  endfacet
  facet normal 0.336893 -0.941543 0
    outer loop
      vertex 1.26285 -3.0488 6.70699
      vertex 0.957939 -3.1579 0
      vertex 1.26285 -3.0488 0
    endloop
  endfacet
  facet normal 0.903995 0.427542 -0
    outer loop
      vertex 3.0488 1.26285 0
      vertex 2.91034 1.55561 6.53332
      vertex 3.0488 1.26285 6.54436
    endloop
  endfacet
  facet normal 0.903995 0.427542 0
    outer loop
      vertex 2.91034 1.55561 6.53332
      vertex 3.0488 1.26285 0
      vertex 2.91034 1.55561 0
    endloop
  endfacet
  facet normal -0.989176 0.146736 0
    outer loop
      vertex -3.28411 0.323456 0
      vertex -3.23659 0.643798 6.56771
      vertex -3.23659 0.643798 0
    endloop
  endfacet
  facet normal -0.989176 0.146736 0
    outer loop
      vertex -3.23659 0.643798 6.56771
      vertex -3.28411 0.323456 0
      vertex -3.28411 0.323456 6.5798
    endloop
  endfacet
  facet normal -0.989176 -0.146736 0
    outer loop
      vertex -3.23659 -0.643798 0
      vertex -3.28411 -0.323456 6.6042
      vertex -3.28411 -0.323456 0
    endloop
  endfacet
  facet normal -0.989176 -0.146736 0
    outer loop
      vertex -3.28411 -0.323456 6.6042
      vertex -3.23659 -0.643798 0
      vertex -3.23659 -0.643798 6.61628
    endloop
  endfacet
  facet normal -0.336893 -0.941543 0
    outer loop
      vertex -0.957939 -3.1579 0
      vertex -1.26285 -3.0488 6.70699
      vertex -1.26285 -3.0488 0
    endloop
  endfacet
  facet normal -0.336893 -0.941543 0
    outer loop
      vertex -1.26285 -3.0488 6.70699
      vertex -0.957939 -3.1579 0
      vertex -0.957939 -3.1579 6.7111
    endloop
  endfacet
  facet normal 0.857727 0.514105 -0
    outer loop
      vertex 2.91034 1.55561 0
      vertex 2.74385 1.83338 6.52285
      vertex 2.91034 1.55561 6.53332
    endloop
  endfacet
  facet normal 0.857727 0.514105 0
    outer loop
      vertex 2.74385 1.83338 6.52285
      vertex 2.91034 1.55561 0
      vertex 2.74385 1.83338 0
    endloop
  endfacet
  facet normal 0.740948 0.671562 -0
    outer loop
      vertex 2.55093 2.0935 0
      vertex 2.33345 2.33345 6.50398
      vertex 2.55093 2.0935 6.51303
    endloop
  endfacet
  facet normal 0.740948 0.671562 0
    outer loop
      vertex 2.33345 2.33345 6.50398
      vertex 2.55093 2.0935 0
      vertex 2.33345 2.33345 0
    endloop
  endfacet
  facet normal 0.427542 0.903995 -0
    outer loop
      vertex 1.55561 2.91034 0
      vertex 1.26285 3.0488 6.477
      vertex 1.55561 2.91034 6.48223
    endloop
  endfacet
  facet normal 0.427542 0.903995 0
    outer loop
      vertex 1.26285 3.0488 6.477
      vertex 1.55561 2.91034 0
      vertex 1.26285 3.0488 0
    endloop
  endfacet
  facet normal -0.242985 0.97003 0
    outer loop
      vertex -0.643798 3.23659 0
      vertex -0.957939 3.1579 6.47289
      vertex -0.643798 3.23659 6.46992
    endloop
  endfacet
  facet normal -0.242985 0.97003 0
    outer loop
      vertex -0.957939 3.1579 6.47289
      vertex -0.643798 3.23659 0
      vertex -0.957939 3.1579 0
    endloop
  endfacet
  facet normal -0.595703 0.803205 0
    outer loop
      vertex -2.0935 2.55093 0
      vertex -1.83338 2.74385 6.48851
      vertex -1.83338 2.74385 0
    endloop
  endfacet
  facet normal -0.595703 0.803205 0
    outer loop
      vertex -1.83338 2.74385 6.48851
      vertex -2.0935 2.55093 0
      vertex -2.0935 2.55093 6.49578
    endloop
  endfacet
  facet normal -0.242985 -0.97003 0
    outer loop
      vertex -0.957939 -3.1579 0
      vertex -0.643798 -3.23659 6.71407
      vertex -0.957939 -3.1579 6.7111
    endloop
  endfacet
  facet normal -0.242985 -0.97003 -0
    outer loop
      vertex -0.643798 -3.23659 6.71407
      vertex -0.957939 -3.1579 0
      vertex -0.643798 -3.23659 0
    endloop
  endfacet
  facet normal 0.903995 -0.427542 0
    outer loop
      vertex 2.91034 -1.55561 0
      vertex 3.0488 -1.26285 6.63963
      vertex 2.91034 -1.55561 6.65067
    endloop
  endfacet
  facet normal 0.903995 -0.427542 0
    outer loop
      vertex 3.0488 -1.26285 6.63963
      vertex 2.91034 -1.55561 0
      vertex 3.0488 -1.26285 0
    endloop
  endfacet
  facet normal 0.97003 -0.242985 0
    outer loop
      vertex 3.1579 -0.957939 0
      vertex 3.23659 -0.643798 6.61628
      vertex 3.1579 -0.957939 6.62813
    endloop
  endfacet
  facet normal 0.97003 -0.242985 0
    outer loop
      vertex 3.23659 -0.643798 6.61628
      vertex 3.1579 -0.957939 0
      vertex 3.23659 -0.643798 0
    endloop
  endfacet
  facet normal -0.740948 0.671562 0
    outer loop
      vertex -2.55093 2.0935 0
      vertex -2.33345 2.33345 6.50398
      vertex -2.33345 2.33345 0
    endloop
  endfacet
  facet normal -0.740948 0.671562 0
    outer loop
      vertex -2.33345 2.33345 6.50398
      vertex -2.55093 2.0935 0
      vertex -2.55093 2.0935 6.51303
    endloop
  endfacet
  facet normal -0.740948 -0.671562 0
    outer loop
      vertex -2.33345 -2.33345 0
      vertex -2.55093 -2.0935 6.67096
      vertex -2.55093 -2.0935 0
    endloop
  endfacet
  facet normal -0.740948 -0.671562 0
    outer loop
      vertex -2.55093 -2.0935 6.67096
      vertex -2.33345 -2.33345 0
      vertex -2.33345 -2.33345 6.68001
    endloop
  endfacet
  facet normal 0.740948 -0.671562 0
    outer loop
      vertex 2.33345 -2.33345 0
      vertex 2.55093 -2.0935 6.67096
      vertex 2.33345 -2.33345 6.68001
    endloop
  endfacet
  facet normal 0.740948 -0.671562 0
    outer loop
      vertex 2.55093 -2.0935 6.67096
      vertex 2.33345 -2.33345 0
      vertex 2.55093 -2.0935 0
    endloop
  endfacet
  facet normal -0.514105 0.857727 0
    outer loop
      vertex -1.83338 2.74385 0
      vertex -1.55561 2.91034 6.48223
      vertex -1.55561 2.91034 0
    endloop
  endfacet
  facet normal -0.514105 0.857727 0
    outer loop
      vertex -1.55561 2.91034 6.48223
      vertex -1.83338 2.74385 0
      vertex -1.83338 2.74385 6.48851
    endloop
  endfacet
  facet normal -0.903995 0.427542 0
    outer loop
      vertex -3.0488 1.26285 0
      vertex -2.91034 1.55561 6.53332
      vertex -2.91034 1.55561 0
    endloop
  endfacet
  facet normal -0.903995 0.427542 0
    outer loop
      vertex -2.91034 1.55561 6.53332
      vertex -3.0488 1.26285 0
      vertex -3.0488 1.26285 6.54436
    endloop
  endfacet
  facet normal -0.595703 -0.803205 0
    outer loop
      vertex -1.83338 -2.74385 0
      vertex -2.0935 -2.55093 6.68821
      vertex -2.0935 -2.55093 0
    endloop
  endfacet
  facet normal -0.595703 -0.803205 0
    outer loop
      vertex -2.0935 -2.55093 6.68821
      vertex -1.83338 -2.74385 0
      vertex -1.83338 -2.74385 6.69549
    endloop
  endfacet
  facet normal 0.242985 -0.97003 0
    outer loop
      vertex 0.643798 -3.23659 0
      vertex 0.957939 -3.1579 6.7111
      vertex 0.643798 -3.23659 6.71407
    endloop
  endfacet
  facet normal 0.242985 -0.97003 0
    outer loop
      vertex 0.957939 -3.1579 6.7111
      vertex 0.643798 -3.23659 0
      vertex 0.957939 -3.1579 0
    endloop
  endfacet
  facet normal -0.514105 -0.857727 0
    outer loop
      vertex -1.55561 -2.91034 0
      vertex -1.83338 -2.74385 6.69549
      vertex -1.83338 -2.74385 0
    endloop
  endfacet
  facet normal -0.514105 -0.857727 0
    outer loop
      vertex -1.83338 -2.74385 6.69549
      vertex -1.55561 -2.91034 0
      vertex -1.55561 -2.91034 6.70176
    endloop
  endfacet
  facet normal -0.803205 -0.595703 0
    outer loop
      vertex -2.55093 -2.0935 0
      vertex -2.74385 -1.83338 6.66114
      vertex -2.74385 -1.83338 0
    endloop
  endfacet
  facet normal -0.803205 -0.595703 0
    outer loop
      vertex -2.74385 -1.83338 6.66114
      vertex -2.55093 -2.0935 0
      vertex -2.55093 -2.0935 6.67096
    endloop
  endfacet
  facet normal -0.903995 -0.427542 0
    outer loop
      vertex -2.91034 -1.55561 0
      vertex -3.0488 -1.26285 6.63963
      vertex -3.0488 -1.26285 0
    endloop
  endfacet
  facet normal -0.903995 -0.427542 0
    outer loop
      vertex -3.0488 -1.26285 6.63963
      vertex -2.91034 -1.55561 0
      vertex -2.91034 -1.55561 6.65067
    endloop
  endfacet
  facet normal -0.857727 -0.514105 0
    outer loop
      vertex -2.74385 -1.83338 0
      vertex -2.91034 -1.55561 6.65067
      vertex -2.91034 -1.55561 0
    endloop
  endfacet
  facet normal -0.857727 -0.514105 0
    outer loop
      vertex -2.91034 -1.55561 6.65067
      vertex -2.74385 -1.83338 0
      vertex -2.74385 -1.83338 6.66114
    endloop
  endfacet
  facet normal 0.0490665 -0.998796 0
    outer loop
      vertex 0 -3.3 0
      vertex 0.323456 -3.28411 6.71586
      vertex 0 -3.3 6.71646
    endloop
  endfacet
  facet normal 0.0490665 -0.998796 0
    outer loop
      vertex 0.323456 -3.28411 6.71586
      vertex 0 -3.3 0
      vertex 0.323456 -3.28411 0
    endloop
  endfacet
  facet normal -0.803205 0.595703 0
    outer loop
      vertex -2.74385 1.83338 0
      vertex -2.55093 2.0935 6.51303
      vertex -2.55093 2.0935 0
    endloop
  endfacet
  facet normal -0.803205 0.595703 0
    outer loop
      vertex -2.55093 2.0935 6.51303
      vertex -2.74385 1.83338 0
      vertex -2.74385 1.83338 6.52285
    endloop
  endfacet
  facet normal 0 0 -1
    outer loop
      vertex -2.125 0.674999 0
      vertex -0.674999 2.125 0
      vertex -0.674999 0.674999 0
    endloop
  endfacet
  facet normal 0 0 -1
    outer loop
      vertex -0.674999 2.125 0
      vertex -1.26285 3.0488 0
      vertex -0.957939 3.1579 0
    endloop
  endfacet
  facet normal 0 0 -1
    outer loop
      vertex -0.674999 2.125 0
      vertex -1.55561 2.91034 0
      vertex -1.26285 3.0488 0
    endloop
  endfacet
  facet normal 0 0 -1
    outer loop
      vertex -0.674999 2.125 0
      vertex -1.83338 2.74385 0
      vertex -1.55561 2.91034 0
    endloop
  endfacet
  facet normal 0 0 -1
    outer loop
      vertex -0.674999 2.125 0
      vertex -2.0935 2.55093 0
      vertex -1.83338 2.74385 0
    endloop
  endfacet
  facet normal 0 0 -1
    outer loop
      vertex -2.33345 2.33345 0
      vertex -0.674999 2.125 0
      vertex -2.125 0.674999 0
    endloop
  endfacet
  facet normal 0 0 -1
    outer loop
      vertex -2.74385 -1.83338 0
      vertex -2.125 -0.674999 0
      vertex -2.55093 -2.0935 0
    endloop
  endfacet
  facet normal 0 0 -1
    outer loop
      vertex -0.674999 2.125 0
      vertex -2.33345 2.33345 0
      vertex -2.0935 2.55093 0
    endloop
  endfacet
  facet normal 0 0 -1
    outer loop
      vertex -2.91034 -1.55561 0
      vertex -2.125 -0.674999 0
      vertex -2.74385 -1.83338 0
    endloop
  endfacet
  facet normal 0 0 -1
    outer loop
      vertex -2.125 0.674999 0
      vertex -2.55093 2.0935 0
      vertex -2.33345 2.33345 0
    endloop
  endfacet
  facet normal 0 0 -1
    outer loop
      vertex -3.0488 -1.26285 0
      vertex -2.125 -0.674999 0
      vertex -2.91034 -1.55561 0
    endloop
  endfacet
  facet normal 0 0 -1
    outer loop
      vertex -2.125 0.674999 0
      vertex -2.74385 1.83338 0
      vertex -2.55093 2.0935 0
    endloop
  endfacet
  facet normal 0 0 -1
    outer loop
      vertex -3.1579 -0.957939 0
      vertex -2.125 -0.674999 0
      vertex -3.0488 -1.26285 0
    endloop
  endfacet
  facet normal 0 0 -1
    outer loop
      vertex -2.125 0.674999 0
      vertex -2.91034 1.55561 0
      vertex -2.74385 1.83338 0
    endloop
  endfacet
  facet normal 0 0 -1
    outer loop
      vertex -3.23659 -0.643798 0
      vertex -2.125 -0.674999 0
      vertex -3.1579 -0.957939 0
    endloop
  endfacet
  facet normal 0 0 -1
    outer loop
      vertex -2.125 0.674999 0
      vertex -3.0488 1.26285 0
      vertex -2.91034 1.55561 0
    endloop
  endfacet
  facet normal 0 0 -1
    outer loop
      vertex -3.28411 -0.323456 0
      vertex -2.125 -0.674999 0
      vertex -3.23659 -0.643798 0
    endloop
  endfacet
  facet normal 0 0 -1
    outer loop
      vertex -2.125 0.674999 0
      vertex -3.1579 0.957939 0
      vertex -3.0488 1.26285 0
    endloop
  endfacet
  facet normal 0 0 -1
    outer loop
      vertex -3.3 0 0
      vertex -2.125 -0.674999 0
      vertex -3.28411 -0.323456 0
    endloop
  endfacet
  facet normal -0 0 -1
    outer loop
      vertex -2.125 0.674999 0
      vertex -3.23659 0.643798 0
      vertex -3.1579 0.957939 0
    endloop
  endfacet
  facet normal 0 0 -1
    outer loop
      vertex -2.125 -0.674999 0
      vertex -3.3 0 0
      vertex -2.125 0.674999 0
    endloop
  endfacet
  facet normal 0 0 -1
    outer loop
      vertex -2.125 0.674999 0
      vertex -3.28411 0.323456 0
      vertex -3.23659 0.643798 0
    endloop
  endfacet
  facet normal 0 0 -1
    outer loop
      vertex -2.125 0.674999 0
      vertex -3.3 0 0
      vertex -3.28411 0.323456 0
    endloop
  endfacet
  facet normal 0 0 -1
    outer loop
      vertex 0.643798 -3.23659 0
      vertex 0.674999 -2.125 0
      vertex 0.957939 -3.1579 0
    endloop
  endfacet
  facet normal 0 0 -1
    outer loop
      vertex 0.323456 -3.28411 0
      vertex 0.674999 -2.125 0
      vertex 0.643798 -3.23659 0
    endloop
  endfacet
  facet normal 0 0 -1
    outer loop
      vertex 0 -3.3 0
      vertex 0.674999 -2.125 0
      vertex 0.323456 -3.28411 0
    endloop
  endfacet
  facet normal 0 0 -1
    outer loop
      vertex -0.674999 -2.125 0
      vertex 0 -3.3 0
      vertex -0.323456 -3.28411 0
    endloop
  endfacet
  facet normal 0 0 -1
    outer loop
      vertex -0.674999 -2.125 0
      vertex -0.323456 -3.28411 0
      vertex -0.643798 -3.23659 0
    endloop
  endfacet
  facet normal 0 0 -1
    outer loop
      vertex 0 -3.3 0
      vertex -0.674999 -2.125 0
      vertex 0.674999 -2.125 0
    endloop
  endfacet
  facet normal 0 0 -1
    outer loop
      vertex -0.957939 -3.1579 0
      vertex -0.674999 -2.125 0
      vertex -0.643798 -3.23659 0
    endloop
  endfacet
  facet normal 0 0 -1
    outer loop
      vertex -1.26285 -3.0488 0
      vertex -0.674999 -2.125 0
      vertex -0.957939 -3.1579 0
    endloop
  endfacet
  facet normal 0 0 -1
    outer loop
      vertex -1.55561 -2.91034 0
      vertex -0.674999 -2.125 0
      vertex -1.26285 -3.0488 0
    endloop
  endfacet
  facet normal 0 0 -1
    outer loop
      vertex -1.83338 -2.74385 0
      vertex -0.674999 -2.125 0
      vertex -1.55561 -2.91034 0
    endloop
  endfacet
  facet normal 0 0 -1
    outer loop
      vertex -2.0935 -2.55093 0
      vertex -0.674999 -2.125 0
      vertex -1.83338 -2.74385 0
    endloop
  endfacet
  facet normal 0 0 -1
    outer loop
      vertex -2.33345 -2.33345 0
      vertex -0.674999 -2.125 0
      vertex -2.0935 -2.55093 0
    endloop
  endfacet
  facet normal 0 0 -1
    outer loop
      vertex -0.674999 -2.125 0
      vertex -2.125 -0.674999 0
      vertex -0.674999 -0.674999 0
    endloop
  endfacet
  facet normal 0 0 -1
    outer loop
      vertex -2.55093 -2.0935 0
      vertex -2.125 -0.674999 0
      vertex -2.33345 -2.33345 0
    endloop
  endfacet
  facet normal -0 0 -1
    outer loop
      vertex -0.674999 -2.125 0
      vertex -2.33345 -2.33345 0
      vertex -2.125 -0.674999 0
    endloop
  endfacet
  facet normal 0 0 -1
    outer loop
      vertex 2.125 -0.674999 0
      vertex 3.3 0 0
      vertex 3.28411 -0.323456 0
    endloop
  endfacet
  facet normal 0 0 -1
    outer loop
      vertex 2.125 -0.674999 0
      vertex 3.28411 -0.323456 0
      vertex 3.23659 -0.643798 0
    endloop
  endfacet
  facet normal 0 0 -1
    outer loop
      vertex 2.125 0.674999 0
      vertex 3.3 0 0
      vertex 2.125 -0.674999 0
    endloop
  endfacet
  facet normal 0 0 -1
    outer loop
      vertex 2.125 -0.674999 0
      vertex 3.23659 -0.643798 0
      vertex 3.1579 -0.957939 0
    endloop
  endfacet
  facet normal 0 0 -1
    outer loop
      vertex 3.3 0 0
      vertex 2.125 0.674999 0
      vertex 3.28411 0.323456 0
    endloop
  endfacet
  facet normal 0 0 -1
    outer loop
      vertex 2.125 -0.674999 0
      vertex 3.1579 -0.957939 0
      vertex 3.0488 -1.26285 0
    endloop
  endfacet
  facet normal 0 0 -1
    outer loop
      vertex 3.28411 0.323456 0
      vertex 2.125 0.674999 0
      vertex 3.23659 0.643798 0
    endloop
  endfacet
  facet normal 0 0 -1
    outer loop
      vertex 2.125 -0.674999 0
      vertex 3.0488 -1.26285 0
      vertex 2.91034 -1.55561 0
    endloop
  endfacet
  facet normal 0 0 -1
    outer loop
      vertex 3.23659 0.643798 0
      vertex 2.125 0.674999 0
      vertex 3.1579 0.957939 0
    endloop
  endfacet
  facet normal 0 0 -1
    outer loop
      vertex 2.125 -0.674999 0
      vertex 2.91034 -1.55561 0
      vertex 2.74385 -1.83338 0
    endloop
  endfacet
  facet normal -0 0 -1
    outer loop
      vertex 3.1579 0.957939 0
      vertex 2.125 0.674999 0
      vertex 3.0488 1.26285 0
    endloop
  endfacet
  facet normal 0 0 -1
    outer loop
      vertex 2.125 -0.674999 0
      vertex 2.74385 -1.83338 0
      vertex 2.55093 -2.0935 0
    endloop
  endfacet
  facet normal -0 0 -1
    outer loop
      vertex 3.0488 1.26285 0
      vertex 2.125 0.674999 0
      vertex 2.91034 1.55561 0
    endloop
  endfacet
  facet normal 0 0 -1
    outer loop
      vertex 2.125 -0.674999 0
      vertex 2.55093 -2.0935 0
      vertex 2.33345 -2.33345 0
    endloop
  endfacet
  facet normal -0 0 -1
    outer loop
      vertex 2.91034 1.55561 0
      vertex 2.125 0.674999 0
      vertex 2.74385 1.83338 0
    endloop
  endfacet
  facet normal -0 0 -1
    outer loop
      vertex 2.74385 1.83338 0
      vertex 2.125 0.674999 0
      vertex 2.55093 2.0935 0
    endloop
  endfacet
  facet normal 0 0 -1
    outer loop
      vertex 0.674999 -2.125 0
      vertex 2.33345 -2.33345 0
      vertex 2.0935 -2.55093 0
    endloop
  endfacet
  facet normal 0 0 -1
    outer loop
      vertex 0.674999 -2.125 0
      vertex 2.0935 -2.55093 0
      vertex 1.83338 -2.74385 0
    endloop
  endfacet
  facet normal 0 0 -1
    outer loop
      vertex 0.674999 -2.125 0
      vertex 1.83338 -2.74385 0
      vertex 1.55561 -2.91034 0
    endloop
  endfacet
  facet normal 0 0 -1
    outer loop
      vertex 0.674999 -2.125 0
      vertex 1.55561 -2.91034 0
      vertex 1.26285 -3.0488 0
    endloop
  endfacet
  facet normal 0 0 -1
    outer loop
      vertex 0.674999 -2.125 0
      vertex 1.26285 -3.0488 0
      vertex 0.957939 -3.1579 0
    endloop
  endfacet
  facet normal 0 0 -1
    outer loop
      vertex 2.33345 -2.33345 0
      vertex 0.674999 -2.125 0
      vertex 2.125 -0.674999 0
    endloop
  endfacet
  facet normal -0 0 -1
    outer loop
      vertex 2.125 -0.674999 0
      vertex 0.674999 -2.125 0
      vertex 0.674999 -0.674999 0
    endloop
  endfacet
  facet normal -0 0 -1
    outer loop
      vertex 2.55093 2.0935 0
      vertex 2.125 0.674999 0
      vertex 2.33345 2.33345 0
    endloop
  endfacet
  facet normal 0 0 -1
    outer loop
      vertex 0.674999 2.125 0
      vertex 2.33345 2.33345 0
      vertex 2.125 0.674999 0
    endloop
  endfacet
  facet normal -0 0 -1
    outer loop
      vertex 2.33345 2.33345 0
      vertex 0.674999 2.125 0
      vertex 2.0935 2.55093 0
    endloop
  endfacet
  facet normal -0 0 -1
    outer loop
      vertex 2.0935 2.55093 0
      vertex 0.674999 2.125 0
      vertex 1.83338 2.74385 0
    endloop
  endfacet
  facet normal -0 0 -1
    outer loop
      vertex 1.83338 2.74385 0
      vertex 0.674999 2.125 0
      vertex 1.55561 2.91034 0
    endloop
  endfacet
  facet normal -0 0 -1
    outer loop
      vertex 1.55561 2.91034 0
      vertex 0.674999 2.125 0
      vertex 1.26285 3.0488 0
    endloop
  endfacet
  facet normal 0 0 -1
    outer loop
      vertex 0.674999 2.125 0
      vertex 2.125 0.674999 0
      vertex 0.674999 0.674999 0
    endloop
  endfacet
  facet normal -0 0 -1
    outer loop
      vertex 1.26285 3.0488 0
      vertex 0.674999 2.125 0
      vertex 0.957939 3.1579 0
    endloop
  endfacet
  facet normal 0 0 -1
    outer loop
      vertex 0.674999 2.125 0
      vertex 0.643798 3.23659 0
      vertex 0.957939 3.1579 0
    endloop
  endfacet
  facet normal 0 0 -1
    outer loop
      vertex 0.674999 2.125 0
      vertex 0.323456 3.28411 0
      vertex 0.643798 3.23659 0
    endloop
  endfacet
  facet normal 0 0 -1
    outer loop
      vertex 0.674999 2.125 0
      vertex 0 3.3 0
      vertex 0.323456 3.28411 0
    endloop
  endfacet
  facet normal 0 0 -1
    outer loop
      vertex -0.674999 2.125 0
      vertex 0 3.3 0
      vertex 0.674999 2.125 0
    endloop
  endfacet
  facet normal 0 0 -1
    outer loop
      vertex 0 3.3 0
      vertex -0.674999 2.125 0
      vertex -0.323456 3.28411 0
    endloop
  endfacet
  facet normal 0 0 -1
    outer loop
      vertex -0.323456 3.28411 0
      vertex -0.674999 2.125 0
      vertex -0.643798 3.23659 0
    endloop
  endfacet
  facet normal 0 0 -1
    outer loop
      vertex -0.643798 3.23659 0
      vertex -0.674999 2.125 0
      vertex -0.957939 3.1579 0
    endloop
  endfacet
  facet normal -0.427542 -0.903995 0
    outer loop
      vertex -1.26285 -3.0488 0
      vertex -1.55561 -2.91034 6.70176
      vertex -1.55561 -2.91034 0
    endloop
  endfacet
  facet normal -0.427542 -0.903995 0
    outer loop
      vertex -1.55561 -2.91034 6.70176
      vertex -1.26285 -3.0488 0
      vertex -1.26285 -3.0488 6.70699
    endloop
  endfacet
  facet normal -0.857727 0.514105 0
    outer loop
      vertex -2.91034 1.55561 0
      vertex -2.74385 1.83338 6.52285
      vertex -2.74385 1.83338 0
    endloop
  endfacet
  facet normal -0.857727 0.514105 0
    outer loop
      vertex -2.74385 1.83338 6.52285
      vertex -2.91034 1.55561 0
      vertex -2.91034 1.55561 6.53332
    endloop
  endfacet
  facet normal -1 0 0
    outer loop
      vertex 2.125 -0.674999 0
      vertex 2.125 0.674999 4.3
      vertex 2.125 0.674999 0
    endloop
  endfacet
  facet normal -1 -0 0
    outer loop
      vertex 2.125 0.674999 4.3
      vertex 2.125 -0.674999 0
      vertex 2.125 -0.674999 4.3
    endloop
  endfacet
  facet normal 0 0 -1
    outer loop
      vertex -2.125 -0.674999 4.3
      vertex -0.674999 0.674999 4.3
      vertex -0.674999 -0.674999 4.3
    endloop
  endfacet
  facet normal -0 0 -1
    outer loop
      vertex -0.674999 0.674999 4.3
      vertex -2.125 -0.674999 4.3
      vertex -2.125 0.674999 4.3
    endloop
  endfacet
  facet normal 0 0 -1
    outer loop
      vertex -0.674999 -0.674999 4.3
      vertex 0.674999 -0.674999 4.3
      vertex 0.674999 -2.125 4.3
    endloop
  endfacet
  facet normal 0 0 -1
    outer loop
      vertex 0.674999 -0.674999 4.3
      vertex -0.674999 -0.674999 4.3
      vertex 0.674999 0.674999 4.3
    endloop
  endfacet
  facet normal 0 0 -1
    outer loop
      vertex -0.674999 -0.674999 4.3
      vertex 0.674999 -2.125 4.3
      vertex -0.674999 -2.125 4.3
    endloop
  endfacet
  facet normal 0 0 -1
    outer loop
      vertex -0.674999 0.674999 4.3
      vertex 0.674999 0.674999 4.3
      vertex -0.674999 -0.674999 4.3
    endloop
  endfacet
  facet normal 0 0 -1
    outer loop
      vertex 0.674999 0.674999 4.3
      vertex -0.674999 0.674999 4.3
      vertex 0.674999 2.125 4.3
    endloop
  endfacet
  facet normal -0 0 -1
    outer loop
      vertex 0.674999 2.125 4.3
      vertex -0.674999 0.674999 4.3
      vertex -0.674999 2.125 4.3
    endloop
  endfacet
  facet normal 0 0 -1
    outer loop
      vertex 0.674999 -0.674999 4.3
      vertex 2.125 0.674999 4.3
      vertex 2.125 -0.674999 4.3
    endloop
  endfacet
  facet normal -0 0 -1
    outer loop
      vertex 2.125 0.674999 4.3
      vertex 0.674999 -0.674999 4.3
      vertex 0.674999 0.674999 4.3
    endloop
  endfacet
  facet normal 1 -0 0
    outer loop
      vertex -2.125 -0.674999 4.3
      vertex -2.125 0.674999 0
      vertex -2.125 0.674999 4.3
    endloop
  endfacet
  facet normal 1 0 0
    outer loop
      vertex -2.125 0.674999 0
      vertex -2.125 -0.674999 4.3
      vertex -2.125 -0.674999 0
    endloop
  endfacet
  facet normal 0 -1 0
    outer loop
      vertex -2.125 0.674999 0
      vertex -0.674999 0.674999 4.3
      vertex -2.125 0.674999 4.3
    endloop
  endfacet
  facet normal 0 -1 -0
    outer loop
      vertex -0.674999 0.674999 4.3
      vertex -2.125 0.674999 0
      vertex -0.674999 0.674999 0
    endloop
  endfacet
  facet normal 0 -1 0
    outer loop
      vertex 0.674999 0.674999 0
      vertex 2.125 0.674999 4.3
      vertex 0.674999 0.674999 4.3
    endloop
  endfacet
  facet normal 0 -1 -0
    outer loop
      vertex 2.125 0.674999 4.3
      vertex 0.674999 0.674999 0
      vertex 2.125 0.674999 0
    endloop
  endfacet
  facet normal 0 1 -0
    outer loop
      vertex -0.674999 -0.674999 0
      vertex -2.125 -0.674999 4.3
      vertex -0.674999 -0.674999 4.3
    endloop
  endfacet
  facet normal 0 1 0
    outer loop
      vertex -2.125 -0.674999 4.3
      vertex -0.674999 -0.674999 0
      vertex -2.125 -0.674999 0
    endloop
  endfacet
  facet normal 0 1 -0
    outer loop
      vertex 2.125 -0.674999 0
      vertex 0.674999 -0.674999 4.3
      vertex 2.125 -0.674999 4.3
    endloop
  endfacet
  facet normal 0 1 0
    outer loop
      vertex 0.674999 -0.674999 4.3
      vertex 2.125 -0.674999 0
      vertex 0.674999 -0.674999 0
    endloop
  endfacet
  facet normal -1 0 0
    outer loop
      vertex 0.674999 0.674999 0
      vertex 0.674999 2.125 4.3
      vertex 0.674999 2.125 0
    endloop
  endfacet
  facet normal -1 -0 0
    outer loop
      vertex 0.674999 2.125 4.3
      vertex 0.674999 0.674999 0
      vertex 0.674999 0.674999 4.3
    endloop
  endfacet
  facet normal -1 0 0
    outer loop
      vertex 0.674999 -2.125 0
      vertex 0.674999 -0.674999 4.3
      vertex 0.674999 -0.674999 0
    endloop
  endfacet
  facet normal -1 -0 0
    outer loop
      vertex 0.674999 -0.674999 4.3
      vertex 0.674999 -2.125 0
      vertex 0.674999 -2.125 4.3
    endloop
  endfacet
  facet normal 1 -0 0
    outer loop
      vertex -0.674999 0.674999 4.3
      vertex -0.674999 2.125 0
      vertex -0.674999 2.125 4.3
    endloop
  endfacet
  facet normal 1 0 0
    outer loop
      vertex -0.674999 2.125 0
      vertex -0.674999 0.674999 4.3
      vertex -0.674999 0.674999 0
    endloop
  endfacet
  facet normal 1 -0 0
    outer loop
      vertex -0.674999 -2.125 4.3
      vertex -0.674999 -0.674999 0
      vertex -0.674999 -0.674999 4.3
    endloop
  endfacet
  facet normal 1 0 0
    outer loop
      vertex -0.674999 -0.674999 0
      vertex -0.674999 -2.125 4.3
      vertex -0.674999 -2.125 0
    endloop
  endfacet
  facet normal 0 -1 0
    outer loop
      vertex -0.674999 2.125 0
      vertex 0.674999 2.125 4.3
      vertex -0.674999 2.125 4.3
    endloop
  endfacet
  facet normal 0 -1 -0
    outer loop
      vertex 0.674999 2.125 4.3
      vertex -0.674999 2.125 0
      vertex 0.674999 2.125 0
    endloop
  endfacet
  facet normal 0 1 -0
    outer loop
      vertex 0.674999 -2.125 0
      vertex -0.674999 -2.125 4.3
      vertex 0.674999 -2.125 4.3
    endloop
  endfacet
  facet normal 0 1 0
    outer loop
      vertex -0.674999 -2.125 4.3
      vertex 0.674999 -2.125 0
      vertex -0.674999 -2.125 0
    endloop
  endfacet
  facet normal 0 0.14673 0.989177
    outer loop
      vertex 6.68666 -1.76431 6.68667
      vertex -6.60778 -3.51163 6.94586
      vertex 6.60778 -3.51163 6.94586
    endloop
  endfacet
  facet normal 0 0.14673 0.989177
    outer loop
      vertex -6.60778 -3.51163 6.94586
      vertex 6.68666 -1.76431 6.68667
      vertex -6.68666 -1.76431 6.68667
    endloop
  endfacet
  facet normal -0.00506781 -0.341431 0.939893
    outer loop
      vertex 5.87119 5.34907 7.41942
      vertex 5.99672 5.22512 7.37507
      vertex 5.88185 5.3398 7.41611
    endloop
  endfacet
  facet normal -0.00323805 -0.340353 0.940292
    outer loop
      vertex 5.7244 5.47092 7.46302
      vertex 5.87119 5.34907 7.41942
      vertex 5.73513 5.46311 7.46023
    endloop
  endfacet
  facet normal 5.60301e-05 -0.336839 0.941562
    outer loop
      vertex 5.87119 5.34907 7.41942
      vertex 5.7244 5.47092 7.46302
      vertex 5.99672 5.22512 7.37507
    endloop
  endfacet
  facet normal -0.00282834 -0.340476 0.940249
    outer loop
      vertex 5.56557 5.58157 7.50261
      vertex 5.7244 5.47092 7.46302
      vertex 5.57621 5.57513 7.50031
    endloop
  endfacet
  facet normal -4.70858e-05 -0.336941 0.941526
    outer loop
      vertex 5.7244 5.47092 7.46302
      vertex 5.56557 5.58157 7.50261
      vertex 5.99672 5.22512 7.37507
    endloop
  endfacet
  facet normal -0.00212955 -0.340143 0.940371
    outer loop
      vertex 5.39624 5.67989 7.53779
      vertex 5.56557 5.58157 7.50261
      vertex 5.40669 5.67471 7.53594
    endloop
  endfacet
  facet normal 9.33844e-06 -0.33688 0.941548
    outer loop
      vertex 5.56557 5.58157 7.50261
      vertex 5.39624 5.67989 7.53779
      vertex 5.99672 5.22512 7.37507
    endloop
  endfacet
  facet normal -0.00305312 -0.342568 0.939488
    outer loop
      vertex 5.21802 5.76485 7.56819
      vertex 5.39624 5.67989 7.53779
      vertex 5.22821 5.76081 7.56675
    endloop
  endfacet
  facet normal 9.93204e-06 -0.336879 0.941548
    outer loop
      vertex 5.39624 5.67989 7.53779
      vertex 5.21802 5.76485 7.56819
      vertex 5.99672 5.22512 7.37507
    endloop
  endfacet
  facet normal -0.00320498 -0.344288 0.938858
    outer loop
      vertex 5.03268 5.83554 7.59348
      vertex 5.21802 5.76485 7.56819
      vertex 5.04258 5.83253 7.59241
    endloop
  endfacet
  facet normal -3.9369e-05 -0.336943 0.941525
    outer loop
      vertex 5.21802 5.76485 7.56819
      vertex 5.03268 5.83554 7.59348
      vertex 5.99672 5.22512 7.37507
    endloop
  endfacet
  facet normal -0.000269413 -0.337733 0.941242
    outer loop
      vertex 4.84205 5.89118 7.61339
      vertex 5.03268 5.83554 7.59348
      vertex 4.85166 5.88911 7.61265
    endloop
  endfacet
  facet normal 1.69592e-05 -0.336864 0.941553
    outer loop
      vertex 5.03268 5.83554 7.59348
      vertex 4.84205 5.89118 7.61339
      vertex 5.99672 5.22512 7.37507
    endloop
  endfacet
  facet normal 0.000129567 -0.336435 0.941707
    outer loop
      vertex 4.64804 5.93116 7.6277
      vertex 4.84205 5.89118 7.61339
      vertex 4.65739 5.92996 7.62727
    endloop
  endfacet
  facet normal 3.72392e-05 -0.336833 0.941565
    outer loop
      vertex 4.84205 5.89118 7.61339
      vertex 4.64804 5.93116 7.6277
      vertex 5.99672 5.22512 7.37507
    endloop
  endfacet
  facet normal 8.35497e-05 -0.33613 0.941816
    outer loop
      vertex 4.45258 5.95504 7.63624
      vertex 4.64804 5.93116 7.6277
      vertex 4.46172 5.95465 7.6361
    endloop
  endfacet
  facet normal -2.86811e-05 -0.336944 0.941525
    outer loop
      vertex 4.64804 5.93116 7.6277
      vertex 4.45258 5.95504 7.63624
      vertex 5.99672 5.22512 7.37507
    endloop
  endfacet
  facet normal -1.31131e-05 -0.336915 0.941535
    outer loop
      vertex 4.26666 5.9629 7.63905
      vertex 5.99672 5.22512 7.37507
      vertex 4.45258 5.95504 7.63624
    endloop
  endfacet
  facet normal 0 -0.336888 0.941545
    outer loop
      vertex -4.26666 5.9629 7.63905
      vertex 5.99672 5.22512 7.37507
      vertex 4.26666 5.9629 7.63905
    endloop
  endfacet
  facet normal 1.31131e-05 -0.336915 0.941535
    outer loop
      vertex -5.99672 5.22512 7.37507
      vertex -4.26666 5.9629 7.63905
      vertex -4.45258 5.95504 7.63624
    endloop
  endfacet
  facet normal -8.35497e-05 -0.33613 0.941816
    outer loop
      vertex -4.64804 5.93116 7.6277
      vertex -4.45258 5.95504 7.63624
      vertex -4.46172 5.95465 7.6361
    endloop
  endfacet
  facet normal 2.86811e-05 -0.336944 0.941525
    outer loop
      vertex -4.45258 5.95504 7.63624
      vertex -4.64804 5.93116 7.6277
      vertex -5.99672 5.22512 7.37507
    endloop
  endfacet
  facet normal -0.000129567 -0.336435 0.941707
    outer loop
      vertex -4.84205 5.89118 7.61339
      vertex -4.64804 5.93116 7.6277
      vertex -4.65739 5.92996 7.62727
    endloop
  endfacet
  facet normal -3.72392e-05 -0.336833 0.941565
    outer loop
      vertex -4.64804 5.93116 7.6277
      vertex -4.84205 5.89118 7.61339
      vertex -5.99672 5.22512 7.37507
    endloop
  endfacet
  facet normal 0.000269413 -0.337733 0.941242
    outer loop
      vertex -5.03268 5.83554 7.59348
      vertex -4.84205 5.89118 7.61339
      vertex -4.85166 5.88911 7.61265
    endloop
  endfacet
  facet normal -1.69592e-05 -0.336864 0.941553
    outer loop
      vertex -4.84205 5.89118 7.61339
      vertex -5.03268 5.83554 7.59348
      vertex -5.99672 5.22512 7.37507
    endloop
  endfacet
  facet normal 0.00320498 -0.344288 0.938858
    outer loop
      vertex -5.21802 5.76485 7.56819
      vertex -5.03268 5.83554 7.59348
      vertex -5.04258 5.83253 7.59241
    endloop
  endfacet
  facet normal 3.9369e-05 -0.336943 0.941525
    outer loop
      vertex -5.03268 5.83554 7.59348
      vertex -5.21802 5.76485 7.56819
      vertex -5.99672 5.22512 7.37507
    endloop
  endfacet
  facet normal 0.00305312 -0.342568 0.939488
    outer loop
      vertex -5.39624 5.67989 7.53779
      vertex -5.21802 5.76485 7.56819
      vertex -5.22821 5.76081 7.56675
    endloop
  endfacet
  facet normal -9.93204e-06 -0.336879 0.941548
    outer loop
      vertex -5.21802 5.76485 7.56819
      vertex -5.39624 5.67989 7.53779
      vertex -5.99672 5.22512 7.37507
    endloop
  endfacet
  facet normal 0.00212955 -0.340143 0.940371
    outer loop
      vertex -5.56557 5.58157 7.50261
      vertex -5.39624 5.67989 7.53779
      vertex -5.40669 5.67471 7.53594
    endloop
  endfacet
  facet normal -9.33844e-06 -0.33688 0.941548
    outer loop
      vertex -5.39624 5.67989 7.53779
      vertex -5.56557 5.58157 7.50261
      vertex -5.99672 5.22512 7.37507
    endloop
  endfacet
  facet normal 0.00282834 -0.340476 0.940249
    outer loop
      vertex -5.7244 5.47092 7.46302
      vertex -5.56557 5.58157 7.50261
      vertex -5.57621 5.57513 7.50031
    endloop
  endfacet
  facet normal 4.70858e-05 -0.336941 0.941526
    outer loop
      vertex -5.56557 5.58157 7.50261
      vertex -5.7244 5.47092 7.46302
      vertex -5.99672 5.22512 7.37507
    endloop
  endfacet
  facet normal 0.00323805 -0.340353 0.940292
    outer loop
      vertex -5.87119 5.34907 7.41942
      vertex -5.7244 5.47092 7.46302
      vertex -5.73513 5.46311 7.46023
    endloop
  endfacet
  facet normal -5.60301e-05 -0.336839 0.941562
    outer loop
      vertex -5.7244 5.47092 7.46302
      vertex -5.87119 5.34907 7.41942
      vertex -5.99672 5.22512 7.37507
    endloop
  endfacet
  facet normal 0.00506781 -0.341431 0.939893
    outer loop
      vertex -5.99672 5.22512 7.37507
      vertex -5.87119 5.34907 7.41942
      vertex -5.88185 5.3398 7.41611
    endloop
  endfacet
  facet normal 0 -0.336888 0.941545
    outer loop
      vertex -4.26666 5.9629 7.63905
      vertex -5.99672 5.22512 7.37507
      vertex 5.99672 5.22512 7.37507
    endloop
  endfacet
  facet normal 0 -0.14673 0.989177
    outer loop
      vertex -6.51175 3.51163 6.94586
      vertex 6.62686 1.76431 6.68667
      vertex 6.51175 3.51163 6.94586
    endloop
  endfacet
  facet normal 0 -0.14673 0.989177
    outer loop
      vertex 6.62686 1.76431 6.68667
      vertex -6.51175 3.51163 6.94586
      vertex -6.62686 1.76431 6.68667
    endloop
  endfacet
  facet normal 0 -0.0490649 0.998796
    outer loop
      vertex -6.62686 1.76431 6.68667
      vertex 6.68565 0 6.6
      vertex 6.62686 1.76431 6.68667
    endloop
  endfacet
  facet normal 0 -0.0490649 0.998796
    outer loop
      vertex 6.68565 0 6.6
      vertex -6.62686 1.76431 6.68667
      vertex -6.68565 0 6.6
    endloop
  endfacet
  facet normal -0 0.242982 0.970031
    outer loop
      vertex -6.50868 -4.81157 7.27148
      vertex 6.50868 -4.81157 7.27148
      vertex 6.60778 -3.51163 6.94586
    endloop
  endfacet
  facet normal -0.000742502 0.243115 0.969997
    outer loop
      vertex 6.50868 -4.81157 7.27148
      vertex 6.43054 -5.22512 7.37507
      vertex 6.4914 -4.96643 7.31028
    endloop
  endfacet
  facet normal 0.000577836 0.242822 0.970071
    outer loop
      vertex 6.45492 -5.144 7.35475
      vertex 6.4914 -4.96643 7.31028
      vertex 6.43054 -5.22512 7.37507
    endloop
  endfacet
  facet normal 7.81985e-05 0.242919 0.970047
    outer loop
      vertex 6.4914 -4.96643 7.31028
      vertex 6.45492 -5.144 7.35475
      vertex 6.4884 -4.98967 7.3161
    endloop
  endfacet
  facet normal -0.00432781 0.244207 0.969713
    outer loop
      vertex 6.45492 -5.144 7.35475
      vertex 6.43054 -5.22512 7.37507
      vertex 6.44963 -5.16641 7.36037
    endloop
  endfacet
  facet normal 0 0.242983 0.970031
    outer loop
      vertex 6.50868 -4.81157 7.27148
      vertex -6.50868 -4.81157 7.27148
      vertex 6.43054 -5.22512 7.37507
    endloop
  endfacet
  facet normal 0 0.242983 0.970031
    outer loop
      vertex 6.43054 -5.22512 7.37507
      vertex -6.50868 -4.81157 7.27148
      vertex -6.43054 -5.22512 7.37507
    endloop
  endfacet
  facet normal 0.000742502 0.243115 0.969997
    outer loop
      vertex -6.4914 -4.96643 7.31028
      vertex -6.43054 -5.22512 7.37507
      vertex -6.50868 -4.81157 7.27148
    endloop
  endfacet
  facet normal 0.00432781 0.244207 0.969713
    outer loop
      vertex -6.43054 -5.22512 7.37507
      vertex -6.45492 -5.144 7.35475
      vertex -6.44963 -5.16641 7.36037
    endloop
  endfacet
  facet normal -7.81985e-05 0.242919 0.970047
    outer loop
      vertex -6.45492 -5.144 7.35475
      vertex -6.4914 -4.96643 7.31028
      vertex -6.4884 -4.98967 7.3161
    endloop
  endfacet
  facet normal -0.000577836 0.242822 0.970071
    outer loop
      vertex -6.43054 -5.22512 7.37507
      vertex -6.4914 -4.96643 7.31028
      vertex -6.45492 -5.144 7.35475
    endloop
  endfacet
  facet normal 0 0.242982 0.970031
    outer loop
      vertex -6.50868 -4.81157 7.27148
      vertex 6.60778 -3.51163 6.94586
      vertex -6.60778 -3.51163 6.94586
    endloop
  endfacet
  facet normal -0.00051236 -0.243194 0.969978
    outer loop
      vertex 5.99672 5.22512 7.37507
      vertex 6.43947 4.23871 7.12799
      vertex 6.43688 4.25794 7.13281
    endloop
  endfacet
  facet normal -0.0005613 -0.243042 0.970016
    outer loop
      vertex 6.40915 4.42647 7.17502
      vertex 6.43688 4.25794 7.13281
      vertex 6.41358 4.40834 7.17048
    endloop
  endfacet
  facet normal 6.98441e-05 -0.242945 0.97004
    outer loop
      vertex 6.43688 4.25794 7.13281
      vertex 6.40915 4.42647 7.17502
      vertex 5.99672 5.22512 7.37507
    endloop
  endfacet
  facet normal -0.000776428 -0.243201 0.969976
    outer loop
      vertex 6.36301 4.59365 7.2169
      vertex 6.40915 4.42647 7.17502
      vertex 6.36903 4.57676 7.21267
    endloop
  endfacet
  facet normal -9.37676e-05 -0.243024 0.97002
    outer loop
      vertex 6.40915 4.42647 7.17502
      vertex 6.36301 4.59365 7.2169
      vertex 5.99672 5.22512 7.37507
    endloop
  endfacet
  facet normal 0.00366688 -0.24163 0.970362
    outer loop
      vertex 6.29884 4.75785 7.25803
      vertex 6.36301 4.59365 7.2169
      vertex 6.30622 4.7423 7.25413
    endloop
  endfacet
  facet normal -4.1874e-05 -0.242996 0.970027
    outer loop
      vertex 5.99672 5.22512 7.37507
      vertex 6.36301 4.59365 7.2169
      vertex 6.29884 4.75785 7.25803
    endloop
  endfacet
  facet normal -0.00125796 -0.24357 0.969883
    outer loop
      vertex 6.21716 4.91751 7.29802
      vertex 6.29884 4.75785 7.25803
      vertex 6.22566 4.90337 7.29448
    endloop
  endfacet
  facet normal 4.61522e-05 -0.242942 0.970041
    outer loop
      vertex 5.99672 5.22512 7.37507
      vertex 6.29884 4.75785 7.25803
      vertex 6.21716 4.91751 7.29802
    endloop
  endfacet
  facet normal -0.00461148 -0.245746 0.969323
    outer loop
      vertex 6.11869 5.07106 7.33648
      vertex 6.21716 4.91751 7.29802
      vertex 6.12808 5.05838 7.33331
    endloop
  endfacet
  facet normal 9.4573e-05 -0.24291 0.970049
    outer loop
      vertex 5.99672 5.22512 7.37507
      vertex 6.21716 4.91751 7.29802
      vertex 6.11869 5.07106 7.33648
    endloop
  endfacet
  facet normal -0.00287871 -0.245123 0.969488
    outer loop
      vertex 5.99672 5.22512 7.37507
      vertex 6.11869 5.07106 7.33648
      vertex 6.01437 5.20577 7.37023
    endloop
  endfacet
  facet normal -0.00554279 -0.247405 0.968896
    outer loop
      vertex 5.99672 5.22512 7.37507
      vertex 6.01437 5.20577 7.37023
      vertex 6.00431 5.217 7.37304
    endloop
  endfacet
  facet normal -3.06816e-05 -0.242991 0.970029
    outer loop
      vertex 6.43947 4.23871 7.12799
      vertex 5.99672 5.22512 7.37507
      vertex 6.51175 3.51163 6.94586
    endloop
  endfacet
  facet normal 0 -0.242982 0.970031
    outer loop
      vertex -5.99672 5.22512 7.37507
      vertex 6.51175 3.51163 6.94586
      vertex 5.99672 5.22512 7.37507
    endloop
  endfacet
  facet normal 0.00329964 -0.245436 0.969407
    outer loop
      vertex -6.11869 5.07106 7.33648
      vertex -5.99672 5.22512 7.37507
      vertex -6.00431 5.217 7.37304
    endloop
  endfacet
  facet normal 0.00252011 -0.244862 0.969555
    outer loop
      vertex -6.11869 5.07106 7.33648
      vertex -6.00431 5.217 7.37304
      vertex -6.01437 5.20577 7.37023
    endloop
  endfacet
  facet normal -7.7655e-06 -0.242974 0.970033
    outer loop
      vertex -5.99672 5.22512 7.37507
      vertex -6.11869 5.07106 7.33648
      vertex -6.43947 4.23871 7.12799
    endloop
  endfacet
  facet normal 0.00461148 -0.245746 0.969323
    outer loop
      vertex -6.21716 4.91751 7.29802
      vertex -6.11869 5.07106 7.33648
      vertex -6.12808 5.05838 7.33331
    endloop
  endfacet
  facet normal 2.90078e-05 -0.242984 0.97003
    outer loop
      vertex -6.11869 5.07106 7.33648
      vertex -6.21716 4.91751 7.29802
      vertex -6.43688 4.25794 7.13281
    endloop
  endfacet
  facet normal 0.00125796 -0.24357 0.969883
    outer loop
      vertex -6.29884 4.75785 7.25803
      vertex -6.21716 4.91751 7.29802
      vertex -6.22566 4.90337 7.29448
    endloop
  endfacet
  facet normal 6.31934e-05 -0.242995 0.970028
    outer loop
      vertex -6.21716 4.91751 7.29802
      vertex -6.29884 4.75785 7.25803
      vertex -6.43688 4.25794 7.13281
    endloop
  endfacet
  facet normal -0.00366688 -0.24163 0.970362
    outer loop
      vertex -6.36301 4.59365 7.2169
      vertex -6.29884 4.75785 7.25803
      vertex -6.30622 4.7423 7.25413
    endloop
  endfacet
  facet normal -1.79619e-05 -0.242974 0.970033
    outer loop
      vertex -6.29884 4.75785 7.25803
      vertex -6.36301 4.59365 7.2169
      vertex -6.43688 4.25794 7.13281
    endloop
  endfacet
  facet normal 0.000776428 -0.243201 0.969976
    outer loop
      vertex -6.40915 4.42647 7.17502
      vertex -6.36301 4.59365 7.2169
      vertex -6.36903 4.57676 7.21267
    endloop
  endfacet
  facet normal -0.000422798 -0.24289 0.970054
    outer loop
      vertex -6.36301 4.59365 7.2169
      vertex -6.40915 4.42647 7.17502
      vertex -6.43688 4.25794 7.13281
    endloop
  endfacet
  facet normal 0.0005613 -0.243042 0.970016
    outer loop
      vertex -6.43688 4.25794 7.13281
      vertex -6.40915 4.42647 7.17502
      vertex -6.41358 4.40834 7.17048
    endloop
  endfacet
  facet normal 0.000644012 -0.243211 0.969973
    outer loop
      vertex -6.11869 5.07106 7.33648
      vertex -6.43688 4.25794 7.13281
      vertex -6.43947 4.23871 7.12799
    endloop
  endfacet
  facet normal 3.06816e-05 -0.242991 0.970029
    outer loop
      vertex -5.99672 5.22512 7.37507
      vertex -6.43947 4.23871 7.12799
      vertex -6.51175 3.51163 6.94586
    endloop
  endfacet
  facet normal 0 -0.242982 0.970031
    outer loop
      vertex -5.99672 5.22512 7.37507
      vertex -6.51175 3.51163 6.94586
      vertex 6.51175 3.51163 6.94586
    endloop
  endfacet
  facet normal -0 0.0490662 0.998796
    outer loop
      vertex -6.68565 0 6.6
      vertex 6.68749 -1.70869 6.68394
      vertex 6.68565 0 6.6
    endloop
  endfacet
  facet normal -0 0.0490662 0.998796
    outer loop
      vertex -6.68749 -1.70869 6.68394
      vertex 6.68749 -1.70869 6.68394
      vertex -6.68565 0 6.6
    endloop
  endfacet
  facet normal 0 0.049024 0.998798
    outer loop
      vertex 6.68749 -1.70869 6.68394
      vertex -6.68749 -1.70869 6.68394
      vertex 6.68666 -1.76431 6.68667
    endloop
  endfacet
  facet normal 0 0.049024 0.998798
    outer loop
      vertex 6.68666 -1.76431 6.68667
      vertex -6.68749 -1.70869 6.68394
      vertex -6.68666 -1.76431 6.68667
    endloop
  endfacet
  facet normal -0.000717025 0.337166 0.941445
    outer loop
      vertex 6.31942 -5.48146 7.46679
      vertex 6.39729 -5.31605 7.40761
      vertex 6.43054 -5.22512 7.37507
    endloop
  endfacet
  facet normal -0.00142235 0.33746 0.941339
    outer loop
      vertex 6.39729 -5.31605 7.40761
      vertex 6.31942 -5.48146 7.46679
      vertex 6.38932 -5.33667 7.41499
    endloop
  endfacet
  facet normal 0.0001045 0.33685 0.941558
    outer loop
      vertex 6.22444 -5.64084 7.52382
      vertex 6.31942 -5.48146 7.46679
      vertex 6.43054 -5.22512 7.37507
    endloop
  endfacet
  facet normal -0.00141494 0.337652 0.94127
    outer loop
      vertex 6.31942 -5.48146 7.46679
      vertex 6.22444 -5.64084 7.52382
      vertex 6.30971 -5.50068 7.47367
    endloop
  endfacet
  facet normal 4.93369e-05 0.336874 0.94155
    outer loop
      vertex 6.11324 -5.79259 7.57812
      vertex 6.22444 -5.64084 7.52382
      vertex 6.43054 -5.22512 7.37507
    endloop
  endfacet
  facet normal 0.000355091 0.336676 0.941621
    outer loop
      vertex 6.22444 -5.64084 7.52382
      vertex 6.11324 -5.79259 7.57812
      vertex 6.21322 -5.65856 7.53016
    endloop
  endfacet
  facet normal -5.81082e-06 0.336902 0.94154
    outer loop
      vertex 5.9869 -5.93515 7.62913
      vertex 6.11324 -5.79259 7.57812
      vertex 6.43054 -5.22512 7.37507
    endloop
  endfacet
  facet normal 0.00263213 0.334827 0.942276
    outer loop
      vertex 6.11324 -5.79259 7.57812
      vertex 5.9869 -5.93515 7.62913
      vertex 6.10077 -5.80873 7.58389
    endloop
  endfacet
  facet normal -6.19322e-05 0.336933 0.941529
    outer loop
      vertex 5.84663 -6.0671 7.67634
      vertex 5.9869 -5.93515 7.62913
      vertex 6.43054 -5.22512 7.37507
    endloop
  endfacet
  facet normal -0.000658432 0.337495 0.941327
    outer loop
      vertex 5.9869 -5.93515 7.62913
      vertex 5.84663 -6.0671 7.67634
      vertex 5.97339 -5.94968 7.63433
    endloop
  endfacet
  facet normal -4.123e-05 0.33692 0.941533
    outer loop
      vertex 5.6938 -6.18706 7.71926
      vertex 5.84663 -6.0671 7.67634
      vertex 6.43054 -5.22512 7.37507
    endloop
  endfacet
  facet normal 0.00243546 0.33412 0.942527
    outer loop
      vertex 5.84663 -6.0671 7.67634
      vertex 5.6938 -6.18706 7.71926
      vertex 5.8323 -6.08 7.68095
    endloop
  endfacet
  facet normal 4.57364e-06 0.336889 0.941544
    outer loop
      vertex 5.52994 -6.29382 7.75746
      vertex 5.6938 -6.18706 7.71926
      vertex 6.43054 -5.22512 7.37507
    endloop
  endfacet
  facet normal -0.00155854 0.339014 0.94078
    outer loop
      vertex 5.6938 -6.18706 7.71926
      vertex 5.52994 -6.29382 7.75746
      vertex 5.67883 -6.19834 7.7233
    endloop
  endfacet
  facet normal 3.39983e-05 0.336867 0.941552
    outer loop
      vertex 5.35666 -6.38629 7.79055
      vertex 5.52994 -6.29382 7.75746
      vertex 6.43054 -5.22512 7.37507
    endloop
  endfacet
  facet normal 0.00138309 0.334624 0.942351
    outer loop
      vertex 5.52994 -6.29382 7.75746
      vertex 5.35666 -6.38629 7.79055
      vertex 5.51449 -6.3035 7.76092
    endloop
  endfacet
  facet normal -6.32829e-05 0.336947 0.941524
    outer loop
      vertex 5.1757 -6.46353 7.81818
      vertex 5.35666 -6.38629 7.79055
      vertex 6.43054 -5.22512 7.37507
    endloop
  endfacet
  facet normal 0.00136123 0.333986 0.942577
    outer loop
      vertex 5.35666 -6.38629 7.79055
      vertex 5.1757 -6.46353 7.81818
      vertex 5.34086 -6.39441 7.79345
    endloop
  endfacet
  facet normal -9.64973e-06 0.336898 0.941541
    outer loop
      vertex 4.98887 -6.52474 7.84008
      vertex 5.1757 -6.46353 7.81818
      vertex 6.43054 -5.22512 7.37507
    endloop
  endfacet
  facet normal -0.00133982 0.340495 0.940245
    outer loop
      vertex 5.1757 -6.46353 7.81818
      vertex 4.98887 -6.52474 7.84008
      vertex 5.15967 -6.47011 7.82054
    endloop
  endfacet
  facet normal 4.1474e-05 0.336848 0.941559
    outer loop
      vertex 4.79806 -6.5693 7.85603
      vertex 4.98887 -6.52474 7.84008
      vertex 6.43054 -5.22512 7.37507
    endloop
  endfacet
  facet normal -0.000883131 0.340355 0.940296
    outer loop
      vertex 4.98887 -6.52474 7.84008
      vertex 4.79806 -6.5693 7.85603
      vertex 4.97272 -6.52981 7.8419
    endloop
  endfacet
  facet normal 1.45448e-06 0.336891 0.941544
    outer loop
      vertex 4.60516 -6.5968 7.86587
      vertex 4.79806 -6.5693 7.85603
      vertex 6.43054 -5.22512 7.37507
    endloop
  endfacet
  facet normal 0.000178168 0.335792 0.941936
    outer loop
      vertex 4.79806 -6.5693 7.85603
      vertex 4.60516 -6.5968 7.86587
      vertex 4.78185 -6.57291 7.85732
    endloop
  endfacet
  facet normal -9.25909e-06 0.336904 0.941539
    outer loop
      vertex 4.41213 -6.60695 7.8695
      vertex 4.60516 -6.5968 7.86587
      vertex 6.43054 -5.22512 7.37507
    endloop
  endfacet
  facet normal 9.43594e-05 0.335156 0.942163
    outer loop
      vertex 4.60516 -6.5968 7.86587
      vertex 4.41213 -6.60695 7.8695
      vertex 4.58897 -6.59896 7.86664
    endloop
  endfacet
  facet normal 0.000148807 0.336699 0.941612
    outer loop
      vertex 6.43054 -5.22512 7.37507
      vertex 4.39603 -6.60767 7.86976
      vertex 4.41213 -6.60695 7.8695
    endloop
  endfacet
  facet normal 0 0.336893 0.941543
    outer loop
      vertex 6.43054 -5.22512 7.37507
      vertex -4.39603 -6.60767 7.86976
      vertex 4.39603 -6.60767 7.86976
    endloop
  endfacet
  facet normal -0 0.336893 0.941543
    outer loop
      vertex -6.43054 -5.22512 7.37507
      vertex -4.39603 -6.60767 7.86976
      vertex 6.43054 -5.22512 7.37507
    endloop
  endfacet
  facet normal -0.000148807 0.336699 0.941612
    outer loop
      vertex -4.39603 -6.60767 7.86976
      vertex -6.43054 -5.22512 7.37507
      vertex -4.41213 -6.60695 7.8695
    endloop
  endfacet
  facet normal 9.25909e-06 0.336904 0.941539
    outer loop
      vertex -4.60516 -6.5968 7.86587
      vertex -4.41213 -6.60695 7.8695
      vertex -6.43054 -5.22512 7.37507
    endloop
  endfacet
  facet normal -9.43594e-05 0.335156 0.942163
    outer loop
      vertex -4.41213 -6.60695 7.8695
      vertex -4.60516 -6.5968 7.86587
      vertex -4.58897 -6.59896 7.86664
    endloop
  endfacet
  facet normal -1.45448e-06 0.336891 0.941544
    outer loop
      vertex -4.79806 -6.5693 7.85603
      vertex -4.60516 -6.5968 7.86587
      vertex -6.43054 -5.22512 7.37507
    endloop
  endfacet
  facet normal -0.000178168 0.335792 0.941936
    outer loop
      vertex -4.60516 -6.5968 7.86587
      vertex -4.79806 -6.5693 7.85603
      vertex -4.78185 -6.57291 7.85732
    endloop
  endfacet
  facet normal -4.1474e-05 0.336848 0.941559
    outer loop
      vertex -4.98887 -6.52474 7.84008
      vertex -4.79806 -6.5693 7.85603
      vertex -6.43054 -5.22512 7.37507
    endloop
  endfacet
  facet normal 0.000883131 0.340355 0.940296
    outer loop
      vertex -4.79806 -6.5693 7.85603
      vertex -4.98887 -6.52474 7.84008
      vertex -4.97272 -6.52981 7.8419
    endloop
  endfacet
  facet normal 9.64973e-06 0.336898 0.941541
    outer loop
      vertex -5.1757 -6.46353 7.81818
      vertex -4.98887 -6.52474 7.84008
      vertex -6.43054 -5.22512 7.37507
    endloop
  endfacet
  facet normal 0.00133982 0.340495 0.940245
    outer loop
      vertex -4.98887 -6.52474 7.84008
      vertex -5.1757 -6.46353 7.81818
      vertex -5.15967 -6.47011 7.82054
    endloop
  endfacet
  facet normal 6.32829e-05 0.336947 0.941524
    outer loop
      vertex -5.35666 -6.38629 7.79055
      vertex -5.1757 -6.46353 7.81818
      vertex -6.43054 -5.22512 7.37507
    endloop
  endfacet
  facet normal -0.00136123 0.333986 0.942577
    outer loop
      vertex -5.1757 -6.46353 7.81818
      vertex -5.35666 -6.38629 7.79055
      vertex -5.34086 -6.39441 7.79345
    endloop
  endfacet
  facet normal -3.39983e-05 0.336867 0.941552
    outer loop
      vertex -5.52994 -6.29382 7.75746
      vertex -5.35666 -6.38629 7.79055
      vertex -6.43054 -5.22512 7.37507
    endloop
  endfacet
  facet normal -0.00138309 0.334624 0.942351
    outer loop
      vertex -5.35666 -6.38629 7.79055
      vertex -5.52994 -6.29382 7.75746
      vertex -5.51449 -6.3035 7.76092
    endloop
  endfacet
  facet normal -4.57364e-06 0.336889 0.941544
    outer loop
      vertex -5.6938 -6.18706 7.71926
      vertex -5.52994 -6.29382 7.75746
      vertex -6.43054 -5.22512 7.37507
    endloop
  endfacet
  facet normal 0.00155854 0.339014 0.94078
    outer loop
      vertex -5.52994 -6.29382 7.75746
      vertex -5.6938 -6.18706 7.71926
      vertex -5.67883 -6.19834 7.7233
    endloop
  endfacet
  facet normal 4.123e-05 0.33692 0.941533
    outer loop
      vertex -5.84663 -6.0671 7.67634
      vertex -5.6938 -6.18706 7.71926
      vertex -6.43054 -5.22512 7.37507
    endloop
  endfacet
  facet normal -0.00243546 0.33412 0.942527
    outer loop
      vertex -5.6938 -6.18706 7.71926
      vertex -5.84663 -6.0671 7.67634
      vertex -5.8323 -6.08 7.68095
    endloop
  endfacet
  facet normal 6.19322e-05 0.336933 0.941529
    outer loop
      vertex -5.9869 -5.93515 7.62913
      vertex -5.84663 -6.0671 7.67634
      vertex -6.43054 -5.22512 7.37507
    endloop
  endfacet
  facet normal 0.000658432 0.337495 0.941327
    outer loop
      vertex -5.84663 -6.0671 7.67634
      vertex -5.9869 -5.93515 7.62913
      vertex -5.97339 -5.94968 7.63433
    endloop
  endfacet
  facet normal 5.81082e-06 0.336902 0.94154
    outer loop
      vertex -6.11324 -5.79259 7.57812
      vertex -5.9869 -5.93515 7.62913
      vertex -6.43054 -5.22512 7.37507
    endloop
  endfacet
  facet normal -0.00263213 0.334827 0.942276
    outer loop
      vertex -5.9869 -5.93515 7.62913
      vertex -6.11324 -5.79259 7.57812
      vertex -6.10077 -5.80873 7.58389
    endloop
  endfacet
  facet normal -4.93369e-05 0.336874 0.94155
    outer loop
      vertex -6.22444 -5.64084 7.52382
      vertex -6.11324 -5.79259 7.57812
      vertex -6.43054 -5.22512 7.37507
    endloop
  endfacet
  facet normal -0.000355091 0.336676 0.941621
    outer loop
      vertex -6.11324 -5.79259 7.57812
      vertex -6.22444 -5.64084 7.52382
      vertex -6.21322 -5.65856 7.53016
    endloop
  endfacet
  facet normal -0.0001045 0.33685 0.941558
    outer loop
      vertex -6.31942 -5.48146 7.46679
      vertex -6.22444 -5.64084 7.52382
      vertex -6.43054 -5.22512 7.37507
    endloop
  endfacet
  facet normal 0.00141494 0.337652 0.94127
    outer loop
      vertex -6.22444 -5.64084 7.52382
      vertex -6.31942 -5.48146 7.46679
      vertex -6.30971 -5.50068 7.47367
    endloop
  endfacet
  facet normal 0.000717025 0.337166 0.941445
    outer loop
      vertex -6.39729 -5.31605 7.40761
      vertex -6.31942 -5.48146 7.46679
      vertex -6.43054 -5.22512 7.37507
    endloop
  endfacet
  facet normal 0.00142235 0.33746 0.941339
    outer loop
      vertex -6.31942 -5.48146 7.46679
      vertex -6.39729 -5.31605 7.40761
      vertex -6.38932 -5.33667 7.41499
    endloop
  endfacet
endsolid OpenSCAD_Model
